,Date,0 years,0.25 years,0.5 years,0.75 years,1 year,2 years,3 years,5 years,7 years,10 years,15 years,20 years,30 years,26219_Price,26219_Open,26219_High,26219_Low,26219_Change %,26236_Price,26236_Open,26236_High,26236_Low,26236_Change %,26218_Price,26218_Open,26218_High,26218_Low,26218_Change %,26221_Price,26221_Open,26221_High,26221_Low,26221_Change %,26233_Price,26233_Open,26233_High,26233_Low,26233_Change %,SBER,GAZP,LKOH,ROSN,TATN,GMKN,CHMF,NLMK,NVTK,MTSS,IMOEX_CLOSE,IMOEX_OPEN,IMOEX_HIGH,IMOEX_LOW,RTSI_CLOSE,RTSI_OPEN,RTSI_HIGH,RTSI_LOW,Нефть_Brent,Курс_USD,Курс_EUR
0,2021-01-01,4.27,4.03,4.09,4.14,4.2,4.5,4.87,5.44,5.84,6.25,6.65,6.87,7.08,111.23,111.23,111.23,111.23,0.11%,100.05,101.25,101.25,100.0,0.15%,119.87,119.87,119.87,119.87,-0.07%,112.727,112.727,112.727,112.727,0.06%,98.25,97.99,98.4,97.9,0.51%,272.0,212.71,5212.5,436.0,515.8,24314.0,1343.2,214.2,1250.4,334.9,3350.51,3306.12,3350.81,3304.17,1424.84,1399.64,1439.61,1398.82,51.09000015258789,73.91120147705078,90.41600036621094
1,2021-01-04,4.27,4.03,4.09,4.14,4.2,4.5,4.87,5.44,5.84,6.25,6.65,6.87,7.08,111.23,111.23,111.23,111.23,0.11%,100.05,101.25,101.25,100.0,0.15%,119.87,119.87,119.87,119.87,-0.07%,112.727,112.727,112.727,112.727,0.06%,98.25,97.99,98.4,97.9,0.51%,272.0,212.71,5212.5,436.0,515.8,24314.0,1343.2,214.2,1250.4,334.9,3350.51,3306.12,3350.81,3304.17,1424.84,1399.64,1439.61,1398.82,51.09000015258789,74.12740325927734,91.17259979248047
2,2021-01-05,4.27,3.98,4.04,4.11,4.18,4.48,4.82,5.38,5.8,6.22,6.62,6.84,7.06,111.251,111.251,111.251,111.251,0.02%,100.2,100.8,100.8,100.2,0.15%,119.87,119.87,119.87,119.87,0.00%,112.65,112.65,112.65,112.65,-0.07%,98.64,98.38,98.64,98.2,0.40%,275.2,215.32,5358.5,449.35,524.2,24676.0,1334.2,216.86,1287.4,337.8,3359.15,3327.94,3365.32,3301.88,1426.11,1410.89,1428.7,1386.56,53.599998474121094,74.47540283203125,91.2781982421875
3,2021-01-06,4.27,3.85,3.95,4.04,4.11,4.42,4.79,5.4,5.83,6.24,6.62,6.82,7.03,111.106,111.106,111.106,111.106,-0.13%,100.35,100.35,100.35,100.2,0.15%,119.87,119.87,119.87,119.87,0.00%,112.702,112.702,112.702,112.702,0.05%,98.62,98.64,98.76,98.44,-0.02%,272.93,214.38,5376.5,453.7,522.0,25024.0,1326.4,215.86,1301.2,334.05,3371.03,3373.37,3380.63,3344.43,1436.71,1435.51,1446.21,1424.87,54.29999923706055,74.13510131835938,91.32489776611328
4,2021-01-07,4.27,3.85,3.95,4.04,4.11,4.42,4.79,5.4,5.83,6.24,6.62,6.82,7.03,111.106,111.106,111.106,111.106,-0.13%,100.35,100.35,100.35,100.2,0.15%,119.87,119.87,119.87,119.87,0.00%,112.702,112.702,112.702,112.702,0.05%,98.62,98.64,98.76,98.44,-0.02%,272.93,214.38,5376.5,453.7,522.0,25024.0,1326.4,215.86,1301.2,334.05,3371.03,3373.37,3380.63,3344.43,1436.71,1435.51,1446.21,1424.87,54.380001068115234,74.09149932861328,91.46389770507812
5,2021-01-08,4.27,3.78,3.88,3.99,4.08,4.46,4.84,5.45,5.85,6.24,6.59,6.76,6.92,111.272,111.272,111.272,111.272,0.15%,100.34,100.35,100.35,100.2,-0.01%,120.1,120.1,120.1,120.1,0.20%,112.756,112.756,112.756,112.756,0.05%,98.34,98.74,98.74,98.15,-0.29%,283.64,225.49,5556.5,478.2,545.4,26544.0,1369.2,225.36,1379.2,339.4,3454.82,3390.23,3474.66,3390.23,1466.5,1444.76,1481.84,1444.76,55.9900016784668,74.59510040283203,91.52749633789062
6,2021-01-11,4.27,4.17,4.19,4.22,4.26,4.56,4.92,5.52,5.93,6.34,6.7,6.89,7.07,110.8,110.8,110.8,110.8,-0.42%,99.99,100.2,100.2,99.9,-0.35%,119.63,119.63,119.63,119.63,-0.40%,112.3,112.3,112.3,112.3,-0.40%,97.39,98.3,98.49,97.33,-0.97%,289.49,227.6,5599.0,473.25,539.8,26290.0,1351.2,219.36,1405.4,337.55,3482.48,3455.67,3516.9,3436.66,1466.56,1467.85,1488.56,1450.55,55.65999984741211,74.4020004272461,90.68920135498047
7,2021-01-12,4.18,4.21,4.23,4.26,4.31,4.59,4.94,5.53,5.93,6.33,6.68,6.87,7.05,110.7,110.7,110.7,110.7,-0.09%,99.56,100.29,100.29,99.56,-0.43%,119.7,119.7,119.7,119.7,0.06%,112.453,112.453,112.453,112.453,0.14%,97.4,98.25,98.25,97.23,0.01%,289.99,228.69,5721.0,474.4,546.2,25934.0,1332.8,218.38,1401.0,334.2,3471.65,3494.6,3520.66,3451.87,1484.96,1474.34,1496.04,1467.96,56.58000183105469,74.62809753417969,90.78949737548828
8,2021-01-13,4.23,4.16,4.18,4.23,4.29,4.63,4.99,5.58,5.99,6.38,6.73,6.91,7.07,110.601,110.601,110.601,110.601,-0.09%,99.3,99.55,99.55,99.25,-0.26%,119.3,119.3,119.3,119.3,-0.34%,112.123,112.123,112.123,112.123,-0.29%,97.0,97.22,97.7,96.9,-0.41%,283.78,226.8,5755.0,485.95,546.2,25976.0,1315.6,214.68,1425.6,331.9,3470.26,3487.92,3504.56,3448.94,1486.77,1494.18,1503.21,1473.29,56.060001373291016,73.44020080566406,89.69770050048828
9,2021-01-14,4.24,4.2,4.23,4.29,4.35,4.67,5.01,5.58,5.98,6.39,6.76,6.95,7.13,110.311,110.311,110.311,110.311,-0.26%,99.2,99.43,99.43,99.2,-0.10%,119.13,119.13,119.13,119.13,-0.14%,111.801,111.801,111.801,111.801,-0.29%,96.8,97.47,97.47,96.7,-0.21%,284.79,228.86,5937.0,505.0,551.6,26432.0,1367.6,222.82,1438.0,337.35,3490.85,3461.83,3507.71,3439.01,1500.58,1478.41,1505.57,1466.25,56.41999816894531,73.8488998413086,89.84940338134766
10,2021-01-15,4.25,4.17,4.22,4.28,4.36,4.73,5.09,5.67,6.07,6.47,6.85,7.04,7.22,110.004,110.004,110.004,110.004,-0.28%,99.0,99.25,99.25,98.7,-0.20%,118.32,118.32,118.32,118.32,-0.68%,110.805,110.805,110.805,110.805,-0.89%,96.0,97.44,97.44,95.87,-0.83%,276.9,226.5,5888.5,512.2,535.2,25796.0,1344.8,219.52,1375.8,332.85,3450.95,3486.02,3509.24,3448.54,1474.28,1499.87,1507.06,1470.92,55.099998474121094,73.32530212402344,89.13189697265625
11,2021-01-18,4.3,4.17,4.22,4.28,4.36,4.71,5.09,5.69,6.1,6.5,6.86,7.05,7.22,110.077,110.077,110.077,110.077,0.07%,98.99,99.25,99.25,98.99,-0.01%,118.2,118.2,118.2,118.2,-0.10%,110.689,110.689,110.689,110.689,-0.10%,95.95,96.44,96.77,95.9,-0.05%,279.79,226.88,5873.0,516.5,532.9,25874.0,1347.8,219.06,1390.4,333.0,3471.92,3440.56,3475.18,3426.11,1474.86,1472.0,1477.68,1456.73,55.099998474121094,73.59860229492188,88.88870239257812
12,2021-01-19,4.3,4.15,4.21,4.27,4.35,4.7,5.06,5.64,6.06,6.47,6.84,7.04,7.23,110.15,110.15,110.15,110.15,0.07%,99.1,99.34,99.34,98.9,0.11%,118.5,118.5,118.5,118.5,0.25%,110.926,110.926,110.926,110.926,0.21%,96.09,96.44,96.44,95.93,0.15%,278.19,223.15,5892.0,510.7,530.5,25826.0,1340.4,219.2,1377.2,331.1,3443.23,3479.53,3491.93,3439.64,1470.63,1480.8,1492.72,1466.66,55.900001525878906,73.92980194091797,89.32649993896484
13,2021-01-20,4.31,4.09,4.15,4.23,4.31,4.7,5.08,5.67,6.07,6.46,6.82,7.01,7.17,110.22,110.22,110.22,110.22,0.06%,99.0,98.9,99.38,98.37,-0.10%,118.51,118.51,118.51,118.51,0.01%,111.153,111.153,111.153,111.153,0.20%,96.2,96.08,96.43,96.0,0.11%,279.8,224.3,5864.0,510.65,529.5,26550.0,1340.0,223.88,1388.6,332.2,3466.8,3453.54,3482.03,3447.81,1486.9,1476.75,1494.97,1475.65,56.08000183105469,73.77100372314453,89.58489990234375
14,2021-01-21,4.35,4.13,4.16,4.21,4.29,4.68,5.08,5.71,6.11,6.5,6.84,7.02,7.18,110.0,110.0,110.0,110.0,-0.20%,98.89,99.2,99.2,98.76,-0.11%,118.21,118.21,118.21,118.21,-0.25%,110.905,110.905,110.905,110.905,-0.22%,95.9,96.6,96.68,95.69,-0.31%,274.4,217.28,5771.0,498.0,516.8,26538.0,1344.4,222.9,1352.0,329.3,3422.67,3481.74,3489.07,3407.22,1463.84,1491.79,1500.03,1452.8,56.099998474121094,73.45339965820312,89.02670288085938
15,2021-01-22,4.27,4.12,4.16,4.22,4.3,4.72,5.16,5.81,6.23,6.63,6.98,7.15,7.29,109.402,109.402,109.402,109.402,-0.54%,98.37,99.2,99.2,98.37,-0.53%,117.12,117.12,117.12,117.12,-0.92%,110.0,110.0,110.0,110.0,-0.82%,94.75,95.9,96.23,94.71,-1.20%,268.25,215.49,5740.5,494.25,507.0,26172.0,1320.4,220.62,1359.2,329.9,3382.92,3404.36,3404.36,3362.01,1418.29,1452.51,1452.51,1413.12,55.40999984741211,73.94770050048828,90.00650024414062
16,2021-01-25,4.27,4.12,4.17,4.24,4.33,4.75,5.18,5.82,6.22,6.6,6.94,7.12,7.27,109.323,109.323,109.323,109.323,-0.07%,98.7,99.3,99.3,98.3,0.34%,117.13,117.13,117.13,117.13,0.01%,110.15,110.15,110.15,110.15,0.14%,94.99,95.05,95.37,94.81,0.25%,265.3,218.68,5722.0,495.6,509.7,25982.0,1313.0,220.32,1373.0,333.8,3397.48,3399.28,3425.78,3385.74,1412.02,1422.3,1444.44,1409.47,55.880001068115234,75.31490325927734,91.64469909667969
17,2021-01-26,4.35,4.13,4.17,4.24,4.32,4.71,5.12,5.76,6.18,6.57,6.92,7.09,7.24,109.505,109.505,109.505,109.505,0.17%,98.3,98.4,99.36,98.3,-0.41%,117.21,117.21,117.21,117.21,0.07%,110.253,110.253,110.253,110.253,0.09%,95.3,95.15,95.37,94.89,0.33%,269.34,218.8,5595.5,493.95,506.2,25768.0,1316.2,219.18,1373.8,336.3,3390.76,3384.99,3408.13,3374.1,1422.95,1415.26,1425.81,1403.34,55.90999984741211,75.2822036743164,91.45690155029297
18,2021-01-27,4.25,4.19,4.22,4.28,4.35,4.75,5.16,5.81,6.23,6.62,6.95,7.11,7.26,109.316,109.316,109.316,109.316,-0.17%,98.4,99.08,99.1,98.0,0.10%,116.82,116.82,116.82,116.82,-0.33%,109.808,109.808,109.808,109.808,-0.40%,95.07,95.3,95.55,94.88,-0.25%,265.5,217.4,5499.5,481.25,502.0,24996.0,1280.6,217.78,1340.8,334.5,3343.62,3398.38,3408.64,3333.04,1393.02,1425.59,1431.21,1382.21,55.810001373291016,75.07009887695312,91.34200286865234
19,2021-01-28,4.27,4.26,4.28,4.32,4.39,4.76,5.16,5.79,6.22,6.61,6.97,7.14,7.3,109.301,109.301,109.301,109.301,-0.01%,98.29,98.9,98.9,97.92,-0.12%,116.78,116.78,116.78,116.78,-0.03%,109.99,109.99,109.99,109.99,0.17%,95.05,95.29,95.29,94.55,-0.02%,265.96,217.7,5575.0,483.4,500.0,25230.0,1279.6,215.06,1325.0,333.6,3342.01,3319.16,3359.1,3307.42,1384.64,1378.58,1391.02,1365.13,55.529998779296875,75.87339782714844,91.87120056152344
20,2021-01-29,4.43,4.22,4.24,4.28,4.35,4.74,5.15,5.78,6.2,6.59,6.93,7.11,7.26,109.437,109.437,109.437,109.437,0.12%,98.09,98.9,98.9,97.9,-0.20%,116.83,116.83,116.83,116.83,0.04%,110.0,110.0,110.0,110.0,0.01%,95.19,95.09,95.34,94.92,0.15%,258.11,212.83,5377.0,473.0,489.3,24364.0,1262.8,210.42,1266.8,328.85,3277.08,3335.13,3337.01,3272.53,1367.64,1383.16,1383.16,1361.73,55.880001068115234,76.1666030883789,92.33779907226562
21,2021-02-01,4.23,4.25,4.26,4.3,4.36,4.73,5.14,5.77,6.18,6.58,6.92,7.09,7.24,109.463,109.463,109.463,109.463,0.02%,98.27,98.5,99.09,98.27,0.18%,116.96,116.96,116.96,116.96,0.11%,110.35,110.35,110.35,110.35,0.32%,95.3,95.54,95.54,95.05,0.11%,263.8,214.66,5406.0,478.35,494.2,24866.0,1278.4,211.7,1302.8,330.75,3291.14,3287.96,3305.91,3268.52,1363.96,1367.53,1378.97,1362.64,56.349998474121094,75.88179779052734,92.03070068359375
22,2021-02-02,4.1,4.24,4.26,4.31,4.38,4.75,5.14,5.78,6.22,6.63,7.0,7.19,7.35,109.494,109.494,109.494,109.494,0.03%,98.19,98.9,98.9,98.01,-0.08%,116.8,116.8,116.8,116.8,-0.13%,110.011,110.011,110.011,110.011,-0.31%,94.89,95.3,95.39,94.81,-0.43%,263.15,214.42,5516.0,482.0,499.2,24770.0,1287.0,212.4,1336.0,331.95,3360.25,3324.24,3366.13,3321.7,1398.99,1375.46,1406.62,1375.46,57.459999084472656,76.11360168457031,91.89550018310547
23,2021-02-03,4.0,4.16,4.2,4.27,4.36,4.77,5.18,5.82,6.25,6.67,7.04,7.22,7.39,109.411,109.411,109.411,109.411,-0.08%,97.99,98.3,98.3,97.7,-0.20%,116.51,116.51,116.51,116.51,-0.25%,109.591,109.591,109.591,109.591,-0.38%,94.39,95.33,95.33,94.16,-0.52%,263.53,218.1,5555.0,489.95,505.5,25312.0,1284.0,213.4,1336.8,335.05,3343.46,3351.99,3376.83,3332.5,1387.0,1385.32,1398.94,1377.16,58.459999084472656,76.22049713134766,91.78040313720703
24,2021-02-04,4.0,4.19,4.23,4.3,4.38,4.77,5.16,5.78,6.21,6.65,7.04,7.23,7.41,109.582,109.582,109.582,109.582,0.16%,98.0,98.5,98.5,97.5,0.01%,116.64,116.64,116.64,116.64,0.12%,109.65,109.65,109.65,109.65,0.05%,94.73,94.5,95.09,94.39,0.36%,270.11,219.79,5699.5,489.2,506.7,25766.0,1299.6,212.52,1339.4,333.55,3372.0,3356.23,3384.48,3351.94,1402.71,1392.23,1413.31,1389.97,58.84000015258789,75.885498046875,91.3948974609375
25,2021-02-05,3.73,4.16,4.21,4.28,4.36,4.73,5.11,5.7,6.13,6.55,6.93,7.13,7.32,109.956,109.956,109.956,109.956,0.34%,98.48,98.49,98.5,98.03,0.49%,117.2,117.2,117.2,117.2,0.48%,110.5,110.5,110.5,110.5,0.78%,95.69,95.0,95.7,94.75,1.01%,271.7,222.01,5715.0,493.95,513.0,25478.0,1287.0,211.16,1378.2,336.0,3392.73,3396.97,3406.22,3368.58,1431.76,1417.26,1431.76,1417.26,59.34000015258789,75.4906997680664,90.36959838867188
26,2021-02-08,3.28,4.21,4.24,4.29,4.36,4.73,5.11,5.71,6.13,6.55,6.91,7.09,7.26,110.059,110.059,110.059,110.059,0.09%,98.6,98.7,99.84,98.07,0.12%,117.35,117.35,117.35,117.35,0.13%,110.488,110.488,110.488,110.488,-0.01%,95.63,95.69,96.0,95.55,-0.06%,275.2,228.0,5758.0,501.75,528.2,25804.0,1296.4,213.06,1399.8,333.75,3445.9,3412.97,3448.79,3412.97,1462.22,1440.22,1462.8,1440.22,60.560001373291016,74.60790252685547,89.8311996459961
27,2021-02-09,4.16,4.29,4.29,4.33,4.39,4.74,5.14,5.78,6.21,6.61,6.96,7.12,7.28,109.608,109.608,109.608,109.608,-0.41%,98.4,99.28,99.28,98.07,-0.20%,116.73,116.73,116.73,116.73,-0.53%,109.864,109.864,109.864,109.864,-0.56%,95.1,95.89,95.9,95.0,-0.55%,268.98,227.73,5695.0,494.8,526.6,25458.0,1287.6,207.7,1378.0,333.3,3426.86,3461.15,3466.51,3424.39,1457.87,1467.41,1474.79,1456.26,61.09000015258789,74.3228988647461,89.58470153808594
28,2021-02-10,4.09,4.3,4.31,4.36,4.42,4.8,5.2,5.81,6.22,6.63,7.0,7.17,7.33,109.427,109.427,109.427,109.427,-0.17%,97.8,99.1,99.1,97.79,-0.61%,116.46,116.46,116.46,116.46,-0.23%,109.803,109.803,109.803,109.803,-0.06%,95.0,95.28,95.28,94.7,-0.11%,265.9,223.24,5594.5,491.45,523.3,25342.0,1283.0,207.24,1347.0,330.4,3399.66,3437.76,3447.05,3393.98,1448.31,1465.79,1471.89,1447.88,61.470001220703125,73.87670135498047,89.55059814453125
29,2021-02-11,4.02,4.39,4.4,4.44,4.5,4.86,5.26,5.88,6.31,6.72,7.07,7.24,7.4,109.101,109.101,109.101,109.101,-0.30%,97.75,98.31,98.31,97.5,-0.05%,115.85,115.85,115.85,115.85,-0.53%,109.35,109.35,109.35,109.35,-0.41%,94.2,95.22,95.22,94.09,-0.84%,264.7,221.35,5641.5,496.8,517.0,25432.0,1277.2,206.5,1327.4,328.45,3414.32,3405.33,3416.4,3390.22,1461.33,1450.83,1462.01,1447.97,61.13999938964844,73.86650085449219,89.54830169677734
30,2021-02-12,4.0,4.45,4.48,4.53,4.61,4.99,5.38,5.99,6.4,6.79,7.13,7.3,7.45,108.59,108.59,108.59,108.59,-0.47%,97.0,98.1,98.1,96.8,-0.77%,115.05,115.05,115.05,115.05,-0.69%,108.501,108.501,108.501,108.501,-0.78%,93.76,94.58,94.7,93.47,-0.46%,266.0,226.71,5756.0,509.35,529.2,25390.0,1287.2,208.2,1370.0,327.1,3427.08,3403.07,3427.08,3343.82,1461.99,1456.27,1461.99,1420.36,62.43000030517578,73.63899993896484,89.36689758300781
31,2021-02-15,3.94,4.51,4.53,4.58,4.65,5.03,5.44,6.08,6.5,6.88,7.2,7.36,7.51,108.189,108.189,108.189,108.189,-0.37%,96.25,97.5,98.35,96.11,-0.77%,114.37,114.37,114.37,114.37,-0.59%,107.85,107.85,107.85,107.85,-0.60%,93.09,94.1,94.5,92.99,-0.72%,271.81,229.22,5909.5,521.45,538.2,26328.0,1287.8,207.44,1409.8,330.15,3481.9,3461.94,3483.34,3455.95,1496.4,1479.53,1498.1,1479.53,62.43000030517578,73.57319641113281,89.32430267333984
32,2021-02-16,3.91,4.5,4.55,4.62,4.69,5.08,5.5,6.16,6.58,6.96,7.29,7.45,7.61,107.724,107.724,107.724,107.724,-0.43%,95.44,97.1,97.1,95.05,-0.84%,113.68,113.68,113.68,113.68,-0.61%,107.004,107.004,107.004,107.004,-0.78%,92.35,93.46,93.48,92.19,-0.79%,270.9,232.46,5868.5,525.6,538.0,26208.0,1301.0,208.12,1399.0,327.9,3495.26,3502.04,3510.77,3475.58,1494.58,1504.63,1508.95,1483.1,63.349998474121094,73.33200073242188,89.00800323486328
33,2021-02-17,4.0,4.62,4.65,4.71,4.78,5.16,5.58,6.22,6.61,6.97,7.27,7.41,7.56,107.905,107.905,107.905,107.905,0.17%,95.5,95.9,96.3,95.21,0.06%,114.0,114.0,114.0,114.0,0.28%,107.254,107.254,107.254,107.254,0.23%,92.8,92.4,93.25,92.1,0.49%,270.9,229.14,5768.5,515.15,529.8,26488.0,1293.0,207.36,1372.0,323.1,3436.8,3491.81,3505.19,3431.83,1462.35,1493.48,1499.14,1457.39,64.33999633789062,73.5416030883789,88.96790313720703
34,2021-02-18,4.05,4.57,4.6,4.65,4.72,5.09,5.5,6.13,6.53,6.89,7.19,7.33,7.46,107.909,107.909,107.909,107.909,0.00%,95.6,96.3,96.3,95.5,0.11%,114.19,114.19,114.19,114.19,0.17%,107.4,107.4,107.4,107.4,0.14%,93.0,93.29,93.5,92.79,0.22%,266.99,224.47,5615.0,506.85,515.2,26702.0,1280.8,204.68,1330.4,320.7,3400.17,3451.69,3461.15,3395.98,1446.7,1475.0,1478.99,1443.69,63.93000030517578,73.7156982421875,88.82820129394531
35,2021-02-19,4.02,4.58,4.61,4.66,4.73,5.12,5.55,6.21,6.6,6.95,7.24,7.38,7.52,107.571,107.571,107.571,107.571,-0.31%,95.3,95.7,95.7,95.25,-0.31%,113.81,113.81,113.81,113.81,-0.33%,106.819,106.819,106.819,106.819,-0.54%,92.6,93.38,93.38,92.43,-0.43%,271.34,226.0,5656.0,512.75,523.8,28130.0,1308.4,208.7,1363.0,322.4,3457.68,3398.4,3460.85,3380.89,1472.33,1448.6,1474.2,1440.4,62.90999984741211,73.83380126953125,89.33679962158203
36,2021-02-20,4.06,4.56,4.58,4.62,4.69,5.07,5.51,6.18,6.59,6.94,7.23,7.38,7.51,107.571,107.571,107.571,107.571,-0.31%,95.3,95.7,95.7,95.25,-0.31%,113.81,113.81,113.81,113.81,-0.33%,106.819,106.819,106.819,106.819,-0.54%,92.6,93.38,93.38,92.43,-0.43%,270.51,225.84,5633.0,513.15,524.6,27088.0,1311.8,209.5,1363.0,323.2,3446.32,3454.43,3455.13,3435.42,1465.82,1468.35,1469.62,1462.75,62.90999984741211,73.83380126953125,89.33679962158203
37,2021-02-22,4.06,4.51,4.52,4.57,4.65,5.08,5.55,6.22,6.62,6.96,7.23,7.37,7.5,107.446,107.446,107.446,107.446,-0.12%,95.59,95.85,96.01,95.22,0.30%,113.65,113.65,113.65,113.65,-0.14%,106.702,106.702,106.702,106.702,-0.11%,92.55,92.78,92.92,92.45,-0.05%,273.71,225.63,5786.0,516.0,527.8,26156.0,1334.6,214.64,1338.6,320.2,3433.93,3447.57,3456.26,3415.37,1455.33,1466.66,1470.35,1434.84,65.23999786376953,74.14360046386719,89.8021011352539
38,2021-02-23,4.06,4.51,4.52,4.57,4.65,5.08,5.55,6.22,6.62,6.96,7.23,7.37,7.5,107.446,107.446,107.446,107.446,-0.12%,95.59,95.85,96.01,95.22,0.30%,113.65,113.65,113.65,113.65,-0.14%,106.702,106.702,106.702,106.702,-0.11%,92.55,92.78,92.92,92.45,-0.05%,273.71,225.63,5786.0,516.0,527.8,26156.0,1334.6,214.64,1338.6,320.2,3433.93,3447.57,3456.26,3415.37,1455.33,1466.66,1470.35,1434.84,65.37000274658203,74.22450256347656,90.32080078125
39,2021-02-24,4.06,4.6,4.63,4.68,4.75,5.13,5.55,6.2,6.6,6.95,7.23,7.37,7.51,107.516,107.516,107.516,107.516,0.07%,95.4,95.65,95.65,95.25,-0.20%,113.79,113.79,113.79,113.79,0.12%,107.12,107.12,107.12,107.12,0.39%,92.7,92.77,93.19,92.5,0.16%,271.9,222.55,5788.5,518.25,537.4,24846.0,1304.4,211.94,1323.0,315.65,3385.48,3426.07,3433.09,3385.01,1445.91,1452.36,1468.28,1445.1,67.04000091552734,74.07080078125,90.04879760742188
40,2021-02-25,4.16,4.59,4.62,4.68,4.76,5.21,5.66,6.32,6.7,7.01,7.27,7.4,7.54,106.934,106.934,106.934,106.934,-0.54%,95.13,95.9,95.9,95.1,-0.29%,113.36,113.36,113.36,113.36,-0.38%,106.652,106.652,106.652,106.652,-0.44%,92.49,92.92,92.94,92.37,-0.23%,270.71,221.7,5740.5,529.35,535.5,23204.0,1341.0,217.28,1293.4,314.8,3409.76,3412.16,3429.2,3391.77,1450.39,1461.85,1471.06,1443.21,66.87999725341797,73.49469757080078,89.48470306396484
41,2021-02-26,4.18,4.58,4.6,4.66,4.74,5.21,5.72,6.4,6.76,7.06,7.3,7.42,7.54,106.393,106.393,106.393,106.393,-0.51%,94.9,95.2,95.2,94.7,-0.24%,112.65,112.65,112.65,112.65,-0.62%,106.254,106.254,106.254,106.254,-0.37%,92.0,92.31,92.77,91.75,-0.53%,270.17,217.56,5575.5,523.35,522.5,23502.0,1343.6,222.12,1276.0,313.05,3346.64,3354.45,3385.74,3332.32,1411.93,1414.05,1435.66,1401.78,66.12999725341797,74.706298828125,90.88169860839844
42,2021-03-01,4.06,4.56,4.56,4.61,4.7,5.19,5.69,6.36,6.73,7.02,7.25,7.36,7.46,106.652,106.652,106.652,106.652,0.24%,95.0,95.0,95.3,94.9,0.11%,112.95,112.95,112.95,112.95,0.27%,106.7,106.7,106.7,106.7,0.42%,92.49,92.16,92.5,92.0,0.53%,273.58,221.47,5634.0,524.1,528.3,24268.0,1366.8,224.2,1298.6,316.7,3386.16,3369.68,3393.93,3354.09,1443.02,1422.57,1445.17,1419.57,63.689998626708984,74.6709976196289,90.21910095214844
43,2021-03-02,4.01,4.64,4.62,4.66,4.74,5.23,5.73,6.35,6.68,6.94,7.17,7.29,7.41,106.709,106.709,106.709,106.709,0.05%,95.49,95.3,95.49,94.8,0.52%,113.6,113.6,113.6,113.6,0.57%,107.452,107.452,107.452,107.452,0.70%,93.01,92.53,93.34,92.19,0.56%,279.1,222.74,5648.5,526.0,533.3,23774.0,1360.0,222.2,1319.0,318.9,3410.1,3380.35,3418.11,3375.48,1452.48,1428.08,1458.5,1424.98,62.70000076293945,74.25150299072266,89.47370147705078
44,2021-03-03,4.06,4.64,4.61,4.65,4.72,5.17,5.64,6.26,6.6,6.87,7.08,7.19,7.31,107.044,107.044,107.044,107.044,0.31%,95.7,95.55,95.87,95.2,0.22%,113.99,113.99,113.99,113.99,0.35%,108.001,108.001,108.001,108.001,0.51%,94.0,93.25,94.02,92.95,1.06%,278.01,222.15,5701.0,533.8,534.8,23304.0,1375.4,226.8,1318.8,315.8,3416.04,3432.88,3450.76,3408.47,1453.61,1465.95,1477.98,1450.65,64.06999969482422,73.78880310058594,89.2063980102539
45,2021-03-04,4.07,4.64,4.61,4.64,4.72,5.18,5.65,6.25,6.55,6.8,7.0,7.1,7.2,107.251,107.251,107.251,107.251,0.19%,96.1,95.84,96.3,95.84,0.42%,114.48,114.48,114.48,114.48,0.43%,108.596,108.596,108.596,108.596,0.55%,94.44,93.53,95.0,93.53,0.47%,274.75,221.14,5806.0,540.1,533.7,22172.0,1333.0,216.16,1297.0,319.0,3397.56,3403.01,3416.04,3366.76,1454.67,1451.65,1462.83,1435.17,66.73999786376953,74.01429748535156,89.22630310058594
46,2021-03-05,4.04,4.66,4.63,4.67,4.74,5.21,5.7,6.32,6.64,6.89,7.1,7.19,7.29,106.855,106.855,106.855,106.855,-0.37%,95.6,95.61,95.82,95.29,-0.52%,113.78,113.78,113.78,113.78,-0.61%,107.715,107.715,107.715,107.715,-0.81%,93.56,94.44,94.44,93.27,-0.93%,277.5,227.0,6236.0,561.0,567.4,22348.0,1339.0,213.3,1395.0,318.6,3414.13,3378.68,3432.98,3367.33,1447.46,1432.87,1458.05,1423.89,69.36000061035156,74.55500030517578,89.25
47,2021-03-08,4.04,4.66,4.63,4.67,4.74,5.21,5.7,6.32,6.64,6.89,7.1,7.19,7.29,106.855,106.855,106.855,106.855,-0.37%,95.6,95.61,95.82,95.29,-0.52%,113.78,113.78,113.78,113.78,-0.61%,107.715,107.715,107.715,107.715,-0.81%,93.56,94.44,94.44,93.27,-0.93%,277.5,227.0,6236.0,561.0,567.4,22348.0,1339.0,213.3,1395.0,318.6,3414.13,3378.68,3432.98,3367.33,1447.46,1432.87,1458.05,1423.89,68.23999786376953,74.32720184326172,88.63648986816406
48,2021-03-09,4.35,4.63,4.61,4.65,4.73,5.23,5.72,6.34,6.66,6.91,7.11,7.21,7.3,106.575,106.575,106.575,106.575,-0.26%,95.4,95.5,95.89,95.32,-0.21%,113.94,113.94,113.94,113.94,0.14%,107.782,107.782,107.782,107.782,0.06%,93.25,93.89,94.0,93.24,-0.33%,285.79,232.1,6305.0,570.6,607.0,22954.0,1315.6,210.2,1459.4,313.9,3478.72,3426.48,3491.12,3426.33,1481.85,1450.71,1489.68,1448.64,67.5199966430664,74.47460174560547,88.2968978881836
49,2021-03-10,4.09,4.65,4.64,4.69,4.78,5.3,5.8,6.42,6.73,6.97,7.17,7.27,7.38,106.354,106.354,106.354,106.354,-0.21%,95.07,95.2,95.44,95.07,-0.34%,113.77,113.77,113.77,113.77,-0.15%,107.55,107.55,107.55,107.55,-0.22%,93.04,93.89,93.89,92.8,-0.22%,282.24,231.69,6127.5,561.15,605.3,23164.0,1334.4,208.68,1467.2,315.3,3463.06,3476.91,3514.35,3455.42,1479.57,1479.41,1498.32,1472.73,67.9000015258789,74.02950286865234,88.11370086669922
50,2021-03-11,4.11,4.76,4.73,4.78,4.87,5.4,5.88,6.46,6.74,6.98,7.17,7.27,7.36,106.392,106.392,106.392,106.392,0.04%,95.1,95.88,95.88,95.0,0.03%,113.18,113.18,113.18,113.18,-0.52%,107.037,107.037,107.037,107.037,-0.48%,92.78,93.49,93.49,92.6,-0.28%,286.0,232.47,6339.0,572.0,618.7,23396.0,1361.0,213.74,1490.4,319.5,3508.51,3481.26,3508.51,3472.4,1505.22,1489.11,1505.22,1483.58,69.62999725341797,73.5239028930664,87.71019744873047
51,2021-03-12,4.14,4.74,4.73,4.79,4.9,5.44,5.92,6.49,6.78,7.02,7.21,7.3,7.39,106.204,106.204,106.204,106.204,-0.18%,94.85,94.91,95.19,94.85,-0.26%,112.77,112.77,112.77,112.77,-0.37%,106.602,106.602,106.602,106.602,-0.41%,92.6,92.78,92.89,92.5,-0.20%,284.93,233.8,6356.0,572.25,623.6,23746.0,1408.0,216.0,1532.0,320.7,3539.5,3515.44,3539.5,3502.37,1519.5,1504.84,1519.69,1500.5,69.22000122070312,73.30030059814453,87.88050079345703
52,2021-03-15,4.13,4.87,4.86,4.91,5.01,5.52,5.98,6.54,6.82,7.04,7.22,7.31,7.4,105.948,105.948,105.948,105.948,-0.24%,94.7,94.85,95.5,94.45,-0.16%,112.52,112.52,112.52,112.52,-0.22%,106.65,106.65,106.65,106.65,0.05%,92.4,92.94,92.94,92.35,-0.21%,292.74,237.79,6472.5,576.4,624.6,24114.0,1436.2,217.78,1558.6,321.5,3584.49,3562.69,3596.31,3558.62,1543.99,1529.62,1550.49,1528.29,68.87999725341797,73.31849670410156,87.54309844970703
53,2021-03-16,4.13,4.85,4.85,4.92,5.02,5.53,5.98,6.53,6.82,7.03,7.2,7.28,7.36,105.939,105.939,105.939,105.939,-0.01%,94.66,94.73,94.74,94.5,-0.04%,112.44,112.44,112.44,112.44,-0.07%,106.576,106.576,106.576,106.576,-0.07%,92.55,92.4,92.7,92.39,0.16%,292.33,234.02,6445.0,571.2,610.0,22846.0,1435.2,215.2,1540.2,318.25,3589.83,3600.68,3602.18,3544.29,1552.81,1555.69,1555.74,1531.49,68.38999938964844,72.73500061035156,86.77729797363281
54,2021-03-17,4.12,4.83,4.86,4.94,5.05,5.58,6.03,6.6,6.89,7.11,7.27,7.36,7.44,105.657,105.657,105.657,105.657,-0.27%,94.25,94.7,94.73,94.2,-0.43%,112.1,112.1,112.1,112.1,-0.31%,106.315,106.315,106.315,106.315,-0.24%,92.09,92.55,92.69,92.05,-0.50%,283.35,229.9,6363.0,555.85,608.3,22878.0,1417.0,215.16,1493.6,317.9,3507.91,3579.06,3587.24,3498.17,1493.66,1543.06,1547.81,1490.71,68.0,72.86799621582031,86.75340270996094
55,2021-03-18,4.11,4.95,4.98,5.06,5.16,5.64,6.08,6.66,6.98,7.2,7.37,7.46,7.55,105.279,105.279,105.279,105.279,-0.36%,93.8,94.23,94.69,93.69,-0.48%,111.3,111.3,111.3,111.3,-0.72%,105.404,105.404,105.404,105.404,-0.86%,91.5,92.09,92.5,91.34,-0.64%,279.25,224.35,6083.0,544.05,583.6,22596.0,1411.4,216.02,1443.0,316.25,3504.85,3533.69,3551.3,3494.99,1488.72,1513.39,1522.42,1485.0,63.279998779296875,73.65480041503906,88.29060363769531
56,2021-03-19,4.14,4.96,4.99,5.06,5.16,5.66,6.13,6.75,7.06,7.25,7.39,7.47,7.57,104.891,104.891,104.891,104.891,-0.37%,93.45,94.45,94.45,93.45,-0.37%,110.82,110.82,110.82,110.82,-0.43%,105.132,105.132,105.132,105.132,-0.26%,91.23,91.5,91.75,91.0,-0.30%,285.47,225.4,6078.0,560.3,598.0,22686.0,1422.6,218.34,1427.8,317.4,3475.26,3473.84,3495.98,3448.99,1474.05,1471.7,1491.33,1461.25,64.52999877929688,74.32160186767578,88.60600280761719
57,2021-03-22,4.24,5.05,5.08,5.15,5.26,5.77,6.21,6.79,7.09,7.3,7.46,7.54,7.63,104.811,104.811,104.811,104.811,-0.08%,93.22,93.45,93.67,93.15,-0.24%,110.6,110.6,110.6,110.6,-0.19%,104.6,104.6,104.6,104.6,-0.51%,90.69,91.23,91.4,90.65,-0.59%,288.65,221.88,6118.0,562.65,600.7,22766.0,1411.8,218.08,1434.6,319.35,3489.07,3479.06,3498.17,3469.09,1467.62,1473.49,1479.85,1461.46,64.62000274658203,74.15370178222656,88.40119934082031
58,2021-03-23,4.22,5.11,5.16,5.26,5.38,5.93,6.4,6.97,7.23,7.39,7.51,7.58,7.67,103.631,103.631,103.631,103.631,-1.13%,92.42,93.64,93.64,92.1,-0.86%,109.39,109.39,109.39,109.39,-1.09%,103.94,103.94,103.94,103.94,-0.63%,90.01,90.98,90.98,89.34,-0.75%,282.6,221.62,5961.0,565.1,589.5,22238.0,1378.6,212.48,1464.4,315.9,3467.21,3481.11,3483.34,3450.98,1435.67,1459.51,1459.51,1425.27,60.790000915527344,74.7958984375,89.27880096435547
59,2021-03-24,4.28,5.03,5.09,5.2,5.33,5.89,6.35,6.92,7.2,7.38,7.5,7.56,7.64,103.908,103.908,103.908,103.908,0.27%,92.81,93.29,93.29,92.7,0.42%,109.64,109.64,109.64,109.64,0.23%,104.25,104.25,104.25,104.25,0.30%,90.45,90.3,91.0,90.01,0.49%,285.79,223.65,6162.5,568.05,605.1,21326.0,1397.6,215.5,1501.0,315.2,3485.33,3459.99,3489.96,3445.92,1437.18,1426.5,1443.93,1423.25,64.41000366210938,76.3313980102539,90.38150024414062
60,2021-03-25,4.41,4.94,5.0,5.1,5.23,5.8,6.27,6.84,7.11,7.28,7.4,7.47,7.56,104.325,104.325,104.325,104.325,0.40%,93.2,93.19,93.34,92.4,0.42%,110.51,110.51,110.51,110.51,0.79%,105.035,105.035,105.035,105.035,0.75%,90.98,91.08,91.3,90.45,0.59%,286.66,224.84,6182.0,574.65,596.0,21252.0,1396.6,218.22,1492.8,314.55,3439.3,3477.87,3479.83,3434.84,1417.16,1434.34,1440.29,1413.15,61.95000076293945,76.61620330810547,90.54730224609375
61,2021-03-26,4.31,4.79,4.86,4.99,5.13,5.74,6.18,6.72,6.98,7.16,7.3,7.37,7.45,104.901,104.901,104.901,104.901,0.55%,93.74,93.34,93.89,92.75,0.58%,111.54,111.54,111.54,111.54,0.93%,105.9,105.9,105.9,105.9,0.82%,91.68,91.4,91.74,90.46,0.76%,291.22,227.3,6283.0,582.2,603.4,22206.0,1426.2,224.98,1518.6,315.05,3489.83,3476.01,3500.74,3476.01,1449.85,1443.85,1456.7,1440.01,64.56999969482422,76.11710357666016,89.68360137939453
62,2021-03-29,4.45,4.74,4.82,4.94,5.09,5.7,6.17,6.72,6.99,7.16,7.29,7.35,7.43,105.014,105.014,105.014,105.014,0.11%,93.85,93.89,93.89,93.71,0.12%,111.52,111.52,111.52,111.52,-0.02%,105.89,105.89,105.89,105.89,-0.01%,91.8,91.74,92.0,91.68,0.14%,293.3,228.74,6257.5,575.3,603.0,23116.0,1441.2,229.42,1497.6,316.15,3529.33,3500.41,3535.21,3498.62,1468.14,1453.11,1468.14,1453.11,64.9800033569336,75.66110229492188,89.54900360107422
63,2021-03-30,4.48,4.76,4.85,4.99,5.15,5.78,6.24,6.8,7.09,7.29,7.42,7.48,7.56,104.751,104.751,104.751,104.751,-0.25%,93.1,93.9,93.98,93.1,-0.79%,111.0,111.0,111.0,111.0,-0.47%,105.197,105.197,105.197,105.197,-0.65%,91.0,91.85,92.08,90.75,-0.87%,293.25,225.93,6155.0,570.25,596.9,23172.0,1480.6,235.12,1484.0,315.0,3525.23,3535.72,3549.09,3504.06,1460.32,1473.27,1478.36,1451.97,64.13999938964844,75.65460205078125,89.07140350341797
64,2021-03-31,4.45,4.77,4.86,4.99,5.14,5.73,6.18,6.74,7.03,7.23,7.38,7.45,7.53,104.724,104.724,104.724,104.724,-0.03%,93.3,93.9,93.9,93.1,0.21%,110.96,110.96,110.96,110.96,-0.04%,105.471,105.471,105.471,105.471,0.26%,91.1,91.0,91.38,90.82,0.11%,291.02,227.24,6111.5,572.6,594.2,23704.0,1534.6,242.16,1488.2,316.2,3541.72,3525.56,3542.0,3510.4,1477.11,1465.46,1481.04,1462.64,63.540000915527344,75.90399932861328,89.018798828125
65,2021-04-01,4.45,4.75,4.84,4.98,5.14,5.75,6.22,6.8,7.08,7.27,7.4,7.47,7.55,104.555,104.555,104.555,104.555,-0.16%,93.2,93.41,93.41,93.0,-0.11%,110.9,110.9,110.9,110.9,-0.05%,105.007,105.007,105.007,105.007,-0.44%,90.95,91.08,91.4,90.85,-0.16%,290.24,226.94,6112.0,568.9,606.0,23776.0,1509.2,237.18,1489.0,316.9,3527.54,3556.28,3576.79,3526.22,1457.37,1479.37,1487.27,1454.07,64.86000061035156,75.67489624023438,88.78109741210938
66,2021-04-02,4.38,4.8,4.88,5.01,5.15,5.75,6.21,6.79,7.08,7.27,7.39,7.46,7.55,104.852,104.852,104.852,104.852,0.28%,93.2,93.89,94.3,93.13,0.00%,110.89,110.89,110.89,110.89,-0.01%,105.148,105.148,105.148,105.148,0.13%,91.05,91.0,91.18,90.53,0.11%,291.7,228.4,6108.5,566.65,605.3,23860.0,1528.2,239.98,1484.6,317.4,3558.22,3553.89,3564.31,3538.01,1466.71,1472.31,1472.75,1462.98,64.86000061035156,76.26429748535156,89.97319793701172
67,2021-04-05,4.25,4.83,4.9,5.01,5.14,5.71,6.18,6.78,7.08,7.27,7.4,7.47,7.57,104.876,104.876,104.876,104.876,0.02%,93.1,93.22,93.31,93.0,-0.11%,110.89,110.89,110.89,110.89,0.00%,105.032,105.032,105.032,105.032,-0.11%,91.02,91.23,91.24,90.89,-0.03%,288.78,225.06,5990.5,560.15,596.4,23736.0,1507.8,236.38,1459.6,317.5,3524.93,3555.24,3555.83,3516.22,1457.13,1465.04,1465.04,1446.29,62.150001525878906,76.41519927978516,89.79959869384766
68,2021-04-06,4.12,4.78,4.87,5.0,5.15,5.79,6.32,6.94,7.22,7.38,7.48,7.55,7.64,104.299,104.299,104.299,104.299,-0.55%,92.5,93.0,93.49,92.5,-0.64%,109.96,109.96,109.96,109.96,-0.84%,104.297,104.297,104.297,104.297,-0.70%,90.1,91.0,91.23,90.0,-1.01%,281.5,222.95,5891.0,547.55,582.2,23180.0,1503.0,236.94,1424.0,317.25,3493.89,3536.26,3541.04,3484.84,1426.86,1459.13,1461.17,1423.3,62.7400016784668,76.43409729003906,90.1417007446289
69,2021-04-07,4.37,4.8,4.9,5.05,5.22,5.87,6.38,6.97,7.25,7.43,7.55,7.62,7.72,104.001,104.001,104.001,104.001,-0.29%,92.29,92.63,92.63,91.78,-0.23%,109.54,109.54,109.54,109.54,-0.38%,103.602,103.602,103.602,103.602,-0.67%,89.85,90.59,90.59,89.44,-0.28%,283.98,224.51,5978.0,551.5,588.0,23602.0,1521.8,240.98,1462.4,317.05,3500.34,3484.22,3518.13,3460.39,1429.51,1414.27,1436.87,1406.33,63.15999984741211,77.00050354003906,91.71839904785156
70,2021-04-08,4.45,4.79,4.91,5.07,5.25,5.91,6.41,7.0,7.28,7.44,7.54,7.6,7.68,103.783,103.783,103.783,103.783,-0.21%,92.1,92.29,92.47,92.07,-0.21%,109.44,109.44,109.44,109.44,-0.10%,103.605,103.605,103.605,103.605,0.00%,89.8,90.0,90.29,89.65,-0.05%,283.89,224.3,6008.5,549.3,580.0,23924.0,1553.0,244.0,1445.0,316.9,3507.83,3513.21,3528.39,3495.34,1440.43,1439.51,1446.38,1427.86,63.20000076293945,77.15809631347656,91.6427993774414
71,2021-04-09,4.43,4.75,4.91,5.09,5.28,5.93,6.43,7.0,7.28,7.46,7.59,7.66,7.75,103.73,103.73,103.73,103.73,-0.05%,92.05,92.38,92.38,91.76,-0.05%,109.22,109.22,109.22,109.22,-0.20%,103.45,103.45,103.45,103.45,-0.15%,89.7,89.98,89.98,89.38,-0.11%,281.07,222.15,5933.0,538.0,565.5,24410.0,1537.8,245.48,1429.4,316.8,3486.03,3510.2,3511.27,3480.85,1417.77,1434.27,1434.71,1417.05,62.95000076293945,76.79199981689453,91.52860260009766
72,2021-04-12,4.46,4.82,4.97,5.14,5.31,5.93,6.4,6.96,7.23,7.42,7.55,7.61,7.69,103.9,103.9,103.9,103.9,0.16%,92.16,92.65,92.65,92.0,0.12%,109.55,109.55,109.55,109.55,0.30%,103.721,103.721,103.721,103.721,0.26%,90.02,89.42,90.1,89.31,0.36%,281.75,222.87,6020.0,540.15,571.3,25432.0,1607.8,255.06,1442.6,317.3,3522.65,3476.51,3541.7,3472.37,1432.48,1412.29,1444.85,1409.51,63.279998779296875,77.38700103759766,92.12860107421875
73,2021-04-13,4.52,4.82,4.94,5.09,5.25,5.86,6.36,6.96,7.23,7.4,7.51,7.58,7.68,103.987,103.987,103.987,103.987,0.08%,92.2,92.69,92.69,91.85,0.04%,109.6,109.6,109.6,109.6,0.05%,103.872,103.872,103.872,103.872,0.15%,90.29,90.09,90.47,89.82,0.30%,287.95,227.99,6044.5,551.95,571.0,25384.0,1632.2,254.86,1451.2,315.7,3526.3,3533.3,3542.63,3511.23,1458.51,1438.56,1459.44,1432.36,63.66999816894531,77.29119873046875,92.09249877929688
74,2021-04-14,4.46,4.8,4.91,5.05,5.2,5.78,6.22,6.77,7.04,7.23,7.36,7.42,7.5,104.905,104.905,104.905,104.905,0.88%,93.45,95.2,95.2,92.47,1.36%,111.0,111.0,111.0,111.0,1.27%,105.151,105.151,105.151,105.151,1.23%,91.5,90.41,91.5,90.29,1.34%,287.18,235.32,6134.0,552.1,586.6,24886.0,1611.8,251.62,1456.8,316.5,3576.89,3567.53,3576.89,3546.86,1490.0,1488.52,1490.0,1475.0,66.58000183105469,75.91850280761719,90.79560089111328
75,2021-04-15,4.47,4.93,5.0,5.11,5.23,5.75,6.21,6.81,7.11,7.27,7.38,7.45,7.54,104.675,104.675,104.675,104.675,-0.22%,93.3,92.7,93.4,91.5,-0.16%,110.7,110.7,110.7,110.7,-0.27%,104.851,104.851,104.851,104.851,-0.29%,91.23,90.15,91.29,89.5,-0.30%,283.72,234.63,6054.5,556.5,584.4,25112.0,1668.6,253.48,1447.6,315.8,3568.51,3532.13,3578.77,3527.5,1474.85,1437.95,1474.85,1435.54,66.94000244140625,76.01419830322266,91.12850189208984
76,2021-04-16,4.45,4.85,4.92,5.02,5.14,5.66,6.11,6.7,7.0,7.19,7.31,7.38,7.47,105.176,105.176,105.176,105.176,0.48%,93.66,93.5,94.5,93.5,0.39%,111.31,111.31,111.31,111.31,0.56%,105.51,105.51,105.51,105.51,0.63%,91.9,91.25,92.69,90.71,0.73%,288.5,235.1,6066.0,555.05,582.1,25480.0,1768.8,265.94,1457.4,321.7,3598.44,3578.01,3598.44,3564.97,1497.05,1484.25,1497.05,1483.71,66.7699966430664,76.07849884033203,91.09960174560547
77,2021-04-19,4.27,4.87,4.95,5.06,5.18,5.69,6.15,6.77,7.08,7.26,7.39,7.46,7.55,104.92,104.92,104.92,104.92,-0.24%,93.5,93.05,94.25,93.05,-0.17%,110.89,110.89,110.89,110.89,-0.38%,105.02,105.02,105.02,105.02,-0.46%,91.2,91.99,92.0,91.02,-0.76%,287.72,231.17,6007.0,548.05,575.7,25240.0,1735.6,261.46,1431.0,321.4,3574.08,3598.47,3605.49,3565.39,1476.58,1488.08,1493.02,1471.95,67.05000305175781,75.95500183105469,89.93820190429688
78,2021-04-20,4.37,4.93,4.99,5.09,5.21,5.72,6.19,6.81,7.12,7.27,7.36,7.43,7.53,104.806,104.806,104.806,104.806,-0.11%,93.3,94.25,94.25,92.8,-0.22%,110.8,110.8,110.8,110.8,-0.08%,105.202,105.202,105.202,105.202,0.17%,91.29,91.58,91.58,90.8,0.10%,287.42,230.0,5897.0,541.05,568.2,25202.0,1749.0,261.68,1423.4,321.5,3552.41,3581.37,3596.19,3536.41,1455.43,1482.48,1490.63,1450.56,66.56999969482422,76.27210235595703,91.88809967041016
79,2021-04-21,4.35,4.95,5.0,5.09,5.19,5.68,6.14,6.75,7.05,7.24,7.36,7.43,7.53,105.12,105.12,105.12,105.12,0.30%,93.4,93.5,93.5,92.97,0.11%,111.12,111.12,111.12,111.12,0.29%,105.312,105.312,105.312,105.312,0.10%,91.35,91.29,91.49,91.02,0.07%,289.25,230.84,5946.0,545.7,569.6,25308.0,1827.8,268.26,1430.8,321.45,3561.72,3554.83,3572.63,3545.15,1464.17,1458.92,1471.16,1451.86,65.31999969482422,76.822998046875,92.47489929199219
80,2021-04-22,4.36,5.08,5.11,5.18,5.27,5.71,6.12,6.68,6.98,7.16,7.29,7.36,7.46,105.211,105.211,105.211,105.211,0.09%,94.0,93.61,94.0,93.3,0.64%,111.43,111.43,111.43,111.43,0.28%,105.801,105.801,105.801,105.801,0.46%,91.95,91.47,92.21,91.2,0.66%,292.18,230.93,5999.0,541.6,566.6,25690.0,1874.8,272.08,1443.6,321.85,3600.35,3576.69,3607.75,3557.88,1501.77,1473.25,1502.76,1466.16,65.4000015258789,76.56900024414062,92.22010040283203
81,2021-04-23,4.4,5.2,5.26,5.34,5.42,5.8,6.16,6.67,6.96,7.16,7.31,7.39,7.48,105.225,105.225,105.225,105.225,0.01%,93.95,94.15,94.2,93.65,-0.05%,111.58,111.58,111.58,111.58,0.13%,105.781,105.781,105.781,105.781,-0.02%,91.9,91.71,92.45,91.4,-0.05%,293.19,232.62,5950.0,538.5,571.3,25770.0,1881.2,275.24,1427.2,322.0,3597.17,3598.76,3600.18,3579.25,1511.85,1509.02,1516.65,1499.32,66.11000061035156,75.50550079345703,90.75360107421875
82,2021-04-26,4.81,5.2,5.27,5.36,5.46,5.84,6.17,6.65,6.93,7.13,7.27,7.34,7.43,105.384,105.384,105.384,105.384,0.15%,94.14,94.25,94.3,94.0,0.20%,111.65,111.65,111.65,111.65,0.06%,105.872,105.872,105.872,105.872,0.09%,92.08,92.24,92.4,91.78,0.20%,295.27,233.23,5919.0,530.6,568.4,26444.0,1876.0,279.24,1408.8,323.65,3610.98,3603.13,3613.37,3589.27,1519.33,1515.84,1524.5,1510.05,65.6500015258789,74.908203125,90.60279846191406
83,2021-04-27,4.6,5.16,5.26,5.37,5.47,5.86,6.19,6.67,6.96,7.18,7.33,7.41,7.5,105.262,105.262,105.262,105.262,-0.12%,93.95,94.3,94.4,93.95,-0.20%,111.4,111.4,111.4,111.4,-0.23%,105.505,105.505,105.505,105.505,-0.35%,91.7,92.39,92.4,91.6,-0.41%,298.5,232.0,5903.5,528.0,568.5,26952.0,1811.8,271.0,1406.4,323.1,3600.6,3615.57,3627.91,3586.39,1516.01,1517.4,1525.61,1507.32,66.41999816894531,74.9751968383789,90.60469818115234
84,2021-04-28,4.85,5.12,5.22,5.32,5.43,5.85,6.21,6.69,6.98,7.21,7.37,7.44,7.52,105.2,105.2,105.2,105.2,-0.06%,94.0,94.4,94.4,93.75,0.05%,111.2,111.2,111.2,111.2,-0.18%,105.214,105.214,105.214,105.214,-0.28%,91.2,92.08,92.08,91.15,-0.55%,298.49,232.96,5901.0,527.95,529.9,26326.0,1795.2,269.68,1395.8,322.8,3578.12,3608.89,3613.11,3558.24,1509.06,1517.74,1519.37,1502.01,67.2699966430664,74.7791976928711,90.44219970703125
85,2021-04-29,4.88,5.06,5.17,5.29,5.4,5.83,6.18,6.67,6.96,7.21,7.39,7.46,7.55,105.29,105.29,105.29,105.29,0.09%,94.1,93.77,94.34,93.77,0.11%,111.2,111.2,111.2,111.2,0.00%,105.063,105.063,105.063,105.063,-0.14%,91.2,91.15,91.69,91.03,0.00%,297.1,230.51,5926.0,528.75,505.2,26334.0,1811.6,270.88,1401.0,321.6,3571.05,3609.38,3616.95,3565.58,1510.72,1526.91,1530.97,1504.57,68.55999755859375,74.3635025024414,90.27799987792969
86,2021-04-30,4.84,5.01,5.15,5.28,5.41,5.83,6.18,6.67,6.97,7.21,7.39,7.48,7.56,105.401,105.401,105.401,105.401,0.11%,94.15,94.29,94.29,93.9,0.05%,111.06,111.06,111.06,111.06,-0.12%,105.185,105.185,105.185,105.185,0.12%,91.24,91.33,91.33,90.9,0.04%,297.73,231.38,5805.0,525.2,506.5,25732.0,1774.0,264.68,1358.0,320.6,3544.0,3574.03,3584.64,3536.53,1485.03,1509.7,1512.29,1483.3,67.25,74.72930145263672,90.64360046386719
87,2021-05-03,4.84,5.01,5.15,5.28,5.41,5.83,6.18,6.67,6.97,7.21,7.39,7.48,7.56,105.401,105.401,105.401,105.401,0.11%,94.15,94.29,94.29,93.9,0.05%,111.06,111.06,111.06,111.06,-0.12%,105.185,105.185,105.185,105.185,0.12%,91.24,91.33,91.33,90.9,0.04%,297.73,231.38,5805.0,525.2,506.5,25732.0,1774.0,264.68,1358.0,320.6,3544.0,3574.03,3584.64,3536.53,1485.03,1509.7,1512.29,1483.3,67.55999755859375,75.19750213623047,90.39469909667969
88,2021-05-04,4.71,5.04,5.17,5.3,5.42,5.83,6.17,6.64,6.92,7.17,7.35,7.44,7.52,105.5,105.5,105.5,105.5,0.09%,94.45,94.0,94.5,94.0,0.32%,111.29,111.29,111.29,111.29,0.20%,105.35,105.35,105.35,105.35,0.16%,91.5,91.25,91.6,91.1,0.28%,303.7,233.8,5991.0,537.15,514.0,26202.0,1757.8,265.9,1406.2,319.9,3577.21,3557.62,3594.69,3556.08,1502.58,1489.85,1511.3,1489.2,68.87999725341797,74.89430236816406,90.30960083007812
89,2021-05-05,4.53,5.02,5.17,5.31,5.44,5.86,6.18,6.64,6.92,7.17,7.36,7.44,7.53,105.5,105.5,105.5,105.5,0.00%,94.49,94.59,94.59,94.28,0.04%,111.28,111.28,111.28,111.28,-0.01%,105.401,105.401,105.401,105.401,0.05%,91.54,91.55,91.55,91.3,0.04%,305.99,237.5,6122.0,538.65,511.1,26646.0,1752.2,270.5,1418.6,323.4,3643.56,3602.17,3644.15,3600.88,1535.67,1515.33,1535.92,1514.06,68.95999908447266,74.7322998046875,89.80740356445312
90,2021-05-06,4.3,5.07,5.21,5.34,5.47,5.88,6.19,6.62,6.9,7.16,7.36,7.45,7.54,105.509,105.509,105.509,105.509,0.01%,94.45,94.5,94.55,94.2,-0.04%,111.3,111.3,111.3,111.3,0.02%,105.507,105.507,105.507,105.507,0.10%,91.5,91.59,91.6,91.41,-0.04%,314.72,243.0,6087.0,538.55,515.8,26824.0,1760.0,267.6,1411.0,323.15,3658.27,3636.71,3661.28,3634.45,1550.64,1533.18,1552.78,1532.37,68.08999633789062,74.80370330810547,89.85399627685547
91,2021-05-07,4.23,5.09,5.23,5.35,5.47,5.88,6.19,6.61,6.89,7.15,7.35,7.44,7.54,105.56,105.56,105.56,105.56,0.05%,94.5,94.5,94.6,94.2,0.05%,111.46,111.46,111.46,111.46,0.14%,105.504,105.504,105.504,105.504,0.00%,91.6,91.5,91.64,91.4,0.11%,317.94,241.7,6088.0,536.2,512.5,27000.0,1835.6,276.02,1419.6,324.05,3682.69,3678.19,3688.81,3667.77,1577.51,1561.46,1577.51,1557.08,68.27999877929688,74.1886978149414,89.55000305175781
92,2021-05-10,4.23,5.02,5.17,5.31,5.44,5.87,6.18,6.62,6.9,7.14,7.33,7.41,7.49,105.621,105.621,105.621,105.621,0.06%,94.38,94.59,94.59,94.26,-0.12%,111.5,111.5,111.5,111.5,0.04%,105.464,105.464,105.464,105.464,-0.04%,91.62,91.45,91.69,91.4,0.02%,320.19,241.41,6118.0,541.95,517.1,27046.0,1831.2,271.96,1414.0,324.1,3694.78,3684.18,3713.49,3675.13,1570.78,1577.52,1583.48,1565.08,68.31999969482422,73.5707015991211,89.72789764404297
93,2021-05-11,4.27,5.15,5.28,5.4,5.51,5.9,6.21,6.66,6.95,7.21,7.4,7.48,7.58,105.451,105.451,105.451,105.451,-0.16%,94.55,94.37,94.6,94.3,0.18%,111.14,111.14,111.14,111.14,-0.32%,105.198,105.198,105.198,105.198,-0.25%,91.1,91.65,91.69,91.08,-0.57%,307.16,242.5,6021.0,532.0,515.6,27338.0,1827.8,272.86,1407.0,324.65,3652.05,3644.29,3658.81,3625.97,1552.63,1547.93,1558.62,1538.7,68.55000305175781,74.27649688720703,90.21710205078125
94,2021-05-12,4.75,5.26,5.36,5.46,5.56,5.92,6.23,6.69,7.0,7.27,7.48,7.57,7.68,105.135,105.135,105.135,105.135,-0.30%,94.25,94.3,94.45,94.2,-0.32%,110.52,110.52,110.52,110.52,-0.56%,104.821,104.821,104.821,104.821,-0.36%,90.65,91.39,91.39,90.61,-0.49%,302.02,241.79,6119.0,542.2,510.6,27266.0,1819.2,273.52,1389.4,322.8,3654.14,3659.63,3674.35,3643.22,1548.02,1555.92,1564.72,1542.63,69.31999969482422,74.16739654541016,90.14230346679688
95,2021-05-13,4.84,5.23,5.35,5.46,5.57,5.95,6.27,6.74,7.04,7.3,7.48,7.57,7.67,104.951,104.951,104.951,104.951,-0.18%,94.0,94.29,94.29,93.7,-0.27%,110.21,110.21,110.21,110.21,-0.28%,104.437,104.437,104.437,104.437,-0.37%,90.45,91.29,91.29,90.14,-0.22%,306.74,247.16,6040.0,550.0,506.2,27388.0,1789.0,269.5,1393.4,323.9,3637.38,3634.18,3647.27,3600.8,1546.93,1538.96,1555.65,1522.88,67.05000305175781,74.60050201416016,90.14140319824219
96,2021-05-14,4.97,5.21,5.33,5.44,5.55,5.92,6.24,6.7,7.0,7.25,7.44,7.54,7.64,105.016,105.016,105.016,105.016,0.06%,94.2,94.49,94.49,94.0,0.21%,110.67,110.67,110.67,110.67,0.42%,104.732,104.732,104.732,104.732,0.28%,90.9,90.7,91.0,90.5,0.50%,304.1,249.55,6050.0,545.65,500.9,27390.0,1780.0,268.6,1373.2,325.5,3637.6,3654.73,3659.34,3623.72,1548.93,1557.45,1559.34,1546.47,68.70999908447266,73.997802734375,89.4009017944336
97,2021-05-17,4.97,5.24,5.36,5.47,5.58,5.95,6.26,6.72,7.01,7.25,7.44,7.53,7.63,105.091,105.091,105.091,105.091,0.07%,94.0,94.5,94.5,93.93,-0.21%,110.6,110.6,110.6,110.6,-0.06%,104.801,104.801,104.801,104.801,0.07%,90.79,91.09,91.2,90.7,-0.11%,303.94,255.15,5976.0,545.55,505.9,27352.0,1772.8,268.74,1393.2,328.15,3639.61,3645.13,3658.78,3618.75,1551.36,1554.03,1562.17,1539.4,69.45999908447266,73.95770263671875,89.80464935302734
98,2021-05-18,4.97,5.23,5.37,5.49,5.6,5.96,6.26,6.71,7.0,7.25,7.45,7.54,7.64,105.106,105.106,105.106,105.106,0.01%,93.95,94.5,94.5,93.9,-0.06%,110.69,110.69,110.69,110.69,0.08%,104.756,104.756,104.756,104.756,-0.04%,90.85,90.85,90.9,90.74,0.06%,305.78,266.22,5994.0,540.45,500.4,27352.0,1783.8,271.9,1402.2,333.9,3687.96,3670.16,3700.19,3670.1,1574.32,1568.37,1581.64,1568.02,68.70999908447266,73.78260040283203,89.73560333251953
99,2021-05-19,4.91,5.22,5.36,5.48,5.59,5.96,6.28,6.75,7.03,7.27,7.46,7.55,7.65,105.202,105.202,105.202,105.202,0.09%,93.7,94.49,94.49,93.6,-0.26%,110.41,110.41,110.41,110.41,-0.25%,104.758,104.758,104.758,104.758,0.00%,90.81,90.89,90.89,90.59,-0.04%,297.0,260.9,5862.5,529.5,492.9,27110.0,1767.8,265.68,1393.0,337.4,3634.76,3693.82,3693.82,3619.54,1552.91,1580.97,1580.97,1545.67,66.66000366210938,73.67140197753906,90.07959747314453
100,2021-05-20,4.81,5.21,5.35,5.48,5.6,5.98,6.28,6.71,6.98,7.23,7.43,7.53,7.62,105.107,105.107,105.107,105.107,-0.09%,93.95,93.99,94.15,93.66,0.27%,110.79,110.79,110.79,110.79,0.34%,104.802,104.802,104.802,104.802,0.04%,90.99,90.84,90.99,90.61,0.20%,296.72,259.16,5711.0,517.35,483.3,27156.0,1813.0,271.82,1375.0,334.0,3636.16,3650.07,3658.27,3603.4,1558.72,1558.53,1562.71,1541.08,65.11000061035156,73.73169708251953,89.76950073242188
101,2021-05-21,4.82,5.23,5.36,5.48,5.59,5.98,6.28,6.7,6.98,7.24,7.45,7.54,7.63,105.15,105.15,105.15,105.15,0.04%,94.05,94.49,94.49,93.95,0.11%,110.7,110.7,110.7,110.7,-0.08%,104.848,104.848,104.848,104.848,0.04%,91.09,91.0,91.09,90.79,0.11%,301.23,258.0,5800.5,525.55,487.7,27064.0,1783.4,270.36,1403.6,333.7,3660.48,3637.5,3667.87,3620.6,1569.55,1557.24,1574.38,1549.37,66.44000244140625,73.46900177001953,89.85559844970703
102,2021-05-24,4.77,5.22,5.36,5.49,5.61,5.99,6.29,6.72,7.01,7.26,7.44,7.52,7.62,105.099,105.099,105.099,105.099,-0.05%,94.04,94.23,94.23,93.92,0.00%,110.63,110.63,110.63,110.63,-0.06%,104.728,104.728,104.728,104.728,-0.11%,90.8,91.09,91.1,90.79,-0.31%,300.7,261.24,5818.0,523.95,492.8,26982.0,1784.0,272.5,1402.6,334.2,3662.51,3665.96,3674.77,3651.09,1570.9,1570.13,1573.83,1558.74,68.45999908447266,73.61280059814453,89.61710357666016
103,2021-05-25,4.89,5.27,5.39,5.51,5.61,5.98,6.28,6.73,7.02,7.28,7.47,7.56,7.66,105.016,105.016,105.016,105.016,-0.08%,94.0,94.0,94.0,93.81,-0.05%,110.5,110.5,110.5,110.5,-0.12%,104.513,104.513,104.513,104.513,-0.21%,90.8,90.96,91.18,90.7,0.00%,306.8,259.79,5913.0,524.35,485.3,26730.0,1789.0,275.72,1404.8,335.05,3686.76,3682.42,3693.39,3672.27,1580.69,1581.61,1584.61,1574.87,68.6500015258789,73.43890380859375,89.73650360107422
104,2021-05-26,4.9,5.3,5.41,5.52,5.62,5.99,6.28,6.71,7.0,7.25,7.43,7.51,7.62,105.17,105.17,105.17,105.17,0.15%,94.02,94.05,94.05,93.75,0.02%,110.5,110.5,110.5,110.5,0.00%,104.75,104.75,104.75,104.75,0.23%,91.0,90.99,91.1,90.75,0.22%,307.01,263.09,6016.5,525.85,486.4,26986.0,1754.4,266.84,1421.2,335.75,3711.05,3695.29,3717.33,3694.13,1590.58,1585.98,1592.95,1581.51,68.87000274658203,73.47149658203125,90.01679992675781
105,2021-05-27,4.93,5.45,5.56,5.67,5.76,6.08,6.34,6.74,7.0,7.23,7.41,7.5,7.6,105.196,105.196,105.196,105.196,0.02%,93.95,94.49,94.49,93.92,-0.07%,110.62,110.62,110.62,110.62,0.11%,104.712,104.712,104.712,104.712,-0.04%,91.05,91.05,91.1,90.9,0.05%,312.72,262.96,5992.0,525.2,485.0,26994.0,1756.2,267.22,1466.0,335.45,3738.68,3708.77,3738.68,3694.59,1603.67,1588.99,1604.16,1583.07,69.45999908447266,73.53900146484375,89.6968994140625
106,2021-05-28,4.97,5.5,5.65,5.77,5.86,6.1,6.33,6.73,7.0,7.24,7.43,7.52,7.6,105.006,105.006,105.006,105.006,-0.18%,93.9,94.38,94.38,93.85,-0.05%,110.55,110.55,110.55,110.55,-0.06%,104.682,104.682,104.682,104.682,-0.03%,91.09,91.07,91.11,90.87,0.04%,309.56,262.0,5955.0,523.35,492.5,27134.0,1758.2,263.54,1456.0,336.0,3730.55,3750.46,3752.8,3724.52,1603.79,1605.78,1607.5,1593.69,69.62999725341797,73.44020080566406,89.58380126953125
107,2021-05-31,4.85,5.52,5.66,5.77,5.86,6.13,6.37,6.76,7.02,7.25,7.43,7.51,7.6,104.944,104.944,104.944,104.944,-0.06%,93.89,94.1,94.1,93.8,-0.01%,110.2,110.2,110.2,110.2,-0.32%,104.604,104.604,104.604,104.604,-0.07%,90.98,90.98,91.1,90.82,-0.12%,310.79,261.03,5993.0,531.4,501.1,26404.0,1686.0,261.88,1447.6,338.75,3721.63,3713.99,3731.27,3713.99,1597.54,1596.14,1604.16,1594.99,69.62999725341797,73.1947021484375,89.30460357666016
108,2021-06-01,4.77,5.67,5.78,5.88,5.95,6.16,6.39,6.77,7.03,7.26,7.44,7.53,7.62,104.84,104.84,104.84,104.84,-0.10%,93.84,94.2,94.2,93.75,-0.05%,110.18,110.18,110.18,110.18,-0.02%,104.559,104.559,104.559,104.559,-0.04%,90.94,90.85,91.04,90.72,-0.04%,311.6,263.86,6210.0,544.0,510.0,26750.0,1695.2,266.62,1491.0,338.45,3764.59,3739.57,3784.59,3739.57,1614.21,1609.56,1622.82,1609.56,70.25,73.39839935302734,89.82630157470703
109,2021-06-02,4.8,5.64,5.76,5.87,5.95,6.18,6.42,6.8,7.05,7.26,7.43,7.52,7.6,104.745,104.745,104.745,104.745,-0.09%,93.8,93.75,93.94,93.65,-0.04%,110.23,110.23,110.23,110.23,0.05%,104.568,104.568,104.568,104.568,0.01%,90.97,90.92,91.05,90.65,0.03%,313.98,271.15,6428.0,552.0,518.0,26944.0,1681.6,265.94,1552.8,339.25,3817.68,3771.32,3817.68,3769.47,1643.66,1613.99,1643.66,1611.46,71.3499984741211,73.5154037475586,89.85310363769531
110,2021-06-03,4.74,5.67,5.79,5.9,5.98,6.23,6.46,6.82,7.06,7.26,7.43,7.52,7.61,104.56,104.56,104.56,104.56,-0.18%,93.7,94.04,94.04,93.05,-0.11%,110.1,110.1,110.1,110.1,-0.12%,104.378,104.378,104.378,104.378,-0.18%,90.93,91.0,91.0,90.76,-0.05%,312.41,272.1,6474.5,559.45,514.2,26630.0,1663.6,263.7,1551.0,338.9,3805.45,3833.77,3837.73,3777.98,1636.51,1650.35,1652.1,1625.55,71.30999755859375,73.14510345458984,89.3447036743164
111,2021-06-04,4.75,5.75,5.85,5.94,6.02,6.29,6.53,6.87,7.09,7.29,7.44,7.52,7.6,104.389,104.389,104.389,104.389,-0.16%,93.65,93.98,93.98,93.45,-0.05%,109.98,109.98,109.98,109.98,-0.11%,104.202,104.202,104.202,104.202,-0.17%,90.83,90.93,90.93,90.6,-0.11%,310.94,274.3,6511.0,556.45,512.5,26400.0,1646.6,262.92,1576.8,340.6,3807.43,3805.94,3816.24,3766.62,1647.06,1636.67,1649.03,1619.27,71.88999938964844,73.2145004272461,88.84700012207031
112,2021-06-07,4.38,5.73,5.87,5.99,6.08,6.35,6.58,6.91,7.12,7.3,7.44,7.51,7.57,104.177,104.177,104.177,104.177,-0.20%,93.42,93.05,93.71,93.05,-0.24%,109.76,109.76,109.76,109.76,-0.20%,104.181,104.181,104.181,104.181,-0.02%,90.59,90.83,90.83,90.42,-0.27%,315.53,275.67,6555.0,551.55,517.2,26246.0,1685.4,264.0,1569.0,340.9,3822.21,3807.96,3827.66,3793.96,1652.99,1644.74,1655.16,1637.06,71.48999786376953,73.00160217285156,88.68499755859375
113,2021-06-08,4.73,5.73,5.88,6.01,6.1,6.38,6.63,6.98,7.2,7.37,7.5,7.56,7.62,103.75,103.75,103.75,103.75,-0.41%,93.05,93.89,93.89,93.05,-0.40%,109.35,109.35,109.35,109.35,-0.37%,103.7,103.7,103.7,103.7,-0.46%,89.98,90.6,90.6,89.86,-0.67%,314.83,275.36,6504.5,550.25,515.3,26072.0,1658.8,261.9,1583.4,343.0,3807.43,3819.52,3833.17,3799.07,1656.46,1651.13,1660.72,1645.3,72.22000122070312,72.7925033569336,88.7759017944336
114,2021-06-09,5.0,5.77,5.9,6.02,6.11,6.4,6.65,6.98,7.19,7.37,7.51,7.58,7.65,103.801,103.801,103.801,103.801,0.05%,93.27,93.01,93.27,92.99,0.23%,109.35,109.35,109.35,109.35,0.00%,103.84,103.84,103.84,103.84,0.14%,90.02,89.98,90.2,89.62,0.05%,314.78,275.65,6587.0,548.25,523.8,26502.0,1655.0,262.22,1619.8,342.5,3843.28,3821.8,3843.41,3805.82,1674.75,1668.1,1678.95,1660.91,72.22000122070312,72.24310302734375,87.97969818115234
115,2021-06-10,5.04,5.76,5.91,6.04,6.14,6.44,6.65,6.95,7.13,7.29,7.41,7.46,7.51,103.958,103.958,103.958,103.958,0.15%,93.4,93.74,93.74,93.15,0.14%,109.9,109.9,109.9,109.9,0.50%,104.13,104.13,104.13,104.13,0.28%,90.5,90.05,90.55,90.03,0.53%,314.62,276.1,6570.0,539.6,519.4,26192.0,1691.0,264.62,1568.4,343.2,3827.71,3835.21,3847.89,3822.01,1677.36,1673.27,1686.58,1666.56,72.5199966430664,72.302001953125,88.09110260009766
116,2021-06-11,5.2,5.81,5.92,6.02,6.1,6.38,6.6,6.89,7.07,7.23,7.36,7.42,7.49,104.213,104.213,104.213,104.213,0.25%,93.83,93.36,93.83,92.85,0.46%,110.31,110.31,110.31,110.31,0.37%,104.71,104.71,104.71,104.71,0.56%,91.1,90.49,91.27,90.02,0.66%,313.0,277.05,6518.5,535.45,523.4,26178.0,1733.8,271.9,1550.6,342.4,3841.53,3838.98,3849.32,3828.62,1678.57,1686.05,1692.47,1676.86,72.69000244140625,71.74099731445312,87.36599731445312
117,2021-06-14,5.2,5.82,5.95,6.05,6.13,6.39,6.6,6.88,7.05,7.24,7.38,7.45,7.52,104.387,104.387,104.387,104.387,0.17%,93.78,93.5,93.84,93.5,-0.05%,110.2,110.2,110.2,110.2,-0.10%,104.67,104.67,104.67,104.67,-0.04%,91.0,91.1,91.14,90.6,-0.11%,314.12,279.5,6515.0,537.6,535.9,26314.0,1721.2,272.02,1575.2,344.45,3860.18,3845.81,3862.39,3842.75,1687.37,1679.91,1688.11,1673.62,72.86000061035156,72.06330108642578,87.35549926757812
118,2021-06-15,5.36,5.93,6.03,6.12,6.2,6.47,6.68,6.96,7.13,7.29,7.43,7.49,7.56,103.886,103.886,103.886,103.886,-0.48%,93.38,93.44,93.89,93.38,-0.43%,110.02,110.02,110.02,110.02,-0.16%,104.333,104.333,104.333,104.333,-0.32%,90.63,91.09,91.14,90.63,-0.40%,312.51,272.72,6504.5,536.05,537.1,26054.0,1695.0,266.66,1561.6,344.7,3822.4,3864.36,3865.2,3819.64,1665.31,1691.65,1695.46,1663.82,73.98999786376953,72.02030181884766,87.34110260009766
119,2021-06-16,5.36,5.83,5.97,6.1,6.22,6.57,6.78,7.01,7.13,7.26,7.37,7.42,7.46,103.781,103.781,103.781,103.781,-0.10%,93.3,93.38,93.5,93.2,-0.08%,109.99,109.99,109.99,109.99,-0.03%,104.416,104.416,104.416,104.416,0.08%,90.83,90.63,91.0,90.51,0.23%,311.61,271.8,6591.5,541.25,540.6,25664.0,1661.4,262.98,1575.4,344.95,3829.67,3821.45,3836.91,3803.54,1679.02,1669.37,1681.13,1664.65,74.38999938964844,72.20939636230469,87.58830261230469
120,2021-06-17,5.35,5.82,5.99,6.13,6.25,6.59,6.78,6.97,7.08,7.21,7.3,7.34,7.37,104.051,104.051,104.051,104.051,0.26%,93.5,93.77,93.77,93.35,0.21%,110.3,110.3,110.3,110.3,0.28%,104.914,104.914,104.914,104.914,0.48%,91.3,90.89,91.38,90.6,0.51%,313.9,272.5,6669.5,537.0,535.8,24970.0,1636.6,260.18,1559.0,343.95,3819.07,3807.32,3832.61,3801.98,1664.38,1651.9,1674.03,1649.57,73.08000183105469,72.56539916992188,87.07959747314453
121,2021-06-18,5.34,5.77,5.94,6.09,6.22,6.55,6.74,6.92,7.03,7.16,7.24,7.26,7.28,104.034,104.034,104.034,104.034,-0.02%,93.88,93.5,93.89,93.5,0.41%,110.7,110.7,110.7,110.7,0.36%,105.402,105.402,105.402,105.402,0.47%,91.67,91.3,91.8,90.86,0.41%,309.3,270.06,6653.0,541.0,526.8,25000.0,1620.0,260.66,1555.4,341.3,3802.95,3809.99,3813.5,3775.82,1646.72,1657.59,1661.68,1644.12,73.51000213623047,72.38919830322266,86.24859619140625
122,2021-06-21,5.17,5.77,5.95,6.1,6.23,6.59,6.78,6.95,7.05,7.16,7.24,7.27,7.29,104.005,104.005,104.005,104.005,-0.03%,93.75,93.88,93.88,93.51,-0.14%,110.61,110.61,110.61,110.61,-0.08%,105.197,105.197,105.197,105.197,-0.19%,91.74,91.69,91.8,91.3,0.07%,310.4,272.62,6697.0,541.2,534.8,25372.0,1613.0,259.04,1569.6,342.65,3813.45,3797.23,3816.85,3785.49,1642.39,1637.74,1646.3,1627.28,74.9000015258789,72.7979965209961,86.34220123291016
123,2021-06-22,5.18,5.75,5.91,6.06,6.19,6.57,6.77,6.96,7.07,7.21,7.29,7.32,7.34,103.991,103.991,103.991,103.991,-0.01%,93.6,93.74,93.74,93.45,-0.16%,110.3,110.3,110.3,110.3,-0.28%,105.051,105.051,105.051,105.051,-0.14%,91.45,91.79,91.83,91.3,-0.31%,309.73,277.0,6715.5,551.85,539.4,25078.0,1603.0,249.12,1554.8,342.25,3821.68,3831.61,3835.86,3809.71,1645.59,1650.49,1652.42,1638.95,74.80999755859375,73.08899688720703,87.10079956054688
124,2021-06-23,5.09,5.75,5.91,6.06,6.18,6.54,6.73,6.93,7.04,7.17,7.25,7.28,7.31,104.015,104.015,104.015,104.015,0.02%,93.73,93.48,93.9,93.28,0.14%,110.65,110.65,110.65,110.65,0.32%,105.319,105.319,105.319,105.319,0.26%,91.6,91.3,91.81,91.22,0.17%,309.79,277.35,6633.0,570.45,540.0,25336.0,1600.6,246.7,1537.4,341.8,3837.15,3836.12,3847.22,3820.5,1666.21,1661.13,1671.72,1655.29,75.19000244140625,72.86199951171875,87.00540161132812
125,2021-06-24,5.1,5.73,5.9,6.05,6.19,6.55,6.75,6.93,7.03,7.14,7.22,7.25,7.27,104.23,104.23,104.23,104.23,0.21%,93.8,93.74,93.98,93.69,0.07%,110.74,110.74,110.74,110.74,0.08%,105.4,105.4,105.4,105.4,0.08%,91.8,91.58,92.18,91.52,0.21%,310.0,277.47,6725.0,565.95,538.3,24358.0,1581.6,235.52,1504.0,339.15,3823.44,3833.73,3839.64,3800.5,1664.94,1666.52,1673.59,1656.41,75.55999755859375,72.63079833984375,86.68209838867188
126,2021-06-25,5.43,5.73,5.89,6.03,6.16,6.54,6.74,6.94,7.05,7.15,7.23,7.26,7.28,104.28,104.28,104.28,104.28,0.05%,93.74,94.05,94.05,93.74,-0.06%,110.65,110.65,110.65,110.65,-0.08%,105.32,105.32,105.32,105.32,-0.08%,91.76,92.0,92.1,91.46,-0.04%,311.81,277.19,6810.0,564.7,537.1,24734.0,1566.2,231.38,1552.0,341.9,3831.84,3818.97,3833.32,3805.7,1672.08,1668.4,1672.67,1660.54,76.18000030517578,72.2969970703125,86.26480102539062
127,2021-06-28,5.46,5.78,5.96,6.11,6.25,6.65,6.84,7.01,7.08,7.17,7.25,7.28,7.31,103.942,103.942,103.942,103.942,-0.32%,93.4,94.05,94.05,93.4,-0.36%,110.46,110.46,110.46,110.46,-0.17%,104.984,104.984,104.984,104.984,-0.32%,91.5,91.76,92.04,91.4,-0.29%,309.48,276.99,6759.0,555.0,530.4,24948.0,1571.4,231.78,1545.2,342.0,3825.57,3833.72,3852.83,3822.81,1669.75,1673.18,1681.18,1667.1,74.68000030517578,72.20999908447266,85.14929962158203
128,2021-06-29,5.42,5.78,5.97,6.13,6.28,6.72,6.92,7.08,7.15,7.23,7.28,7.31,7.33,103.601,103.601,103.601,103.601,-0.33%,93.2,93.75,93.75,93.1,-0.21%,110.05,110.05,110.05,110.05,-0.37%,104.868,104.868,104.868,104.868,-0.11%,91.3,91.88,91.88,91.0,-0.22%,306.1,276.8,6685.0,553.05,523.8,24702.0,1540.6,226.26,1528.2,341.65,3790.85,3817.72,3821.59,3768.24,1640.08,1663.68,1665.66,1638.35,74.76000213623047,72.20439910888672,86.16629791259766
129,2021-06-30,5.28,5.77,5.96,6.12,6.28,6.72,6.92,7.06,7.12,7.2,7.26,7.28,7.3,103.67,103.67,103.67,103.67,0.07%,93.3,93.39,93.39,93.06,0.10%,110.26,110.26,110.26,110.26,0.18%,104.86,104.86,104.86,104.86,-0.01%,91.26,91.29,91.4,91.06,-0.04%,306.45,281.8,6762.5,571.2,531.3,24812.0,1577.4,230.74,1608.0,341.3,3841.85,3799.42,3847.3,3779.28,1653.78,1646.58,1662.32,1632.33,75.12999725341797,72.72239685058594,86.57929992675781
130,2021-07-01,5.06,5.71,5.91,6.09,6.25,6.72,6.93,7.08,7.14,7.21,7.27,7.3,7.33,103.76,103.76,103.76,103.76,0.09%,93.45,93.9,93.9,93.0,0.16%,110.3,110.3,110.3,110.3,0.04%,104.692,104.692,104.692,104.692,-0.16%,91.35,91.25,91.61,91.11,0.10%,305.78,285.74,7010.0,581.45,537.0,24612.0,1570.0,228.64,1657.8,343.35,3858.32,3843.28,3879.5,3843.16,1656.61,1656.7,1676.18,1654.68,75.83999633789062,73.05449676513672,86.65049743652344
131,2021-07-02,5.11,5.78,6.03,6.23,6.4,6.81,6.97,7.07,7.11,7.18,7.25,7.28,7.3,103.82,103.82,103.82,103.82,0.06%,93.21,93.44,93.44,93.21,-0.26%,110.35,110.35,110.35,110.35,0.04%,104.575,104.575,104.575,104.575,-0.11%,91.33,91.39,91.39,91.2,-0.01%,307.39,285.65,6849.0,567.0,538.3,25014.0,1574.0,229.74,1657.0,349.5,3865.42,3853.81,3877.23,3843.9,1659.72,1650.94,1666.1,1644.06,76.16999816894531,73.45690155029297,87.072998046875
132,2021-07-05,5.31,5.87,6.09,6.26,6.41,6.77,6.93,7.05,7.12,7.19,7.25,7.27,7.29,103.721,103.721,103.721,103.721,-0.10%,93.58,93.12,93.58,93.12,0.40%,110.39,110.39,110.39,110.39,0.03%,104.98,104.98,104.98,104.98,0.39%,91.4,91.11,91.45,91.1,0.07%,307.0,291.1,6845.0,567.5,542.4,24924.0,1555.0,226.84,1681.2,349.3,3882.59,3874.81,3882.59,3863.09,1664.55,1665.44,1667.54,1658.5,76.16999816894531,73.21489715576172,86.88710021972656
133,2021-07-06,5.27,5.83,6.03,6.21,6.35,6.74,6.93,7.08,7.13,7.2,7.25,7.27,7.29,103.616,103.616,103.616,103.616,-0.10%,93.55,93.01,93.6,93.01,-0.03%,110.36,110.36,110.36,110.36,-0.03%,104.83,104.83,104.83,104.83,-0.14%,91.4,91.49,91.49,91.25,0.00%,303.34,293.45,6829.0,571.0,539.3,24462.0,1528.2,222.0,1651.0,349.55,3884.3,3896.82,3915.0,3878.39,1644.99,1676.35,1682.69,1643.67,74.52999877929688,73.39630126953125,87.10700225830078
134,2021-07-07,5.36,5.86,6.06,6.23,6.37,6.76,6.94,7.08,7.13,7.2,7.25,7.28,7.3,103.614,103.614,103.614,103.614,0.00%,93.25,93.55,93.55,93.25,-0.32%,110.28,110.28,110.28,110.28,-0.07%,104.619,104.619,104.619,104.619,-0.20%,91.28,91.45,91.48,91.05,-0.13%,304.06,297.39,6782.0,580.25,536.4,24658.0,1590.0,228.7,1640.0,324.35,3895.1,3881.88,3912.39,3879.72,1641.42,1648.92,1661.88,1633.2,73.43000030517578,74.4988021850586,88.11299896240234
135,2021-07-08,5.41,5.91,6.12,6.29,6.44,6.83,7.0,7.12,7.16,7.22,7.27,7.3,7.31,103.409,103.409,103.409,103.409,-0.20%,93.05,92.85,93.25,92.85,-0.21%,110.13,110.13,110.13,110.13,-0.14%,104.551,104.551,104.551,104.551,-0.06%,91.15,91.28,91.28,90.91,-0.14%,302.63,292.86,6684.0,581.1,521.9,24514.0,1561.0,226.12,1638.6,318.2,3861.08,3882.15,3883.47,3839.4,1627.64,1628.91,1629.46,1608.27,74.12000274658203,74.69920349121094,88.11640167236328
136,2021-07-09,5.48,5.93,6.14,6.31,6.44,6.78,6.95,7.09,7.15,7.21,7.26,7.28,7.29,103.597,103.597,103.597,103.597,0.18%,93.05,93.0,93.39,93.0,0.00%,110.15,110.15,110.15,110.15,0.03%,104.451,104.451,104.451,104.451,-0.10%,91.19,91.39,91.39,90.81,0.05%,303.56,295.22,6655.0,577.85,519.1,24780.0,1624.8,233.8,1612.4,319.35,3855.31,3865.62,3874.96,3850.57,1635.04,1631.37,1644.08,1628.07,75.55000305175781,74.71170043945312,88.54419708251953
137,2021-07-12,5.5,6.09,6.3,6.46,6.58,6.84,6.97,7.1,7.16,7.22,7.27,7.28,7.28,103.447,103.447,103.447,103.447,-0.14%,93.19,93.18,93.4,93.1,0.15%,110.17,110.17,110.17,110.17,0.01%,104.552,104.552,104.552,104.552,0.10%,91.1,90.9,91.29,90.65,-0.10%,306.23,297.39,6611.0,579.0,518.6,25112.0,1631.8,235.82,1614.8,324.0,3875.61,3864.26,3882.6,3848.45,1640.22,1634.62,1643.94,1622.69,75.16000366210938,74.2531967163086,88.23750305175781
138,2021-07-13,5.55,6.06,6.26,6.41,6.54,6.85,6.99,7.09,7.15,7.24,7.31,7.34,7.35,103.399,103.399,103.399,103.399,-0.05%,93.06,93.0,93.24,92.95,-0.14%,110.1,110.1,110.1,110.1,-0.06%,104.551,104.551,104.551,104.551,0.00%,91.14,91.32,91.32,90.81,0.05%,303.0,293.83,6637.0,576.0,518.9,25662.0,1671.0,239.22,1605.0,323.7,3877.03,3888.32,3891.54,3852.54,1648.84,1650.95,1653.21,1631.73,76.48999786376953,74.36689758300781,88.25859832763672
139,2021-07-14,5.6,6.09,6.29,6.44,6.56,6.85,6.98,7.09,7.16,7.24,7.3,7.32,7.32,103.4,103.4,103.4,103.4,0.00%,93.02,93.19,93.19,93.0,-0.04%,110.12,110.12,110.12,110.12,0.02%,104.541,104.541,104.541,104.541,-0.01%,91.05,91.2,91.2,90.91,-0.11%,301.5,284.6,6566.0,569.0,516.2,25734.0,1652.4,236.86,1587.0,323.7,3832.85,3851.16,3862.73,3829.59,1625.77,1635.15,1642.74,1624.76,74.76000213623047,74.33460235595703,87.56529998779297
140,2021-07-15,5.6,6.14,6.3,6.44,6.55,6.83,6.95,7.07,7.15,7.23,7.3,7.33,7.34,103.51,103.51,103.51,103.51,0.11%,93.15,93.0,93.25,93.0,0.14%,110.2,110.2,110.2,110.2,0.07%,104.703,104.703,104.703,104.703,0.15%,91.23,91.05,91.34,90.82,0.20%,301.72,280.01,6430.5,562.5,499.6,25624.0,1680.2,241.1,1556.2,322.2,3799.97,3826.45,3832.5,3789.31,1612.08,1624.02,1629.49,1608.89,73.47000122070312,74.12629699707031,87.74690246582031
141,2021-07-16,5.71,6.18,6.32,6.45,6.55,6.8,6.92,7.05,7.14,7.24,7.32,7.34,7.36,103.566,103.566,103.566,103.566,0.05%,93.1,93.25,93.27,93.03,-0.05%,110.08,110.08,110.08,110.08,-0.11%,104.7,104.7,104.7,104.7,0.00%,91.0,91.04,91.2,90.96,-0.25%,298.85,279.65,6362.0,563.45,496.7,25248.0,1663.6,238.5,1537.0,320.55,3770.15,3795.03,3812.49,3756.01,1603.1,1610.16,1620.5,1593.29,73.58999633789062,74.36869812011719,87.87740325927734
142,2021-07-19,5.78,6.17,6.33,6.46,6.57,6.8,6.91,7.06,7.17,7.28,7.34,7.36,7.36,103.66,103.66,103.66,103.66,0.09%,93.01,93.22,93.22,93.01,-0.10%,110.09,110.09,110.09,110.09,0.00%,104.5,104.5,104.5,104.5,-0.19%,90.88,90.61,91.18,90.61,-0.13%,291.46,275.51,6228.0,543.9,483.4,25046.0,1673.6,233.46,1515.4,317.1,3693.42,3743.97,3744.27,3679.79,1559.4,1587.95,1587.95,1552.48,68.62000274658203,74.05899810791016,87.41699981689453
143,2021-07-20,5.85,6.23,6.36,6.47,6.56,6.79,6.87,6.99,7.1,7.22,7.31,7.34,7.35,103.901,103.901,103.901,103.901,0.23%,93.17,93.15,93.34,93.0,0.17%,110.32,110.32,110.32,110.32,0.21%,104.951,104.951,104.951,104.951,0.43%,91.3,90.8,91.37,90.62,0.46%,296.1,277.3,6307.5,547.5,482.1,25138.0,1716.6,240.72,1523.8,316.05,3704.4,3707.23,3719.09,3679.44,1567.28,1565.35,1573.31,1551.73,69.3499984741211,74.6613998413086,88.0813980102539
144,2021-07-21,5.76,6.25,6.36,6.46,6.54,6.73,6.8,6.92,7.04,7.16,7.25,7.28,7.3,104.153,104.153,104.153,104.153,0.24%,93.47,93.49,93.78,93.13,0.33%,110.75,110.75,110.75,110.75,0.39%,105.451,105.451,105.451,105.451,0.48%,91.89,91.3,91.9,90.03,0.65%,294.86,282.9,6393.0,551.9,491.9,25050.0,1711.8,242.6,1540.2,317.15,3722.96,3718.92,3738.33,3701.95,1586.12,1573.65,1587.2,1564.29,72.2300033569336,74.34729766845703,87.62879943847656
145,2021-07-22,5.7,6.21,6.33,6.43,6.51,6.67,6.74,6.85,6.96,7.07,7.15,7.17,7.18,104.411,104.411,104.411,104.411,0.25%,93.86,93.58,94.1,93.58,0.41%,111.55,111.55,111.55,111.55,0.72%,106.002,106.002,106.002,106.002,0.52%,92.5,91.62,92.65,91.62,0.66%,297.27,283.28,6456.0,553.65,490.4,25080.0,1739.0,247.7,1551.6,316.45,3754.44,3746.35,3758.58,3724.29,1599.74,1597.81,1605.78,1592.45,73.79000091552734,73.94120025634766,87.2343978881836
146,2021-07-23,5.75,6.35,6.44,6.51,6.58,6.73,6.77,6.85,6.94,7.04,7.11,7.14,7.15,104.504,104.504,104.504,104.504,0.09%,93.92,94.18,94.29,93.79,0.07%,111.77,111.77,111.77,111.77,0.20%,106.2,106.2,106.2,106.2,0.19%,92.5,92.6,92.64,91.7,0.00%,296.38,279.51,6433.5,548.85,486.0,24990.0,1741.6,246.76,1536.8,316.2,3734.54,3760.33,3767.4,3724.74,1595.86,1607.53,1609.15,1592.9,74.0999984741211,73.65509796142578,86.74349975585938
147,2021-07-26,6.25,6.35,6.43,6.51,6.58,6.74,6.8,6.86,6.92,7.02,7.11,7.13,7.13,104.615,104.615,104.615,104.615,0.11%,94.15,94.4,94.4,93.82,0.24%,111.76,111.76,111.76,111.76,-0.01%,106.261,106.261,106.261,106.261,0.06%,92.62,92.4,92.62,91.51,0.13%,303.34,281.05,6405.0,552.7,489.8,25180.0,1748.6,248.84,1566.0,319.35,3750.1,3724.2,3755.52,3710.14,1602.53,1584.31,1605.14,1574.63,74.5,73.677001953125,86.59860229492188
148,2021-07-27,6.24,6.46,6.51,6.55,6.59,6.71,6.75,6.82,6.88,6.98,7.09,7.13,7.15,104.65,104.65,104.65,104.65,0.03%,94.22,93.7,94.4,93.7,0.08%,112.15,112.15,112.15,112.15,0.36%,106.621,106.621,106.621,106.621,0.34%,92.82,92.5,92.82,92.1,0.21%,299.71,278.08,6332.5,551.2,487.6,25432.0,1783.2,256.56,1554.4,316.85,3733.1,3756.79,3762.89,3733.1,1594.64,1603.27,1607.61,1593.43,74.4800033569336,73.68090057373047,87.0365982055664
149,2021-07-28,6.61,6.39,6.45,6.5,6.55,6.7,6.74,6.8,6.87,6.97,7.07,7.12,7.15,104.63,104.63,104.63,104.63,-0.02%,94.31,94.48,94.58,93.76,0.10%,112.07,112.07,112.07,112.07,-0.07%,106.525,106.525,106.525,106.525,-0.09%,92.8,92.81,93.05,92.41,-0.02%,302.9,282.2,6415.0,554.25,493.7,25690.0,1788.0,256.28,1604.6,318.15,3782.28,3747.25,3782.28,3743.46,1616.34,1601.49,1616.34,1599.17,74.73999786376953,73.70909881591797,87.16850280761719
150,2021-07-29,7.19,6.43,6.48,6.53,6.58,6.71,6.76,6.81,6.86,6.96,7.07,7.12,7.15,104.609,104.609,104.609,104.609,-0.02%,94.13,94.56,94.57,94.01,-0.19%,112.24,112.24,112.24,112.24,0.15%,106.569,106.569,106.569,106.569,0.04%,92.85,92.43,93.11,92.43,0.05%,303.12,287.0,6416.0,554.0,496.0,25178.0,1795.4,258.34,1640.2,318.0,3804.33,3794.4,3806.83,3789.57,1639.35,1630.24,1639.35,1628.76,76.05000305175781,73.4386978149414,87.03250122070312
151,2021-07-30,6.76,6.49,6.52,6.56,6.59,6.7,6.74,6.79,6.84,6.93,7.03,7.08,7.12,104.665,104.665,104.665,104.665,0.05%,94.5,94.23,94.55,94.23,0.39%,112.5,112.5,112.5,112.5,0.23%,106.91,106.91,106.91,106.91,0.32%,93.1,92.9,93.3,92.42,0.27%,305.59,287.35,6299.0,544.5,488.4,25318.0,1799.4,258.5,1633.8,316.1,3771.58,3789.33,3793.4,3759.83,1625.76,1626.66,1636.17,1620.15,76.33000183105469,73.15299987792969,87.01599884033203
152,2021-08-02,6.19,6.48,6.53,6.57,6.61,6.74,6.78,6.82,6.87,6.97,7.09,7.16,7.22,104.639,104.639,104.639,104.639,-0.02%,94.43,94.33,94.69,94.33,-0.08%,112.11,112.11,112.11,112.11,-0.35%,106.652,106.652,106.652,106.652,-0.24%,92.7,92.5,93.3,92.5,-0.43%,306.51,286.75,6308.0,548.85,491.2,25290.0,1786.0,256.86,1625.8,316.85,3788.1,3791.22,3801.24,3781.43,1635.9,1632.24,1644.27,1630.27,72.88999938964844,73.08789825439453,86.70140075683594
153,2021-08-03,5.61,6.47,6.53,6.58,6.63,6.75,6.78,6.83,6.88,6.99,7.13,7.2,7.26,104.52,104.52,104.52,104.52,-0.11%,94.3,94.5,94.52,94.25,-0.13%,111.86,111.86,111.86,111.86,-0.22%,106.303,106.303,106.303,106.303,-0.33%,92.35,92.7,92.92,92.35,-0.38%,309.89,287.09,6297.0,551.0,491.4,25582.0,1792.8,258.0,1660.0,317.3,3793.69,3782.41,3797.3,3771.8,1637.7,1632.84,1641.88,1624.14,72.41000366210938,72.95809936523438,86.66439819335938
154,2021-08-04,5.86,6.5,6.54,6.58,6.62,6.73,6.78,6.84,6.91,7.03,7.16,7.24,7.3,104.49,104.49,104.49,104.49,-0.03%,94.2,93.95,94.68,93.95,-0.10%,111.7,111.7,111.7,111.7,-0.14%,106.101,106.101,106.101,106.101,-0.19%,92.39,92.35,92.79,92.02,0.04%,311.1,287.94,6235.0,543.5,490.6,25446.0,1789.6,257.94,1648.4,316.4,3810.62,3808.44,3814.63,3795.75,1640.3,1648.2,1651.97,1636.97,70.37999725341797,72.939697265625,86.60910034179688
155,2021-08-05,5.75,6.49,6.54,6.58,6.62,6.71,6.76,6.83,6.9,7.02,7.15,7.23,7.3,104.56,104.56,104.56,104.56,0.07%,94.22,94.34,94.7,94.22,0.02%,111.77,111.77,111.77,111.77,0.06%,106.234,106.234,106.234,106.234,0.13%,92.38,92.49,92.8,92.2,-0.01%,315.82,285.95,6312.0,548.0,502.0,25496.0,1796.8,262.34,1686.4,316.6,3833.75,3803.91,3833.81,3801.16,1653.31,1636.3,1653.84,1635.07,71.29000091552734,73.17859649658203,86.66280364990234
156,2021-08-06,6.02,6.49,6.54,6.6,6.65,6.76,6.79,6.85,6.92,7.04,7.18,7.27,7.36,104.5,104.5,104.5,104.5,-0.06%,94.03,94.47,94.48,94.02,-0.21%,111.73,111.73,111.73,111.73,-0.04%,106.249,106.249,106.249,106.249,0.01%,92.38,92.38,92.75,92.09,0.00%,319.15,282.27,6236.0,544.9,494.1,25102.0,1759.8,256.02,1667.6,316.1,3805.36,3836.49,3837.35,3802.44,1632.87,1655.13,1655.52,1629.81,70.69999694824219,73.12090301513672,86.5708999633789
157,2021-08-09,6.22,6.5,6.54,6.58,6.63,6.75,6.81,6.88,6.96,7.08,7.23,7.33,7.42,104.091,104.091,104.091,104.091,-0.39%,93.93,94.45,94.47,93.91,-0.10%,111.49,111.49,111.49,111.49,-0.21%,105.812,105.812,105.812,105.812,-0.41%,91.75,92.2,92.38,91.61,-0.68%,326.91,286.68,6290.0,545.0,494.0,24870.0,1736.0,253.92,1670.0,316.5,3835.11,3795.48,3839.72,3790.63,1641.07,1625.53,1647.88,1623.35,69.04000091552734,73.5031967163086,86.34429931640625
158,2021-08-10,6.25,6.5,6.55,6.6,6.65,6.8,6.85,6.91,6.96,7.08,7.24,7.34,7.44,104.041,104.041,104.041,104.041,-0.05%,93.79,93.82,94.18,93.75,-0.15%,111.45,111.45,111.45,111.45,-0.04%,105.712,105.712,105.712,105.712,-0.09%,91.58,91.75,91.78,91.57,-0.18%,330.11,288.61,6423.5,562.55,497.3,24650.0,1775.0,256.64,1712.8,317.1,3862.32,3847.12,3867.09,3843.42,1646.47,1647.57,1653.89,1640.21,70.62999725341797,73.62059783935547,86.44129943847656
159,2021-08-11,6.24,6.51,6.56,6.6,6.65,6.77,6.83,6.9,6.98,7.1,7.26,7.37,7.47,104.021,104.021,104.021,104.021,-0.02%,93.75,94.4,94.4,93.75,-0.04%,111.35,111.35,111.35,111.35,-0.09%,105.531,105.531,105.531,105.531,-0.17%,91.52,91.61,91.72,91.4,-0.07%,329.9,290.35,6450.0,561.8,495.1,24528.0,1767.4,254.42,1706.0,318.1,3877.37,3875.23,3886.78,3856.61,1656.2,1651.3,1659.87,1638.97,71.44000244140625,73.9219970703125,86.66120147705078
160,2021-08-12,6.32,6.49,6.54,6.6,6.65,6.8,6.86,6.91,6.98,7.1,7.25,7.36,7.46,104.157,104.157,104.157,104.157,0.13%,93.85,93.75,93.95,93.75,0.11%,111.28,111.28,111.28,111.28,-0.06%,105.609,105.609,105.609,105.609,0.07%,91.5,91.6,91.6,91.44,-0.02%,328.57,293.23,6504.5,565.9,498.8,24700.0,1744.2,252.2,1732.8,319.7,3888.86,3879.01,3897.92,3877.23,1665.56,1661.65,1670.41,1659.57,71.30999755859375,73.40149688720703,86.22100067138672
161,2021-08-13,6.39,6.48,6.53,6.58,6.64,6.78,6.83,6.87,6.93,7.06,7.23,7.34,7.43,104.241,104.241,104.241,104.241,0.08%,94.02,94.09,94.3,93.76,0.18%,111.56,111.56,111.56,111.56,0.25%,105.751,105.751,105.751,105.751,0.13%,91.75,91.5,91.75,91.43,0.27%,328.68,292.7,6429.5,558.55,494.5,24460.0,1747.8,250.86,1729.8,318.85,3873.0,3882.62,3895.05,3866.67,1666.44,1662.83,1670.6,1660.41,70.58999633789062,73.53839874267578,86.33830261230469
162,2021-08-16,6.5,6.54,6.57,6.61,6.64,6.74,6.78,6.82,6.88,7.01,7.19,7.3,7.42,104.354,104.354,104.354,104.354,0.11%,94.5,94.3,94.7,94.02,0.51%,112.07,112.07,112.07,112.07,0.45%,106.25,106.25,106.25,106.25,0.47%,91.99,91.7,92.07,91.51,0.26%,329.36,295.1,6495.5,564.4,496.6,24426.0,1761.2,251.22,1773.4,318.7,3895.31,3862.32,3896.96,3855.62,1674.09,1657.91,1674.09,1654.47,69.51000213623047,73.15010070800781,86.3240966796875
163,2021-08-17,6.7,6.55,6.58,6.6,6.63,6.72,6.76,6.8,6.87,7.01,7.21,7.35,7.49,104.406,104.406,104.406,104.406,0.05%,94.5,94.7,94.75,94.25,0.00%,112.32,112.32,112.32,112.32,0.23%,106.385,106.385,106.385,106.385,0.13%,91.75,92.07,92.21,91.75,-0.26%,334.5,298.32,6567.5,555.0,500.6,24572.0,1743.2,250.74,1798.2,320.95,3943.01,3893.85,3944.37,3893.44,1689.76,1669.15,1690.23,1669.02,69.02999877929688,73.28269958496094,86.34539794921875
164,2021-08-18,6.48,6.49,6.52,6.56,6.6,6.72,6.78,6.83,6.88,7.02,7.22,7.37,7.53,104.62,104.62,104.62,104.62,0.20%,94.4,94.6,94.6,94.4,-0.11%,112.07,112.07,112.07,112.07,-0.22%,106.201,106.201,106.201,106.201,-0.17%,91.84,91.76,92.0,91.6,0.09%,334.9,295.05,6445.0,546.95,494.6,24146.0,1707.2,245.8,1781.2,323.0,3925.17,3948.43,3949.07,3912.24,1675.21,1694.66,1695.41,1672.52,68.2300033569336,73.595703125,86.2134017944336
165,2021-08-19,6.46,6.45,6.49,6.54,6.58,6.72,6.78,6.85,6.93,7.07,7.28,7.44,7.61,104.301,104.301,104.301,104.301,-0.30%,94.07,94.24,94.59,94.0,-0.35%,111.85,111.85,111.85,111.85,-0.20%,105.901,105.901,105.901,105.901,-0.28%,91.43,91.84,91.84,91.18,-0.44%,332.69,293.68,6332.0,537.8,490.2,23736.0,1683.8,240.5,1763.6,323.3,3853.98,3883.2,3883.42,3841.15,1635.63,1651.73,1651.83,1630.9,66.44999694824219,73.84349822998047,86.45179748535156
166,2021-08-20,6.46,6.45,6.49,6.53,6.57,6.71,6.78,6.85,6.92,7.07,7.29,7.46,7.64,104.301,104.301,104.301,104.301,0.00%,94.15,94.6,94.6,94.05,0.09%,112.0,112.0,112.0,112.0,0.13%,105.975,105.975,105.975,105.975,0.07%,91.4,91.5,91.5,91.06,-0.03%,325.67,292.57,6339.5,534.0,488.7,23550.0,1669.0,238.78,1733.0,324.2,3832.7,3868.79,3871.43,3826.27,1623.5,1639.98,1641.28,1618.0,65.18000030517578,74.27510070800781,86.76360321044922
167,2021-08-23,6.4,6.42,6.46,6.51,6.55,6.7,6.78,6.86,6.94,7.09,7.31,7.47,7.66,104.225,104.225,104.225,104.225,-0.07%,94.0,94.51,94.51,94.0,-0.16%,111.6,111.6,111.6,111.6,-0.36%,105.8,105.8,105.8,105.8,-0.17%,91.29,91.3,91.49,91.2,-0.12%,329.22,297.69,6475.5,544.85,501.6,23858.0,1690.2,239.96,1754.6,327.45,3883.01,3861.99,3884.51,3856.21,1649.94,1642.23,1651.11,1640.12,68.75,74.19509887695312,86.9229965209961
168,2021-08-24,6.45,6.43,6.47,6.51,6.55,6.7,6.79,6.88,6.96,7.11,7.33,7.49,7.68,104.236,104.236,104.236,104.236,0.01%,94.0,94.36,94.36,93.95,0.00%,111.38,111.38,111.38,111.38,-0.19%,105.6,105.6,105.6,105.6,-0.19%,91.17,91.23,91.4,91.03,-0.13%,324.83,298.7,6488.0,545.0,514.0,24066.0,1688.6,239.4,1734.6,329.85,3888.87,3897.56,3904.99,3864.37,1660.9,1658.37,1663.79,1647.2,71.05000305175781,74.08049774169922,87.03679656982422
169,2021-08-25,6.51,6.39,6.44,6.49,6.54,6.71,6.79,6.88,6.96,7.12,7.34,7.5,7.68,104.206,104.206,104.206,104.206,-0.03%,94.0,94.05,94.15,93.95,0.00%,111.38,111.38,111.38,111.38,0.00%,105.327,105.327,105.327,105.327,-0.26%,90.99,91.15,91.25,90.93,-0.20%,324.57,296.7,6431.0,538.5,513.5,23932.0,1709.2,244.7,1711.0,330.4,3886.64,3891.8,3895.62,3868.64,1653.56,1660.78,1663.39,1647.57,72.25,73.7614974975586,86.72850036621094
170,2021-08-26,6.48,6.45,6.5,6.56,6.61,6.79,6.87,6.94,7.01,7.15,7.35,7.5,7.67,103.905,103.905,103.905,103.905,-0.29%,93.8,94.4,94.4,93.8,-0.21%,111.16,111.16,111.16,111.16,-0.20%,104.901,104.901,104.901,104.901,-0.40%,90.8,91.0,91.28,90.71,-0.21%,322.54,294.34,6343.5,531.7,493.0,23712.0,1698.8,241.38,1684.8,331.15,3851.57,3876.99,3876.99,3838.63,1634.79,1648.21,1650.36,1627.66,71.06999969482422,73.7699966430664,86.8750991821289
171,2021-08-27,6.47,6.44,6.49,6.54,6.6,6.75,6.83,6.89,6.96,7.1,7.31,7.44,7.6,104.105,104.105,104.105,104.105,0.19%,94.05,93.7,94.21,93.7,0.27%,111.3,111.3,111.3,111.3,0.13%,105.313,105.313,105.313,105.313,0.39%,91.2,91.19,91.33,90.69,0.44%,327.41,299.66,6429.5,537.8,487.2,23986.0,1734.4,246.76,1723.8,329.35,3887.38,3864.11,3887.38,3844.49,1664.25,1642.58,1664.25,1634.7,72.69999694824219,74.26750183105469,87.32689666748047
172,2021-08-30,6.51,6.4,6.45,6.52,6.57,6.75,6.83,6.9,6.98,7.12,7.32,7.45,7.6,104.143,104.143,104.143,104.143,0.04%,94.0,94.32,94.4,93.91,-0.05%,111.33,111.33,111.33,111.33,0.02%,105.321,105.321,105.321,105.321,0.01%,91.2,91.35,91.35,90.99,0.00%,328.28,305.17,6439.0,539.3,489.5,24266.0,1739.4,250.96,1745.6,329.1,3928.5,3900.96,3928.5,3900.96,1684.7,1669.47,1684.7,1669.47,73.41000366210938,73.40119934082031,86.77249908447266
173,2021-08-31,6.48,6.44,6.49,6.54,6.59,6.74,6.81,6.88,6.95,7.1,7.3,7.43,7.57,104.137,104.137,104.137,104.137,-0.01%,94.15,94.4,94.4,93.96,0.16%,111.6,111.6,111.6,111.6,0.24%,105.51,105.51,105.51,105.51,0.18%,91.31,91.2,91.43,91.05,0.12%,327.94,305.65,6283.5,533.6,485.1,24032.0,1722.4,247.6,1725.2,330.15,3918.96,3934.1,3938.68,3904.72,1684.16,1689.93,1694.19,1678.18,72.98999786376953,73.41649627685547,86.64630126953125
174,2021-09-01,6.32,6.45,6.51,6.56,6.61,6.76,6.82,6.88,6.95,7.09,7.28,7.41,7.54,104.214,104.214,104.214,104.214,0.07%,94.3,94.0,94.36,93.7,0.16%,111.57,111.57,111.57,111.57,-0.03%,105.657,105.657,105.657,105.657,0.14%,91.32,91.3,91.64,90.77,0.01%,334.57,312.89,6334.0,541.55,491.5,24228.0,1661.0,246.4,1805.4,330.4,3971.02,3924.32,3972.68,3924.32,1715.09,1689.29,1716.51,1689.29,71.58999633789062,73.27259826660156,86.56809997558594
175,2021-09-02,6.05,6.58,6.62,6.67,6.71,6.81,6.86,6.92,6.99,7.13,7.32,7.45,7.59,104.002,104.002,104.002,104.002,-0.20%,94.11,94.4,94.4,93.79,-0.20%,111.23,111.23,111.23,111.23,-0.30%,105.446,105.446,105.446,105.446,-0.20%,91.16,91.3,91.57,90.93,-0.18%,329.0,312.3,6350.5,550.7,488.0,23880.0,1671.8,245.34,1839.4,328.1,3990.77,3983.68,3994.77,3968.06,1726.61,1720.56,1728.79,1713.97,73.02999877929688,72.9813003540039,86.4540023803711
176,2021-09-03,6.32,6.58,6.63,6.68,6.72,6.82,6.85,6.9,6.97,7.11,7.31,7.44,7.59,104.12,104.12,104.12,104.12,0.11%,93.93,93.6,94.24,93.6,-0.20%,111.37,111.37,111.37,111.37,0.13%,105.562,105.562,105.562,105.562,0.11%,91.29,91.34,91.34,90.98,0.14%,329.71,317.94,6330.0,555.4,489.2,24442.0,1648.0,246.32,1840.4,329.1,4001.7,3976.62,4001.7,3964.22,1734.16,1719.43,1734.16,1713.13,72.61000061035156,73.00890350341797,86.64769744873047
177,2021-09-06,6.27,6.58,6.64,6.69,6.73,6.84,6.88,6.93,7.0,7.15,7.35,7.49,7.64,104.001,104.001,104.001,104.001,-0.11%,93.89,93.61,94.39,93.61,-0.04%,111.2,111.2,111.2,111.2,-0.15%,105.462,105.462,105.462,105.462,-0.09%,91.0,91.29,91.3,90.99,-0.32%,329.37,328.93,6325.0,550.7,486.5,24658.0,1663.0,237.38,1853.8,328.05,4028.25,4004.61,4028.25,4003.49,1737.01,1729.36,1738.74,1728.88,72.61000061035156,72.77220153808594,86.41899871826172
178,2021-09-07,6.34,6.69,6.73,6.77,6.81,6.89,6.91,6.95,7.01,7.13,7.33,7.47,7.64,103.93,103.93,103.93,103.93,-0.07%,93.9,94.1,94.1,93.8,0.01%,111.16,111.16,111.16,111.16,-0.04%,105.31,105.31,105.31,105.31,-0.14%,90.97,91.0,91.1,90.6,-0.04%,325.96,327.73,6280.0,547.3,480.1,24376.0,1662.0,236.2,1952.0,328.6,4010.16,4036.41,4043.51,4004.9,1723.91,1738.97,1742.31,1721.46,71.69000244140625,72.96820068359375,86.67939758300781
179,2021-09-08,6.44,6.76,6.79,6.82,6.85,6.9,6.92,6.95,7.0,7.13,7.34,7.49,7.67,103.812,103.812,103.812,103.812,-0.11%,93.85,94.15,94.2,93.85,-0.05%,111.45,111.45,111.45,111.45,0.26%,105.404,105.404,105.404,105.404,0.09%,91.0,90.97,91.19,90.65,0.03%,331.7,327.6,6341.5,555.9,483.3,24260.0,1657.4,236.26,1924.0,329.25,4017.37,4015.35,4030.72,3984.64,1726.53,1723.42,1733.71,1709.79,72.5999984741211,73.36319732666016,86.88369750976562
180,2021-09-09,6.51,6.83,6.85,6.87,6.88,6.92,6.93,6.95,6.99,7.12,7.34,7.51,7.72,103.708,103.708,103.708,103.708,-0.10%,93.75,94.27,94.27,93.75,-0.11%,111.15,111.15,111.15,111.15,-0.26%,105.413,105.413,105.413,105.413,0.01%,91.11,90.69,91.16,90.69,0.13%,326.01,324.57,6269.5,541.9,479.1,23980.0,1615.4,226.42,1891.0,328.85,3993.56,4007.82,4009.66,3982.6,1726.37,1723.35,1733.71,1715.14,71.44999694824219,73.24569702148438,86.60540008544922
181,2021-09-10,6.69,6.75,6.77,6.8,6.82,6.9,6.91,6.91,6.96,7.09,7.33,7.51,7.77,103.814,103.814,103.814,103.814,0.10%,94.1,93.71,94.37,93.71,0.38%,111.48,111.48,111.48,111.48,0.29%,105.525,105.525,105.525,105.525,0.11%,91.29,91.11,91.32,90.78,0.20%,326.25,326.43,6300.0,543.3,480.0,24508.0,1635.0,231.24,1913.0,330.35,4002.66,3993.53,4008.56,3987.53,1725.25,1729.11,1734.77,1721.15,72.91999816894531,72.86199951171875,86.18890380859375
182,2021-09-13,6.63,6.81,6.82,6.84,6.86,6.91,6.91,6.91,6.95,7.08,7.31,7.52,7.79,103.81,103.81,103.81,103.81,0.00%,94.06,94.22,94.22,94.01,-0.04%,111.52,111.52,111.52,111.52,0.04%,105.651,105.651,105.651,105.651,0.12%,91.15,91.29,91.34,90.86,-0.15%,327.41,332.75,6420.5,559.4,491.4,24492.0,1648.8,234.74,1993.0,333.55,4041.16,4012.97,4041.83,4001.63,1751.08,1728.23,1751.08,1724.72,73.51000213623047,73.09609985351562,86.40879821777344
183,2021-09-14,6.67,6.79,6.81,6.83,6.85,6.93,6.94,6.95,6.99,7.12,7.35,7.55,7.83,103.705,103.705,103.705,103.705,-0.10%,93.87,94.19,94.19,93.85,-0.20%,111.17,111.17,111.17,111.17,-0.31%,105.502,105.502,105.502,105.502,-0.14%,91.1,91.33,91.33,90.84,-0.06%,326.48,338.98,6570.0,557.25,500.1,24044.0,1622.4,229.56,1957.2,332.65,4055.7,4051.81,4061.99,4037.23,1754.6,1755.29,1760.36,1746.38,73.5999984741211,72.64399719238281,85.82939910888672
184,2021-09-15,6.65,6.83,6.84,6.86,6.87,6.92,6.95,7.0,7.06,7.17,7.4,7.6,7.9,103.72,103.72,103.72,103.72,0.01%,93.8,94.15,94.15,93.76,-0.07%,111.13,111.13,111.13,111.13,-0.04%,105.31,105.31,105.31,105.31,-0.18%,91.05,91.2,91.2,90.91,-0.05%,333.51,343.34,6724.5,568.1,510.0,23978.0,1630.8,230.3,1924.8,329.65,4065.53,4059.08,4081.98,4049.69,1766.67,1751.85,1773.04,1749.48,75.45999908447266,72.87960052490234,86.0531005859375
185,2021-09-16,6.7,6.89,6.9,6.9,6.9,6.93,6.95,7.01,7.07,7.19,7.43,7.64,7.94,103.661,103.661,103.661,103.661,-0.06%,93.85,93.8,93.92,93.71,0.05%,111.02,111.02,111.02,111.02,-0.09%,105.172,105.172,105.172,105.172,-0.13%,91.13,91.05,91.2,90.92,0.08%,326.99,338.5,6664.0,576.45,508.7,23484.0,1609.0,226.62,1900.6,329.65,4045.1,4069.19,4073.72,4028.08,1755.64,1768.68,1772.83,1748.76,75.66999816894531,72.2406005859375,85.41809844970703
186,2021-09-17,6.69,6.88,6.89,6.89,6.9,6.93,6.96,7.03,7.09,7.2,7.43,7.65,7.95,103.51,103.51,103.51,103.51,-0.15%,93.5,94.22,94.22,93.5,-0.37%,110.95,110.95,110.95,110.95,-0.06%,104.95,104.95,104.95,104.95,-0.21%,91.0,91.15,91.27,90.84,-0.15%,329.56,334.5,6600.5,567.1,502.0,23256.0,1571.0,221.1,1850.0,330.35,4035.17,4043.51,4054.38,4013.62,1745.04,1756.17,1758.81,1738.96,75.33999633789062,72.47250366210938,85.3009033203125
187,2021-09-20,6.75,6.96,6.97,6.97,6.98,7.03,7.06,7.12,7.19,7.29,7.5,7.7,8.0,103.15,103.15,103.15,103.15,-0.35%,93.1,93.89,93.89,93.03,-0.43%,110.33,110.33,110.33,110.33,-0.56%,104.161,104.161,104.161,104.161,-0.75%,90.13,91.0,91.0,90.0,-0.96%,326.92,325.7,6551.0,552.5,487.5,22510.0,1510.2,212.36,1840.0,328.0,3969.61,3988.45,3991.39,3955.19,1700.66,1717.05,1718.55,1695.03,73.91999816894531,72.80850219726562,85.48159790039062
188,2021-09-21,6.65,6.99,6.99,7.0,7.0,7.03,7.05,7.1,7.15,7.26,7.48,7.69,7.97,103.308,103.308,103.308,103.308,0.15%,93.25,93.39,93.67,93.11,0.16%,110.36,110.36,110.36,110.36,0.03%,104.48,104.48,104.48,104.48,0.31%,90.51,90.18,90.57,90.18,0.42%,323.25,335.3,6605.0,564.5,493.3,22662.0,1521.8,214.0,1837.0,328.4,3970.48,3980.02,3994.56,3962.05,1710.9,1710.61,1721.1,1704.51,74.36000061035156,73.36000061035156,86.06220245361328
189,2021-09-22,6.59,6.96,6.96,6.97,6.98,7.0,7.03,7.08,7.15,7.27,7.49,7.7,8.0,103.349,103.349,103.349,103.349,0.04%,93.24,93.45,93.5,93.24,-0.01%,110.35,110.35,110.35,110.35,-0.01%,104.454,104.454,104.454,104.454,-0.02%,90.58,90.6,90.74,90.3,0.09%,327.8,340.59,6702.0,586.0,505.2,23150.0,1561.0,220.82,1913.6,328.0,4030.98,4001.79,4032.38,3999.82,1747.31,1730.06,1747.31,1728.48,76.19000244140625,73.00150299072266,85.61620330810547
190,2021-09-23,6.51,7.07,7.07,7.08,7.08,7.09,7.1,7.14,7.21,7.33,7.55,7.76,8.05,103.1,103.1,103.1,103.1,-0.24%,92.91,93.2,93.2,92.85,-0.36%,110.0,110.0,110.0,110.0,-0.32%,104.094,104.094,104.094,104.094,-0.34%,90.15,90.25,90.25,89.8,-0.48%,327.02,343.47,6801.0,598.25,507.3,23096.0,1579.4,224.12,1869.0,327.95,4052.14,4051.36,4058.15,4020.5,1753.21,1752.72,1759.01,1741.41,77.25,72.91590118408203,85.2531967163086
191,2021-09-24,6.56,7.1,7.1,7.11,7.11,7.14,7.16,7.21,7.27,7.39,7.62,7.83,8.12,102.73,102.73,102.73,102.73,-0.36%,92.64,93.09,93.09,92.58,-0.29%,109.49,109.49,109.49,109.49,-0.46%,103.57,103.57,103.57,103.57,-0.50%,89.47,90.0,90.69,89.35,-0.75%,325.44,344.29,6825.0,614.0,503.7,22856.0,1563.4,224.5,1884.6,331.75,4038.23,4055.37,4057.09,4017.2,1747.56,1751.0,1751.74,1733.26,78.08999633789062,72.6729965209961,85.36689758300781
192,2021-09-27,6.69,7.1,7.1,7.11,7.12,7.14,7.17,7.23,7.29,7.41,7.63,7.83,8.12,102.798,102.798,102.798,102.798,0.07%,92.75,92.9,92.9,92.4,0.12%,109.25,109.25,109.25,109.25,-0.22%,103.479,103.479,103.479,103.479,-0.09%,89.48,89.5,89.9,88.98,0.01%,331.68,355.19,6986.0,627.85,531.5,22712.0,1568.0,223.14,1867.0,331.9,4081.22,4069.55,4083.61,4061.71,1774.24,1765.25,1775.24,1760.34,79.52999877929688,72.6968994140625,85.23609924316406
193,2021-09-28,6.75,7.07,7.08,7.09,7.1,7.15,7.18,7.23,7.3,7.42,7.62,7.81,8.1,102.603,102.603,102.603,102.603,-0.19%,92.78,92.82,92.94,92.43,0.03%,109.4,109.4,109.4,109.4,0.13%,103.304,103.304,103.304,103.304,-0.17%,89.21,89.6,89.77,89.02,-0.31%,329.3,354.07,6968.0,617.85,524.7,22324.0,1533.2,218.4,1854.2,330.1,4065.46,4109.66,4112.31,4050.95,1756.26,1785.05,1788.01,1749.61,79.08999633789062,72.58460235595703,84.93049621582031
194,2021-09-29,6.68,7.09,7.1,7.1,7.11,7.13,7.15,7.21,7.27,7.39,7.59,7.77,8.05,102.702,102.702,102.702,102.702,0.10%,92.62,92.9,92.9,92.42,-0.17%,109.45,109.45,109.45,109.45,0.05%,103.497,103.497,103.497,103.497,0.19%,89.2,89.21,89.5,89.15,-0.01%,328.43,360.88,6992.0,618.9,526.9,22218.0,1543.2,218.52,1861.0,329.7,4058.37,4045.16,4076.61,4038.06,1756.52,1750.65,1764.93,1747.59,78.63999938964844,72.83920288085938,85.15989685058594
195,2021-09-30,6.78,7.12,7.13,7.14,7.15,7.19,7.21,7.26,7.31,7.42,7.64,7.83,8.11,102.519,102.519,102.519,102.519,-0.18%,92.71,92.61,92.83,92.5,0.10%,109.24,109.24,109.24,109.24,-0.19%,103.251,103.251,103.251,103.251,-0.24%,89.23,89.49,89.49,89.0,0.03%,340.99,360.8,6903.5,614.35,527.3,21830.0,1520.0,216.62,1921.0,330.1,4103.52,4079.46,4106.72,4064.5,1777.74,1768.12,1780.94,1758.65,78.5199966430664,72.84590148925781,84.54720306396484
196,2021-10-01,6.64,7.09,7.12,7.16,7.18,7.22,7.24,7.28,7.34,7.45,7.66,7.85,8.13,102.41,102.41,102.41,102.41,-0.11%,92.47,92.47,92.66,92.06,-0.26%,109.05,109.05,109.05,109.05,-0.17%,103.001,103.001,103.001,103.001,-0.24%,89.08,89.23,89.5,88.37,-0.17%,338.48,363.25,6987.5,618.45,532.1,22122.0,1504.8,212.5,1931.8,328.85,4086.99,4078.59,4104.78,4065.4,1771.5,1762.31,1776.24,1754.69,79.27999877929688,72.71720123291016,84.20099639892578
197,2021-10-04,6.63,7.17,7.2,7.22,7.24,7.31,7.34,7.38,7.44,7.56,7.75,7.92,8.18,101.93,101.93,101.93,101.93,-0.47%,91.97,92.11,92.85,91.82,-0.54%,108.3,108.3,108.3,108.3,-0.69%,102.09,102.09,102.09,102.09,-0.88%,88.23,89.08,89.08,88.09,-0.95%,345.85,376.06,7134.5,631.7,539.9,21636.0,1462.4,205.26,1953.0,327.35,4112.72,4106.89,4131.39,4100.85,1785.75,1775.49,1791.34,1769.91,81.26000213623047,72.74500274658203,84.42169952392578
198,2021-10-05,6.45,7.21,7.26,7.31,7.35,7.44,7.47,7.51,7.56,7.67,7.87,8.05,8.3,101.4,101.4,101.4,101.4,-0.52%,91.46,91.92,91.92,91.25,-0.56%,107.51,107.51,107.51,107.51,-0.73%,101.388,101.388,101.388,101.388,-0.69%,87.35,88.48,88.48,87.11,-1.01%,363.2,389.82,7346.5,655.25,577.8,21818.0,1485.0,207.72,1991.6,327.7,4223.85,4129.53,4225.16,4129.53,1840.11,1793.01,1840.37,1793.01,82.55999755859375,72.47989654541016,84.23860168457031
199,2021-10-06,6.41,7.1,7.2,7.29,7.36,7.46,7.49,7.54,7.59,7.69,7.88,8.04,8.28,101.303,101.303,101.303,101.303,-0.10%,91.4,91.53,91.53,91.0,-0.06%,107.53,107.53,107.53,107.53,0.02%,101.05,101.05,101.05,101.05,-0.33%,87.09,87.57,87.57,86.65,-0.29%,364.28,381.3,7096.0,646.0,564.6,21524.0,1538.0,210.9,1930.4,327.55,4171.71,4263.87,4267.29,4163.62,1814.64,1854.48,1854.97,1808.41,81.08000183105469,72.29090118408203,83.86090087890625
200,2021-10-07,6.39,7.11,7.19,7.26,7.31,7.4,7.42,7.44,7.48,7.57,7.73,7.88,8.06,101.7,101.7,101.7,101.7,0.39%,91.75,91.22,91.68,91.1,0.38%,108.2,108.2,108.2,108.2,0.63%,102.039,102.039,102.039,102.039,0.98%,88.0,87.39,88.25,87.08,1.05%,368.93,370.7,7165.0,647.95,569.3,22272.0,1560.0,217.5,1915.8,328.5,4228.02,4222.78,4239.14,4179.39,1853.99,1840.11,1856.58,1818.69,81.94999694824219,72.39459991455078,83.68789672851562
201,2021-10-08,6.33,7.09,7.15,7.21,7.26,7.34,7.36,7.39,7.44,7.54,7.71,7.85,8.03,101.814,101.814,101.814,101.814,0.11%,92.0,91.75,92.04,91.75,0.27%,108.52,108.52,108.52,108.52,0.29%,102.4,102.4,102.4,102.4,0.35%,88.26,87.99,88.6,87.8,0.30%,373.01,366.17,7220.0,631.0,571.0,22766.0,1584.2,221.9,1906.4,328.9,4238.0,4233.58,4254.36,4216.72,1860.96,1852.83,1866.89,1845.19,82.38999938964844,71.78350067138672,83.010498046875
202,2021-10-11,6.54,7.14,7.22,7.28,7.32,7.38,7.39,7.43,7.48,7.58,7.74,7.87,8.05,101.884,101.884,101.884,101.884,0.07%,91.91,91.71,92.0,91.5,-0.10%,108.35,108.35,108.35,108.35,-0.16%,102.252,102.252,102.252,102.252,-0.14%,88.25,88.63,88.63,88.22,-0.01%,387.6,369.81,7264.0,641.55,565.0,22644.0,1595.6,221.64,1905.0,319.0,4279.87,4259.38,4284.53,4247.2,1882.43,1871.73,1883.71,1867.58,83.6500015258789,71.75330352783203,82.99369812011719
203,2021-10-12,6.28,7.14,7.21,7.27,7.32,7.38,7.41,7.44,7.49,7.59,7.76,7.89,8.07,101.733,101.733,101.733,101.733,-0.15%,91.78,92.08,92.08,91.45,-0.14%,108.15,108.15,108.15,108.15,-0.18%,102.05,102.05,102.05,102.05,-0.20%,87.9,88.25,88.59,87.86,-0.40%,377.79,364.1,7306.0,638.65,574.4,22528.0,1591.4,219.04,1897.6,318.05,4263.8,4259.03,4275.6,4250.03,1869.94,1867.33,1876.79,1860.64,83.41999816894531,71.83509826660156,83.06520080566406
204,2021-10-13,6.67,7.13,7.18,7.23,7.27,7.35,7.38,7.4,7.43,7.52,7.69,7.83,8.0,101.954,101.954,101.954,101.954,0.22%,92.0,91.73,91.84,91.48,0.24%,108.51,108.51,108.51,108.51,0.33%,102.567,102.567,102.567,102.567,0.51%,88.5,88.05,88.38,87.8,0.68%,378.8,362.77,7252.0,632.85,567.9,22718.0,1586.6,214.56,1907.0,317.15,4243.92,4260.44,4260.44,4189.91,1855.11,1869.05,1869.05,1835.8,83.18000030517578,71.84649658203125,82.88929748535156
205,2021-10-14,6.78,7.12,7.17,7.22,7.26,7.35,7.37,7.39,7.42,7.5,7.65,7.78,7.93,102.1,102.1,102.1,102.1,0.14%,92.09,91.7,92.18,91.7,0.10%,108.64,108.64,108.64,108.64,0.12%,102.527,102.527,102.527,102.527,-0.04%,88.53,88.1,88.7,88.1,0.04%,376.09,367.0,7215.0,640.45,564.2,22928.0,1595.6,215.7,1898.2,319.55,4259.13,4280.76,4292.68,4259.13,1875.97,1875.38,1890.46,1873.37,84.0,71.96900177001953,83.49939727783203
206,2021-10-15,6.79,7.11,7.16,7.22,7.26,7.37,7.41,7.43,7.45,7.53,7.68,7.8,7.97,101.903,101.903,101.903,101.903,-0.19%,92.06,92.09,92.19,91.88,-0.04%,108.62,108.62,108.62,108.62,-0.02%,102.61,102.61,102.61,102.61,0.08%,88.4,88.54,88.88,88.2,-0.15%,371.82,367.76,7306.5,645.45,570.5,23108.0,1567.6,211.56,1905.6,318.8,4261.82,4278.51,4282.15,4247.79,1891.56,1888.52,1893.71,1878.47,84.86000061035156,71.36750030517578,82.75460052490234
207,2021-10-18,6.9,7.14,7.21,7.28,7.34,7.47,7.5,7.51,7.53,7.61,7.76,7.89,8.05,101.596,101.596,101.596,101.596,-0.30%,91.58,92.12,92.17,91.48,-0.52%,107.9,107.9,107.9,107.9,-0.66%,102.201,102.201,102.201,102.201,-0.40%,88.0,88.26,88.71,87.9,-0.45%,364.6,363.5,7319.0,639.25,569.1,23120.0,1639.6,219.24,1897.0,319.4,4248.33,4254.91,4257.83,4225.42,1876.56,1884.39,1884.39,1869.25,84.33000183105469,71.03150177001953,82.40280151367188
208,2021-10-19,6.85,7.13,7.19,7.26,7.31,7.44,7.48,7.49,7.51,7.58,7.73,7.85,8.0,101.651,101.651,101.651,101.651,0.05%,91.7,92.04,92.25,91.44,0.13%,107.98,107.98,107.98,107.98,0.07%,102.221,102.221,102.221,102.221,0.02%,88.26,88.14,88.29,87.86,0.30%,373.18,368.83,7373.0,643.0,573.0,23672.0,1652.2,222.22,1892.2,319.1,4276.26,4256.24,4279.2,4235.81,1900.04,1890.05,1901.94,1880.34,85.08000183105469,71.18900299072266,82.71170043945312
209,2021-10-20,6.86,7.17,7.24,7.31,7.37,7.46,7.49,7.52,7.55,7.61,7.74,7.85,7.99,101.381,101.381,101.381,101.381,-0.27%,91.57,91.76,91.79,91.35,-0.14%,107.82,107.82,107.82,107.82,-0.15%,101.805,101.805,101.805,101.805,-0.41%,88.0,88.26,88.5,87.8,-0.30%,370.16,369.97,7439.0,643.7,580.7,23530.0,1627.8,220.7,1893.6,319.25,4287.52,4284.91,4290.99,4258.14,1904.77,1900.69,1906.85,1889.05,85.81999969482422,70.82859802246094,82.42050170898438
210,2021-10-21,6.82,7.12,7.23,7.34,7.41,7.55,7.58,7.59,7.62,7.7,7.84,7.95,8.08,101.1,101.1,101.1,101.1,-0.28%,91.18,91.69,91.69,90.96,-0.43%,107.31,107.31,107.31,107.31,-0.48%,101.471,101.471,101.471,101.471,-0.33%,87.7,88.29,88.29,87.31,-0.34%,364.6,363.37,7232.0,633.3,562.9,23210.0,1628.0,225.92,1856.0,316.85,4218.63,4276.94,4282.46,4214.82,1868.16,1897.21,1900.99,1865.38,84.61000061035156,70.81909942626953,82.55809783935547
211,2021-10-22,7.0,7.19,7.33,7.46,7.56,7.8,7.86,7.85,7.84,7.86,7.92,7.96,7.98,100.004,100.004,100.004,100.004,-1.08%,90.1,91.0,91.18,89.1,-1.18%,105.82,105.82,105.82,105.82,-1.38%,100.128,100.128,100.128,100.128,-1.32%,86.43,87.5,87.99,86.3,-1.45%,364.37,358.12,7200.0,634.5,562.5,22864.0,1621.0,225.48,1836.6,316.25,4196.96,4218.5,4246.22,4196.96,1877.99,1869.19,1901.91,1867.48,85.52999877929688,71.1166000366211,82.69950103759766
212,2021-10-25,7.38,7.29,7.49,7.65,7.78,8.07,8.15,8.13,8.07,8.0,7.96,7.96,7.93,99.116,99.116,99.116,99.116,-0.89%,89.05,90.07,90.1,88.95,-1.17%,104.62,104.62,104.62,104.62,-1.13%,98.951,98.951,98.951,98.951,-1.18%,85.66,86.8,86.95,85.5,-0.89%,369.99,364.84,7441.5,655.05,570.2,23024.0,1632.2,228.84,1856.4,316.25,4254.98,4216.43,4254.98,4184.74,1919.58,1885.1,1919.58,1879.69,85.98999786376953,70.35250091552734,81.7782974243164
213,2021-10-26,7.3,7.43,7.66,7.83,7.95,8.17,8.2,8.17,8.11,8.03,7.98,7.95,7.93,98.902,98.902,98.902,98.902,-0.22%,88.73,89.13,89.18,88.4,-0.36%,104.24,104.24,104.24,104.24,-0.36%,98.686,98.686,98.686,98.686,-0.27%,85.57,86.0,86.0,85.02,-0.10%,372.16,364.82,7440.5,650.8,562.2,22688.0,1633.4,231.1,1829.6,313.95,4235.87,4254.59,4259.83,4233.8,1916.29,1925.11,1933.59,1916.29,86.4000015258789,69.80590057373047,81.07360076904297
214,2021-10-27,7.28,7.3,7.6,7.82,7.97,8.23,8.22,8.12,8.05,8.0,7.97,7.97,7.96,99.0,99.0,99.0,99.0,0.10%,88.9,90.5,90.5,88.49,0.19%,104.5,104.5,104.5,104.5,0.25%,98.896,98.896,98.896,98.896,0.21%,85.51,85.1,85.8,85.1,-0.06%,371.36,362.17,7323.5,638.4,546.0,22250.0,1630.0,228.82,1806.8,312.9,4229.53,4216.76,4234.99,4190.68,1891.28,1910.3,1914.54,1879.33,84.58000183105469,69.45379638671875,80.57540130615234
215,2021-10-28,7.33,7.45,7.76,7.99,8.15,8.42,8.44,8.34,8.25,8.16,8.1,8.07,8.05,98.202,98.202,98.202,98.202,-0.81%,88.0,88.89,88.9,87.59,-1.01%,103.48,103.48,103.48,103.48,-0.98%,97.91,97.91,97.91,97.91,-1.00%,84.6,85.67,85.67,84.33,-1.08%,365.36,353.21,7288.5,641.25,548.7,22362.0,1619.4,225.68,1801.0,312.2,4189.66,4210.78,4220.23,4157.39,1880.37,1874.63,1884.33,1857.28,84.31999969482422,70.58049774169922,81.90599822998047
216,2021-10-29,7.35,7.46,7.79,8.03,8.19,8.44,8.43,8.33,8.25,8.17,8.11,8.07,8.03,98.151,98.151,98.151,98.151,-0.05%,87.8,87.96,88.2,87.76,-0.23%,103.3,103.3,103.3,103.3,-0.17%,97.551,97.551,97.551,97.551,-0.37%,84.41,84.3,84.99,84.3,-0.22%,356.14,350.18,7272.5,636.1,540.0,22170.0,1614.2,223.6,1804.8,311.35,4150.0,4186.35,4186.7,4116.29,1843.83,1872.94,1872.96,1829.85,84.37999725341797,70.14240264892578,81.98269653320312
217,2021-11-01,7.11,7.54,7.95,8.19,8.33,8.45,8.44,8.41,8.38,8.32,8.28,8.26,8.26,98.003,98.003,98.003,98.003,-0.15%,87.2,88.09,88.09,87.2,-0.68%,102.32,102.32,102.32,102.32,-0.94%,96.93,96.93,96.93,96.93,-0.64%,83.58,84.98,84.98,83.4,-0.99%,370.96,359.1,7293.0,641.9,552.4,22396.0,1662.4,227.68,1844.0,312.85,4221.49,4155.24,4224.51,4155.24,1866.98,1838.95,1870.43,1838.95,84.70999908447266,70.82340240478516,81.86209869384766
218,2021-11-02,6.86,7.51,7.9,8.15,8.31,8.49,8.47,8.4,8.35,8.29,8.25,8.23,8.23,98.15,98.15,98.15,98.15,0.15%,87.6,87.2,87.56,87.2,0.46%,102.28,102.28,102.28,102.28,-0.04%,96.8,96.8,96.8,96.8,-0.13%,83.99,83.58,83.8,83.17,0.49%,370.7,352.48,7214.0,630.2,545.2,22134.0,1647.4,225.0,1806.0,313.35,4207.53,4235.89,4245.32,4196.75,1850.83,1867.07,1872.21,1838.55,84.72000122070312,71.57990264892578,83.07520294189453
219,2021-11-03,7.09,7.48,7.85,8.11,8.29,8.55,8.52,8.41,8.35,8.29,8.25,8.24,8.24,98.175,98.175,98.175,98.175,0.03%,87.6,87.2,87.56,87.2,0.46%,102.47,102.47,102.47,102.47,0.19%,96.92,96.92,96.92,96.92,0.12%,83.99,83.58,83.8,83.17,0.49%,370.13,353.02,7175.0,619.75,538.2,22038.0,1651.0,224.7,1796.6,313.6,4184.87,4192.14,4192.14,4158.17,1826.65,1841.9,1844.21,1820.25,81.98999786376953,71.60540008544922,82.9478988647461
220,2021-11-04,7.09,7.48,7.85,8.11,8.29,8.55,8.52,8.41,8.35,8.29,8.25,8.24,8.24,98.175,98.175,98.175,98.175,0.03%,87.6,87.2,87.56,87.2,0.46%,102.47,102.47,102.47,102.47,0.19%,96.92,96.92,96.92,96.92,0.12%,83.99,83.58,83.8,83.17,0.49%,370.13,353.02,7175.0,619.75,538.2,22038.0,1651.0,224.7,1796.6,313.6,4184.87,4192.14,4192.14,4158.17,1826.65,1841.9,1844.21,1820.25,80.54000091552734,71.69560241699219,83.31759643554688
221,2021-11-05,7.09,7.37,7.86,8.17,8.35,8.53,8.48,8.39,8.34,8.29,8.24,8.22,8.21,98.122,98.122,98.122,98.122,-0.05%,87.6,87.79,87.79,87.35,0.00%,102.5,102.5,102.5,102.5,0.03%,97.002,97.002,97.002,97.002,0.08%,83.9,83.71,84.19,83.51,-0.10%,360.21,350.6,7199.0,626.25,543.0,21664.0,1632.2,221.62,1781.8,313.2,4174.76,4179.03,4181.87,4159.92,1848.1,1831.86,1853.2,1824.53,82.73999786376953,71.40599822998047,82.54290008544922
222,2021-11-08,7.4,7.54,7.9,8.15,8.31,8.52,8.46,8.32,8.23,8.16,8.1,8.07,8.05,98.533,98.533,98.533,98.533,0.42%,88.03,87.25,88.02,87.0,0.49%,102.94,102.94,102.94,102.94,0.42%,97.5,97.5,97.5,97.5,0.51%,84.3,83.78,84.61,83.78,0.47%,358.39,351.47,7208.5,631.7,553.4,21872.0,1665.8,223.22,1788.8,313.55,4218.27,4203.65,4220.88,4188.59,1865.46,1857.38,1865.46,1848.81,83.43000030517578,71.27320098876953,82.3135986328125
223,2021-11-09,7.5,7.61,7.92,8.12,8.26,8.43,8.37,8.23,8.15,8.07,8.01,7.98,7.95,98.934,98.934,98.934,98.934,0.41%,88.5,89.0,89.0,87.99,0.53%,103.7,103.7,103.7,103.7,0.74%,98.482,98.482,98.482,98.482,1.01%,85.15,83.55,85.3,83.55,1.00%,357.44,349.46,7188.0,636.4,545.0,22188.0,1674.6,227.1,1777.2,316.05,4187.33,4207.59,4225.82,4181.75,1864.21,1858.04,1877.39,1852.28,84.77999877929688,71.21980285644531,82.56189727783203
224,2021-11-10,7.29,7.76,7.96,8.11,8.22,8.38,8.35,8.21,8.11,8.02,7.95,7.91,7.87,98.85,98.85,98.85,98.85,-0.08%,88.99,89.0,89.0,88.18,0.55%,104.27,104.27,104.27,104.27,0.55%,98.658,98.658,98.658,98.658,0.18%,85.82,85.25,85.59,85.02,0.79%,348.65,345.8,7137.5,629.8,542.3,21694.0,1641.0,221.76,1756.2,316.2,4172.47,4192.62,4196.22,4151.6,1853.64,1864.05,1870.35,1847.15,82.63999938964844,70.70449829101562,82.01799774169922
225,2021-11-11,7.32,7.8,7.94,8.04,8.13,8.28,8.27,8.17,8.08,8.0,7.95,7.92,7.89,98.996,98.996,98.996,98.996,0.15%,88.75,89.71,89.71,88.5,-0.27%,104.19,104.19,104.19,104.19,-0.08%,98.916,98.916,98.916,98.916,0.26%,85.61,86.5,86.5,85.28,-0.24%,356.24,347.44,7094.5,634.5,546.1,22050.0,1666.0,224.7,1790.0,316.45,4189.35,4141.62,4189.35,4126.52,1854.48,1830.95,1854.57,1826.58,82.87000274658203,71.23860168457031,81.86389923095703
226,2021-11-12,7.26,7.68,7.9,8.07,8.19,8.38,8.38,8.25,8.16,8.08,8.02,7.99,7.95,98.654,98.654,98.654,98.654,-0.35%,89.01,88.85,88.85,88.12,0.30%,103.8,103.8,103.8,103.8,-0.37%,98.163,98.163,98.163,98.163,-0.76%,85.38,86.31,86.5,84.59,-0.27%,347.59,333.6,6878.0,619.2,535.1,22100.0,1676.4,220.98,1780.2,317.75,4121.66,4181.7,4181.7,4089.32,1784.28,1839.23,1839.23,1779.52,82.16999816894531,71.56400299072266,81.95850372314453
227,2021-11-15,7.32,7.66,7.98,8.18,8.3,8.44,8.41,8.33,8.26,8.19,8.15,8.14,8.13,98.261,98.261,98.261,98.261,-0.40%,87.89,89.0,89.0,87.66,-1.26%,103.11,103.11,103.11,103.11,-0.67%,97.399,97.399,97.399,97.399,-0.78%,84.14,85.38,85.38,84.3,-1.45%,344.39,340.3,6918.5,621.55,533.2,22358.0,1667.4,221.28,1785.0,316.8,4135.14,4121.5,4162.02,4111.04,1791.44,1789.01,1813.36,1786.81,82.05000305175781,72.85929870605469,83.39790344238281
228,2021-11-16,7.37,7.88,8.07,8.21,8.32,8.51,8.53,8.44,8.35,8.23,8.16,8.13,8.1,97.998,97.998,97.998,97.998,-0.27%,87.53,87.89,87.93,87.31,-0.41%,102.68,102.68,102.68,102.68,-0.42%,96.903,96.903,96.903,96.903,-0.51%,83.88,84.16,84.46,83.61,-0.30%,337.91,336.79,6946.5,621.35,536.0,22626.0,1669.4,222.5,1771.8,317.5,4120.02,4147.69,4158.31,4094.15,1767.58,1799.37,1806.44,1764.64,82.43000030517578,72.48280334472656,82.41560363769531
229,2021-11-17,7.44,7.88,8.07,8.21,8.31,8.51,8.53,8.44,8.34,8.22,8.14,8.11,8.09,97.987,97.987,97.987,97.987,-0.01%,87.6,87.54,87.67,87.17,0.09%,102.85,102.85,102.85,102.85,0.17%,97.11,97.11,97.11,97.11,0.21%,84.11,84.41,84.41,83.68,0.27%,339.89,349.98,6884.5,619.5,529.6,22532.0,1671.4,223.3,1759.8,312.5,4149.02,4120.23,4149.02,4101.96,1802.52,1777.65,1803.76,1773.75,80.27999877929688,73.09750366210938,82.76319885253906
230,2021-11-18,7.48,8.05,8.2,8.32,8.41,8.61,8.65,8.56,8.44,8.31,8.19,8.13,8.06,97.49,97.49,97.49,97.49,-0.51%,87.0,87.31,87.5,87.0,-0.68%,102.2,102.2,102.2,102.2,-0.63%,96.45,96.45,96.45,96.45,-0.68%,83.78,84.4,84.4,83.5,-0.39%,336.93,345.56,6840.0,614.1,519.9,22292.0,1695.0,224.68,1714.8,312.8,4093.85,4120.81,4150.57,4082.17,1761.96,1788.34,1798.0,1758.55,81.23999786376953,72.55870056152344,82.1906967163086
231,2021-11-19,7.39,8.09,8.23,8.35,8.44,8.65,8.7,8.62,8.5,8.35,8.21,8.14,8.06,97.121,97.121,97.121,97.121,-0.38%,86.8,86.82,87.25,86.8,-0.23%,101.82,101.82,101.82,101.82,-0.37%,96.168,96.168,96.168,96.168,-0.29%,83.25,83.68,83.97,83.16,-0.63%,327.56,337.62,6709.0,590.5,500.3,22144.0,1673.8,222.56,1624.0,310.1,4016.47,4121.74,4127.0,4000.26,1723.74,1781.88,1785.72,1714.82,78.88999938964844,73.06500244140625,83.09919738769531
232,2021-11-22,7.3,8.22,8.41,8.56,8.68,8.93,8.98,8.89,8.75,8.58,8.43,8.35,8.28,96.199,96.199,96.199,96.199,-0.95%,85.66,86.95,86.98,85.24,-1.31%,100.5,100.5,100.5,100.5,-1.30%,94.6,94.6,94.6,94.6,-1.63%,81.81,83.21,83.21,81.75,-1.73%,309.15,319.2,6575.5,581.0,489.0,21850.0,1663.6,219.2,1575.8,305.2,3872.77,4008.13,4017.02,3872.77,1628.1,1717.46,1724.86,1628.1,79.69999694824219,73.53299713134766,82.9905014038086
233,2021-11-23,7.3,8.47,8.6,8.72,8.8,8.99,9.03,8.95,8.81,8.61,8.39,8.26,8.13,96.011,96.011,96.011,96.011,-0.20%,85.53,86.99,86.99,85.26,-0.15%,100.12,100.12,100.12,100.12,-0.38%,94.25,94.25,94.25,94.25,-0.37%,82.25,81.81,82.34,81.21,0.54%,326.84,341.77,6829.5,601.95,497.5,22400.0,1667.8,222.8,1665.2,307.45,3960.33,3832.33,3974.76,3776.61,1662.38,1614.61,1670.62,1585.65,82.30999755859375,74.97039794921875,84.31279754638672
234,2021-11-24,7.27,8.29,8.45,8.57,8.67,8.9,8.95,8.85,8.69,8.52,8.35,8.25,8.14,96.497,96.497,96.497,96.497,0.51%,85.8,85.4,86.03,85.2,0.32%,100.93,100.93,100.93,100.93,0.81%,94.858,94.858,94.858,94.858,0.65%,82.16,82.5,85.6,81.66,-0.12%,321.22,338.3,6814.5,597.3,498.4,22182.0,1655.2,222.68,1668.0,305.5,3950.56,4001.89,4021.25,3913.39,1660.59,1696.69,1704.31,1650.55,82.25,74.27149963378906,83.5530014038086
235,2021-11-25,7.49,8.04,8.25,8.42,8.55,8.81,8.86,8.74,8.58,8.4,8.24,8.16,8.06,96.845,96.845,96.845,96.845,0.36%,86.39,85.57,86.41,85.57,0.69%,101.61,101.61,101.61,101.61,0.67%,95.607,95.607,95.607,95.607,0.79%,82.8,82.0,82.92,82.0,0.79%,317.29,337.55,6661.5,590.9,489.6,22128.0,1656.2,223.3,1632.0,306.05,3947.82,3964.25,3990.95,3932.55,1665.74,1671.42,1686.27,1659.38,82.25,74.93299865722656,83.98660278320312
236,2021-11-26,7.33,8.08,8.28,8.43,8.55,8.81,8.85,8.73,8.57,8.39,8.24,8.16,8.08,96.872,96.872,96.872,96.872,0.03%,86.5,85.6,86.5,85.6,0.12%,101.54,101.54,101.54,101.54,-0.06%,95.573,95.573,95.573,95.573,-0.04%,82.5,82.45,83.01,81.86,-0.37%,304.42,326.0,6374.0,555.15,461.3,21560.0,1592.4,217.34,1611.2,299.05,3810.98,3852.99,3876.13,3810.75,1589.38,1608.28,1620.38,1587.42,72.72000122070312,74.5282974243164,83.57360076904297
237,2021-11-29,7.36,7.81,8.08,8.29,8.44,8.7,8.71,8.59,8.47,8.32,8.19,8.14,8.1,97.415,97.415,97.415,97.415,0.56%,86.85,86.19,87.04,86.19,0.41%,102.24,102.24,102.24,102.24,0.68%,96.45,96.45,96.45,96.45,0.92%,83.27,82.3,83.5,82.24,0.93%,316.57,339.2,6616.0,573.25,470.6,21686.0,1621.2,220.1,1633.6,296.5,3879.54,3872.19,3928.52,3846.12,1638.72,1628.86,1664.22,1613.76,73.44000244140625,75.5199966430664,85.52940368652344
238,2021-11-30,7.27,7.86,8.12,8.32,8.46,8.71,8.72,8.58,8.45,8.32,8.22,8.18,8.12,97.36,97.36,97.36,97.36,-0.06%,87.0,86.81,87.29,86.52,0.17%,102.08,102.08,102.08,102.08,-0.16%,96.5,96.5,96.5,96.5,0.05%,83.05,83.26,83.49,82.31,-0.26%,315.0,334.24,6513.0,566.1,473.3,21538.0,1564.6,217.08,1627.6,293.75,3890.59,3828.25,3902.72,3827.55,1645.81,1608.53,1650.82,1608.22,70.56999969482422,74.43920135498047,84.09559631347656
239,2021-12-01,6.93,7.78,8.06,8.26,8.42,8.71,8.73,8.59,8.46,8.35,8.26,8.21,8.16,97.386,97.386,97.386,97.386,0.03%,86.85,86.0,87.22,86.0,-0.17%,102.06,102.06,102.06,102.06,-0.02%,96.221,96.221,96.221,96.221,-0.29%,82.29,83.1,83.34,82.81,-0.92%,324.4,345.21,6576.5,569.95,477.9,21952.0,1563.0,216.22,1678.8,296.45,3959.29,3907.17,3962.22,3900.16,1687.12,1663.71,1690.17,1661.03,68.87000274658203,74.0790023803711,83.9666976928711
240,2021-12-02,6.93,8.03,8.25,8.41,8.53,8.74,8.73,8.6,8.49,8.4,8.31,8.27,8.23,97.352,97.352,97.352,97.352,-0.03%,87.7,86.7,86.99,86.5,0.97%,101.8,101.8,101.8,101.8,-0.25%,95.992,95.992,95.992,95.992,-0.24%,82.68,82.99,82.99,82.3,0.47%,326.8,350.3,6732.0,582.0,503.6,22110.0,1587.4,218.34,1721.8,297.85,3947.54,3940.09,3972.85,3914.43,1690.13,1678.93,1694.0,1663.54,69.66999816894531,74.24600219726562,84.0779037475586
241,2021-12-03,7.16,7.94,8.19,8.38,8.52,8.75,8.73,8.59,8.49,8.4,8.32,8.28,8.23,97.396,97.396,97.396,97.396,0.05%,86.82,87.48,87.5,86.73,-1.00%,101.64,101.64,101.64,101.64,-0.16%,95.762,95.762,95.762,95.762,-0.24%,82.82,82.47,83.45,82.47,0.17%,320.66,345.99,6639.5,576.55,495.9,21826.0,1570.2,219.4,1715.0,295.1,3913.06,3967.88,3977.16,3905.38,1668.26,1695.11,1700.57,1667.15,69.87999725341797,73.61949920654297,83.26930236816406
242,2021-12-06,7.21,8.2,8.36,8.48,8.57,8.76,8.78,8.69,8.6,8.51,8.42,8.36,8.3,97.105,97.105,97.105,97.105,-0.30%,86.58,86.81,87.18,86.21,-0.27%,101.0,101.0,101.0,101.0,-0.62%,95.15,95.15,95.15,95.15,-0.64%,82.1,82.82,83.0,81.82,-0.87%,307.5,338.94,6650.0,575.55,492.1,21886.0,1556.0,206.9,1662.2,293.85,3810.1,3937.15,3938.1,3800.76,1622.07,1677.57,1682.98,1622.07,73.08000183105469,73.8677978515625,83.65339660644531
243,2021-12-07,7.24,8.26,8.41,8.52,8.61,8.78,8.8,8.73,8.66,8.57,8.48,8.43,8.39,96.923,96.923,96.923,96.923,-0.19%,86.52,86.79,86.8,85.93,-0.08%,100.55,100.55,100.55,100.55,-0.45%,94.711,94.711,94.711,94.711,-0.46%,81.95,82.13,82.66,81.5,-0.19%,309.79,344.96,6720.5,589.55,501.1,21920.0,1603.4,208.36,1717.8,291.45,3873.2,3860.83,3880.84,3810.03,1647.14,1636.54,1648.59,1617.78,75.44000244140625,74.34819793701172,83.92579650878906
244,2021-12-08,7.44,8.14,8.33,8.47,8.58,8.79,8.81,8.74,8.67,8.58,8.49,8.45,8.41,96.92,96.92,96.92,96.92,0.00%,86.49,86.66,86.66,86.05,-0.03%,100.41,100.41,100.41,100.41,-0.14%,94.803,94.803,94.803,94.803,0.10%,81.88,81.98,82.38,81.5,-0.08%,296.95,340.5,6574.5,574.95,496.5,21888.0,1595.6,207.8,1684.2,290.1,3773.61,3904.84,3915.65,3773.61,1612.73,1662.51,1669.68,1612.73,75.81999969482422,73.99030303955078,83.4469985961914
245,2021-12-09,7.49,7.98,8.21,8.38,8.51,8.75,8.76,8.68,8.59,8.5,8.42,8.39,8.37,97.12,97.12,97.12,97.12,0.21%,86.38,86.5,86.58,86.12,-0.13%,100.65,100.65,100.65,100.65,0.24%,95.25,95.25,95.25,95.25,0.47%,81.8,81.84,82.5,81.51,-0.10%,300.4,336.6,6619.0,578.35,493.9,22006.0,1589.8,211.18,1689.0,288.45,3813.29,3801.67,3847.76,3780.3,1632.54,1619.52,1644.78,1617.77,74.41999816894531,73.52349853515625,83.44309997558594
246,2021-12-10,7.45,7.99,8.22,8.4,8.53,8.76,8.76,8.66,8.57,8.49,8.42,8.38,8.33,97.203,97.203,97.203,97.203,0.09%,86.69,85.51,86.65,85.51,0.36%,100.88,100.88,100.88,100.88,0.23%,95.36,95.36,95.36,95.36,0.12%,82.14,82.47,82.47,81.82,0.41%,297.44,332.0,6619.5,572.1,484.5,21888.0,1595.6,212.2,1676.6,287.05,3760.23,3806.97,3814.06,3760.23,1612.25,1629.05,1633.78,1610.32,75.1500015258789,73.61499786376953,83.2177963256836
247,2021-12-13,7.4,7.85,8.12,8.32,8.47,8.74,8.77,8.71,8.64,8.55,8.47,8.44,8.41,97.058,97.058,97.058,97.058,-0.15%,86.35,87.0,87.68,86.35,-0.40%,100.68,100.68,100.68,100.68,-0.20%,95.202,95.202,95.202,95.202,-0.17%,81.58,82.44,82.44,81.82,-0.68%,280.64,307.26,6376.0,539.15,455.6,20850.0,1482.8,204.1,1590.6,277.45,3618.31,3790.1,3794.52,3613.88,1548.09,1624.67,1628.53,1546.82,74.38999938964844,73.40869903564453,83.09519958496094
248,2021-12-14,7.38,8.01,8.25,8.42,8.55,8.79,8.82,8.73,8.64,8.55,8.48,8.45,8.42,96.893,96.893,96.893,96.893,-0.17%,86.4,86.0,86.53,85.9,0.06%,100.42,100.42,100.42,100.42,-0.26%,95.102,95.102,95.102,95.102,-0.11%,81.56,81.58,81.94,81.15,-0.02%,284.9,319.35,6592.0,550.85,464.8,20958.0,1466.2,199.8,1609.6,276.25,3619.39,3533.82,3638.49,3532.29,1548.81,1515.84,1558.2,1514.57,73.69999694824219,73.4625015258789,82.93379974365234
249,2021-12-15,7.36,7.8,8.1,8.32,8.48,8.77,8.8,8.73,8.65,8.57,8.5,8.47,8.45,96.87,96.87,96.87,96.87,-0.02%,86.41,86.74,86.74,86.27,0.02%,100.67,100.67,100.67,100.67,0.25%,94.926,94.926,94.926,94.926,-0.19%,81.69,81.84,81.84,81.41,0.15%,286.65,324.09,6595.0,561.1,479.3,21296.0,1452.2,202.78,1637.8,279.85,3621.82,3653.16,3666.53,3608.6,1541.0,1546.78,1566.75,1538.14,73.87999725341797,73.79340362548828,83.1093978881836
250,2021-12-16,7.35,7.77,8.06,8.28,8.44,8.74,8.78,8.69,8.6,8.5,8.42,8.38,8.35,97.103,97.103,97.103,97.103,0.24%,86.61,85.56,87.0,85.56,0.23%,100.91,100.91,100.91,100.91,0.24%,95.372,95.372,95.372,95.372,0.47%,81.97,81.69,82.5,81.41,0.35%,295.89,328.39,6729.0,573.0,483.1,21310.0,1507.0,209.5,1653.0,286.95,3750.36,3705.57,3755.07,3701.35,1604.7,1565.7,1610.13,1565.7,75.0199966430664,73.60130310058594,83.1270980834961
251,2021-12-17,7.5,7.54,7.88,8.14,8.33,8.69,8.72,8.59,8.48,8.39,8.31,8.28,8.22,97.28,97.28,97.28,97.28,0.18%,86.96,86.0,86.99,86.0,0.41%,101.66,101.66,101.66,101.66,0.74%,96.034,96.034,96.034,96.034,0.69%,82.79,81.97,83.41,81.77,1.00%,294.9,327.3,6670.0,573.2,487.6,21738.0,1502.8,210.7,1666.2,289.4,3723.27,3725.04,3739.59,3696.5,1583.05,1600.46,1600.46,1576.44,73.5199966430664,73.76020050048828,83.47850036621094
252,2021-12-20,8.07,7.52,7.82,8.05,8.23,8.6,8.68,8.6,8.5,8.39,8.29,8.23,8.17,97.57,97.57,97.57,97.57,0.30%,87.0,86.77,87.11,86.01,0.04%,101.45,101.45,101.45,101.45,-0.21%,96.16,96.16,96.16,96.16,0.13%,83.11,82.89,83.08,82.61,0.39%,288.4,325.9,6328.5,567.55,481.4,21644.0,1512.0,214.8,1683.6,290.4,3669.05,3657.65,3674.71,3629.61,1557.64,1567.44,1567.44,1540.59,71.5199966430664,74.0625991821289,83.34989929199219
253,2021-12-21,7.79,7.56,7.81,8.01,8.17,8.53,8.64,8.61,8.52,8.42,8.35,8.31,8.27,97.481,97.481,97.481,97.481,-0.09%,86.89,86.96,88.37,86.65,-0.12%,101.38,101.38,101.38,101.38,-0.07%,95.88,95.88,95.88,95.88,-0.29%,82.65,82.42,83.14,82.42,-0.55%,291.7,339.88,6348.5,575.0,484.2,21662.0,1545.4,212.3,1683.2,290.05,3693.02,3705.33,3713.68,3670.16,1573.5,1571.27,1583.67,1559.97,73.9800033569336,74.0634994506836,83.55650329589844
254,2021-12-22,8.08,7.42,7.68,7.88,8.05,8.41,8.54,8.54,8.49,8.42,8.37,8.34,8.3,97.814,97.814,97.814,97.814,0.34%,87.2,86.94,87.09,86.89,0.35%,101.58,101.58,101.58,101.58,0.20%,96.0,96.0,96.0,96.0,0.13%,82.9,82.94,83.0,82.47,0.30%,294.0,345.55,6349.5,579.7,489.0,21834.0,1561.0,210.84,1710.2,291.25,3746.75,3715.2,3759.67,3699.06,1601.93,1572.45,1605.68,1572.45,75.29000091552734,73.86959838867188,83.41169738769531
255,2021-12-23,7.77,7.34,7.66,7.89,8.06,8.38,8.47,8.51,8.5,8.46,8.43,8.43,8.43,98.047,98.047,98.047,98.047,0.24%,87.3,87.26,87.5,87.0,0.11%,101.54,101.54,101.54,101.54,-0.04%,96.101,96.101,96.101,96.101,0.11%,82.66,83.13,83.13,82.5,-0.29%,292.8,339.81,6304.5,579.1,483.9,21872.0,1561.0,211.18,1655.8,290.55,3704.6,3745.52,3751.37,3691.04,1587.87,1606.55,1608.84,1581.76,76.8499984741211,73.61129760742188,83.52210235595703
256,2021-12-24,8.01,7.3,7.69,7.95,8.11,8.36,8.4,8.44,8.46,8.46,8.46,8.46,8.47,97.858,97.858,97.858,97.858,-0.19%,87.41,87.02,87.44,87.02,0.13%,101.5,101.5,101.5,101.5,-0.04%,95.917,95.917,95.917,95.917,-0.19%,82.76,82.41,83.09,82.41,0.12%,293.89,338.79,6313.5,572.05,482.0,21824.0,1578.0,212.4,1652.6,290.7,3702.72,3700.34,3703.72,3653.63,1584.15,1592.57,1593.24,1568.41,76.8499984741211,73.29879760742188,83.05329895019531
257,2021-12-27,8.15,7.39,7.75,7.99,8.15,8.41,8.46,8.48,8.48,8.45,8.44,8.44,8.45,98.021,98.021,98.021,98.021,0.17%,87.26,87.11,87.41,87.0,-0.17%,101.53,101.53,101.53,101.53,0.03%,96.252,96.252,96.252,96.252,0.35%,82.8,82.89,82.89,82.59,0.05%,295.68,343.97,6397.5,582.0,490.4,22528.0,1588.6,214.6,1697.6,293.95,3740.63,3711.77,3742.12,3709.19,1602.91,1593.96,1603.8,1590.48,78.5999984741211,73.61000061035156,83.24710083007812
258,2021-12-28,8.29,7.45,7.8,8.02,8.17,8.39,8.43,8.46,8.47,8.45,8.44,8.44,8.44,98.015,98.015,98.015,98.015,-0.01%,87.27,87.98,87.98,87.0,0.01%,101.6,101.6,101.6,101.6,0.07%,96.004,96.004,96.004,96.004,-0.26%,82.8,82.84,82.89,82.51,0.00%,295.0,343.23,6478.0,596.2,496.4,22642.0,1587.6,215.76,1700.0,295.6,3777.56,3766.5,3790.44,3751.0,1611.75,1610.22,1622.45,1606.59,78.94000244140625,73.35900115966797,83.14720153808594
259,2021-12-29,8.13,7.52,7.87,8.09,8.23,8.44,8.47,8.48,8.47,8.45,8.44,8.44,8.45,97.908,97.908,97.908,97.908,-0.11%,87.29,87.41,87.41,87.05,0.02%,101.55,101.55,101.55,101.55,-0.05%,95.939,95.939,95.939,95.939,-0.07%,82.56,82.8,82.89,82.5,-0.29%,293.51,340.33,6516.0,592.0,495.0,22628.0,1570.4,215.02,1716.8,296.4,3741.07,3756.54,3770.09,3727.35,1589.74,1609.44,1612.56,1586.45,79.2300033569336,73.6675033569336,83.37519836425781
260,2021-12-30,8.13,7.4,7.81,8.04,8.18,8.35,8.4,8.44,8.45,8.44,8.43,8.43,8.44,97.931,97.931,97.931,97.931,0.02%,87.64,87.9,87.9,87.08,0.41%,101.61,101.61,101.61,101.61,0.06%,96.222,96.222,96.222,96.222,0.29%,82.87,82.8,82.86,82.52,0.37%,293.49,342.39,6573.0,599.0,502.0,22900.0,1604.2,217.04,1719.4,298.9,3787.26,3753.92,3789.61,3740.93,1595.76,1590.27,1597.12,1579.55,79.31999969482422,73.9749984741211,84.02549743652344
261,2021-12-31,8.13,7.4,7.81,8.04,8.18,8.35,8.4,8.44,8.45,8.44,8.43,8.43,8.44,97.931,97.931,97.931,97.931,0.02%,87.64,87.9,87.9,87.08,0.41%,101.61,101.61,101.61,101.61,0.06%,96.222,96.222,96.222,96.222,0.29%,82.87,82.8,82.86,82.52,0.37%,293.49,342.39,6573.0,599.0,502.0,22900.0,1604.2,217.04,1719.4,298.9,3787.26,3753.92,3789.61,3740.93,1595.76,1590.27,1597.12,1579.55,77.77999877929688,74.53150177001953,84.4197006225586
262,2022-01-03,8.13,7.37,7.75,7.95,8.06,8.21,8.27,8.33,8.36,8.37,8.37,8.37,8.37,98.36,98.36,98.36,98.36,0.44%,87.74,88.6,88.6,87.4,0.12%,101.9,101.9,101.9,101.9,0.28%,96.651,96.651,96.651,96.651,0.45%,83.2,82.53,83.33,82.52,0.40%,305.47,353.73,6683.0,610.95,515.4,23378.0,1619.8,218.68,1774.4,304.65,3852.5,3825.3,3866.15,3823.5,1622.75,1603.68,1640.39,1603.68,78.9800033569336,74.98600006103516,85.39209747314453
263,2022-01-04,8.13,7.44,7.81,7.99,8.09,8.21,8.27,8.34,8.37,8.37,8.37,8.36,8.36,98.03,98.03,98.03,98.03,-0.34%,87.83,87.74,87.74,87.41,0.10%,101.93,101.93,101.93,101.93,0.03%,96.8,96.8,96.8,96.8,0.15%,83.28,83.33,83.36,83.0,0.10%,304.24,352.55,6728.0,613.5,515.4,23314.0,1603.4,218.4,1788.6,304.95,3873.49,3880.2,3892.33,3846.81,1622.58,1634.44,1637.45,1614.2,80.0,74.3718032836914,84.16829681396484
264,2022-01-05,8.13,7.48,7.79,7.96,8.06,8.2,8.24,8.3,8.33,8.34,8.34,8.34,8.34,98.079,98.079,98.079,98.079,0.05%,87.54,87.83,87.84,87.48,-0.33%,101.93,101.93,101.93,101.93,0.03%,96.116,96.116,96.116,96.116,-0.71%,82.8,83.33,83.35,83.01,-0.58%,287.01,335.0,6522.0,590.3,492.6,23010.0,1575.2,213.62,1707.8,298.3,3815.05,3857.9,3875.25,3805.06,1586.2,1612.9,1614.06,1582.7,80.80000305175781,75.26300048828125,84.95429992675781
265,2022-01-06,8.13,7.71,7.99,8.16,8.28,8.46,8.5,8.49,8.48,8.47,8.47,8.47,8.49,97.899,97.899,97.899,97.899,-0.18%,87.34,87.59,87.59,87.1,-0.23%,101.48,101.48,101.48,101.48,-0.44%,95.79,95.79,95.79,95.79,-0.34%,82.75,83.29,83.29,82.6,-0.06%,293.92,346.13,6699.0,601.6,496.4,23280.0,1584.0,213.82,1749.0,299.2,3753.29,3758.68,3784.17,3720.17,1545.24,1550.88,1556.51,1519.38,81.98999786376953,76.6615982055664,86.74710083007812
266,2022-01-07,8.13,7.71,7.99,8.16,8.28,8.46,8.5,8.49,8.48,8.47,8.47,8.47,8.49,97.899,97.899,97.899,97.899,-0.18%,87.34,87.34,87.34,87.34,0.00%,101.48,101.48,101.48,101.48,-0.44%,95.79,95.79,95.79,95.79,-0.34%,82.75,82.75,82.75,82.75,0.00%,293.92,346.13,6699.0,601.6,496.4,23280.0,1584.0,213.82,1749.0,299.2,3772.04,3772.04,3772.04,3772.04,1545.24,1550.88,1556.51,1519.38,81.75,76.35369873046875,86.27649688720703
267,2022-01-10,8.04,8.1,8.39,8.52,8.57,8.64,8.66,8.66,8.63,8.58,8.55,8.56,8.57,97.2,97.2,97.2,97.2,-0.71%,86.81,87.78,87.78,86.63,-0.61%,100.6,100.6,100.6,100.6,-0.87%,95.143,95.143,95.143,95.143,-0.68%,82.1,83.29,83.29,82.0,-0.78%,291.69,344.0,6775.0,602.0,499.8,23508.0,1554.6,212.32,1758.6,295.85,3738.68,3798.43,3806.84,3726.73,1565.31,1583.04,1598.91,1561.27,80.87000274658203,75.44599914550781,85.68699645996094
268,2022-01-11,8.06,8.42,8.5,8.57,8.63,8.76,8.81,8.83,8.81,8.73,8.64,8.6,8.56,96.72,96.72,96.72,96.72,-0.49%,85.96,86.99,86.99,85.4,-0.98%,99.9,99.9,99.9,99.9,-0.70%,94.4,94.4,94.4,94.4,-0.78%,81.48,82.36,82.98,81.3,-0.76%,291.88,343.74,6816.0,613.6,508.2,23734.0,1572.4,217.28,1779.8,296.2,3785.29,3764.56,3800.91,3751.45,1595.45,1579.0,1600.05,1576.72,83.72000122070312,74.85600280761719,84.85079956054688
269,2022-01-12,8.07,8.52,8.58,8.63,8.68,8.8,8.86,8.88,8.84,8.76,8.63,8.55,8.46,96.591,96.591,96.591,96.591,-0.13%,85.8,86.65,86.65,85.72,-0.18%,99.75,99.75,99.75,99.75,-0.15%,94.211,94.211,94.211,94.211,-0.20%,81.1,81.5,82.0,80.9,-0.47%,290.4,347.43,6960.0,627.7,511.2,24040.0,1591.2,220.58,1807.4,296.45,3829.95,3797.31,3841.72,3783.92,1612.8,1601.47,1624.34,1598.75,84.66999816894531,74.45369720458984,84.66300201416016
270,2022-01-13,8.09,8.98,9.01,9.04,9.07,9.14,9.2,9.24,9.19,9.04,8.86,8.74,8.61,95.24,95.24,95.24,95.24,-1.40%,84.15,86.49,86.49,83.95,-1.92%,97.97,97.97,97.97,97.97,-1.78%,92.221,92.221,92.221,92.221,-2.11%,79.3,81.2,81.3,79.3,-2.22%,272.5,337.6,6665.0,603.3,496.3,22836.0,1570.4,219.02,1744.2,291.65,3674.73,3814.98,3818.97,3664.48,1516.99,1611.11,1613.6,1513.77,84.47000122070312,74.56449890136719,85.33740234375
271,2022-01-14,8.2,9.25,9.3,9.34,9.37,9.44,9.47,9.46,9.4,9.25,9.04,8.89,8.71,94.4,94.4,94.4,94.4,-0.88%,83.59,84.3,84.31,82.22,-0.66%,96.27,96.27,96.27,96.27,-1.73%,90.509,90.509,90.509,90.509,-1.86%,78.01,79.3,79.8,76.8,-1.63%,261.0,335.76,6659.0,605.5,498.1,22648.0,1551.8,214.0,1726.0,289.65,3596.98,3703.9,3723.62,3512.03,1485.86,1532.71,1546.73,1443.48,86.05999755859375,76.30599975585938,87.44969940185547
272,2022-01-17,8.29,9.44,9.49,9.53,9.55,9.57,9.57,9.58,9.55,9.44,9.23,9.07,8.86,94.128,94.128,94.128,94.128,-0.29%,82.6,83.7,84.0,82.08,-1.19%,95.4,95.4,95.4,95.4,-0.91%,89.8,89.8,89.8,89.8,-0.78%,77.01,78.11,79.46,76.4,-1.28%,257.78,327.81,6516.0,592.55,495.7,21820.0,1514.8,211.5,1641.8,281.7,3560.35,3633.01,3651.36,3501.94,1474.99,1501.15,1517.35,1445.67,86.05999755859375,76.32450103759766,87.0906982421875
273,2022-01-18,8.28,9.59,9.62,9.64,9.66,9.66,9.63,9.58,9.5,9.37,9.18,9.05,8.87,94.1,94.1,94.1,94.1,-0.03%,82.95,83.5,83.5,82.05,0.42%,95.65,95.65,95.65,95.65,0.26%,89.803,89.803,89.803,89.803,0.00%,77.2,76.61,77.4,76.25,0.24%,234.7,301.11,6250.0,544.8,474.0,20694.0,1460.4,205.7,1579.6,272.95,3328.94,3527.77,3534.56,3297.12,1367.45,1460.48,1463.37,1355.25,87.51000213623047,76.06199645996094,86.82219696044922
274,2022-01-19,8.25,9.55,9.57,9.59,9.59,9.55,9.49,9.42,9.35,9.22,9.03,8.9,8.73,94.425,94.425,94.425,94.425,0.35%,83.44,83.0,83.61,82.57,0.60%,96.25,96.25,96.25,96.25,0.63%,90.6,90.6,90.6,90.6,0.89%,77.8,77.2,79.0,77.0,0.78%,244.86,318.36,6494.0,566.9,490.7,22024.0,1480.6,210.22,1593.6,274.8,3436.82,3290.31,3500.27,3256.6,1414.68,1342.07,1452.21,1331.03,88.44000244140625,76.80850219726562,87.05149841308594
275,2022-01-20,8.26,9.63,9.65,9.66,9.66,9.62,9.57,9.5,9.42,9.29,9.1,8.97,8.81,94.131,94.131,94.131,94.131,-0.31%,83.11,84.6,84.6,83.0,-0.40%,95.99,95.99,95.99,95.99,-0.27%,90.402,90.402,90.402,90.402,-0.22%,77.44,79.0,79.0,76.82,-0.46%,254.61,310.42,6430.0,561.7,478.8,22300.0,1482.8,209.76,1588.4,274.4,3516.02,3519.02,3533.61,3403.74,1450.59,1441.95,1461.26,1400.89,88.37999725341797,76.31659698486328,86.60310363769531
276,2022-01-21,8.29,9.79,9.78,9.77,9.76,9.69,9.65,9.6,9.52,9.35,9.16,9.05,8.92,94.029,94.029,94.029,94.029,-0.11%,83.0,85.0,85.0,82.72,-0.13%,95.52,95.52,95.52,95.52,-0.49%,89.95,89.95,89.95,89.95,-0.50%,77.3,77.44,77.9,77.12,-0.18%,246.9,311.6,6420.0,564.8,474.2,22100.0,1480.0,206.88,1592.8,273.45,3439.25,3420.12,3503.84,3407.27,1401.88,1419.09,1441.48,1393.78,87.88999938964844,76.09130096435547,86.86009979248047
277,2022-01-24,8.33,9.98,9.98,9.98,9.97,9.94,9.93,9.9,9.83,9.69,9.52,9.4,9.26,93.0,93.0,93.0,93.0,-1.09%,81.66,83.04,83.04,81.1,-1.62%,93.61,93.61,93.61,93.61,-2.00%,87.908,87.908,87.908,87.908,-2.27%,75.33,78.0,78.0,74.88,-2.55%,236.97,294.59,6293.0,546.9,459.2,21250.0,1416.0,196.44,1538.0,272.95,3235.28,3426.19,3426.47,3158.46,1288.17,1402.05,1402.05,1260.55,86.2699966430664,77.40599822998047,87.82319641113281
278,2022-01-25,8.42,9.99,9.99,9.99,9.98,9.95,9.95,9.94,9.89,9.75,9.58,9.45,9.3,92.82,92.82,92.82,92.82,-0.19%,81.66,83.7,83.7,81.3,0.00%,93.5,93.5,93.5,93.5,-0.11%,87.703,87.703,87.703,87.703,-0.23%,75.35,75.15,77.85,74.65,0.02%,239.59,302.96,6543.0,548.4,479.4,21466.0,1423.8,198.34,1590.0,279.45,3258.74,3316.98,3330.9,3229.45,1296.8,1328.08,1339.02,1286.7,88.19999694824219,78.65350341796875,89.10230255126953
279,2022-01-26,8.45,9.9,9.91,9.93,9.95,9.98,9.96,9.92,9.86,9.75,9.57,9.45,9.29,92.89,92.89,92.89,92.89,0.08%,81.37,81.57,82.95,81.27,-0.36%,93.5,93.5,93.5,93.5,0.00%,87.7,87.7,87.7,87.7,0.00%,74.86,75.2,76.1,74.5,-0.65%,236.9,299.6,6525.5,532.75,468.0,21788.0,1428.0,202.02,1523.4,277.9,3357.66,3341.71,3412.15,3276.06,1324.4,1322.09,1358.46,1305.15,89.95999908447266,78.73570251464844,89.03389739990234
280,2022-01-27,8.47,9.79,9.79,9.79,9.77,9.7,9.67,9.65,9.6,9.48,9.31,9.19,9.05,93.585,93.585,93.585,93.585,0.75%,82.63,82.8,82.8,81.58,1.55%,94.9,94.9,94.9,94.9,1.50%,89.25,89.25,89.25,89.25,1.77%,76.62,76.0,76.4,74.75,2.35%,254.29,325.25,6811.5,563.2,484.9,22066.0,1467.6,208.56,1611.8,278.45,3455.93,3296.47,3525.94,3284.49,1399.64,1308.6,1433.93,1301.24,89.33999633789062,79.19960021972656,89.06310272216797
281,2022-01-28,8.42,9.74,9.74,9.74,9.74,9.72,9.71,9.67,9.61,9.49,9.33,9.22,9.09,93.654,93.654,93.654,93.654,0.07%,82.54,83.78,83.78,82.4,-0.11%,95.0,95.0,95.0,95.0,0.10%,89.057,89.057,89.057,89.057,-0.22%,76.59,77.0,77.7,76.0,-0.04%,257.82,329.58,6775.0,566.5,503.6,22082.0,1475.6,210.72,1591.4,285.55,3488.6,3508.57,3534.4,3446.01,1407.04,1417.25,1430.05,1393.55,90.02999877929688,78.07250213623047,87.04239654541016
282,2022-01-31,8.28,9.7,9.72,9.72,9.72,9.67,9.65,9.6,9.54,9.42,9.27,9.16,9.03,93.898,93.898,93.898,93.898,0.26%,82.92,83.5,84.2,81.5,0.45%,95.38,95.38,95.38,95.38,0.40%,89.495,89.495,89.495,89.495,0.49%,76.73,77.13,77.13,76.0,0.19%,269.42,334.8,6878.0,576.95,499.7,21916.0,1511.0,213.34,1637.2,287.4,3530.38,3524.11,3566.05,3518.55,1435.23,1428.55,1452.59,1427.63,91.20999908447266,77.73580169677734,86.69760131835938
283,2022-02-01,8.13,9.73,9.72,9.7,9.69,9.64,9.63,9.6,9.53,9.42,9.26,9.15,9.02,93.83,93.83,93.83,93.83,-0.07%,82.94,82.91,83.09,82.75,0.03%,95.42,95.42,95.42,95.42,0.05%,89.603,89.603,89.603,89.603,0.12%,77.03,77.1,77.89,76.56,0.38%,264.7,330.95,6976.0,574.15,491.7,21948.0,1540.0,215.3,1628.4,289.6,3548.17,3564.55,3584.71,3531.35,1457.64,1453.67,1472.93,1442.05,89.16000366210938,77.30780029296875,86.9906005859375
284,2022-02-02,8.17,9.64,9.64,9.63,9.63,9.6,9.57,9.53,9.47,9.34,9.18,9.08,8.96,94.2,94.2,94.2,94.2,0.39%,83.26,82.96,83.3,82.86,0.38%,95.65,95.65,95.65,95.65,0.24%,89.907,89.907,89.907,89.907,0.34%,77.4,77.0,77.89,76.9,0.48%,261.0,331.7,7040.0,575.7,491.5,21670.0,1567.8,219.78,1612.0,285.8,3543.8,3574.87,3580.22,3516.17,1463.9,1462.97,1486.22,1451.83,89.47000122070312,76.69159698486328,86.48999786376953
285,2022-02-03,8.12,9.65,9.65,9.65,9.64,9.61,9.58,9.54,9.5,9.4,9.25,9.14,8.99,94.231,94.231,94.231,94.231,0.03%,83.18,83.68,83.68,82.85,-0.09%,95.68,95.68,95.68,95.68,0.03%,89.627,89.627,89.627,89.627,-0.31%,76.95,77.35,77.99,76.6,-0.58%,250.79,323.75,6865.5,569.0,487.9,21392.0,1558.4,216.18,1614.8,284.6,3471.18,3498.76,3519.23,3446.65,1431.99,1449.67,1449.67,1418.43,91.11000061035156,76.1729965209961,86.11060333251953
286,2022-02-04,8.01,9.67,9.66,9.64,9.63,9.57,9.54,9.51,9.46,9.36,9.21,9.1,8.95,94.221,94.221,94.221,94.221,-0.01%,83.1,83.3,83.39,82.99,-0.10%,95.91,95.91,95.91,95.91,0.24%,89.711,89.711,89.711,89.711,0.09%,77.19,77.9,77.9,76.82,0.31%,256.53,324.6,7010.0,572.0,490.8,21400.0,1560.6,216.76,1628.4,283.25,3471.01,3499.32,3556.32,3464.14,1436.0,1441.85,1474.32,1432.31,93.2699966430664,76.4114990234375,87.41580200195312
287,2022-02-07,7.82,9.69,9.68,9.67,9.66,9.61,9.57,9.53,9.48,9.39,9.25,9.14,9.0,94.25,94.25,94.25,94.25,0.03%,83.12,83.7,83.7,82.87,0.03%,95.79,95.79,95.79,95.79,-0.12%,89.643,89.643,89.643,89.643,-0.08%,76.92,77.19,77.78,76.71,-0.34%,257.61,321.25,6988.0,569.8,492.0,21580.0,1559.0,220.54,1602.0,284.45,3470.78,3511.39,3521.26,3437.93,1445.2,1458.68,1465.38,1432.79,92.69000244140625,75.82779693603516,86.86199951171875
288,2022-02-08,8.25,9.73,9.71,9.7,9.68,9.62,9.58,9.52,9.47,9.38,9.26,9.18,9.07,94.22,94.22,94.22,94.22,-0.03%,83.29,82.7,83.29,82.7,0.21%,95.8,95.8,95.8,95.8,0.01%,89.768,89.768,89.768,89.768,0.14%,76.84,76.93,77.49,76.72,-0.11%,269.8,331.7,6957.5,570.05,499.1,22372.0,1627.0,226.76,1628.2,289.75,3551.65,3497.18,3551.65,3487.64,1489.18,1462.44,1489.18,1458.32,90.77999877929688,75.41739654541016,86.32039642333984
289,2022-02-09,8.51,9.76,9.74,9.72,9.7,9.64,9.59,9.52,9.46,9.36,9.25,9.19,9.1,94.362,94.362,94.362,94.362,0.15%,83.18,83.36,83.47,83.16,-0.14%,95.79,95.79,95.79,95.79,-0.01%,89.86,89.86,89.86,89.86,0.10%,76.81,76.5,77.65,76.5,-0.04%,279.09,335.08,6973.5,579.0,506.5,22674.0,1675.2,232.5,1659.0,289.9,3638.93,3593.0,3638.93,3580.45,1534.82,1506.87,1534.82,1506.12,91.55000305175781,75.0354995727539,85.72979736328125
290,2022-02-10,8.71,9.78,9.76,9.75,9.74,9.69,9.63,9.54,9.48,9.41,9.31,9.25,9.17,94.224,94.224,94.224,94.224,-0.15%,83.0,83.49,83.49,83.05,-0.21%,95.42,95.42,95.42,95.42,-0.39%,89.521,89.521,89.521,89.521,-0.38%,76.72,77.5,77.5,76.51,-0.12%,275.2,328.93,6984.5,569.4,498.5,22454.0,1649.0,226.7,1632.0,293.45,3655.76,3628.51,3655.76,3592.75,1546.79,1532.2,1547.25,1513.69,91.41000366210938,74.71019744873047,85.36940002441406
291,2022-02-11,8.97,10.15,10.13,10.11,10.1,10.11,10.08,9.97,9.86,9.74,9.59,9.5,9.38,92.7,92.7,92.7,92.7,-1.62%,81.51,83.25,83.25,81.5,-1.80%,93.5,93.5,93.5,93.5,-2.01%,87.748,87.748,87.748,87.748,-1.98%,74.78,76.51,77.4,74.9,-2.53%,260.83,318.1,6707.5,547.4,478.7,21688.0,1599.2,221.46,1556.6,284.8,3546.62,3579.69,3596.74,3514.12,1470.1,1512.43,1512.43,1462.73,94.44000244140625,75.02729797363281,85.66790008544922
292,2022-02-14,9.36,10.31,10.31,10.32,10.33,10.38,10.4,10.34,10.22,10.02,9.8,9.66,9.5,91.6,91.6,91.6,91.6,-1.19%,80.28,81.37,81.51,79.98,-1.51%,91.81,91.81,91.81,91.81,-1.81%,85.652,85.652,85.652,85.652,-2.39%,73.53,74.9,74.9,72.61,-1.67%,256.7,321.85,6796.0,556.0,482.1,22082.0,1619.0,228.02,1618.8,280.8,3481.38,3442.82,3524.87,3404.35,1426.09,1412.16,1456.73,1391.19,96.4800033569336,77.45439910888672,87.93659973144531
293,2022-02-15,9.4,10.07,10.12,10.16,10.18,10.17,10.12,10.01,9.89,9.73,9.55,9.43,9.31,92.491,92.491,92.491,92.491,0.97%,81.44,80.55,81.8,80.35,1.44%,93.69,93.69,93.69,93.69,2.05%,87.358,87.358,87.358,87.358,1.99%,74.77,73.97,75.16,73.32,1.68%,274.0,333.6,6979.0,565.95,498.5,22324.0,1651.0,233.04,1620.0,287.3,3600.29,3532.0,3614.15,3514.98,1498.04,1458.13,1509.9,1442.91,93.27999877929688,76.4854965209961,86.50959777832031
294,2022-02-16,9.5,10.01,10.06,10.09,10.1,10.11,10.06,9.91,9.76,9.6,9.48,9.42,9.35,92.824,92.824,92.824,92.824,0.36%,82.08,81.89,82.04,80.1,0.78%,94.3,94.3,94.3,94.3,0.65%,87.955,87.955,87.955,87.955,0.68%,75.6,74.77,76.49,74.77,1.11%,277.78,336.5,6970.0,571.55,503.9,22304.0,1669.0,235.7,1621.4,287.4,3646.41,3682.94,3683.95,3608.01,1524.51,1533.26,1544.59,1513.99,94.80999755859375,75.4729995727539,85.69100189208984
295,2022-02-17,9.5,10.11,10.17,10.21,10.23,10.23,10.17,10.0,9.86,9.69,9.54,9.46,9.38,92.541,92.541,92.541,92.541,-0.30%,81.47,81.7,82.08,81.09,-0.74%,93.7,93.7,93.7,93.7,-0.64%,87.251,87.251,87.251,87.251,-0.80%,74.71,75.72,75.72,74.47,-1.17%,260.58,323.51,6733.0,549.5,491.0,21774.0,1612.8,227.52,1542.8,283.45,3511.08,3588.27,3595.12,3498.2,1450.02,1500.73,1500.73,1444.99,92.97000122070312,75.03450012207031,85.37580108642578
296,2022-02-18,9.54,10.18,10.22,10.24,10.25,10.25,10.19,10.05,9.91,9.75,9.6,9.51,9.43,92.331,92.331,92.331,92.331,-0.23%,80.93,81.72,81.72,81.11,-0.66%,93.67,93.67,93.67,93.67,-0.03%,87.3,87.3,87.3,87.3,0.06%,74.0,74.12,75.28,74.12,-0.95%,250.28,309.48,6456.5,519.5,472.4,21450.0,1636.0,226.9,1492.8,272.85,3393.31,3547.04,3565.52,3371.05,1391.31,1463.81,1481.54,1385.92,93.54000091552734,76.12860107421875,86.56300354003906
297,2022-02-21,9.5,11.15,11.16,11.15,11.12,11.0,10.96,10.85,10.71,10.51,10.28,10.14,10.0,89.64,89.64,89.64,89.64,-2.91%,78.26,81.08,81.38,78.35,-3.30%,89.0,89.0,89.0,89.0,-4.99%,83.1,83.1,83.1,83.1,-4.81%,70.52,74.0,74.78,70.0,-4.70%,201.0,257.3,5810.0,438.7,396.0,19252.0,1494.2,200.98,1281.8,239.75,3036.88,3458.73,3460.42,2910.49,1207.5,1417.8,1425.65,1152.14,93.54000091552734,77.36579895019531,87.66280364990234
298,2022-02-22,9.64,11.46,11.46,11.45,11.44,11.34,11.25,11.1,10.96,10.78,10.59,10.49,10.39,89.001,89.001,89.001,89.001,-0.71%,77.21,78.69,78.69,76.0,-1.34%,87.68,87.68,87.68,87.68,-1.48%,80.812,80.812,80.812,80.812,-2.75%,69.3,70.01,71.9,67.95,-1.73%,208.53,283.51,6020.0,431.3,441.6,21150.0,1604.8,220.04,1354.0,260.85,3084.74,2909.4,3113.4,2756.46,1226.69,1124.82,1241.34,1075.98,96.83999633789062,80.38300323486328,90.94080352783203
299,2022-02-23,9.64,11.46,11.46,11.45,11.44,11.34,11.25,11.1,10.96,10.78,10.59,10.49,10.39,89.001,89.001,89.001,89.001,-0.71%,77.21,77.21,77.21,77.21,0.00%,87.68,87.68,87.68,87.68,-1.48%,80.812,80.812,80.812,80.812,-2.75%,69.3,69.3,69.3,69.3,0.00%,208.53,283.51,6020.0,431.3,441.6,21150.0,1604.8,220.04,1354.0,260.85,3084.74,2909.4,3113.4,2756.46,1226.69,1124.82,1241.34,1075.98,96.83999633789062,78.80950164794922,89.31449890136719
300,2022-02-24,9.65,16.88,16.7,16.51,16.31,15.66,15.34,14.96,14.36,13.16,11.95,11.32,10.66,80.802,80.802,80.802,80.802,-9.21%,71.1,76.0,76.0,68.88,-7.91%,79.0,79.0,79.0,79.0,-9.90%,67.722,67.722,67.722,67.722,-16.20%,58.89,68.08,68.08,58.89,-15.02%,132.18,210.0,4650.0,274.7,309.8,18200.0,1250.0,180.68,1001.4,206.65,2058.12,2735.88,2740.31,1681.55,742.91,1061.74,1061.74,610.33,99.08000183105469,81.41439819335938,91.75379943847656
301,2022-02-25,10.0,13.77,13.69,13.58,13.45,13.09,13.11,13.2,13.04,12.52,11.76,11.21,10.46,83.86,83.86,83.86,83.86,3.78%,70.5,68.92,70.5,65.0,-0.84%,79.95,79.95,79.95,79.95,1.20%,72.507,72.507,72.507,72.507,7.07%,63.99,58.89,63.22,55.6,8.65%,131.12,228.0,4915.0,307.95,353.0,19052.0,1315.0,177.5,1134.0,217.5,2470.48,2261.33,2552.46,2256.09,936.94,808.76,962.74,808.76,97.93000030517578,84.91500091552734,95.05879974365234
302,2022-02-28,20.0,13.77,13.69,13.58,13.45,13.09,13.11,13.2,13.04,12.52,11.76,11.21,10.46,83.053,83.053,83.053,83.053,-0.96%,70.5,70.5,70.5,70.5,0.00%,78.37,78.37,78.37,78.37,-1.97%,70.265,70.265,70.265,70.265,-3.09%,63.99,63.99,63.99,63.99,0.00%,131.12,228.0,4915.0,307.95,353.0,19052.0,1315.0,177.5,1134.0,217.5,2470.48,2261.33,2552.46,2256.09,936.94,808.76,962.74,808.76,100.98999786376953,83.26100158691406,93.81439971923828
303,2022-03-01,20.51,13.77,13.69,13.58,13.45,13.09,13.11,13.2,13.04,12.52,11.76,11.21,10.46,83.053,83.053,83.053,83.053,0.00%,70.5,70.5,70.5,70.5,0.00%,78.61,78.61,78.61,78.61,0.31%,70.671,70.671,70.671,70.671,0.58%,63.99,63.99,63.99,63.99,0.00%,131.12,228.0,4915.0,307.95,353.0,19052.0,1315.0,177.5,1134.0,217.5,2470.48,2261.33,2552.46,2256.09,936.94,808.76,962.74,808.76,104.97000122070312,104.97350311279297,120.34549713134766
304,2022-03-02,21.01,13.77,13.69,13.58,13.45,13.09,13.11,13.2,13.04,12.52,11.76,11.21,10.46,82.253,82.253,82.253,82.253,-0.96%,70.5,70.5,70.5,70.5,0.00%,77.86,77.86,77.86,77.86,-0.95%,69.921,69.921,69.921,69.921,-1.06%,63.99,63.99,63.99,63.99,0.00%,131.12,228.0,4915.0,307.95,353.0,19052.0,1315.0,177.5,1134.0,217.5,2470.48,2261.33,2552.46,2256.09,936.94,808.76,962.74,808.76,112.93000030517578,108.47949981689453,121.0718994140625
305,2022-03-03,20.29,13.77,13.69,13.58,13.45,13.09,13.11,13.2,13.04,12.52,11.76,11.21,10.46,78.637,78.637,78.637,78.637,-4.40%,70.5,70.5,70.5,70.5,0.00%,73.69,73.69,73.69,73.69,-5.37%,65.648,65.648,65.648,65.648,-6.11%,63.99,63.99,63.99,63.99,0.00%,131.12,228.0,4915.0,307.95,353.0,19052.0,1315.0,177.5,1134.0,217.5,2470.48,2261.33,2552.46,2256.09,936.94,808.76,962.74,808.76,110.45999908447266,102.71499633789062,113.20010375976562
306,2022-03-04,20.59,13.77,13.69,13.58,13.45,13.09,13.11,13.2,13.04,12.52,11.76,11.21,10.46,62.549,62.549,62.549,62.549,-20.46%,70.5,70.5,70.5,70.5,0.00%,54.54,54.54,54.54,54.54,-25.98%,48.065,48.065,48.065,48.065,-26.78%,63.99,63.99,63.99,63.99,0.00%,131.12,228.0,4915.0,307.95,353.0,19052.0,1315.0,177.5,1134.0,217.5,2470.48,2261.33,2552.46,2256.09,936.94,808.76,962.74,808.76,118.11000061035156,109.46499633789062,120.010498046875
307,2022-03-05,20.44,13.77,13.69,13.58,13.45,13.09,13.11,13.2,13.04,12.52,11.76,11.21,10.46,62.549,62.549,62.549,62.549,-20.46%,70.5,70.5,70.5,70.5,0.00%,54.54,54.54,54.54,54.54,-25.98%,48.065,48.065,48.065,48.065,-26.78%,63.99,63.99,63.99,63.99,0.00%,131.12,228.0,4915.0,307.95,353.0,19052.0,1315.0,177.5,1134.0,217.5,2470.48,2261.33,2552.46,2256.09,936.94,808.76,962.74,808.76,118.11000061035156,109.46499633789062,120.010498046875
308,2022-03-07,20.44,13.77,13.69,13.58,13.45,13.09,13.11,13.2,13.04,12.52,11.76,11.21,10.46,62.549,62.549,62.549,62.549,-20.46%,70.5,70.5,70.5,70.5,0.00%,54.54,54.54,54.54,54.54,-25.98%,48.065,48.065,48.065,48.065,-26.78%,63.99,63.99,63.99,63.99,0.00%,131.12,228.0,4915.0,307.95,353.0,19052.0,1315.0,177.5,1134.0,217.5,2470.48,2261.33,2552.46,2256.09,936.94,808.76,962.74,808.76,123.20999908447266,108.84510040283203,124.09929656982422
309,2022-03-08,20.44,13.77,13.69,13.58,13.45,13.09,13.11,13.2,13.04,12.52,11.76,11.21,10.46,62.549,62.549,62.549,62.549,-20.46%,70.5,70.5,70.5,70.5,0.00%,54.54,54.54,54.54,54.54,-25.98%,48.065,48.065,48.065,48.065,-26.78%,63.99,63.99,63.99,63.99,0.00%,131.12,228.0,4915.0,307.95,353.0,19052.0,1315.0,177.5,1134.0,217.5,2470.48,2261.33,2552.46,2256.09,936.94,808.76,962.74,808.76,127.9800033569336,138.96510314941406,145.90109252929688
310,2022-03-09,20.39,13.77,13.69,13.58,13.45,13.09,13.11,13.2,13.04,12.52,11.76,11.21,10.46,62.549,62.549,62.549,62.549,-20.46%,70.5,70.5,70.5,70.5,0.00%,54.54,54.54,54.54,54.54,-25.98%,48.065,48.065,48.065,48.065,-26.78%,63.99,63.99,63.99,63.99,0.00%,131.12,228.0,4915.0,307.95,353.0,19052.0,1315.0,177.5,1134.0,217.5,2470.48,2261.33,2552.46,2256.09,936.94,808.76,962.74,808.76,111.13999938964844,129.96499633789062,136.3430938720703
311,2022-03-10,21.21,13.77,13.69,13.58,13.45,13.09,13.11,13.2,13.04,12.52,11.76,11.21,10.46,62.549,62.549,62.549,62.549,-20.46%,70.5,70.5,70.5,70.5,0.00%,54.54,54.54,54.54,54.54,-25.98%,48.065,48.065,48.065,48.065,-26.78%,63.99,63.99,63.99,63.99,0.00%,131.12,228.0,4915.0,307.95,353.0,19052.0,1315.0,177.5,1134.0,217.5,2470.48,2261.33,2552.46,2256.09,936.94,808.76,962.74,808.76,109.33000183105469,138.71499633789062,142.31089782714844
312,2022-03-11,20.52,13.77,13.69,13.58,13.45,13.09,13.11,13.2,13.04,12.52,11.76,11.21,10.46,62.549,62.549,62.549,62.549,-20.46%,70.5,70.5,70.5,70.5,0.00%,54.54,54.54,54.54,54.54,-25.98%,48.065,48.065,48.065,48.065,-26.78%,63.99,63.99,63.99,63.99,0.00%,131.12,228.0,4915.0,307.95,353.0,19052.0,1315.0,177.5,1134.0,217.5,2470.48,2261.33,2552.46,2256.09,936.94,808.76,962.74,808.76,112.66999816894531,133.46499633789062,142.30929565429688
313,2022-03-14,20.41,13.77,13.69,13.58,13.45,13.09,13.11,13.2,13.04,12.52,11.76,11.21,10.46,62.549,62.549,62.549,62.549,-20.46%,70.5,70.5,70.5,70.5,0.00%,54.54,54.54,54.54,54.54,-25.98%,48.065,48.065,48.065,48.065,-26.78%,63.99,63.99,63.99,63.99,0.00%,131.12,228.0,4915.0,307.95,353.0,19052.0,1315.0,177.5,1134.0,217.5,2470.48,2261.33,2552.46,2256.09,936.94,808.76,962.74,808.76,106.9000015258789,132.0886993408203,144.8256072998047
314,2022-03-15,20.34,13.77,13.69,13.58,13.45,13.09,13.11,13.2,13.04,12.52,11.76,11.21,10.46,62.549,62.549,62.549,62.549,-20.46%,70.5,70.5,70.5,70.5,0.00%,54.54,54.54,54.54,54.54,-25.98%,48.065,48.065,48.065,48.065,-26.78%,63.99,63.99,63.99,63.99,0.00%,131.12,228.0,4915.0,307.95,353.0,19052.0,1315.0,177.5,1134.0,217.5,2470.48,2261.33,2552.46,2256.09,936.94,808.76,962.74,808.76,99.91000366210938,119.96499633789062,144.82510375976562
315,2022-03-16,20.02,13.77,13.69,13.58,13.45,13.09,13.11,13.2,13.04,12.52,11.76,11.21,10.46,62.549,62.549,62.549,62.549,-20.46%,70.5,70.5,70.5,70.5,0.00%,54.54,54.54,54.54,54.54,-25.98%,48.065,48.065,48.065,48.065,-26.78%,63.99,63.99,63.99,63.99,0.00%,131.12,228.0,4915.0,307.95,353.0,19052.0,1315.0,177.5,1134.0,217.5,2470.48,2261.33,2552.46,2256.09,936.94,808.76,962.74,808.76,98.0199966430664,108.27749633789062,144.82350158691406
316,2022-03-17,20.0,13.77,13.69,13.58,13.45,13.09,13.11,13.2,13.04,12.52,11.76,11.21,10.46,62.549,62.549,62.549,62.549,-20.46%,70.5,70.5,70.5,70.5,0.00%,54.54,54.54,54.54,54.54,-25.98%,48.065,48.065,48.065,48.065,-26.78%,63.99,63.99,63.99,63.99,0.00%,131.12,228.0,4915.0,307.95,353.0,19052.0,1315.0,177.5,1134.0,217.5,2470.48,2261.33,2552.46,2256.09,936.94,808.76,962.74,808.76,106.63999938964844,100.96510314941406,144.81829833984375
317,2022-03-18,19.83,13.77,13.69,13.58,13.45,13.09,13.11,13.2,13.04,12.52,11.76,11.21,10.46,62.549,62.549,62.549,62.549,-20.46%,70.5,70.5,70.5,70.5,0.00%,54.54,54.54,54.54,54.54,-25.98%,48.065,48.065,48.065,48.065,-26.78%,63.99,63.99,63.99,63.99,0.00%,131.12,228.0,4915.0,307.95,353.0,19052.0,1315.0,177.5,1134.0,217.5,2470.48,2261.33,2552.46,2256.09,936.94,808.76,962.74,808.76,107.93000030517578,103.08999633789062,144.7729034423828
318,2022-03-21,19.67,17.22,17.01,16.8,16.58,15.82,15.28,14.62,14.15,13.57,13.03,12.78,12.57,78.799,78.799,78.799,78.799,25.98%,67.8,64.0,71.0,63.0,-3.83%,73.18,73.18,73.18,73.18,34.18%,68.209,68.209,68.209,68.209,41.91%,57.5,43.73,58.0,43.73,-10.14%,131.12,228.0,4915.0,307.95,353.0,19052.0,1315.0,177.5,1134.0,217.5,2470.48,2261.33,2552.46,2256.09,936.94,808.76,962.74,808.76,115.62000274658203,132.0886993408203,144.8256072998047
319,2022-03-22,19.5,17.57,17.02,16.54,16.12,14.92,14.27,13.8,13.59,13.22,12.82,12.63,12.55,81.05,81.05,81.05,81.05,2.86%,67.79,71.22,71.22,67.5,-0.01%,75.0,75.0,75.0,75.0,2.48%,70.142,70.142,70.142,70.142,2.83%,57.75,57.85,58.9,57.51,0.43%,131.12,228.0,4915.0,307.95,353.0,19052.0,1315.0,177.5,1134.0,217.5,2470.48,2261.33,2552.46,2256.09,936.94,808.76,962.74,808.76,115.4800033569336,106.61499786376953,144.82449340820312
320,2022-03-23,19.5,17.87,17.29,16.8,16.38,15.17,14.46,13.97,13.85,13.63,13.34,13.19,13.12,80.799,80.799,80.799,80.799,-0.31%,67.31,67.85,71.0,66.92,-0.72%,74.1,74.1,74.1,74.1,-1.19%,68.5,68.5,68.5,68.5,-2.34%,56.4,58.19,58.19,55.8,-2.33%,131.12,228.0,4915.0,307.95,353.0,19052.0,1315.0,177.5,1134.0,217.5,2470.48,2261.33,2552.46,2256.09,936.94,808.76,962.74,808.76,121.5999984741211,105.96499633789062,144.82369995117188
321,2022-03-24,19.52,17.82,17.29,16.85,16.46,15.24,14.34,13.6,13.44,13.36,13.26,13.19,13.13,81.411,81.411,81.411,81.411,0.76%,68.29,70.59,70.59,67.31,1.45%,74.85,74.85,74.85,74.85,1.01%,69.598,69.598,69.598,69.598,1.60%,56.89,56.4,57.48,55.01,0.86%,136.24,258.51,5525.0,360.2,424.0,20990.0,1280.0,183.0,1343.6,205.6,2578.51,2474.52,2761.17,2447.68,852.64,803.11,907.72,793.65,119.02999877929688,96.71499633789062,144.8267059326172
322,2022-03-25,19.53,17.47,17.01,16.61,16.25,15.1,14.24,13.42,13.19,13.18,13.34,13.46,13.61,81.603,81.603,81.603,81.603,0.24%,68.37,68.5,68.54,67.87,0.12%,75.1,75.1,75.1,75.1,0.33%,68.3,68.3,68.3,68.3,-1.86%,56.7,57.25,57.25,56.51,-0.33%,131.5,227.0,5206.0,365.1,427.0,21070.0,1160.4,173.0,1400.0,190.6,2484.13,2620.62,2664.74,2470.69,829.62,855.87,870.11,810.02,120.6500015258789,102.21499633789062,144.74949645996094
323,2022-03-28,19.49,17.57,17.08,16.64,16.25,15.01,14.16,13.43,13.26,13.26,13.39,13.49,13.61,81.775,81.775,81.775,81.775,0.21%,68.44,69.8,70.0,68.0,0.10%,75.09,75.09,75.09,75.09,-0.01%,68.332,68.332,68.332,68.332,0.05%,56.81,56.8,57.05,56.5,0.19%,125.0,218.6,5118.0,357.95,399.8,20850.0,1053.8,163.5,1379.0,184.8,2430.7,2479.49,2484.57,2407.2,823.04,818.47,830.28,801.47,112.4800033569336,100.83999633789062,144.44189453125
324,2022-03-29,19.3,17.12,16.57,16.08,15.65,14.35,13.48,12.69,12.48,12.45,12.54,12.64,12.76,83.84,83.84,83.84,83.84,2.53%,71.25,68.5,71.69,68.19,4.12%,79.02,79.02,79.02,79.02,5.24%,71.65,71.65,71.65,71.65,4.86%,60.35,58.5,60.69,56.5,6.24%,128.77,208.0,4922.0,370.0,391.0,20028.0,1013.8,158.02,1470.0,174.7,2408.49,2442.43,2538.2,2363.62,881.59,857.55,909.79,849.17,110.2300033569336,97.96510314941406,110.51300048828125
325,2022-03-30,19.4,15.42,14.92,14.48,14.1,13.02,12.46,12.11,12.0,11.78,11.52,11.39,11.37,86.997,86.997,86.997,86.997,3.77%,74.13,71.99,74.65,71.07,4.04%,83.59,83.59,83.59,83.59,5.78%,76.097,76.097,76.097,76.097,6.21%,64.25,60.36,65.5,60.24,6.46%,134.6,216.0,5140.0,387.0,395.3,20462.0,1058.0,167.0,1444.0,233.0,2513.03,2437.92,2513.03,2437.92,949.23,900.88,949.23,900.88,113.44999694824219,87.46499633789062,96.7571029663086
326,2022-03-31,19.25,15.14,14.57,14.09,13.69,12.57,11.92,11.4,11.26,11.23,11.18,11.13,11.07,90.033,90.033,90.033,90.033,3.49%,75.5,74.07,76.0,73.8,1.84%,86.52,86.52,86.52,86.52,3.51%,78.057,78.057,78.057,78.057,2.58%,65.4,65.09,65.66,62.8,1.79%,143.69,242.48,5680.0,437.5,411.8,20974.0,1100.0,171.9,1450.0,238.65,2703.51,2535.32,2703.51,2533.39,1021.28,944.63,1021.28,943.91,107.91000366210938,83.46499633789062,92.48359680175781
327,2022-04-01,19.25,15.06,14.52,14.07,13.69,12.73,12.27,11.82,11.57,11.36,11.26,11.23,11.19,87.95,87.95,87.95,87.95,-2.31%,74.98,75.5,78.0,74.65,-0.69%,85.7,85.7,85.7,85.7,-0.95%,77.4,77.4,77.4,77.4,-0.84%,65.66,65.4,65.98,65.02,0.40%,154.5,251.4,5601.0,450.0,407.2,21500.0,1192.6,173.2,1390.0,235.0,2759.64,2714.62,2817.72,2714.62,1033.58,1027.84,1065.88,1027.84,104.38999938964844,81.71499633789062,89.96260070800781
328,2022-04-04,19.08,15.55,14.83,14.27,13.84,12.84,12.44,12.12,11.95,11.78,11.67,11.64,11.61,86.549,86.549,86.549,86.549,-1.59%,73.85,74.98,75.5,73.38,-1.50%,83.85,83.85,83.85,83.85,-2.16%,76.201,76.201,76.201,76.201,-1.55%,63.9,65.76,66.48,63.2,-2.69%,166.0,252.9,5557.0,443.9,407.0,21750.0,1185.0,171.9,1389.2,231.0,2787.69,2775.06,2835.46,2682.34,1051.68,1041.34,1062.05,1005.73,107.52999877929688,84.21499633789062,90.8561019897461
329,2022-04-05,19.05,15.28,14.67,14.17,13.76,12.75,12.33,12.03,11.9,11.76,11.66,11.63,11.61,86.6,86.6,86.6,86.6,0.06%,74.06,73.86,75.6,73.78,0.28%,83.98,83.98,83.98,83.98,0.15%,75.998,75.998,75.998,75.998,-0.27%,62.84,63.9,63.95,62.5,-1.65%,154.1,243.5,5314.0,419.0,395.0,20986.0,1093.0,162.5,1298.0,218.0,2662.79,2796.56,2808.27,2576.34,1004.78,1048.78,1058.22,975.4,106.63999938964844,83.71499633789062,93.06710052490234
330,2022-04-06,19.24,15.22,14.64,14.17,13.79,12.85,12.42,12.11,11.99,11.92,11.93,11.95,11.93,86.3,86.3,86.3,86.3,-0.35%,73.63,74.06,74.12,73.59,-0.58%,83.21,83.21,83.21,83.21,-0.92%,75.247,75.247,75.247,75.247,-0.99%,62.8,62.77,63.28,62.57,-0.07%,141.6,239.7,5266.0,405.0,393.0,21150.0,1061.8,160.5,1264.0,215.0,2611.43,2641.79,2696.97,2594.95,1034.79,998.92,1041.32,979.34,101.06999969482422,83.96499633789062,92.24500274658203
331,2022-04-07,19.25,15.09,14.45,13.94,13.54,12.63,12.27,12.04,11.94,11.84,11.78,11.77,11.78,86.764,86.764,86.764,86.764,0.54%,73.7,73.63,73.99,73.3,0.09%,83.62,83.62,83.62,83.62,0.50%,76.156,76.156,76.156,76.156,1.21%,63.5,62.8,63.65,62.7,1.12%,147.5,245.0,5280.0,408.5,391.0,21050.0,1066.0,160.52,1263.0,216.5,2635.39,2618.26,2653.85,2618.26,1092.41,1034.85,1114.65,1034.85,100.58000183105469,82.08999633789062,97.20800018310547
332,2022-04-08,19.24,13.95,13.22,12.67,12.24,11.33,11.06,10.95,10.94,10.94,10.95,10.97,10.99,89.551,89.551,89.551,89.551,3.21%,77.93,73.99,79.33,73.46,5.74%,87.69,87.69,87.69,87.69,4.86%,80.891,80.891,80.891,80.891,6.22%,68.25,63.63,68.54,63.2,7.48%,143.72,241.07,5226.5,403.05,386.0,21112.0,1067.8,161.14,1200.6,215.2,2592.72,2649.16,2656.72,2554.72,1079.99,1101.71,1132.71,1073.07,102.77999877929688,79.21499633789062,86.16000366210938
333,2022-04-11,16.28,14.62,13.67,12.96,12.42,11.3,10.99,10.85,10.82,10.8,10.79,10.8,10.81,90.068,90.068,90.068,90.068,0.58%,78.39,78.0,80.0,77.9,0.60%,88.0,88.0,88.0,88.0,0.36%,81.303,81.303,81.303,81.303,0.51%,68.75,68.01,69.74,67.55,0.74%,138.69,234.55,5190.0,414.0,382.8,21006.0,1018.0,157.2,1141.6,211.75,2557.16,2596.17,2623.64,2557.16,1017.05,1074.99,1077.53,1003.74,98.4800033569336,85.08999633789062,84.99939727783203
334,2022-04-12,16.31,15.67,14.01,12.97,12.3,11.28,11.03,10.89,10.83,10.8,10.78,10.76,10.76,90.032,90.032,90.032,90.032,-0.04%,78.6,81.0,81.0,78.1,0.26%,88.24,88.24,88.24,88.24,0.27%,81.503,81.503,81.503,81.503,0.25%,68.59,68.77,69.1,68.26,-0.24%,135.38,236.3,5145.0,412.1,383.6,20990.0,1035.6,155.44,1116.2,210.9,2540.99,2559.22,2570.78,2472.28,1004.7,1019.68,1028.95,976.02,104.63999938964844,83.46499633789062,86.2959976196289
335,2022-04-13,16.25,15.18,13.45,12.48,11.92,11.12,10.89,10.72,10.66,10.61,10.58,10.57,10.56,90.4,90.4,90.4,90.4,0.41%,79.11,78.95,79.25,78.42,0.65%,89.12,89.12,89.12,89.12,0.99%,82.606,82.606,82.606,82.606,1.35%,69.9,68.98,70.1,68.1,1.91%,135.5,234.87,5106.0,406.05,385.0,20794.0,1013.4,155.0,1101.4,210.5,2528.42,2546.64,2558.86,2517.44,997.04,1006.84,1012.41,988.64,108.77999877929688,85.33999633789062,90.28279876708984
336,2022-04-14,16.25,15.29,13.35,12.36,11.83,11.12,10.92,10.74,10.66,10.59,10.56,10.54,10.53,90.4,90.4,90.4,90.4,0.00%,79.0,79.0,79.9,78.71,-0.14%,89.71,89.71,89.71,89.71,0.66%,82.452,82.452,82.452,82.452,-0.19%,69.85,70.03,70.49,69.6,-0.07%,129.05,222.11,4879.5,391.0,367.0,20004.0,975.6,150.2,1013.0,205.8,2404.73,2530.9,2533.77,2403.86,941.05,998.32,999.52,941.05,111.69999694824219,82.38999938964844,86.69869995117188
337,2022-04-15,16.25,14.58,13.16,12.37,11.91,11.23,11.0,10.79,10.69,10.62,10.57,10.57,10.57,90.072,90.072,90.072,90.072,-0.36%,78.74,79.5,79.5,78.6,-0.32%,89.3,89.3,89.3,89.3,-0.45%,82.101,82.101,82.101,82.101,-0.43%,69.93,69.85,70.32,69.32,0.11%,130.88,224.0,4893.0,390.5,361.0,20240.0,971.0,155.22,1056.0,207.35,2424.99,2403.16,2431.91,2353.13,955.46,935.81,959.91,917.87,111.69999694824219,82.58999633789062,88.4209976196289
338,2022-04-18,16.25,14.15,13.08,12.31,11.77,10.79,10.54,10.43,10.4,10.36,10.33,10.3,10.27,91.1,91.1,91.1,91.1,1.14%,79.76,78.79,79.84,78.51,1.29%,89.7,89.7,89.7,89.7,0.45%,83.132,83.132,83.132,83.132,1.26%,71.0,70.02,71.0,69.7,1.53%,123.85,216.99,4549.0,384.85,352.9,19886.0,973.6,148.0,1047.8,203.8,2342.63,2430.91,2447.58,2338.36,926.08,957.3,963.67,926.08,113.16000366210938,80.71499633789062,88.4209976196289
339,2022-04-19,16.25,13.95,12.25,11.39,10.95,10.45,10.36,10.3,10.27,10.25,10.22,10.22,10.21,91.64,91.64,91.64,91.64,0.59%,80.65,79.52,80.7,79.52,1.12%,90.71,90.71,90.71,90.71,1.13%,84.504,84.504,84.504,84.504,1.65%,73.0,71.04,73.14,71.0,2.82%,120.3,220.72,4485.0,385.0,340.7,19676.0,1003.4,149.16,1011.0,201.8,2317.46,2342.53,2344.37,2216.61,931.86,925.33,932.23,885.44,107.25,81.08999633789062,88.4209976196289
340,2022-04-20,16.24,14.6,12.51,11.44,10.88,10.26,10.16,10.1,10.08,10.05,10.02,10.01,10.01,92.305,92.305,92.305,92.305,0.73%,81.46,79.0,81.49,79.0,1.00%,91.9,91.9,91.9,91.9,1.31%,85.505,85.505,85.505,85.505,1.18%,73.9,73.2,74.04,73.0,1.23%,121.5,218.92,4310.0,391.0,355.0,20590.0,1045.0,156.5,1001.2,196.95,2330.73,2326.03,2374.87,2271.72,960.42,933.26,981.48,914.68,106.80000305175781,80.96499633789062,84.27259826660156
341,2022-04-21,16.25,14.44,12.61,11.53,10.88,10.03,9.91,9.87,9.86,9.84,9.83,9.82,9.81,92.91,92.91,92.91,92.91,0.66%,81.9,81.46,82.2,81.46,0.54%,92.85,92.85,92.85,92.85,1.04%,86.321,86.321,86.321,86.321,0.95%,74.84,73.9,75.2,73.9,1.28%,118.65,210.29,3974.0,388.0,350.0,20454.0,1045.0,155.0,998.8,192.4,2271.05,2334.97,2341.21,2260.68,961.46,962.63,987.84,939.75,108.33000183105469,82.73999786376953,86.14350128173828
342,2022-04-22,16.25,14.46,12.47,11.37,10.76,10.06,9.97,9.94,9.92,9.91,9.89,9.88,9.88,92.51,92.51,92.51,92.51,-0.43%,81.7,82.1,82.1,81.17,-0.24%,92.6,92.6,92.6,92.6,-0.27%,85.886,85.886,85.886,85.886,-0.50%,73.9,74.84,75.01,73.9,-1.26%,116.97,208.0,3828.0,397.35,359.7,19700.0,1061.8,155.86,970.2,188.05,2232.23,2271.18,2290.04,2223.73,928.3,956.7,980.47,928.16,106.6500015258789,80.83999633789062,86.20800018310547
343,2022-04-25,16.25,14.65,12.51,11.36,10.74,10.06,10.01,10.0,9.99,9.98,9.96,9.94,9.92,92.174,92.174,92.174,92.174,-0.36%,81.7,82.1,82.1,81.17,-0.24%,91.85,91.85,91.85,91.85,-0.81%,85.295,85.295,85.295,85.295,-0.69%,73.9,74.84,75.01,73.9,-1.26%,111.9,206.35,3931.0,388.5,355.0,19900.0,1055.0,152.78,967.2,185.0,2186.22,2236.32,2237.45,2168.18,941.08,933.71,952.16,923.04,102.31999969482422,77.33999633789062,82.8239974975586
344,2022-04-26,16.31,14.6,12.55,11.36,10.66,9.82,9.76,9.8,9.82,9.83,9.82,9.82,9.81,92.577,92.577,92.577,92.577,0.44%,81.36,80.73,81.7,80.73,-0.41%,91.75,91.75,91.75,91.75,-0.10%,85.651,85.651,85.651,85.651,0.42%,72.89,73.0,73.65,72.75,-1.36%,122.36,225.85,4292.0,391.0,375.0,20994.0,1069.8,157.98,1049.0,196.35,2318.46,2190.97,2347.92,2190.97,999.84,943.87,1013.69,943.87,104.98999786376953,75.73999786376953,78.35759735107422
345,2022-04-27,16.35,13.79,12.08,11.05,10.45,9.82,9.88,10.03,10.1,10.15,10.18,10.19,10.2,92.307,92.307,92.307,92.307,-0.29%,81.36,80.73,81.7,80.73,-0.41%,91.84,91.84,91.84,91.84,0.09%,85.691,85.691,85.691,85.691,0.05%,73.4,73.2,73.6,72.26,0.69%,131.11,237.15,4550.0,397.95,373.3,21272.0,1080.0,158.16,1092.0,207.6,2424.28,2326.27,2427.47,2305.47,1049.04,996.7,1050.39,990.88,105.31999969482422,74.21499633789062,77.05889892578125
346,2022-04-28,16.5,13.06,11.48,10.6,10.14,9.83,9.98,10.19,10.27,10.34,10.4,10.44,10.49,92.188,92.188,92.188,92.188,-0.13%,81.02,81.2,81.2,80.77,-0.42%,91.64,91.64,91.64,91.64,-0.22%,85.578,85.578,85.578,85.578,-0.13%,73.15,73.2,73.6,73.05,-0.34%,123.85,237.53,4381.0,400.0,362.2,21000.0,1059.8,157.24,1065.0,205.0,2383.66,2434.86,2505.94,2379.12,1041.91,1053.91,1096.0,1041.46,107.58999633789062,73.83999633789062,75.29399871826172
347,2022-04-29,16.56,13.09,11.62,10.72,10.19,9.68,9.81,10.08,10.22,10.32,10.41,10.47,10.52,92.409,92.409,92.409,92.409,0.24%,81.0,79.98,81.5,79.98,-0.02%,91.78,91.78,91.78,91.78,0.16%,85.51,85.51,85.51,85.51,-0.08%,73.0,73.58,74.7,72.93,-0.21%,128.8,240.4,4699.5,409.0,386.2,21550.0,1095.0,158.6,1076.0,209.05,2445.17,2390.83,2448.52,2390.83,1081.52,1044.84,1092.68,1044.84,109.33999633789062,72.71499633789062,75.1104965209961
348,2022-05-02,16.56,13.09,11.62,10.72,10.19,9.68,9.81,10.08,10.22,10.32,10.41,10.47,10.52,92.409,92.409,92.409,92.409,0.24%,81.0,79.98,81.5,79.98,-0.02%,91.78,91.78,91.78,91.78,0.16%,85.51,85.51,85.51,85.51,-0.08%,73.0,73.58,74.7,72.93,-0.21%,128.8,240.4,4699.5,409.0,386.2,21550.0,1095.0,158.6,1076.0,209.05,2445.17,2390.83,2448.52,2390.83,1081.52,1044.84,1092.68,1044.84,107.58000183105469,73.31500244140625,77.2750015258789
349,2022-05-03,16.56,13.09,11.62,10.72,10.19,9.68,9.81,10.08,10.22,10.32,10.41,10.47,10.52,92.409,92.409,92.409,92.409,0.24%,81.0,79.98,81.5,79.98,-0.02%,91.78,91.78,91.78,91.78,0.16%,85.51,85.51,85.51,85.51,-0.08%,73.0,73.58,74.7,72.93,-0.21%,128.8,240.4,4699.5,409.0,386.2,21550.0,1095.0,158.6,1076.0,209.05,2445.17,2390.83,2448.52,2390.83,1081.52,1044.84,1092.68,1044.84,104.97000122070312,70.56500244140625,75.06800079345703
350,2022-05-04,13.68,13.7,12.18,11.21,10.61,9.85,9.88,10.11,10.23,10.32,10.39,10.42,10.46,92.302,92.302,92.302,92.302,-0.12%,80.96,81.5,81.5,80.77,-0.06%,91.44,91.44,91.44,91.44,-0.37%,84.893,84.893,84.893,84.893,-0.72%,72.6,73.39,73.39,72.6,-0.55%,123.2,234.16,4552.0,396.2,369.4,21352.0,1081.0,155.0,1007.0,208.7,2373.16,2444.25,2464.6,2373.16,1114.13,1085.11,1127.14,1074.13,110.13999938964844,67.21489715576172,75.06800079345703
351,2022-05-05,14.0,13.92,12.24,11.25,10.67,10.06,10.13,10.3,10.38,10.44,10.5,10.54,10.59,92.165,92.165,92.165,92.165,-0.15%,80.63,80.78,81.5,80.5,-0.40%,91.1,91.1,91.1,91.1,-0.37%,84.4,84.4,84.4,84.4,-0.58%,72.13,72.61,72.89,72.1,-0.65%,124.8,238.6,4675.0,397.0,370.3,21544.0,1102.0,157.94,1009.2,214.1,2404.8,2379.04,2412.81,2379.04,1119.92,1130.39,1147.53,1119.92,110.9000015258789,66.96499633789062,71.8727035522461
352,2022-05-06,14.15,13.33,11.68,10.81,10.36,10.06,10.17,10.3,10.36,10.39,10.43,10.45,10.48,92.203,92.203,92.203,92.203,0.04%,80.66,80.63,81.49,80.42,0.04%,91.2,91.2,91.2,91.2,0.11%,84.662,84.662,84.662,84.662,0.31%,72.1,72.4,72.45,71.91,-0.04%,123.1,240.1,4635.5,392.3,381.9,21766.0,1108.0,162.0,989.0,211.0,2393.03,2405.17,2406.78,2372.52,1088.02,1130.87,1140.31,1070.55,112.38999938964844,64.79000091552734,69.47010040283203
353,2022-05-09,14.15,13.33,11.68,10.81,10.36,10.06,10.17,10.3,10.36,10.39,10.43,10.45,10.48,92.203,92.203,92.203,92.203,0.04%,80.66,80.63,81.49,80.42,0.04%,91.2,91.2,91.2,91.2,0.11%,84.662,84.662,84.662,84.662,0.31%,72.1,72.4,72.45,71.91,-0.04%,123.1,240.1,4635.5,392.3,381.9,21766.0,1108.0,162.0,989.0,211.0,2393.03,2405.17,2406.78,2372.52,1088.02,1130.87,1140.31,1070.55,105.94000244140625,68.96499633789062,69.94629669189453
354,2022-05-10,14.15,13.33,11.68,10.81,10.36,10.06,10.17,10.3,10.36,10.39,10.43,10.45,10.48,92.203,92.203,92.203,92.203,0.04%,80.66,80.63,81.49,80.42,0.04%,91.2,91.2,91.2,91.2,0.11%,84.662,84.662,84.662,84.662,0.31%,72.1,72.4,72.45,71.91,-0.04%,123.1,240.1,4635.5,392.3,381.9,21766.0,1108.0,162.0,989.0,211.0,2393.03,2405.17,2406.78,2372.52,1088.02,1130.87,1140.31,1070.55,102.45999908447266,69.83999633789062,69.94629669189453
355,2022-05-11,14.09,12.93,11.33,10.58,10.25,10.12,10.23,10.34,10.37,10.4,10.42,10.43,10.45,91.802,91.802,91.802,91.802,-0.43%,80.51,80.3,80.89,80.3,-0.19%,90.9,90.9,90.9,90.9,-0.33%,84.495,84.495,84.495,84.495,-0.20%,71.9,72.45,72.45,71.9,-0.27%,123.34,241.99,4600.0,391.55,378.2,21330.0,1125.0,159.38,989.6,209.45,2387.14,2391.91,2414.87,2367.48,1123.93,1085.7,1126.7,1070.14,107.51000213623047,69.83999633789062,69.94629669189453
356,2022-05-12,14.1,12.68,11.17,10.48,10.18,10.14,10.27,10.39,10.42,10.45,10.48,10.5,10.52,91.837,91.837,91.837,91.837,0.04%,80.27,81.74,81.78,80.27,-0.30%,90.34,90.34,90.34,90.34,-0.62%,84.255,84.255,84.255,84.255,-0.28%,71.7,71.9,72.05,71.62,-0.27%,119.15,230.56,4362.5,375.0,364.1,21238.0,1092.6,156.0,956.0,200.1,2297.89,2382.33,2386.16,2283.31,1140.05,1116.8,1148.58,1102.92,107.44999694824219,66.71499633789062,70.71279907226562
357,2022-05-13,14.16,12.79,11.47,10.72,10.32,10.02,10.15,10.32,10.39,10.44,10.49,10.53,10.56,91.602,91.602,91.602,91.602,-0.26%,80.47,81.78,81.78,79.97,0.25%,90.7,90.7,90.7,90.7,0.40%,83.918,83.918,83.918,83.918,-0.40%,71.57,71.62,71.97,71.06,-0.18%,120.2,235.52,4380.0,374.95,362.0,21200.0,1082.2,155.1,971.0,200.85,2307.5,2309.98,2321.91,2283.1,1132.23,1149.59,1163.11,1111.22,111.55000305175781,65.08999633789062,66.84049987792969
358,2022-05-16,13.53,12.23,11.07,10.48,10.2,10.13,10.28,10.4,10.44,10.46,10.51,10.55,10.59,91.77,91.77,91.77,91.77,0.18%,80.53,79.55,80.92,79.55,0.08%,90.86,90.86,90.86,90.86,0.17%,84.386,84.386,84.386,84.386,0.56%,72.15,71.5,72.15,71.5,0.80%,123.41,244.2,4523.5,378.8,373.7,21364.0,1105.4,160.0,996.6,210.0,2364.6,2308.2,2379.35,2306.06,1174.06,1126.55,1190.73,1125.51,114.23999786376953,66.46499633789062,65.48320007324219
359,2022-05-17,13.98,13.17,12.03,11.27,10.78,10.12,10.11,10.27,10.37,10.45,10.53,10.58,10.64,91.81,91.81,91.81,91.81,0.04%,80.5,80.68,80.82,80.5,-0.03%,90.87,90.87,90.87,90.87,0.01%,84.453,84.453,84.453,84.453,0.08%,72.04,72.15,72.89,71.76,-0.15%,127.75,258.8,4500.0,394.7,392.5,21348.0,1114.0,159.0,1009.0,217.5,2424.1,2378.08,2425.17,2371.93,1200.81,1181.63,1201.4,1170.09,111.93000030517578,64.58999633789062,66.31220245361328
360,2022-05-18,13.96,13.1,11.89,11.14,10.7,10.22,10.26,10.38,10.43,10.47,10.52,10.56,10.62,91.603,91.603,91.603,91.603,-0.23%,80.53,80.8,80.8,80.4,0.03%,90.88,90.88,90.88,90.88,0.01%,84.509,84.509,84.509,84.509,0.07%,71.89,72.04,72.04,71.7,-0.20%,125.12,264.84,4483.5,404.0,407.2,21416.0,1144.0,160.3,1002.0,243.0,2445.3,2438.0,2490.17,2438.0,1212.57,1207.58,1237.7,1205.98,109.11000061035156,64.96499633789062,67.35399627685547
361,2022-05-19,13.89,13.18,11.99,11.23,10.76,10.15,10.13,10.24,10.29,10.33,10.37,10.4,10.43,91.851,91.851,91.851,91.851,0.27%,80.85,80.68,80.85,80.33,0.40%,91.01,91.01,91.01,91.01,0.15%,84.871,84.871,84.871,84.871,0.43%,72.54,72.0,72.6,71.9,0.90%,125.6,266.68,4415.5,399.6,404.0,21300.0,1150.6,161.62,1010.8,243.15,2436.57,2454.36,2454.83,2414.63,1245.71,1218.65,1245.71,1202.93,112.04000091552734,64.21499633789062,67.89289855957031
362,2022-05-20,13.68,13.07,11.99,11.28,10.82,10.19,10.15,10.22,10.25,10.27,10.29,10.31,10.34,91.979,91.979,91.979,91.979,0.14%,80.85,80.9,81.19,80.61,0.00%,91.36,91.36,91.36,91.36,0.38%,85.372,85.372,85.372,85.372,0.59%,72.63,72.54,72.86,72.31,0.12%,122.2,263.0,4279.0,384.25,401.5,20700.0,1111.6,155.94,990.8,238.5,2373.26,2441.56,2451.02,2365.81,1239.83,1242.46,1324.1,1228.7,112.55000305175781,62.09000015258789,66.37920379638672
363,2022-05-23,13.66,13.13,12.02,11.34,10.93,10.39,10.32,10.28,10.26,10.26,10.28,10.29,10.32,92.001,92.001,92.001,92.001,0.02%,80.86,80.6,80.99,80.46,0.01%,91.29,91.29,91.29,91.29,-0.08%,85.251,85.251,85.251,85.251,-0.14%,72.59,72.71,73.0,71.05,-0.06%,119.46,263.0,4050.0,367.05,372.9,19800.0,1051.0,151.36,962.8,236.0,2301.85,2379.66,2389.42,2300.77,1253.69,1244.59,1283.09,1243.94,113.41999816894531,62.46500015258789,62.65399932861328
364,2022-05-24,13.5,13.02,11.93,11.29,10.91,10.44,10.35,10.27,10.23,10.19,10.18,10.18,10.19,92.0,92.0,92.0,92.0,0.00%,80.99,80.91,81.04,80.7,0.16%,91.44,91.44,91.44,91.44,0.17%,85.601,85.601,85.601,85.601,0.41%,72.8,72.85,73.0,72.3,0.29%,123.6,265.8,3942.0,359.2,359.0,20010.0,1004.0,147.0,943.0,243.4,2293.62,2300.11,2317.92,2229.22,1273.73,1252.14,1289.81,1234.02,113.55999755859375,58.540000915527344,61.988399505615234
365,2022-05-25,13.54,12.07,11.11,10.59,10.31,9.98,9.87,9.7,9.6,9.51,9.45,9.46,9.51,93.913,93.913,93.913,93.913,2.08%,83.09,80.9,83.65,80.66,2.59%,94.42,94.42,94.42,94.42,3.26%,88.801,88.801,88.801,88.801,3.74%,76.3,72.5,76.3,72.5,4.81%,124.15,271.4,4148.0,378.0,375.0,20080.0,1046.0,150.5,942.0,248.0,2340.18,2300.15,2340.18,2291.13,1239.07,1275.7,1311.8,1211.51,114.02999877929688,57.089900970458984,58.970401763916016
366,2022-05-26,13.34,11.04,10.6,10.31,10.12,9.81,9.71,9.59,9.51,9.44,9.4,9.38,9.39,94.155,94.155,94.155,94.155,0.26%,83.45,82.91,83.89,82.91,0.43%,95.1,95.1,95.1,95.1,0.72%,89.05,89.05,89.05,89.05,0.28%,76.41,77.0,77.7,76.0,0.15%,123.0,295.89,4263.0,391.7,385.0,20198.0,1042.0,150.78,977.4,245.75,2413.06,2348.44,2415.03,2327.29,1174.72,1246.94,1253.04,1138.11,117.4000015258789,60.315101623535156,60.856998443603516
367,2022-05-27,10.65,10.59,10.37,10.21,10.1,9.93,9.85,9.69,9.57,9.47,9.4,9.38,9.39,93.71,93.71,93.71,93.71,-0.47%,83.1,83.92,83.93,82.95,-0.42%,95.1,95.1,95.1,95.1,0.00%,88.947,88.947,88.947,88.947,-0.12%,76.29,76.03,77.2,76.0,-0.16%,121.22,294.5,4290.0,401.5,391.0,20162.0,1035.0,149.86,960.2,246.9,2407.59,2424.7,2439.89,2399.92,1133.94,1170.44,1177.78,1130.63,119.43000030517578,64.21499633789062,67.0656967163086
368,2022-05-30,10.7,10.65,10.33,10.15,10.05,9.93,9.88,9.74,9.61,9.47,9.44,9.46,9.5,93.58,93.58,93.58,93.58,-0.14%,83.1,82.4,83.92,82.4,0.00%,95.17,95.17,95.17,95.17,0.07%,88.781,88.781,88.781,88.781,-0.19%,76.5,76.28,76.7,76.0,0.28%,120.67,300.8,4220.0,385.1,391.0,20132.0,1004.8,145.52,944.6,255.0,2400.39,2418.21,2433.04,2376.44,1215.74,1142.11,1228.52,1142.11,119.43000030517578,66.46499633789062,71.38800048828125
369,2022-05-31,10.75,10.8,10.46,10.24,10.09,9.85,9.78,9.68,9.58,9.48,9.43,9.44,9.46,93.706,93.706,93.706,93.706,0.13%,83.31,82.45,83.31,82.45,0.25%,95.32,95.32,95.32,95.32,0.16%,89.099,89.099,89.099,89.099,0.36%,76.4,76.5,76.83,76.01,-0.13%,118.3,293.75,4061.5,377.0,392.0,20190.0,974.8,144.3,910.0,254.95,2355.75,2400.75,2400.75,2351.74,1208.12,1214.92,1234.08,1183.71,122.83999633789062,64.58989715576172,65.80500030517578
370,2022-06-01,10.65,10.44,10.03,9.81,9.68,9.47,9.37,9.3,9.27,9.23,9.21,9.21,9.22,95.163,95.163,95.163,95.163,1.55%,84.78,83.31,85.0,83.19,1.76%,96.26,96.26,96.26,96.26,0.99%,90.3,90.3,90.3,90.3,1.35%,78.01,76.83,78.2,76.24,2.11%,121.97,297.69,4074.0,375.95,398.0,20416.0,962.8,142.2,902.0,257.05,2374.6,2349.84,2385.64,2338.9,1222.18,1203.66,1228.49,1191.22,116.29000091552734,62.71500015258789,65.31520080566406
371,2022-06-02,10.64,9.9,9.68,9.55,9.48,9.36,9.3,9.23,9.19,9.15,9.12,9.12,9.13,95.355,95.355,95.355,95.355,0.20%,84.99,86.0,86.0,84.8,0.25%,96.94,96.94,96.94,96.94,0.70%,90.95,90.95,90.95,90.95,0.72%,78.4,77.4,79.02,77.0,0.50%,119.0,296.0,4035.0,368.75,390.1,20154.0,815.8,136.26,862.4,261.7,2340.17,2374.67,2382.23,2337.53,1196.03,1220.69,1231.05,1194.37,117.61000061035156,63.46500015258789,67.59519958496094
372,2022-06-03,10.64,9.96,9.7,9.51,9.39,9.18,9.14,9.13,9.13,9.13,9.13,9.15,9.17,95.763,95.763,95.763,95.763,0.43%,85.25,84.99,85.5,84.86,0.30%,97.67,97.67,97.67,97.67,0.75%,91.41,91.41,91.41,91.41,0.51%,78.75,78.3,79.25,77.62,0.45%,119.21,297.0,3980.5,365.45,391.8,20314.0,711.0,130.02,817.0,259.5,2308.03,2341.55,2348.03,2286.82,1199.55,1196.5,1201.39,1163.17,119.72000122070312,63.46500015258789,67.45439910888672
373,2022-06-06,10.38,9.74,9.49,9.33,9.24,9.13,9.11,9.1,9.08,9.05,9.05,9.05,9.06,96.001,96.001,96.001,96.001,0.25%,85.45,86.0,86.0,85.2,0.24%,98.05,98.05,98.05,98.05,0.39%,91.943,91.943,91.943,91.943,0.58%,79.25,78.59,79.25,78.0,0.63%,118.78,296.5,3940.0,368.8,390.0,20294.0,716.8,129.5,791.6,268.35,2282.16,2308.35,2321.75,2277.21,1178.51,1193.08,1203.24,1167.25,119.51000213623047,63.21500015258789,67.01399993896484
374,2022-06-07,10.29,9.61,9.36,9.22,9.15,9.1,9.11,9.1,9.06,9.02,9.01,9.02,9.04,95.911,95.911,95.911,95.911,-0.09%,85.5,86.0,86.0,85.14,0.06%,98.1,98.1,98.1,98.1,0.05%,91.892,91.892,91.892,91.892,-0.06%,79.13,79.35,79.5,78.87,-0.15%,118.32,297.99,3959.5,366.55,393.0,20200.0,717.4,131.98,814.6,270.2,2291.62,2281.3,2294.4,2239.72,1180.47,1177.79,1190.94,1155.91,120.56999969482422,61.34000015258789,66.05000305175781
375,2022-06-08,10.49,9.5,9.19,9.07,9.02,9.02,9.08,9.12,9.1,9.05,9.02,9.02,9.04,96.097,96.097,96.097,96.097,0.19%,85.3,82.03,86.0,82.03,-0.24%,98.18,98.18,98.18,98.18,0.08%,91.8,91.8,91.8,91.8,-0.10%,78.61,79.2,79.31,78.61,-0.65%,119.9,308.0,3945.5,372.85,405.6,20134.0,731.8,133.88,812.2,272.35,2318.85,2296.62,2342.69,2296.62,1231.25,1185.22,1236.4,1185.22,123.58000183105469,62.464900970458984,65.17259979248047
376,2022-06-09,10.83,9.4,9.06,8.95,8.92,9.0,9.06,9.08,9.04,8.99,8.98,9.0,9.03,96.28,96.28,96.28,96.28,0.19%,85.5,85.55,85.94,85.11,0.23%,98.45,98.45,98.45,98.45,0.28%,92.121,92.121,92.121,92.121,0.35%,79.3,78.83,79.4,78.83,0.87%,118.2,306.5,3876.0,373.25,405.8,20310.0,714.0,129.78,815.8,270.7,2293.99,2321.57,2323.39,2275.22,1212.58,1231.22,1255.63,1205.85,123.06999969482422,59.9650993347168,63.85599899291992
377,2022-06-10,10.6,9.45,9.11,9.01,9.01,9.14,9.15,9.08,9.05,9.09,9.15,9.18,9.2,96.1,96.1,96.1,96.1,-0.19%,85.29,85.5,86.24,85.26,-0.25%,98.65,98.65,98.65,98.65,0.21%,91.495,91.495,91.495,91.495,-0.68%,78.67,79.38,79.94,78.31,-0.79%,118.07,309.2,3898.0,369.5,424.5,19490.0,721.0,130.7,798.0,274.0,2285.52,2282.81,2296.1,2273.95,1268.83,1211.69,1276.88,1205.79,122.01000213623047,57.96500015258789,61.14699935913086
378,2022-06-13,10.6,9.45,9.11,9.01,9.01,9.14,9.15,9.08,9.05,9.09,9.15,9.18,9.2,96.1,96.1,96.1,96.1,-0.19%,85.29,85.5,86.24,85.26,-0.25%,98.65,98.65,98.65,98.65,0.21%,91.495,91.495,91.495,91.495,-0.68%,78.67,79.38,79.94,78.31,-0.79%,118.07,309.2,3898.0,369.5,424.5,19490.0,721.0,130.7,798.0,274.0,2285.52,2282.81,2296.1,2273.95,1268.83,1211.69,1276.88,1205.79,122.2699966430664,110.67410278320312,61.111000061035156
379,2022-06-14,9.71,9.68,9.26,9.1,9.05,9.07,9.1,9.1,9.09,9.08,9.1,9.11,9.11,95.856,95.856,95.856,95.856,-0.25%,85.47,86.03,86.03,85.01,0.21%,98.27,98.27,98.27,98.27,-0.39%,91.272,91.272,91.272,91.272,-0.24%,78.6,79.3,80.5,78.1,-0.09%,118.98,317.69,3891.5,371.6,427.2,19102.0,720.0,129.84,799.4,274.9,2289.75,2280.02,2308.43,2261.26,1272.97,1264.54,1294.22,1229.36,121.16999816894531,57.71500015258789,58.47600173950195
380,2022-06-15,9.6,9.28,9.09,9.03,9.01,9.05,9.08,9.08,9.07,9.07,9.09,9.1,9.1,95.954,95.954,95.954,95.954,0.10%,85.35,85.33,86.04,85.1,-0.14%,98.17,98.17,98.17,98.17,-0.10%,91.5,91.5,91.5,91.5,0.25%,78.92,78.6,79.05,78.3,0.40%,121.14,316.2,4115.0,375.65,424.5,19040.0,726.0,128.78,847.0,276.1,2318.96,2290.76,2320.4,2282.79,1280.38,1274.98,1289.43,1268.87,118.51000213623047,58.34000015258789,59.52299880981445
381,2022-06-16,9.3,9.22,9.12,9.07,9.04,9.02,9.02,9.03,9.02,8.98,8.95,8.95,8.96,96.37,96.37,96.37,96.37,0.43%,85.7,85.9,85.9,85.38,0.41%,98.5,98.5,98.5,98.5,0.33%,92.189,92.189,92.189,92.189,0.75%,79.47,79.2,79.47,78.68,0.69%,123.73,316.99,4261.5,383.0,440.0,19370.0,741.4,131.0,887.2,277.05,2369.75,2321.52,2374.24,2317.87,1316.75,1283.94,1321.45,1276.97,119.80999755859375,57.21500015258789,57.69919967651367
382,2022-06-17,8.99,9.14,9.02,8.96,8.94,8.95,8.99,9.04,9.04,8.98,8.94,8.95,8.97,96.422,96.422,96.422,96.422,0.05%,85.66,85.69,86.0,85.59,-0.04%,98.53,98.53,98.53,98.53,0.03%,92.251,92.251,92.251,92.251,0.07%,79.37,79.38,79.62,79.1,-0.12%,123.88,315.5,4182.0,384.45,431.0,19194.0,735.0,130.12,875.8,274.7,2353.98,2373.07,2382.49,2345.4,1315.43,1323.13,1325.02,1303.91,113.12000274658203,57.339900970458984,58.828800201416016
383,2022-06-20,8.75,9.32,9.07,8.97,8.94,8.97,9.0,9.02,9.0,8.95,8.93,8.94,8.96,96.67,96.67,96.67,96.67,0.26%,85.7,84.99,85.94,84.99,0.04%,98.6,98.6,98.6,98.6,0.08%,92.479,92.479,92.479,92.479,0.25%,79.69,79.5,79.91,79.28,0.40%,131.29,311.98,4209.5,389.8,441.0,19180.0,768.0,134.38,978.0,274.45,2404.4,2358.26,2404.4,2357.33,1357.63,1316.97,1357.63,1307.16,113.12000274658203,56.71500015258789,61.70000076293945
384,2022-06-21,8.89,9.01,8.98,8.98,8.98,8.96,8.94,8.94,8.95,8.93,8.93,8.94,8.95,96.536,96.536,96.536,96.536,-0.14%,86.0,85.89,86.04,85.7,0.35%,98.61,98.61,98.61,98.61,0.01%,92.76,92.76,92.76,92.76,0.30%,79.68,79.8,79.94,79.45,-0.02%,129.1,301.58,4045.0,381.3,440.6,18820.0,770.6,134.3,998.0,272.7,2358.81,2407.63,2415.59,2357.27,1379.97,1363.39,1386.3,1353.23,114.6500015258789,54.71500015258789,57.97919845581055
385,2022-06-22,8.89,9.0,8.95,8.92,8.91,8.91,8.93,8.97,8.98,8.94,8.93,8.93,8.94,96.56,96.56,96.56,96.56,0.02%,86.13,87.29,87.5,85.83,0.15%,98.53,98.53,98.53,98.53,-0.08%,92.887,92.887,92.887,92.887,0.14%,80.0,79.96,80.0,79.28,0.40%,133.11,295.8,4139.0,377.6,444.6,18940.0,785.8,134.86,1026.0,274.0,2373.52,2348.04,2373.52,2320.87,1403.36,1375.65,1403.36,1363.27,111.73999786376953,53.84000015258789,58.09120178222656
386,2022-06-23,8.95,8.95,8.9,8.86,8.84,8.82,8.82,8.81,8.8,8.81,8.84,8.86,8.85,97.001,97.001,97.001,97.001,0.46%,86.65,86.39,87.76,86.01,0.60%,99.5,99.5,99.5,99.5,0.98%,93.401,93.401,93.401,93.401,0.55%,80.49,80.0,80.49,80.0,0.61%,136.85,303.5,4150.0,378.4,449.0,19100.0,807.0,137.0,1010.0,276.2,2404.54,2375.6,2404.54,2350.1,1416.41,1408.03,1423.55,1389.18,110.05000305175781,54.96500015258789,55.28200149536133
387,2022-06-24,8.86,8.8,8.77,8.75,8.73,8.71,8.71,8.73,8.75,8.78,8.8,8.81,8.82,97.449,97.449,97.449,97.449,0.46%,86.95,86.15,87.2,86.15,0.35%,99.77,99.77,99.77,99.77,0.28%,93.55,93.55,93.55,93.55,0.16%,80.95,80.48,81.2,80.0,0.57%,137.76,296.0,4100.0,377.0,448.5,18934.0,818.6,135.9,1003.0,278.35,2391.51,2405.31,2414.02,2372.05,1414.96,1417.24,1422.93,1401.19,113.12000274658203,54.46500015258789,55.20180130004883
388,2022-06-27,8.85,8.49,8.55,8.59,8.61,8.61,8.61,8.63,8.66,8.7,8.75,8.79,8.83,97.916,97.916,97.916,97.916,0.48%,87.16,86.81,87.55,86.81,0.24%,100.09,100.09,100.09,100.09,0.32%,94.3,94.3,94.3,94.3,0.80%,81.38,81.09,81.65,80.86,0.53%,141.15,296.2,4100.0,376.65,458.0,18586.0,832.6,136.0,1008.0,276.2,2417.06,2387.55,2417.06,2384.32,1428.07,1408.48,1428.26,1386.09,115.08999633789062,53.3650016784668,56.168701171875
389,2022-06-28,8.99,8.65,8.63,8.61,8.59,8.54,8.54,8.61,8.68,8.72,8.77,8.8,8.83,97.711,97.711,97.711,97.711,-0.21%,87.24,86.9,87.61,86.9,0.09%,100.15,100.15,100.15,100.15,0.06%,94.051,94.051,94.051,94.051,-0.26%,81.56,81.38,81.9,81.21,0.21%,139.99,297.2,3989.5,381.85,447.2,18252.0,810.8,134.0,1005.8,277.4,2408.75,2419.15,2419.81,2392.26,1465.57,1427.53,1469.57,1419.18,117.9800033569336,53.09000015258789,55.10049819946289
390,2022-06-29,8.99,8.89,8.78,8.7,8.64,8.54,8.54,8.63,8.71,8.74,8.78,8.81,8.85,97.722,97.722,97.722,97.722,0.01%,87.15,87.04,87.5,86.94,-0.10%,99.96,99.96,99.96,99.96,-0.20%,93.805,93.805,93.805,93.805,-0.26%,81.24,81.56,81.65,81.0,-0.39%,132.8,297.65,4015.0,384.2,440.8,17652.0,840.0,137.78,1019.0,275.7,2378.55,2407.49,2407.49,2370.41,1413.01,1464.12,1495.66,1413.01,116.26000213623047,53.714900970458984,55.862098693847656
391,2022-06-30,9.0,8.75,8.73,8.71,8.69,8.65,8.67,8.74,8.78,8.79,8.81,8.82,8.83,97.427,97.427,97.427,97.427,-0.30%,86.85,87.34,87.34,86.71,-0.35%,99.82,99.82,99.82,99.82,-0.14%,93.6,93.6,93.6,93.6,-0.22%,80.81,81.0,81.32,80.32,-0.53%,125.2,207.0,3905.0,362.25,429.5,17400.0,830.0,133.4,1024.0,273.7,2204.85,2380.03,2407.2,2184.71,1345.01,1408.34,1453.05,1309.16,114.80999755859375,52.4650993347168,53.70920181274414
392,2022-07-01,8.9,8.7,8.64,8.61,8.6,8.63,8.69,8.79,8.84,8.84,8.85,8.87,8.88,97.238,97.238,97.238,97.238,-0.19%,86.75,86.7,87.14,86.58,-0.11%,99.8,99.8,99.8,99.8,-0.02%,93.4,93.4,93.4,93.4,-0.21%,80.4,80.8,81.36,80.04,-0.51%,129.91,192.5,3944.0,375.15,422.1,17100.0,830.0,133.1,1060.2,278.85,2206.61,2197.9,2237.92,2165.13,1276.55,1345.75,1345.75,1260.26,111.62999725341797,54.84000015258789,55.165401458740234
393,2022-07-04,8.76,8.39,8.4,8.44,8.49,8.68,8.78,8.87,8.91,8.94,8.96,8.96,8.96,97.071,97.071,97.071,97.071,-0.17%,85.88,86.7,87.07,85.88,-1.00%,99.47,99.47,99.47,99.47,-0.33%,92.502,92.502,92.502,92.502,-0.96%,79.86,80.66,80.66,79.75,-0.66%,131.43,186.25,3949.5,371.6,433.0,17024.0,846.8,135.5,1025.0,280.55,2204.66,2208.7,2240.83,2197.39,1249.0,1276.68,1288.22,1238.72,111.62999725341797,53.23749923706055,119.52680206298828
394,2022-07-05,8.76,8.34,8.37,8.44,8.51,8.72,8.83,8.92,8.95,8.97,9.02,9.04,9.04,96.803,96.803,96.803,96.803,-0.28%,86.02,85.8,87.07,85.66,0.16%,99.06,99.06,99.06,99.06,-0.41%,92.145,92.145,92.145,92.145,-0.39%,78.9,79.86,80.07,78.71,-1.20%,133.5,197.3,4015.0,371.5,426.0,16700.0,832.0,136.5,970.2,276.3,2226.64,2214.39,2238.73,2187.57,1146.68,1262.82,1267.7,1131.25,102.7699966430664,54.5,57.52560043334961
395,2022-07-06,8.83,8.22,8.29,8.36,8.44,8.66,8.78,8.89,8.93,8.94,8.98,9.0,9.01,97.0,97.0,97.0,97.0,0.20%,86.15,86.8,86.8,86.0,0.16%,99.2,99.2,99.2,99.2,0.14%,92.249,92.249,92.249,92.249,0.11%,79.15,79.27,79.28,77.91,0.32%,134.0,195.42,3962.0,369.65,429.8,16452.0,831.2,138.9,1009.6,270.05,2221.88,2227.02,2273.24,2214.04,1101.64,1147.28,1153.8,1095.89,100.69000244140625,63.4650993347168,60.21879959106445
396,2022-07-07,8.94,8.09,8.16,8.23,8.29,8.51,8.66,8.81,8.88,8.95,9.05,9.09,9.11,97.298,97.298,97.298,97.298,0.31%,86.4,86.96,86.96,86.02,0.29%,99.62,99.62,99.62,99.62,0.42%,92.212,92.212,92.212,92.212,-0.04%,79.0,79.16,79.68,78.96,-0.19%,133.09,197.92,3956.0,364.95,407.9,16550.0,823.8,138.38,998.0,273.0,2226.65,2221.02,2239.59,2206.16,1132.49,1104.45,1137.37,1082.58,104.6500015258789,63.51499938964844,63.78919982910156
397,2022-07-08,9.1,8.11,8.16,8.21,8.26,8.44,8.58,8.77,8.88,8.97,9.07,9.12,9.15,97.556,97.556,97.556,97.556,0.27%,86.4,86.37,86.89,86.18,0.00%,99.7,99.7,99.7,99.7,0.08%,92.092,92.092,92.092,92.092,-0.13%,78.85,79.49,79.5,78.8,-0.19%,133.3,198.0,3911.0,351.2,409.9,16720.0,821.4,138.0,993.0,275.05,2222.51,2225.02,2234.55,2202.52,1144.79,1131.44,1149.75,1129.36,107.0199966430664,63.040000915527344,63.196998596191406
398,2022-07-11,9.35,7.9,7.97,8.04,8.11,8.34,8.53,8.78,8.91,9.01,9.13,9.2,9.25,97.502,97.502,97.502,97.502,-0.06%,86.04,85.9,86.95,85.9,-0.42%,99.63,99.63,99.63,99.63,-0.07%,91.911,91.911,91.911,91.911,-0.20%,78.6,79.41,79.41,78.54,-0.32%,126.8,188.9,3848.5,343.8,400.0,16270.0,808.6,136.52,968.6,239.85,2162.34,2213.55,2224.35,2156.36,1154.28,1144.64,1160.45,1109.61,107.0999984741211,64.86499786376953,66.21600341796875
399,2022-07-12,9.56,7.89,7.98,8.05,8.12,8.35,8.57,8.86,8.99,9.06,9.14,9.19,9.23,97.517,97.517,97.517,97.517,0.02%,86.0,87.4,87.4,85.7,-0.05%,99.05,99.05,99.05,99.05,-0.58%,91.726,91.726,91.726,91.726,-0.20%,78.6,78.9,79.2,78.25,0.00%,129.0,191.4,3752.0,333.5,391.8,15922.0,779.8,132.52,942.0,236.85,2133.77,2160.74,2160.74,2105.26,1142.37,1155.65,1161.24,1121.0,99.48999786376953,60.91999816894531,61.70009994506836
400,2022-07-13,9.1,7.85,7.9,7.95,8.01,8.27,8.53,8.89,9.07,9.15,9.23,9.27,9.33,97.44,97.44,97.44,97.44,-0.08%,85.97,86.49,86.49,85.9,-0.04%,98.45,98.45,98.45,98.45,-0.61%,91.49,91.49,91.49,91.49,-0.26%,78.31,78.84,78.99,78.3,-0.37%,126.0,186.0,3645.5,321.0,375.8,15200.0,756.4,129.8,916.2,233.9,2073.68,2138.14,2142.51,2064.58,1120.34,1142.79,1144.66,1113.07,99.56999969482422,58.38999938964844,58.86949920654297
401,2022-07-14,9.23,8.16,8.09,8.08,8.11,8.35,8.59,8.9,9.03,9.11,9.18,9.22,9.25,97.401,97.401,97.401,97.401,-0.04%,85.95,86.47,86.47,85.9,-0.02%,98.49,98.49,98.49,98.49,0.04%,91.63,91.63,91.63,91.63,0.15%,78.53,78.49,78.63,77.97,0.27%,125.9,184.55,3608.0,315.45,366.6,15302.0,743.6,127.14,926.6,229.8,2063.3,2073.79,2105.61,2049.44,1113.97,1121.14,1140.77,1107.31,99.0999984741211,58.439998626708984,59.36600112915039
402,2022-07-15,9.34,8.37,8.16,8.07,8.05,8.28,8.57,8.9,9.02,9.07,9.12,9.16,9.2,97.35,97.35,97.35,97.35,-0.05%,85.95,85.21,86.44,85.21,0.00%,98.85,98.85,98.85,98.85,0.37%,91.904,91.904,91.904,91.904,0.30%,78.84,78.53,78.85,78.4,0.40%,128.9,187.61,3709.0,330.5,379.9,15600.0,739.8,129.78,953.0,236.9,2109.52,2069.02,2109.52,2056.82,1161.53,1117.98,1161.63,1108.01,101.16000366210938,58.2400016784668,57.84400177001953
403,2022-07-18,9.35,8.36,8.14,8.07,8.08,8.38,8.67,8.96,9.05,9.09,9.14,9.19,9.24,97.267,97.267,97.267,97.267,-0.09%,85.9,86.45,86.45,85.76,-0.06%,98.69,98.69,98.69,98.69,-0.16%,91.621,91.621,91.621,91.621,-0.31%,78.75,78.88,78.88,78.53,-0.11%,128.11,186.7,3645.0,326.0,380.6,15282.0,722.2,125.46,946.6,236.3,2096.42,2119.02,2127.96,2083.01,1168.73,1167.55,1178.88,1159.86,106.2699966430664,110.67410278320312,57.49100112915039
404,2022-07-19,9.32,8.48,8.2,8.1,8.1,8.38,8.66,8.96,9.06,9.1,9.15,9.19,9.24,97.171,97.171,97.171,97.171,-0.10%,85.71,86.45,86.45,85.7,-0.22%,98.47,98.47,98.47,98.47,-0.22%,91.605,91.605,91.605,91.605,-0.02%,78.7,78.83,78.83,78.67,-0.07%,127.76,189.51,3600.0,320.75,374.6,14914.0,715.0,123.2,928.8,232.55,2071.28,2089.28,2089.28,2047.33,1175.04,1168.0,1183.53,1153.31,107.3499984741211,57.71500015258789,57.39699935913086
405,2022-07-20,9.29,8.41,8.12,8.01,8.0,8.29,8.58,8.9,9.03,9.1,9.15,9.19,9.24,97.23,97.23,97.23,97.23,0.06%,85.88,86.45,86.45,85.46,0.20%,98.5,98.5,98.5,98.5,0.03%,91.815,91.815,91.815,91.815,0.23%,78.8,78.83,78.96,78.61,0.12%,126.44,193.3,3580.0,330.0,379.5,15050.0,702.8,119.98,925.8,232.6,2075.24,2076.24,2098.92,2067.37,1188.91,1179.5,1207.11,1179.47,106.91999816894531,56.46500015258789,57.248199462890625
406,2022-07-21,9.31,7.95,7.82,7.77,7.78,8.05,8.37,8.77,8.95,9.03,9.09,9.13,9.19,98.123,98.123,98.123,98.123,0.92%,86.45,86.06,86.5,85.8,0.66%,98.6,98.6,98.6,98.6,0.10%,92.41,92.41,92.41,92.41,0.65%,79.94,78.95,80.0,78.81,1.45%,125.48,189.59,3539.5,328.2,375.7,14800.0,683.0,115.88,916.0,229.05,2053.64,2075.99,2075.99,2022.16,1142.18,1188.63,1192.89,1105.11,103.86000061035156,54.9650993347168,55.34400177001953
407,2022-07-22,9.24,7.42,7.34,7.34,7.39,7.75,8.08,8.49,8.69,8.83,8.95,9.01,9.08,99.002,99.002,99.002,99.002,0.90%,87.83,86.89,89.0,86.52,1.60%,100.24,100.24,100.24,100.24,1.67%,93.781,93.781,93.781,93.781,1.48%,80.7,79.94,81.65,79.71,0.95%,128.82,192.25,3688.0,340.0,381.1,14730.0,689.6,117.44,944.0,230.8,2096.75,2056.16,2099.68,2053.2,1161.47,1143.45,1165.37,1127.34,103.19999694824219,57.96500015258789,57.58679962158203
408,2022-07-25,8.05,7.05,7.02,7.07,7.17,7.65,8.05,8.49,8.68,8.83,8.94,9.0,9.06,98.858,98.858,98.858,98.858,-0.15%,87.8,88.16,89.5,87.13,-0.03%,100.52,100.52,100.52,100.52,0.28%,93.517,93.517,93.517,93.517,-0.28%,80.5,81.0,81.44,80.5,-0.25%,131.45,192.0,3669.0,336.6,383.1,14794.0,695.0,118.72,960.8,230.85,2128.96,2099.81,2132.75,2090.22,1155.45,1154.63,1161.16,1143.58,105.1500015258789,58.09000015258789,58.50619888305664
409,2022-07-26,8.09,6.98,6.97,7.03,7.13,7.6,7.99,8.46,8.69,8.87,9.0,9.06,9.13,99.22,99.22,99.22,99.22,0.37%,88.15,88.19,88.2,87.34,0.40%,100.5,100.5,100.5,100.5,-0.02%,93.47,93.47,93.47,93.47,-0.05%,80.3,81.0,81.0,79.83,-0.25%,132.9,193.95,3825.0,347.0,388.1,15850.0,723.0,123.1,1008.0,233.25,2192.42,2135.89,2192.42,2135.89,1136.02,1157.89,1166.97,1136.02,104.4000015258789,58.46500015258789,59.38059997558594
410,2022-07-27,8.26,6.97,7.04,7.12,7.22,7.62,7.97,8.44,8.7,8.91,9.07,9.14,9.21,99.202,99.202,99.202,99.202,-0.02%,88.05,89.31,89.31,87.9,-0.11%,100.36,100.36,100.36,100.36,-0.14%,93.2,93.2,93.2,93.2,-0.29%,80.15,80.3,80.44,79.95,-0.19%,132.5,196.49,3847.5,348.7,392.3,15640.0,742.4,125.56,1038.0,235.65,2196.22,2198.96,2220.82,2184.71,1153.95,1144.05,1169.83,1132.88,106.62000274658203,60.09000015258789,58.890899658203125
411,2022-07-28,8.1,7.05,7.1,7.17,7.25,7.6,7.92,8.39,8.65,8.86,9.03,9.11,9.2,99.636,99.636,99.636,99.636,0.44%,88.34,89.05,89.05,88.0,0.32%,100.55,100.55,100.55,100.55,0.19%,93.47,93.47,93.47,93.47,0.29%,80.35,80.3,80.58,80.15,0.25%,131.72,196.25,3831.0,344.3,395.0,15500.0,720.0,125.5,1025.2,243.15,2189.16,2204.01,2213.21,2169.21,1137.82,1159.51,1173.71,1123.44,107.13999938964844,59.34000015258789,60.730201721191406
412,2022-07-29,8.1,7.15,7.12,7.14,7.19,7.51,7.85,8.37,8.67,8.89,9.06,9.15,9.25,99.905,99.905,99.905,99.905,0.27%,88.16,89.2,89.2,88.12,-0.20%,100.65,100.65,100.65,100.65,0.10%,93.56,93.56,93.56,93.56,0.10%,80.3,80.4,80.55,80.1,-0.06%,131.9,195.26,3877.0,353.0,409.0,16150.0,733.8,130.0,1052.0,243.45,2213.81,2187.67,2213.81,2181.07,1129.24,1133.12,1144.4,1107.76,110.01000213623047,62.46500015258789,60.3046989440918
413,2022-08-01,8.09,7.36,7.25,7.21,7.23,7.53,7.85,8.36,8.65,8.87,9.03,9.11,9.19,100.071,100.071,100.071,100.071,0.17%,88.19,88.54,88.54,88.1,0.03%,100.9,100.9,100.9,100.9,0.24%,93.5,93.5,93.5,93.5,-0.06%,80.29,80.51,80.55,80.1,-0.01%,127.34,192.0,3931.0,348.0,395.1,15590.0,732.0,131.7,1035.0,241.75,2180.09,2213.75,2220.73,2178.98,1138.79,1131.74,1159.97,1098.1,100.02999877929688,62.21500015258789,63.70100021362305
414,2022-08-02,8.05,7.55,7.41,7.34,7.32,7.53,7.85,8.38,8.68,8.88,9.04,9.13,9.22,99.903,99.903,99.903,99.903,-0.17%,88.04,88.51,88.54,87.8,-0.17%,100.92,100.92,100.92,100.92,0.02%,93.34,93.34,93.34,93.34,-0.17%,80.4,80.55,80.97,80.3,0.13%,127.53,187.16,3823.0,335.8,394.3,15140.0,725.4,130.0,1009.0,241.0,2137.3,2176.57,2178.81,2137.3,1116.12,1139.55,1149.85,1115.86,100.54000091552734,60.16999816894531,62.562400817871094
415,2022-08-03,7.99,7.61,7.48,7.43,7.42,7.63,7.93,8.39,8.67,8.88,9.05,9.13,9.21,100.082,100.082,100.082,100.082,0.18%,87.85,88.54,88.54,87.75,-0.22%,100.86,100.86,100.86,100.86,-0.06%,93.19,93.19,93.19,93.19,-0.16%,80.39,80.39,80.6,80.25,-0.01%,126.85,187.04,3799.0,330.25,397.6,14754.0,696.0,125.04,988.0,246.3,2123.92,2138.76,2156.54,2123.92,1105.99,1117.43,1130.14,1105.99,96.77999877929688,60.790000915527344,61.88990020751953
416,2022-08-04,7.76,7.42,7.37,7.36,7.39,7.64,7.93,8.38,8.65,8.84,8.98,9.06,9.13,99.896,99.896,99.896,99.896,-0.19%,88.0,87.85,88.5,87.68,0.17%,100.87,100.87,100.87,100.87,0.01%,93.453,93.453,93.453,93.453,0.28%,80.35,80.39,80.4,80.25,-0.05%,126.95,184.9,3720.0,324.6,403.1,14710.0,698.4,124.5,1003.6,251.0,2116.58,2126.39,2137.83,2111.87,1104.77,1105.74,1117.78,1098.97,94.12000274658203,62.68510055541992,62.63740158081055
417,2022-08-05,7.74,7.42,7.36,7.36,7.4,7.72,8.05,8.48,8.7,8.87,9.02,9.09,9.16,99.65,99.65,99.65,99.65,-0.25%,87.71,88.22,88.22,87.71,-0.33%,100.87,100.87,100.87,100.87,0.00%,93.308,93.308,93.308,93.308,-0.16%,80.09,80.69,80.8,80.05,-0.33%,122.4,176.58,3679.5,322.7,387.0,14394.0,680.0,120.1,975.0,241.45,2054.29,2120.13,2124.6,2052.08,1072.31,1106.46,1112.71,1069.35,94.91999816894531,61.46500015258789,61.375
418,2022-08-08,7.58,7.46,7.37,7.37,7.41,7.77,8.07,8.46,8.68,8.86,8.99,9.04,9.09,99.799,99.799,99.799,99.799,0.15%,87.9,87.61,88.21,87.61,0.22%,100.95,100.95,100.95,100.95,0.08%,93.351,93.351,93.351,93.351,0.05%,80.09,80.1,80.55,80.09,0.00%,123.81,177.86,3720.0,327.35,383.7,14458.0,683.6,118.74,1009.8,247.15,2088.4,2106.5,2119.41,2086.98,1083.52,1095.4,1107.79,1083.52,96.6500015258789,60.4900016784668,61.95140075683594
419,2022-08-09,8.03,7.35,7.37,7.42,7.48,7.76,8.01,8.41,8.66,8.85,8.99,9.07,9.13,99.788,99.788,99.788,99.788,-0.01%,87.75,87.92,88.18,87.75,-0.17%,100.89,100.89,100.89,100.89,-0.06%,93.385,93.385,93.385,93.385,0.04%,80.0,80.5,80.5,79.91,-0.11%,126.4,181.04,3895.0,339.65,405.6,15150.0,707.6,119.18,1021.0,247.85,2136.8,2090.37,2136.8,2071.72,1116.28,1083.88,1116.41,1080.48,96.30999755859375,61.84000015258789,61.063201904296875
420,2022-08-10,7.89,7.37,7.38,7.42,7.47,7.75,8.03,8.44,8.69,8.91,9.08,9.15,9.23,99.501,99.501,99.501,99.501,-0.29%,87.61,87.86,87.86,87.61,-0.16%,100.66,100.66,100.66,100.66,-0.22%,93.05,93.05,93.05,93.05,-0.36%,79.7,80.0,80.05,79.7,-0.38%,126.2,178.81,3890.0,339.5,415.8,14970.0,698.0,118.5,1039.8,250.05,2151.5,2138.81,2158.87,2128.59,1118.4,1120.27,1124.13,1109.65,97.4000015258789,60.439998626708984,61.8838005065918
421,2022-08-11,8.07,7.34,7.36,7.41,7.48,7.79,8.1,8.56,8.81,8.98,9.11,9.18,9.25,99.097,99.097,99.097,99.097,-0.41%,87.37,87.61,87.7,87.37,-0.28%,100.3,100.3,100.3,100.3,-0.36%,92.615,92.615,92.615,92.615,-0.47%,79.45,79.7,79.92,79.21,-0.31%,123.45,174.1,3925.0,333.0,414.6,14908.0,705.0,117.68,1020.0,245.5,2133.11,2157.17,2174.9,2128.38,1106.29,1120.18,1130.55,1103.84,99.5999984741211,61.46500015258789,61.7322998046875
422,2022-08-12,8.19,7.36,7.38,7.43,7.5,7.83,8.14,8.56,8.78,8.96,9.1,9.16,9.22,98.925,98.925,98.925,98.925,-0.17%,87.29,87.37,87.37,86.75,-0.09%,100.29,100.29,100.29,100.29,-0.01%,92.51,92.51,92.51,92.51,-0.11%,79.4,79.45,79.45,78.4,-0.06%,124.88,174.36,3940.5,336.2,422.6,14826.0,700.0,117.16,1036.0,245.1,2147.33,2133.93,2150.9,2117.08,1116.32,1108.02,1121.96,1097.59,98.1500015258789,60.59000015258789,63.08940124511719
423,2022-08-15,8.08,7.34,7.36,7.41,7.48,7.81,8.12,8.54,8.78,8.99,9.15,9.22,9.28,99.1,99.1,99.1,99.1,0.18%,87.33,86.76,87.73,86.76,0.05%,100.35,100.35,100.35,100.35,0.06%,92.425,92.425,92.425,92.425,-0.09%,79.35,79.4,79.69,79.25,-0.06%,125.0,174.8,3959.0,335.9,425.0,15142.0,708.2,117.96,1065.0,246.3,2165.12,2147.76,2165.75,2139.45,1112.93,1116.41,1117.0,1094.8,95.0999984741211,62.21500015258789,61.77510070800781
424,2022-08-16,7.94,7.35,7.36,7.4,7.46,7.78,8.1,8.54,8.78,8.96,9.12,9.19,9.26,99.353,99.353,99.353,99.353,0.26%,87.55,87.6,87.6,87.29,0.25%,100.33,100.33,100.33,100.33,-0.02%,92.82,92.82,92.82,92.82,0.43%,79.44,79.9,79.9,79.35,0.12%,126.39,181.3,4018.0,348.0,437.0,15444.0,713.6,118.0,1100.6,248.0,2208.33,2172.4,2208.33,2168.06,1142.05,1117.77,1146.4,1109.54,92.33999633789062,60.5,61.805599212646484
425,2022-08-17,7.86,7.38,7.34,7.35,7.4,7.74,8.08,8.55,8.79,8.94,9.06,9.12,9.19,99.781,99.781,99.781,99.781,0.43%,87.46,87.65,88.2,87.42,-0.10%,100.39,100.39,100.39,100.39,0.07%,92.947,92.947,92.947,92.947,0.14%,79.48,79.44,79.89,79.4,0.05%,124.5,176.5,3907.0,344.1,432.5,15370.0,702.0,116.2,1095.0,245.0,2188.56,2213.43,2225.05,2186.86,1136.4,1144.94,1154.08,1130.73,93.6500015258789,61.46500015258789,62.83789825439453
426,2022-08-18,7.87,7.51,7.39,7.36,7.39,7.73,8.09,8.55,8.78,8.93,9.04,9.11,9.17,99.64,99.64,99.64,99.64,-0.14%,87.4,88.39,88.4,87.13,-0.07%,100.41,100.41,100.41,100.41,0.01%,92.8,92.8,92.8,92.8,-0.16%,79.4,79.71,79.84,79.23,-0.10%,126.3,178.87,3920.0,346.4,436.0,15160.0,699.4,115.26,1090.0,241.95,2194.31,2188.42,2197.92,2176.02,1162.3,1134.82,1170.51,1130.21,96.58999633789062,60.46500015258789,60.04999923706055
427,2022-08-19,8.03,7.51,7.38,7.35,7.37,7.72,8.1,8.62,8.88,9.03,9.15,9.22,9.29,99.649,99.649,99.649,99.649,0.01%,87.43,87.4,87.74,87.4,0.04%,100.0,100.0,100.0,100.0,-0.41%,92.446,92.446,92.446,92.446,-0.38%,79.19,79.4,79.79,78.87,-0.26%,125.2,177.6,3972.0,344.8,431.0,15330.0,703.4,114.9,1085.0,240.0,2195.16,2199.6,2199.6,2179.56,1170.57,1163.94,1182.13,1153.08,96.72000122070312,59.96500015258789,60.292301177978516
428,2022-08-22,7.92,7.77,7.62,7.57,7.59,7.88,8.2,8.65,8.88,9.03,9.15,9.21,9.27,99.3,99.3,99.3,99.3,-0.35%,87.14,87.42,87.74,87.13,-0.34%,99.81,99.81,99.81,99.81,-0.19%,92.364,92.364,92.364,92.364,-0.09%,79.13,79.19,79.4,77.0,-0.08%,126.06,181.7,4017.0,349.6,443.4,15430.0,708.0,116.46,1150.2,238.1,2228.11,2193.29,2231.22,2187.04,1173.79,1169.09,1185.65,1155.2,96.4800033569336,59.46500015258789,59.720001220703125
429,2022-08-23,7.99,7.63,7.48,7.44,7.48,7.88,8.24,8.66,8.87,9.02,9.14,9.2,9.25,99.25,99.25,99.25,99.25,-0.05%,87.14,87.74,87.74,86.95,0.00%,99.99,99.99,99.99,99.99,0.19%,92.127,92.127,92.127,92.127,-0.26%,79.1,79.13,79.19,79.01,-0.04%,130.38,184.3,4098.0,356.0,450.2,15592.0,712.0,116.88,1135.0,236.0,2260.08,2230.74,2261.59,2230.74,1190.16,1173.76,1192.22,1166.92,100.22000122070312,60.09000015258789,59.060001373291016
430,2022-08-24,7.96,7.68,7.59,7.56,7.58,7.83,8.14,8.62,8.89,9.09,9.24,9.31,9.39,99.232,99.232,99.232,99.232,-0.02%,87.25,87.14,87.29,87.0,0.13%,99.79,99.79,99.79,99.79,-0.20%,92.091,92.091,92.091,92.091,-0.04%,79.15,79.1,79.24,78.76,0.06%,128.15,182.83,4117.0,358.2,451.0,15458.0,710.0,117.48,1146.0,231.85,2248.22,2263.57,2273.65,2243.08,1182.39,1190.64,1192.81,1178.32,101.22000122070312,60.21500015258789,57.65079879760742
431,2022-08-25,7.91,7.69,7.55,7.5,7.5,7.78,8.11,8.59,8.85,9.04,9.19,9.25,9.32,99.55,99.55,99.55,99.55,0.32%,87.29,87.25,87.38,86.86,0.04%,99.9,99.9,99.9,99.9,0.10%,92.287,92.287,92.287,92.287,0.21%,79.15,79.2,79.32,79.05,0.00%,128.18,181.9,4055.0,355.6,446.9,15384.0,705.8,115.2,1140.8,236.4,2246.34,2249.39,2266.18,2234.87,1182.71,1183.23,1196.56,1172.31,99.33999633789062,59.790000915527344,59.022098541259766
432,2022-08-26,7.89,7.69,7.61,7.58,7.59,7.8,8.08,8.57,8.86,9.08,9.24,9.33,9.43,99.412,99.412,99.412,99.412,-0.14%,87.38,87.28,87.41,86.95,0.11%,99.64,99.64,99.64,99.64,-0.26%,92.33,92.33,92.33,92.33,0.05%,79.15,79.56,79.56,79.06,0.00%,130.4,183.62,4115.0,361.5,450.0,15392.0,712.6,115.0,1156.2,240.1,2268.89,2248.98,2268.89,2239.66,1183.12,1177.95,1191.6,1171.21,100.98999786376953,60.34000015258789,58.63050079345703
433,2022-08-29,8.02,7.67,7.65,7.65,7.67,7.85,8.08,8.52,8.82,9.05,9.24,9.35,9.45,99.224,99.224,99.224,99.224,-0.19%,87.66,87.49,87.9,87.12,0.32%,99.64,99.64,99.64,99.64,0.00%,92.19,92.19,92.19,92.19,-0.15%,79.18,79.15,79.27,78.87,0.04%,131.17,190.0,4186.0,367.3,454.5,15594.0,739.0,116.5,1158.0,241.0,2296.33,2267.43,2296.33,2263.99,1197.99,1180.65,1199.56,1176.75,105.08999633789062,60.26499938964844,59.09600067138672
434,2022-08-30,7.89,7.63,7.62,7.63,7.66,7.85,8.1,8.53,8.82,9.06,9.26,9.36,9.47,99.327,99.327,99.327,99.327,0.10%,87.8,87.54,88.03,87.06,0.16%,99.59,99.59,99.59,99.59,-0.05%,92.301,92.301,92.301,92.301,0.12%,79.14,79.18,79.2,79.0,-0.05%,130.05,204.0,4140.0,361.3,454.2,15650.0,743.8,118.86,1147.0,239.3,2306.62,2299.28,2314.53,2292.44,1212.1,1199.26,1212.18,1192.69,99.30999755859375,61.71500015258789,59.45309829711914
435,2022-08-31,8.03,7.71,7.68,7.68,7.69,7.84,8.05,8.51,8.84,9.11,9.32,9.43,9.56,99.329,99.329,99.329,99.329,0.00%,87.82,87.8,88.0,87.4,0.03%,99.33,99.33,99.33,99.33,-0.26%,92.14,92.14,92.14,92.14,-0.17%,78.87,79.14,79.17,78.76,-0.34%,134.25,254.9,4270.0,368.0,456.0,16140.0,754.8,120.66,1133.0,236.3,2400.08,2377.02,2423.12,2368.42,1258.45,1249.27,1274.03,1236.87,96.48999786376953,59.96500015258789,59.687599182128906
436,2022-09-01,7.94,7.64,7.66,7.69,7.72,7.86,8.05,8.48,8.81,9.08,9.29,9.4,9.53,99.3,99.3,99.3,99.3,-0.03%,88.0,87.99,88.0,87.74,0.20%,99.4,99.4,99.4,99.4,0.07%,92.27,92.27,92.27,92.27,0.14%,79.05,78.89,79.19,78.87,0.23%,138.2,249.11,4722.0,373.5,442.1,16600.0,742.4,118.0,1149.8,241.45,2445.77,2401.98,2448.5,2380.01,1279.45,1256.24,1284.23,1243.76,92.36000061035156,60.09000015258789,58.86800003051758
437,2022-09-02,7.84,7.59,7.62,7.65,7.68,7.79,7.95,8.35,8.7,9.04,9.32,9.47,9.64,99.852,99.852,99.852,99.852,0.56%,88.56,88.1,88.6,88.1,0.64%,99.79,99.79,99.79,99.79,0.40%,92.441,92.441,92.441,92.441,0.19%,79.2,79.1,79.4,79.06,0.19%,143.8,252.8,4595.0,385.1,450.9,16746.0,774.4,122.5,1148.8,240.3,2471.45,2443.76,2474.71,2431.54,1284.53,1276.47,1292.81,1268.42,93.0199966430664,60.17499923706055,60.11589813232422
438,2022-09-05,7.9,7.47,7.52,7.57,7.61,7.75,7.9,8.28,8.62,8.98,9.29,9.44,9.62,100.146,100.146,100.146,100.146,0.29%,88.8,88.98,88.99,88.6,0.27%,99.89,99.89,99.89,99.89,0.10%,92.62,92.62,92.62,92.62,0.19%,79.47,79.2,79.5,79.07,0.34%,141.0,250.0,4658.0,385.1,461.1,17000.0,798.0,126.0,1197.0,242.8,2488.44,2472.1,2488.44,2440.88,1287.78,1285.52,1296.67,1259.05,93.0199966430664,60.17499923706055,59.9817008972168
439,2022-09-06,7.8,7.51,7.51,7.52,7.54,7.69,7.87,8.28,8.62,8.98,9.3,9.46,9.62,100.225,100.225,100.225,100.225,0.08%,88.94,88.8,88.98,88.8,0.16%,99.9,99.9,99.9,99.9,0.01%,92.73,92.73,92.73,92.73,0.12%,79.51,79.5,79.73,79.5,0.05%,137.23,246.0,4545.0,375.7,448.1,16604.0,787.8,121.1,1163.8,239.0,2425.33,2487.76,2492.15,2382.24,1252.47,1287.69,1290.28,1231.99,92.83000183105469,60.974998474121094,59.5974006652832
440,2022-09-07,7.81,7.62,7.62,7.63,7.64,7.72,7.88,8.25,8.61,8.99,9.3,9.46,9.64,100.002,100.002,100.002,100.002,-0.22%,88.85,88.95,89.18,88.75,-0.10%,99.82,99.82,99.82,99.82,-0.09%,92.72,92.72,92.72,92.72,-0.01%,79.5,79.42,79.74,79.37,-0.02%,136.86,241.55,4420.0,375.95,437.7,16222.0,785.0,118.84,1178.0,236.05,2401.57,2422.88,2436.64,2394.56,1243.7,1246.45,1257.35,1228.75,88.0,61.2400016784668,59.54859924316406
441,2022-09-08,7.8,7.45,7.5,7.56,7.61,7.78,7.96,8.35,8.7,9.06,9.37,9.52,9.69,99.973,99.973,99.973,99.973,-0.03%,88.45,89.2,89.2,87.78,-0.45%,99.44,99.44,99.44,99.44,-0.37%,92.249,92.249,92.249,92.249,-0.51%,79.05,79.88,79.88,79.05,-0.57%,134.51,243.95,4410.0,374.4,433.0,16244.0,774.4,116.8,1157.0,237.55,2390.27,2397.59,2407.39,2378.3,1237.75,1242.46,1248.82,1233.83,89.1500015258789,64.26490020751953,59.925899505615234
442,2022-09-09,7.82,7.59,7.59,7.61,7.63,7.77,7.95,8.36,8.7,9.05,9.34,9.48,9.64,99.701,99.701,99.701,99.701,-0.27%,88.45,88.96,88.96,88.37,0.00%,99.5,99.5,99.5,99.5,0.05%,92.289,92.289,92.289,92.289,0.04%,79.38,79.27,79.39,79.0,0.42%,138.15,245.34,4470.0,378.0,441.8,16740.0,782.8,117.76,1160.0,237.75,2426.06,2391.69,2426.81,2391.69,1262.72,1240.68,1263.67,1240.68,92.83999633789062,61.46500015258789,59.310298919677734
443,2022-09-12,7.54,7.54,7.52,7.52,7.53,7.67,7.88,8.32,8.69,9.06,9.33,9.46,9.61,99.845,99.845,99.845,99.845,0.14%,88.73,89.19,89.19,88.45,0.32%,99.47,99.47,99.47,99.47,-0.03%,92.297,92.297,92.297,92.297,0.01%,79.33,79.39,79.99,79.0,-0.06%,138.7,243.3,4560.0,379.4,448.0,16756.0,780.0,119.78,1187.0,240.6,2449.65,2419.77,2465.22,2413.55,1280.67,1254.99,1290.04,1251.86,94.0,62.185001373291016,59.94770050048828
444,2022-09-13,7.77,7.44,7.47,7.51,7.55,7.73,7.94,8.39,8.75,9.09,9.35,9.48,9.62,99.649,99.649,99.649,99.649,-0.20%,88.3,89.11,89.11,88.14,-0.48%,99.19,99.19,99.19,99.19,-0.28%,92.248,92.248,92.248,92.248,-0.05%,79.2,79.4,79.49,78.9,-0.17%,137.0,242.64,4542.5,373.4,441.0,16432.0,777.8,118.34,1179.0,237.75,2446.89,2459.75,2465.55,2438.8,1284.1,1280.74,1300.33,1277.4,93.16999816894531,59.625,60.73429870605469
445,2022-09-14,7.7,7.46,7.44,7.45,7.47,7.65,7.89,8.36,8.74,9.08,9.31,9.42,9.55,99.801,99.801,99.801,99.801,0.15%,88.5,89.2,89.2,88.11,0.23%,99.47,99.47,99.47,99.47,0.28%,92.361,92.361,92.361,92.361,0.12%,79.08,79.2,79.29,78.91,-0.15%,138.9,243.32,4472.0,375.75,443.0,16214.0,769.6,117.84,1175.4,237.7,2435.89,2439.96,2439.96,2400.14,1282.8,1281.8,1283.29,1265.79,94.0999984741211,58.5,59.76860046386719
446,2022-09-15,7.74,7.37,7.37,7.39,7.41,7.61,7.86,8.35,8.73,9.07,9.33,9.44,9.58,99.801,99.801,99.801,99.801,0.00%,88.6,88.5,89.47,88.34,0.11%,99.43,99.43,99.43,99.43,-0.04%,92.361,92.361,92.361,92.361,0.00%,79.39,79.0,79.25,79.0,0.40%,139.48,243.68,4530.0,367.3,444.8,16212.0,775.2,118.84,1190.2,238.2,2446.59,2434.79,2457.02,2418.3,1288.03,1282.79,1297.26,1276.8,90.83999633789062,59.689998626708984,58.147300720214844
447,2022-09-16,7.59,7.44,7.4,7.39,7.4,7.6,7.89,8.47,8.88,9.21,9.42,9.52,9.65,99.702,99.702,99.702,99.702,-0.10%,88.26,89.15,89.15,88.2,-0.38%,98.81,98.81,98.81,98.81,-0.62%,91.69,91.69,91.69,91.69,-0.73%,78.46,79.08,79.6,78.25,-1.18%,137.73,243.8,4519.0,359.05,438.7,16228.0,781.4,117.14,1180.0,236.4,2435.18,2446.09,2469.02,2427.68,1275.03,1286.66,1295.26,1271.06,91.3499984741211,59.59000015258789,58.375099182128906
448,2022-09-19,7.34,7.48,7.46,7.47,7.5,7.73,8.03,8.65,9.09,9.43,9.69,9.82,9.97,99.2,99.2,99.2,99.2,-0.50%,86.8,88.77,88.97,86.75,-1.65%,97.7,97.7,97.7,97.7,-1.12%,90.4,90.4,90.4,90.4,-1.41%,77.14,78.61,78.76,76.77,-1.68%,138.04,244.21,4496.0,358.25,438.3,16016.0,782.4,116.7,1171.8,235.85,2430.54,2436.48,2453.03,2427.19,1272.66,1274.86,1284.15,1267.99,92.0,59.5,59.925899505615234
449,2022-09-20,7.41,7.58,7.63,7.7,7.78,8.17,8.56,9.25,9.71,10.05,10.3,10.42,10.57,97.63,97.63,97.63,97.63,-1.58%,84.28,87.05,87.05,84.5,-2.90%,94.68,94.68,94.68,94.68,-3.09%,87.234,87.234,87.234,87.234,-3.50%,74.15,77.14,77.14,73.8,-3.87%,125.1,221.15,4055.0,330.9,413.1,15260.0,728.6,108.82,1044.0,226.7,2215.67,2430.53,2436.3,2171.92,1154.17,1271.28,1277.24,1139.99,90.62000274658203,60.040000915527344,59.1078987121582
450,2022-09-21,7.54,7.53,7.66,7.79,7.91,8.31,8.6,9.16,9.59,9.91,10.14,10.26,10.42,97.9,97.9,97.9,97.9,0.28%,85.3,84.28,85.4,81.1,1.21%,95.0,95.0,95.0,95.0,0.34%,87.921,87.921,87.921,87.921,0.79%,75.01,73.51,75.47,71.15,1.16%,120.23,214.07,3955.0,312.55,379.7,14776.0,700.8,100.42,1009.2,216.5,2130.71,2052.89,2186.43,2002.73,1106.82,1041.2,1132.61,1017.86,89.83000183105469,60.400001525878906,58.7859001159668
451,2022-09-22,7.59,7.41,7.55,7.7,7.85,8.39,8.83,9.5,9.9,10.19,10.42,10.54,10.67,96.75,96.75,96.75,96.75,-1.17%,84.13,84.15,85.67,83.5,-1.38%,94.01,94.01,94.01,94.01,-1.05%,86.652,86.652,86.652,86.652,-1.44%,73.61,75.01,75.99,73.0,-1.87%,124.31,231.45,4011.0,315.5,395.9,14794.0,724.2,100.5,1016.6,214.9,2190.87,2138.39,2216.85,2138.39,1174.61,1104.5,1183.75,1104.5,90.45999908447266,61.564998626708984,59.57379913330078
452,2022-09-23,7.52,7.55,7.71,7.87,8.02,8.55,8.98,9.62,10.01,10.31,10.55,10.67,10.81,96.232,96.232,96.232,96.232,-0.54%,83.36,83.9,84.18,82.82,-0.91%,92.75,92.75,92.75,92.75,-1.34%,85.9,85.9,85.9,85.9,-0.87%,72.71,73.61,74.92,72.2,-1.23%,119.39,224.84,3948.5,296.7,381.3,14148.0,700.4,91.62,950.8,200.65,2089.87,2192.11,2192.68,2071.37,1141.81,1168.13,1168.63,1123.07,86.1500015258789,61.46500015258789,59.24359893798828
453,2022-09-26,7.5,8.25,8.32,8.4,8.49,8.84,9.2,9.84,10.25,10.56,10.82,10.97,11.13,95.074,95.074,95.074,95.074,-1.20%,82.72,83.36,83.36,80.5,-0.77%,91.68,91.68,91.68,91.68,-1.15%,84.782,84.782,84.782,84.782,-1.30%,71.0,72.7,72.7,69.16,-2.35%,107.06,206.0,3708.0,257.9,345.0,12850.0,606.0,77.3,897.6,186.3,1933.35,2054.56,2054.56,1841.42,1043.44,1105.27,1105.27,1002.6,84.05999755859375,57.21500015258789,56.037498474121094
454,2022-09-27,7.58,8.18,8.17,8.19,8.24,8.57,8.95,9.64,10.09,10.42,10.7,10.84,11.0,96.724,96.724,96.724,96.724,1.74%,83.54,80.51,83.77,80.51,1.00%,93.21,93.21,93.21,93.21,1.67%,85.211,85.211,85.211,85.211,0.51%,71.96,71.0,72.4,70.1,1.35%,112.92,217.3,3865.0,266.95,361.1,13278.0,624.4,81.88,984.8,187.45,1953.46,1930.58,1975.32,1904.24,1053.46,1043.27,1072.82,1027.99,86.2699966430664,58.46500015258789,55.15299987792969
455,2022-09-28,7.73,8.2,8.19,8.23,8.3,8.74,9.22,9.91,10.27,10.5,10.69,10.8,10.9,96.079,96.079,96.079,96.079,-0.67%,82.86,84.25,84.25,82.5,-0.82%,92.93,92.93,92.93,92.93,-0.30%,84.365,84.365,84.365,84.365,-0.99%,70.91,72.08,72.79,70.76,-1.46%,111.06,217.38,3907.5,263.0,359.4,12930.0,616.6,81.7,967.8,186.0,1963.86,1978.89,2018.99,1948.25,1074.57,1059.03,1082.53,1050.69,89.31999969482422,58.8650016784668,55.31800079345703
456,2022-09-29,7.89,8.44,8.49,8.58,8.69,9.16,9.59,10.14,10.42,10.62,10.8,10.9,10.97,95.069,95.069,95.069,95.069,-1.05%,81.8,83.04,83.04,81.11,-1.27%,92.09,92.09,92.09,92.09,-0.90%,83.1,83.1,83.1,83.1,-1.50%,70.0,70.92,71.38,69.7,-1.28%,110.41,226.46,3882.5,256.05,352.1,12338.0,580.8,78.06,964.8,183.0,1953.77,1998.24,2005.8,1917.62,1072.26,1085.22,1092.66,1054.57,88.48999786376953,58.41510009765625,54.52920150756836
457,2022-09-30,7.86,8.61,8.64,8.71,8.79,9.21,9.65,10.28,10.61,10.79,10.96,11.05,11.15,95.0,95.0,95.0,95.0,-0.07%,81.67,83.05,83.6,81.13,-0.16%,91.2,91.2,91.2,91.2,-0.97%,82.67,82.67,82.67,82.67,-0.52%,69.8,70.0,70.08,68.83,-0.29%,110.21,217.7,3965.0,264.05,362.1,12458.0,622.0,84.9,969.0,191.65,1957.31,1977.75,2005.21,1872.95,1055.72,1091.52,1172.34,1037.78,87.95999908447266,57.46500015258789,55.34120178222656
458,2022-10-03,8.17,8.31,8.33,8.38,8.44,8.76,9.13,9.79,10.21,10.5,10.73,10.85,10.97,96.699,96.699,96.699,96.699,1.79%,83.03,82.92,83.05,81.55,1.67%,92.99,92.99,92.99,92.99,1.96%,84.137,84.137,84.137,84.137,1.77%,71.42,69.8,72.09,69.3,2.32%,114.35,215.83,4077.0,287.9,383.8,13186.0,634.2,86.76,1013.4,197.05,2041.96,1991.88,2047.54,1972.43,1091.87,1080.33,1116.35,1069.91,88.86000061035156,60.21500015258789,56.44940185546875
459,2022-10-04,7.92,7.93,8.02,8.12,8.23,8.67,9.07,9.69,10.08,10.35,10.57,10.7,10.83,96.824,96.824,96.824,96.824,0.13%,83.25,83.03,83.6,82.97,0.27%,93.83,93.83,93.83,93.83,0.90%,85.199,85.199,85.199,85.199,1.26%,72.1,72.1,72.95,71.42,0.96%,110.55,210.72,4094.0,283.75,381.3,12956.0,610.2,83.3,1007.0,202.7,2046.42,2071.19,2079.67,2016.59,1100.14,1103.82,1115.83,1080.17,91.80000305175781,57.9900016784668,56.627601623535156
460,2022-10-05,7.9,7.8,7.91,8.04,8.16,8.67,9.1,9.72,10.07,10.3,10.5,10.59,10.69,96.501,96.501,96.501,96.501,-0.33%,83.3,84.0,86.95,83.01,0.06%,93.7,93.7,93.7,93.7,-0.14%,85.149,85.149,85.149,85.149,-0.06%,72.18,72.5,72.5,71.75,0.11%,108.51,209.05,4102.5,283.0,382.7,12516.0,595.0,80.42,1000.0,206.55,2029.88,2041.5,2045.62,1971.91,1061.97,1103.66,1103.66,1050.87,93.37000274658203,58.9900016784668,57.857398986816406
461,2022-10-06,7.95,7.72,7.86,8.0,8.13,8.58,8.94,9.55,9.96,10.29,10.57,10.72,10.88,96.799,96.799,96.799,96.799,0.31%,83.6,84.41,86.95,83.06,0.36%,93.86,93.86,93.86,93.86,0.17%,85.63,85.63,85.63,85.63,0.56%,72.51,71.82,72.9,71.82,0.45%,108.24,212.86,4041.0,286.8,391.7,12400.0,591.0,78.22,963.2,208.25,2020.63,2027.3,2053.86,2015.09,1044.82,1057.55,1079.76,1044.82,94.41999816894531,61.28990173339844,58.54999923706055
462,2022-10-07,7.97,7.68,7.81,7.94,8.08,8.55,8.92,9.57,10.02,10.37,10.65,10.79,10.93,96.8,96.8,96.8,96.8,0.00%,82.92,83.32,83.73,82.75,-0.81%,93.32,93.32,93.32,93.32,-0.57%,85.41,85.41,85.41,85.41,-0.26%,71.03,72.51,72.6,71.85,-2.04%,101.5,195.15,3875.0,269.0,365.8,11932.0,572.6,73.9,906.4,196.2,1944.75,2012.95,2012.95,1939.54,1005.04,1044.34,1044.34,998.54,97.91999816894531,60.4900016784668,58.497798919677734
463,2022-10-10,7.62,7.82,7.99,8.15,8.29,8.75,9.1,9.74,10.18,10.49,10.77,10.93,11.1,96.297,96.297,96.297,96.297,-0.52%,83.3,82.67,86.95,81.1,0.46%,92.41,92.41,92.41,92.41,-0.98%,84.704,84.704,84.704,84.704,-0.83%,71.5,71.0,71.38,70.2,0.66%,106.71,163.89,4035.0,277.85,353.2,12500.0,592.6,78.12,960.0,200.1,1916.97,1783.66,1917.91,1775.04,963.88,912.31,964.25,906.88,96.19000244140625,64.33499908447266,58.76169967651367
464,2022-10-11,7.55,7.6,7.78,7.95,8.11,8.63,8.98,9.57,9.97,10.29,10.54,10.67,10.81,96.361,96.361,96.361,96.361,0.07%,83.53,83.06,83.83,83.04,0.27%,93.2,93.2,93.2,93.2,0.85%,85.738,85.738,85.738,85.738,1.22%,72.71,71.0,72.74,70.81,1.70%,107.72,162.89,4170.0,287.3,353.0,12794.0,600.6,82.8,965.8,210.1,1949.46,1928.74,1952.8,1909.11,964.67,954.6,971.24,941.93,94.29000091552734,61.96500015258789,59.18730163574219
465,2022-10-12,7.62,7.72,7.92,8.1,8.26,8.7,8.98,9.51,9.91,10.26,10.55,10.7,10.87,96.7,96.7,96.7,96.7,0.35%,83.84,84.79,84.79,83.29,0.38%,93.57,93.57,93.57,93.57,0.39%,85.709,85.709,85.709,85.709,-0.03%,72.61,72.5,72.93,72.39,-0.14%,105.9,161.8,4149.0,292.0,351.4,12698.0,596.0,82.3,972.8,204.15,1951.65,1965.39,1974.59,1937.93,954.53,959.27,976.45,953.87,92.44999694824219,64.125,61.703800201416016
466,2022-10-13,7.65,7.66,7.83,7.98,8.12,8.55,8.87,9.43,9.84,10.2,10.5,10.67,10.84,96.956,96.956,96.956,96.956,0.26%,84.0,84.8,84.8,83.61,0.19%,93.9,93.9,93.9,93.9,0.35%,85.905,85.905,85.905,85.905,0.23%,73.21,72.61,73.52,72.51,0.83%,106.5,160.84,4185.5,298.8,353.0,12616.0,590.6,82.42,981.0,203.5,1955.2,1950.24,1975.84,1941.18,968.34,964.28,987.25,960.16,94.56999969482422,63.689998626708984,61.6682014465332
467,2022-10-14,7.6,7.64,7.79,7.93,8.06,8.49,8.82,9.41,9.84,10.19,10.49,10.66,10.84,96.881,96.881,96.881,96.881,-0.08%,84.03,84.15,84.82,83.9,0.03%,93.91,93.91,93.91,93.91,0.01%,85.906,85.906,85.906,85.906,0.00%,73.0,73.21,73.39,72.9,-0.29%,107.78,159.6,4139.0,299.55,351.8,12640.0,616.0,82.46,974.0,208.3,1950.98,1963.38,1965.77,1933.29,990.66,974.06,994.77,966.46,91.62999725341797,63.964900970458984,60.75379943847656
468,2022-10-17,7.56,7.69,7.82,7.93,8.04,8.4,8.72,9.31,9.76,10.15,10.49,10.68,10.88,97.328,97.328,97.328,97.328,0.46%,84.76,84.9,86.94,84.1,0.87%,94.3,94.3,94.3,94.3,0.42%,86.78,86.78,86.78,86.78,1.02%,73.62,73.0,73.64,73.0,0.84%,112.44,163.24,4212.5,313.45,365.6,13246.0,655.4,87.72,1008.4,218.65,2012.85,1958.18,2013.61,1955.7,1027.83,989.58,1029.08,989.23,91.62000274658203,62.6150016784668,60.52519989013672
469,2022-10-18,7.63,7.69,7.8,7.9,8.0,8.34,8.66,9.3,9.78,10.17,10.49,10.66,10.85,97.425,97.425,97.425,97.425,0.10%,84.4,85.05,85.05,84.39,-0.42%,94.3,94.3,94.3,94.3,0.00%,86.49,86.49,86.49,86.49,-0.33%,73.25,73.78,74.0,73.2,-0.50%,110.88,160.2,4240.0,305.45,357.7,13222.0,644.0,84.94,988.4,213.55,2032.4,2031.56,2039.67,1999.38,1039.76,1033.76,1044.94,1020.09,90.02999877929688,62.01499938964844,58.9369010925293
470,2022-10-19,7.65,7.7,7.74,7.8,7.87,8.2,8.57,9.26,9.76,10.16,10.49,10.66,10.86,97.5,97.5,97.5,97.5,0.08%,84.5,85.79,85.79,84.26,0.12%,94.16,94.16,94.16,94.16,-0.15%,86.61,86.61,86.61,86.61,0.14%,73.59,73.32,73.64,73.0,0.47%,112.39,161.29,4204.5,307.95,359.6,13018.0,653.8,85.28,995.0,215.3,1978.4,1986.67,2006.06,1953.74,1010.24,1013.27,1024.52,1000.62,92.41000366210938,62.26499938964844,60.12329864501953
471,2022-10-20,7.71,7.72,7.71,7.73,7.77,8.08,8.46,9.22,9.75,10.18,10.53,10.71,10.91,97.664,97.664,97.664,97.664,0.17%,84.88,85.79,85.79,84.49,0.45%,94.28,94.28,94.28,94.28,0.13%,86.964,86.964,86.964,86.964,0.41%,73.51,73.61,73.7,73.12,-0.11%,116.98,160.75,4380.5,310.85,362.1,13084.0,687.0,89.3,1003.2,217.2,2025.51,1998.74,2032.58,1991.09,1041.56,1018.87,1045.67,1016.51,92.37999725341797,60.96500015258789,59.397701263427734
472,2022-10-21,7.72,7.68,7.63,7.63,7.66,7.95,8.34,9.17,9.74,10.16,10.46,10.61,10.8,98.121,98.121,98.121,98.121,0.47%,85.23,84.88,87.0,84.65,0.42%,94.36,94.36,94.36,94.36,0.08%,87.191,87.191,87.191,87.191,0.26%,73.79,73.5,74.0,73.3,0.38%,119.45,166.99,4433.0,311.3,362.4,13160.0,732.2,94.32,1007.6,215.8,2043.71,2026.44,2049.0,2000.68,1050.57,1038.27,1055.95,1027.04,93.5,61.6150016784668,59.3130989074707
473,2022-10-24,7.69,7.7,7.64,7.62,7.65,7.92,8.32,9.15,9.72,10.14,10.45,10.61,10.79,98.512,98.512,98.512,98.512,0.40%,85.27,85.24,85.24,84.87,0.04%,94.25,94.25,94.25,94.25,-0.12%,87.25,87.25,87.25,87.25,0.07%,73.96,73.79,74.0,73.5,0.24%,118.8,165.47,4439.5,313.6,372.0,13152.0,727.6,93.46,1006.8,215.75,2063.95,2070.36,2088.31,2048.37,1062.66,1067.65,1076.68,1055.4,93.26000213623047,61.6150016784668,59.45000076293945
474,2022-10-25,7.7,7.6,7.59,7.61,7.65,7.95,8.32,9.13,9.72,10.17,10.51,10.69,10.9,98.411,98.411,98.411,98.411,-0.10%,84.79,85.0,86.49,84.5,-0.56%,94.27,94.27,94.27,94.27,0.02%,87.362,87.362,87.362,87.362,0.13%,73.83,74.03,74.03,73.48,-0.18%,124.36,172.38,4569.5,332.4,382.7,13470.0,757.2,96.28,1036.8,219.0,2130.65,2066.28,2130.65,2058.09,1090.96,1059.94,1090.96,1056.97,93.5199966430664,61.21500015258789,58.8651008605957
475,2022-10-26,7.65,7.63,7.59,7.59,7.62,7.93,8.35,9.19,9.76,10.18,10.48,10.64,10.83,98.36,98.36,98.36,98.36,-0.05%,84.81,84.91,85.21,84.6,0.03%,94.29,94.29,94.29,94.29,0.03%,87.355,87.355,87.355,87.355,-0.01%,73.9,73.93,74.15,73.63,0.10%,124.43,171.98,4613.5,340.65,380.9,13136.0,779.6,100.2,1041.8,219.05,2120.58,2131.18,2144.56,2093.12,1088.59,1089.87,1098.58,1076.07,95.69000244140625,62.21500015258789,60.119598388671875
476,2022-10-27,7.62,7.54,7.53,7.56,7.62,8.01,8.44,9.27,9.81,10.17,10.42,10.57,10.75,97.75,97.75,97.75,97.75,-0.62%,85.17,84.99,84.99,84.6,0.42%,94.2,94.2,94.2,94.2,-0.10%,87.356,87.356,87.356,87.356,0.00%,74.0,74.2,74.25,73.6,0.13%,126.61,172.47,4724.0,343.85,382.6,13266.0,826.4,105.58,1078.0,222.75,2164.64,2133.81,2164.64,2123.57,1105.71,1092.36,1111.9,1086.52,96.95999908447266,61.2400016784668,61.142601013183594
477,2022-10-28,7.64,7.42,7.45,7.52,7.6,8.03,8.45,9.25,9.78,10.16,10.43,10.56,10.73,98.2,98.2,98.2,98.2,0.46%,84.84,84.98,85.0,84.55,-0.38%,94.01,94.01,94.01,94.01,-0.20%,87.2,87.2,87.2,87.2,-0.18%,73.76,74.12,74.2,73.63,-0.32%,126.97,170.73,4700.5,341.8,384.9,13548.0,816.4,105.98,1106.2,224.5,2167.7,2154.28,2171.88,2130.75,1113.75,1103.01,1113.75,1089.82,95.7699966430664,61.290000915527344,61.223201751708984
478,2022-10-31,7.54,7.43,7.51,7.61,7.72,8.2,8.64,9.37,9.84,10.18,10.45,10.59,10.75,97.611,97.611,97.611,97.611,-0.60%,84.59,84.85,84.85,84.39,-0.30%,94.24,94.24,94.24,94.24,0.25%,86.695,86.695,86.695,86.695,-0.58%,73.69,73.76,73.77,73.37,-0.09%,126.72,170.27,4695.5,333.9,387.4,13758.0,786.8,103.08,1104.0,225.8,2166.61,2173.0,2184.38,2155.75,1111.68,1108.82,1117.23,1099.33,94.83000183105469,61.4900016784668,60.6713981628418
479,2022-11-01,7.6,7.52,7.56,7.62,7.7,8.13,8.58,9.38,9.89,10.23,10.46,10.59,10.75,97.7,97.7,97.7,97.7,0.09%,84.44,84.84,84.84,84.25,-0.17%,94.22,94.22,94.22,94.22,-0.02%,86.736,86.736,86.736,86.736,0.05%,73.68,73.69,73.84,73.51,-0.02%,127.05,169.92,4700.0,332.35,388.0,13624.0,789.2,103.28,1109.2,226.7,2174.35,2179.15,2185.6,2161.18,1118.19,1115.36,1119.62,1110.5,94.6500015258789,62.01499938964844,60.5099983215332
480,2022-11-02,7.65,7.49,7.52,7.59,7.69,8.17,8.67,9.49,10.01,10.37,10.65,10.8,10.97,97.22,97.22,97.22,97.22,-0.49%,84.1,84.85,84.85,83.41,-0.41%,93.6,93.6,93.6,93.6,-0.66%,86.101,86.101,86.101,86.101,-0.73%,72.7,73.89,73.89,72.05,-1.33%,125.49,167.72,4670.0,333.7,383.0,13404.0,770.0,100.62,1102.4,223.45,2173.84,2178.25,2184.89,2160.56,1108.69,1115.41,1118.06,1106.41,96.16000366210938,61.714900970458984,60.59080123901367
481,2022-11-03,7.68,7.37,7.39,7.46,7.55,8.06,8.6,9.46,9.98,10.35,10.64,10.8,10.98,97.577,97.577,97.577,97.577,0.37%,84.1,84.85,84.85,83.41,-0.41%,93.83,93.83,93.83,93.83,0.25%,85.961,85.961,85.961,85.961,-0.16%,72.7,73.89,73.89,72.05,-1.33%,125.75,169.14,4687.0,335.0,385.3,13406.0,782.0,104.0,1108.0,222.3,2155.92,2145.54,2156.78,2123.32,1094.3,1088.34,1098.49,1076.71,94.66999816894531,61.665000915527344,60.36759948730469
482,2022-11-04,7.68,7.37,7.39,7.46,7.55,8.06,8.6,9.46,9.98,10.35,10.64,10.8,10.98,97.577,97.577,97.577,97.577,0.37%,84.1,84.85,84.85,83.41,-0.41%,93.83,93.83,93.83,93.83,0.25%,85.961,85.961,85.961,85.961,-0.16%,72.7,73.89,73.89,72.05,-1.33%,125.75,169.14,4687.0,335.0,385.3,13406.0,782.0,104.0,1108.0,222.3,2155.92,2145.54,2156.78,2123.32,1094.3,1088.34,1098.49,1076.71,98.56999969482422,62.314998626708984,59.96609878540039
483,2022-11-07,7.63,7.31,7.33,7.39,7.5,8.07,8.64,9.52,10.02,10.35,10.63,10.78,10.94,97.385,97.385,97.385,97.385,-0.20%,83.86,84.78,84.78,83.7,-0.28%,94.16,94.16,94.16,94.16,0.35%,86.18,86.18,86.18,86.18,0.25%,72.79,72.77,73.1,72.45,0.12%,132.0,169.85,4723.5,356.7,393.4,14070.0,824.0,109.92,1140.8,227.7,2208.78,2176.33,2208.78,2172.34,1140.78,1113.47,1140.78,1111.48,97.91999816894531,61.96500015258789,59.96609878540039
484,2022-11-08,7.6,7.42,7.43,7.49,7.6,8.18,8.77,9.67,10.18,10.53,10.82,10.97,11.14,97.0,97.0,97.0,97.0,-0.40%,82.85,84.78,84.78,82.5,-1.21%,93.0,93.0,93.0,93.0,-1.24%,85.015,85.015,85.015,85.015,-1.35%,71.8,72.79,72.95,71.81,-1.36%,131.29,169.97,4697.5,351.95,391.9,13968.0,822.4,109.12,1134.8,230.45,2207.2,2213.39,2221.13,2188.22,1143.05,1138.94,1145.75,1127.81,95.36000061035156,63.165000915527344,59.88410186767578
485,2022-11-09,7.68,7.51,7.53,7.59,7.68,8.17,8.69,9.54,10.08,10.48,10.8,10.98,11.17,97.099,97.099,97.099,97.099,0.10%,83.24,83.5,83.5,82.6,0.47%,93.15,93.15,93.15,93.15,0.17%,85.414,85.414,85.414,85.414,0.47%,72.1,71.8,72.3,71.8,0.41%,127.3,167.1,4632.0,348.6,386.5,13720.0,785.4,104.26,1105.0,224.75,2166.56,2201.06,2205.92,2166.42,1113.93,1135.89,1138.82,1112.69,92.6500015258789,60.939998626708984,60.487701416015625
486,2022-11-10,7.58,7.51,7.5,7.55,7.62,8.08,8.58,9.44,10.0,10.42,10.74,10.9,11.09,97.414,97.414,97.414,97.414,0.32%,83.9,84.55,84.55,83.06,0.79%,93.49,93.49,93.49,93.49,0.36%,86.001,86.001,86.001,86.001,0.69%,72.69,72.1,72.65,71.9,0.82%,136.68,168.9,4681.0,358.25,388.3,14044.0,800.4,107.32,1124.0,228.35,2210.02,2167.96,2211.21,2161.57,1150.36,1111.17,1151.01,1108.56,93.66999816894531,61.6150016784668,60.83209991455078
487,2022-11-11,7.09,7.49,7.46,7.49,7.55,8.0,8.53,9.42,9.98,10.39,10.72,10.89,11.08,97.395,97.395,97.395,97.395,-0.02%,84.04,84.66,84.83,83.75,0.17%,93.64,93.64,93.64,93.64,0.16%,85.88,85.88,85.88,85.88,-0.14%,72.5,72.7,72.71,71.95,-0.26%,136.98,169.86,4670.0,356.95,385.1,14764.0,798.8,107.0,1113.0,235.0,2217.44,2221.68,2224.97,2204.33,1158.24,1164.23,1166.23,1152.01,95.98999786376953,60.71500015258789,60.155601501464844
488,2022-11-14,6.95,7.32,7.34,7.41,7.51,8.06,8.63,9.52,10.03,10.37,10.66,10.83,11.02,97.362,97.362,97.362,97.362,-0.03%,83.85,84.3,84.3,83.6,-0.23%,93.8,93.8,93.8,93.8,0.17%,85.902,85.902,85.902,85.902,0.03%,72.43,72.21,72.72,72.21,-0.10%,139.8,169.6,4658.5,350.85,384.4,15456.0,795.2,106.98,1118.0,234.55,2244.77,2230.8,2245.9,2221.31,1170.05,1162.14,1172.78,1155.75,93.13999938964844,60.51499938964844,61.76900100708008
489,2022-11-15,7.09,7.32,7.33,7.39,7.48,8.0,8.54,9.44,9.99,10.4,10.71,10.87,11.05,97.256,97.256,97.256,97.256,-0.11%,83.78,83.85,83.9,83.58,-0.08%,93.46,93.46,93.46,93.46,-0.36%,85.804,85.804,85.804,85.804,-0.11%,72.49,72.43,72.7,72.15,0.09%,135.66,166.25,4565.0,338.4,375.5,14984.0,773.2,103.94,1084.6,231.1,2223.26,2249.22,2254.94,2211.19,1159.59,1171.57,1177.36,1154.46,93.86000061035156,59.53499984741211,61.732398986816406
490,2022-11-16,7.54,7.34,7.37,7.44,7.53,7.99,8.46,9.29,9.83,10.19,10.44,10.58,10.76,97.715,97.715,97.715,97.715,0.47%,84.8,84.0,84.85,83.58,1.22%,94.15,94.15,94.15,94.15,0.74%,86.7,86.7,86.7,86.7,1.04%,73.63,72.79,73.79,72.49,1.57%,139.18,168.76,4661.5,342.5,383.2,15224.0,791.6,107.12,1109.0,233.75,2227.19,2199.1,2232.83,2191.95,1163.59,1145.87,1170.07,1142.55,92.86000061035156,61.3651008605957,62.51319885253906
491,2022-11-17,7.55,7.2,7.27,7.38,7.49,7.97,8.44,9.26,9.81,10.23,10.53,10.69,10.87,98.1,98.1,98.1,98.1,0.39%,84.69,84.84,84.85,84.14,-0.13%,94.19,94.19,94.19,94.19,0.05%,86.741,86.741,86.741,86.741,0.05%,73.46,73.8,73.9,73.24,-0.23%,137.57,168.99,4621.0,336.95,378.0,14946.0,785.4,105.68,1099.8,232.6,2212.93,2227.54,2235.76,2200.11,1151.56,1162.3,1164.75,1146.92,89.77999877929688,60.7400016784668,62.537601470947266
492,2022-11-18,7.54,7.31,7.32,7.37,7.44,7.87,8.35,9.23,9.8,10.23,10.54,10.71,10.9,98.003,98.003,98.003,98.003,-0.10%,85.0,84.7,85.0,84.6,0.36%,94.04,94.04,94.04,94.04,-0.17%,86.721,86.721,86.721,86.721,-0.02%,73.74,73.62,73.69,73.2,0.38%,136.89,168.79,4623.0,336.9,376.2,14986.0,788.2,105.9,1092.2,230.45,2206.32,2208.39,2211.7,2189.93,1147.03,1149.45,1153.45,1140.19,87.62000274658203,60.3650016784668,61.33470153808594
493,2022-11-21,7.42,7.4,7.41,7.46,7.52,7.91,8.37,9.26,9.88,10.34,10.68,10.86,11.07,98.0,98.0,98.0,98.0,0.00%,84.88,84.2,85.14,84.2,-0.14%,93.84,93.84,93.84,93.84,-0.21%,86.205,86.205,86.205,86.205,-0.60%,73.39,73.74,74.01,73.1,-0.48%,134.46,168.13,4605.5,331.85,368.8,14654.0,776.2,104.32,1075.4,227.7,2166.31,2204.9,2204.9,2161.35,1122.29,1145.4,1145.4,1120.24,87.44999694824219,60.814998626708984,62.232601165771484
494,2022-11-22,7.25,7.3,7.34,7.4,7.48,7.9,8.37,9.24,9.84,10.32,10.7,10.89,11.1,98.045,98.045,98.045,98.045,0.05%,84.88,84.77,84.88,84.5,0.00%,93.5,93.5,93.5,93.5,-0.36%,86.25,86.25,86.25,86.25,0.05%,73.15,73.44,73.5,72.85,-0.32%,135.65,168.08,4618.0,334.95,369.7,14802.0,789.6,106.84,1073.2,228.15,2196.04,2179.76,2200.06,2169.62,1142.58,1128.46,1146.33,1123.46,88.36000061035156,60.625,61.990299224853516
495,2022-11-23,6.92,7.33,7.35,7.4,7.48,7.9,8.37,9.25,9.86,10.32,10.66,10.84,11.05,98.1,98.1,98.1,98.1,0.06%,84.9,84.88,85.0,84.57,0.02%,93.54,93.54,93.54,93.54,0.05%,86.474,86.474,86.474,86.474,0.26%,73.35,73.37,73.39,72.7,0.27%,136.59,169.15,4679.0,337.95,368.3,14752.0,798.4,106.74,1089.6,232.85,2211.89,2196.24,2217.4,2180.64,1147.43,1143.87,1154.65,1135.82,85.41000366210938,60.630001068115234,61.82160186767578
496,2022-11-24,6.82,7.29,7.32,7.38,7.46,7.87,8.33,9.21,9.81,10.25,10.58,10.75,10.95,98.181,98.181,98.181,98.181,0.08%,85.35,84.52,85.2,84.52,0.53%,93.6,93.6,93.6,93.6,0.06%,86.65,86.65,86.65,86.65,0.20%,73.7,73.16,73.76,72.91,0.48%,136.61,168.96,4664.0,334.75,367.3,14766.0,792.0,106.16,1078.0,233.5,2210.95,2214.14,2225.92,2206.12,1146.28,1153.03,1161.62,1144.05,85.41000366210938,60.76499938964844,62.209999084472656
497,2022-11-25,7.03,7.32,7.35,7.41,7.49,7.9,8.35,9.19,9.77,10.23,10.59,10.78,10.99,98.221,98.221,98.221,98.221,0.04%,85.29,85.35,85.99,84.95,-0.07%,93.73,93.73,93.73,93.73,0.14%,86.538,86.538,86.538,86.538,-0.13%,73.77,73.69,73.83,73.42,0.09%,136.53,169.03,4669.0,335.9,366.4,14632.0,791.6,105.4,1065.4,236.25,2195.17,2209.31,2211.1,2190.67,1141.07,1151.57,1151.95,1137.49,83.62999725341797,60.33000183105469,62.46440124511719
498,2022-11-28,7.06,7.24,7.29,7.36,7.45,7.9,8.38,9.23,9.81,10.25,10.59,10.76,10.96,98.141,98.141,98.141,98.141,-0.08%,85.19,86.7,86.7,84.95,-0.11%,93.55,93.55,93.55,93.55,-0.20%,86.5,86.5,86.5,86.5,-0.04%,73.58,73.8,73.9,73.4,-0.26%,135.53,168.1,4624.0,333.2,367.6,14570.0,791.6,105.76,1037.8,234.15,2177.45,2180.32,2182.16,2163.44,1122.46,1128.85,1133.21,1116.85,83.19000244140625,60.46500015258789,62.37900161743164
499,2022-11-29,7.14,7.08,7.18,7.3,7.42,7.92,8.4,9.26,9.84,10.26,10.57,10.73,10.94,98.258,98.258,98.258,98.258,0.12%,85.17,85.21,85.24,85.0,-0.02%,93.44,93.44,93.44,93.44,-0.12%,86.538,86.538,86.538,86.538,0.04%,73.63,73.71,73.71,73.4,0.06%,136.37,168.1,4602.0,335.9,367.8,14464.0,792.6,106.38,1039.8,236.95,2185.32,2180.65,2191.44,2178.34,1128.71,1125.25,1131.92,1120.01,83.02999877929688,61.814998626708984,62.361698150634766
500,2022-11-30,7.18,7.11,7.22,7.33,7.46,7.95,8.41,9.24,9.79,10.2,10.5,10.66,10.85,98.164,98.164,98.164,98.164,-0.10%,85.07,84.9,85.25,84.8,-0.12%,93.54,93.54,93.54,93.54,0.10%,86.556,86.556,86.556,86.556,0.02%,73.6,73.45,73.69,73.34,-0.04%,136.78,167.7,4614.5,336.25,366.0,14384.0,790.8,106.48,1040.0,236.4,2174.53,2184.27,2184.27,2172.67,1125.14,1129.01,1131.41,1122.97,85.43000030517578,60.810001373291016,61.811100006103516
501,2022-12-01,7.22,6.93,7.09,7.25,7.4,7.96,8.43,9.26,9.82,10.24,10.55,10.71,10.9,98.0,98.0,98.0,98.0,-0.17%,85.0,85.26,85.26,84.88,-0.08%,93.51,93.51,93.51,93.51,-0.03%,86.213,86.213,86.213,86.213,-0.40%,73.39,73.7,73.7,73.1,-0.29%,137.15,166.98,4599.5,335.9,363.9,14650.0,784.6,106.62,1055.4,234.7,2187.29,2189.65,2193.41,2183.57,1123.63,1132.08,1134.18,1120.93,86.87999725341797,60.9900016784668,62.70790100097656
502,2022-12-02,7.42,7.05,7.18,7.31,7.45,7.99,8.47,9.3,9.85,10.28,10.62,10.79,10.99,98.038,98.038,98.038,98.038,0.04%,84.95,85.13,85.13,84.95,-0.06%,93.57,93.57,93.57,93.57,0.06%,86.19,86.19,86.19,86.19,-0.03%,73.38,73.45,73.5,73.1,-0.01%,136.66,165.86,4577.5,335.0,361.1,14484.0,778.0,105.44,1046.0,233.7,2180.44,2189.19,2189.35,2173.48,1107.55,1117.28,1117.64,1106.83,85.56999969482422,61.18000030517578,63.187599182128906
503,2022-12-05,7.29,7.15,7.23,7.33,7.45,7.97,8.49,9.35,9.9,10.31,10.61,10.76,10.93,97.851,97.851,97.851,97.851,-0.19%,85.06,85.0,85.35,84.8,0.12%,93.21,93.21,93.21,93.21,-0.38%,86.0,86.0,86.0,86.0,-0.22%,72.95,73.6,73.6,72.9,-0.58%,142.0,165.03,4619.0,340.45,362.7,14824.0,780.4,105.7,1045.0,233.05,2208.28,2179.79,2210.7,2174.17,1114.69,1101.85,1120.38,1097.92,82.68000030517578,60.51499938964844,64.86250305175781
504,2022-12-06,7.21,7.08,7.14,7.23,7.34,7.89,8.45,9.35,9.91,10.3,10.58,10.73,10.92,98.0,98.0,98.0,98.0,0.15%,85.0,85.15,85.37,84.9,-0.07%,93.48,93.48,93.48,93.48,0.28%,86.068,86.068,86.068,86.068,0.08%,72.78,73.25,73.3,72.7,-0.23%,140.61,164.3,4603.5,336.0,361.7,14718.0,784.0,106.56,1035.0,233.8,2196.24,2204.51,2208.36,2184.65,1097.09,1101.44,1103.55,1092.88,79.3499984741211,60.51499938964844,65.29540252685547
505,2022-12-07,7.26,7.16,7.22,7.3,7.41,7.92,8.43,9.32,9.89,10.29,10.59,10.75,10.94,98.0,98.0,98.0,98.0,0.00%,85.3,84.71,85.2,84.71,0.35%,93.31,93.31,93.31,93.31,-0.18%,86.035,86.035,86.035,86.035,-0.04%,73.0,72.9,73.1,72.7,0.30%,142.32,163.7,4592.5,335.1,361.6,15038.0,792.2,105.8,1036.0,233.5,2192.88,2185.01,2193.71,2166.77,1098.93,1094.24,1099.15,1082.1,77.16999816894531,60.51499938964844,65.57260131835938
506,2022-12-08,7.28,6.98,7.09,7.21,7.35,7.87,8.37,9.24,9.82,10.26,10.6,10.77,10.97,98.111,98.111,98.111,98.111,0.11%,85.29,84.71,85.4,84.71,-0.01%,93.65,93.65,93.65,93.65,0.37%,86.199,86.199,86.199,86.199,0.19%,73.24,73.15,73.5,72.91,0.33%,139.92,163.0,4578.0,333.7,361.0,14886.0,801.0,107.8,1048.2,233.15,2184.43,2196.17,2197.77,2174.57,1096.63,1101.06,1103.34,1094.49,76.1500015258789,63.464900970458984,65.08699798583984
507,2022-12-09,7.3,6.81,6.95,7.11,7.26,7.87,8.38,9.26,9.84,10.28,10.62,10.8,11.0,98.201,98.201,98.201,98.201,0.09%,85.36,85.39,85.39,85.03,0.08%,93.59,93.59,93.59,93.59,-0.07%,86.291,86.291,86.291,86.291,0.11%,73.4,73.5,73.5,73.2,0.22%,140.03,162.75,4583.0,336.15,364.5,14940.0,805.0,106.44,1042.6,233.65,2177.85,2178.93,2183.97,2169.04,1099.12,1097.83,1105.42,1093.19,76.0999984741211,63.3650016784668,65.20040130615234
508,2022-12-12,7.24,6.66,6.79,6.95,7.11,7.74,8.31,9.26,9.85,10.27,10.58,10.74,10.93,98.307,98.307,98.307,98.307,0.11%,85.33,85.38,85.9,85.19,-0.04%,93.6,93.6,93.6,93.6,0.01%,86.257,86.257,86.257,86.257,-0.04%,73.37,73.4,73.45,73.15,-0.04%,139.48,162.89,4583.5,335.2,360.1,14760.0,820.6,107.14,1040.8,231.1,2173.16,2178.33,2185.49,2163.33,1088.86,1096.97,1099.44,1083.07,77.98999786376953,62.47999954223633,65.49019622802734
509,2022-12-13,7.22,6.25,6.54,6.8,7.02,7.73,8.31,9.24,9.84,10.28,10.6,10.77,10.98,98.411,98.411,98.411,98.411,0.11%,85.35,85.77,85.77,85.2,0.03%,93.64,93.64,93.64,93.64,0.04%,86.162,86.162,86.162,86.162,-0.11%,73.19,73.39,73.39,73.04,-0.24%,138.13,162.4,4577.5,337.4,358.4,14924.0,841.6,107.38,1035.0,229.85,2174.38,2175.29,2177.95,2154.52,1088.97,1088.18,1089.27,1073.7,80.68000030517578,62.625,64.872802734375
510,2022-12-14,7.23,6.31,6.56,6.8,7.01,7.73,8.33,9.27,9.87,10.3,10.63,10.81,11.03,98.365,98.365,98.365,98.365,-0.05%,85.5,85.5,85.5,85.27,0.17%,93.6,93.6,93.6,93.6,-0.04%,86.13,86.13,86.13,86.13,-0.04%,73.0,73.2,73.29,72.7,-0.27%,137.3,160.74,4590.5,333.5,356.8,14718.0,838.2,108.84,1029.0,226.4,2159.81,2171.12,2171.31,2154.65,1060.74,1083.34,1083.34,1060.74,82.69999694824219,63.18000030517578,65.3572998046875
511,2022-12-15,7.24,6.46,6.64,6.81,6.99,7.69,8.31,9.3,9.91,10.37,10.72,10.9,11.11,98.387,98.387,98.387,98.387,0.02%,85.4,85.6,85.6,85.17,-0.11%,93.5,93.5,93.5,93.5,-0.10%,86.1,86.1,86.1,86.1,-0.03%,72.93,73.22,73.22,72.76,-0.10%,134.55,160.31,4521.0,328.0,351.8,14280.0,839.6,107.1,1006.8,221.15,2126.8,2151.69,2151.69,2115.21,1042.01,1053.77,1054.57,1033.89,81.20999908447266,64.71499633789062,66.10759735107422
512,2022-12-16,7.43,6.61,6.71,6.84,6.99,7.65,8.28,9.31,9.93,10.36,10.67,10.84,11.03,98.371,98.371,98.371,98.371,-0.02%,85.29,85.4,85.5,85.16,-0.14%,93.53,93.53,93.53,93.53,0.03%,86.152,86.152,86.152,86.152,0.06%,73.15,75.95,75.95,72.9,0.30%,135.45,160.24,4580.0,330.9,354.4,14498.0,853.8,108.36,1016.0,226.9,2132.75,2118.43,2135.79,2116.08,1038.63,1035.7,1041.68,1034.2,79.04000091552734,64.61499786376953,66.99359893798828
513,2022-12-19,7.38,7.11,7.15,7.23,7.34,7.88,8.41,9.34,9.95,10.44,10.82,11.01,11.23,98.31,98.31,98.31,98.31,-0.06%,85.1,85.55,85.55,84.8,-0.22%,93.21,93.21,93.21,93.21,-0.34%,85.744,85.744,85.744,85.744,-0.47%,72.57,73.23,73.23,72.4,-0.79%,134.64,157.61,4625.0,333.0,348.5,14652.0,875.4,111.34,1010.6,223.7,2129.98,2131.33,2139.07,2109.56,991.38,1030.51,1031.05,980.04,79.80000305175781,64.83999633789062,67.32990264892578
514,2022-12-20,7.42,7.2,7.21,7.26,7.35,7.87,8.43,9.39,10.0,10.47,10.82,11.0,11.2,97.905,97.905,97.905,97.905,-0.41%,84.98,85.23,85.23,84.85,-0.14%,92.84,92.84,92.84,92.84,-0.40%,85.622,85.622,85.622,85.622,-0.14%,72.54,72.73,72.73,72.21,-0.04%,138.28,158.94,4076.0,344.15,354.6,14816.0,885.8,114.46,1053.4,227.45,2119.37,2071.1,2119.37,2070.58,967.24,960.21,967.78,951.25,79.98999786376953,69.71499633789062,70.32540130615234
515,2022-12-21,7.41,7.35,7.28,7.28,7.33,7.8,8.37,9.37,10.01,10.47,10.82,11.0,11.2,97.907,97.907,97.907,97.907,0.00%,85.08,85.41,85.41,84.86,0.12%,92.8,92.8,92.8,92.8,-0.04%,85.18,85.18,85.18,85.18,-0.52%,72.41,72.54,72.54,72.25,-0.19%,137.75,157.59,4040.5,345.2,351.1,14870.0,869.0,114.64,1061.0,224.5,2116.13,2135.41,2139.49,2102.24,940.03,957.99,960.45,935.56,82.19999694824219,69.25,72.96189880371094
516,2022-12-22,7.36,7.14,7.17,7.24,7.35,7.88,8.42,9.36,9.97,10.45,10.81,11.0,11.22,98.154,98.154,98.154,98.154,0.25%,85.02,85.09,85.09,84.85,-0.08%,92.9,92.9,92.9,92.9,0.11%,85.265,85.265,85.265,85.265,0.10%,72.51,72.5,72.51,72.2,0.14%,137.69,157.95,4027.5,344.7,350.5,14958.0,882.4,113.76,1049.0,227.0,2122.91,2124.37,2134.48,2114.91,969.7,930.66,973.68,922.36,80.9800033569336,73.21499633789062,75.36319732666016
517,2022-12-23,7.35,7.28,7.29,7.33,7.41,7.88,8.39,9.34,9.98,10.46,10.82,11.01,11.22,98.006,98.006,98.006,98.006,-0.15%,85.17,85.21,85.21,84.87,0.18%,92.85,92.85,92.85,92.85,-0.06%,85.542,85.542,85.542,85.542,0.32%,72.6,72.51,72.6,72.31,0.13%,137.94,160.89,4010.5,343.3,349.4,14904.0,888.6,114.62,1048.0,227.0,2124.02,2121.99,2128.27,2110.59,963.51,964.1,986.42,955.86,83.91999816894531,68.21499633789062,76.2240982055664
518,2022-12-26,7.39,7.23,7.26,7.33,7.42,7.91,8.43,9.32,9.91,10.37,10.72,10.9,11.1,97.803,97.803,97.803,97.803,-0.21%,85.28,85.12,85.28,84.9,0.12%,93.23,93.23,93.23,93.23,0.41%,85.73,85.73,85.73,85.73,0.22%,72.8,72.55,72.65,72.34,0.27%,140.95,162.12,4010.0,352.4,350.8,15050.0,893.0,115.3,1052.4,228.9,2139.21,2126.4,2139.78,2126.4,977.29,960.83,986.87,959.42,83.91999816894531,70.21499633789062,73.50199890136719
519,2022-12-27,7.32,7.23,7.32,7.43,7.55,8.09,8.59,9.44,10.0,10.43,10.74,10.89,11.08,97.265,97.265,97.265,97.265,-0.55%,84.92,85.25,85.32,84.8,-0.42%,93.0,93.0,93.0,93.0,-0.25%,85.652,85.652,85.652,85.652,-0.09%,72.56,72.95,72.95,72.4,-0.32%,139.9,164.07,4028.5,355.45,348.9,15282.0,907.4,115.94,1052.0,229.8,2150.92,2142.08,2154.35,2138.11,960.51,983.05,984.3,947.91,84.33000183105469,68.33000183105469,74.28959655761719
520,2022-12-28,7.36,7.2,7.29,7.4,7.52,8.04,8.54,9.38,9.93,10.37,10.7,10.88,11.07,97.601,97.601,97.601,97.601,0.35%,85.1,84.9,85.3,84.9,0.21%,93.0,93.0,93.0,93.0,0.01%,85.81,85.81,85.81,85.81,0.18%,73.0,72.56,73.0,72.56,0.60%,139.51,161.82,4015.5,355.1,346.8,15140.0,888.8,115.56,1051.2,231.9,2139.77,2150.12,2152.47,2136.68,933.76,956.66,957.21,933.76,83.26000213623047,69.96499633789062,74.90979766845703
521,2022-12-29,7.37,6.94,7.1,7.26,7.42,8.03,8.54,9.39,9.95,10.39,10.73,10.9,11.1,97.601,97.601,97.601,97.601,0.00%,85.3,85.5,85.6,84.97,0.24%,93.04,93.04,93.04,93.04,0.04%,85.929,85.929,85.929,85.929,0.14%,72.98,73.01,73.23,72.6,-0.03%,140.96,162.91,4022.0,359.6,349.0,15242.0,888.2,115.24,1064.2,234.75,2147.06,2135.91,2149.94,2134.48,936.8,927.49,951.66,925.02,82.26000213623047,72.71499633789062,76.73040008544922
522,2022-12-30,7.37,6.68,6.87,7.06,7.25,7.95,8.52,9.37,9.89,10.31,10.63,10.82,11.04,97.599,97.599,97.599,97.599,0.00%,85.36,85.3,85.3,85.07,0.07%,93.11,93.11,93.11,93.11,0.07%,86.589,86.589,86.589,86.589,0.77%,73.3,72.98,73.29,72.9,0.44%,141.15,162.56,4069.5,365.4,348.5,15300.0,904.0,117.76,1078.4,236.4,2154.12,2149.83,2154.47,2139.79,970.6,941.35,986.62,940.99,85.91000366210938,73.96499633789062,76.12550354003906
523,2023-01-02,7.37,6.68,6.87,7.06,7.25,7.95,8.52,9.37,9.89,10.31,10.63,10.82,11.04,97.599,97.599,97.599,97.599,0.00%,85.36,85.3,85.3,85.07,0.07%,93.11,93.11,93.11,93.11,0.07%,86.589,86.589,86.589,86.589,0.77%,73.3,72.98,73.29,72.9,0.44%,141.15,162.56,4069.5,365.4,348.5,15300.0,904.0,117.76,1078.4,236.4,2154.12,2149.83,2154.47,2139.79,970.6,941.35,986.62,940.99,85.91000366210938,73.71499633789062,75.86720275878906
524,2023-01-03,7.37,6.6,6.71,6.85,7.01,7.69,8.32,9.28,9.86,10.27,10.58,10.74,10.94,98.178,98.178,98.178,98.178,0.59%,85.47,85.36,85.57,85.2,0.13%,93.45,93.45,93.45,93.45,0.37%,86.901,86.901,86.901,86.901,0.36%,73.42,73.26,73.69,73.26,0.17%,141.78,163.52,4123.5,368.05,351.6,15520.0,897.6,114.36,1072.6,235.35,2172.68,2157.18,2174.23,2157.18,963.08,966.38,979.85,957.53,82.0999984741211,70.99549865722656,75.80580139160156
525,2023-01-04,7.37,6.8,6.83,6.91,7.03,7.63,8.25,9.25,9.84,10.28,10.6,10.76,10.96,98.09,98.09,98.09,98.09,-0.09%,85.5,85.71,85.91,85.35,0.04%,93.58,93.58,93.58,93.58,0.13%,86.963,86.963,86.963,86.963,0.07%,73.4,73.47,73.65,73.23,-0.03%,141.43,162.51,4116.0,365.8,350.8,15574.0,888.6,112.34,1060.8,236.5,2168.42,2171.54,2179.56,2162.06,949.91,954.36,966.4,946.34,77.83999633789062,73.01499938964844,77.03399658203125
526,2023-01-05,7.37,6.98,6.95,6.99,7.06,7.6,8.21,9.21,9.82,10.26,10.59,10.77,10.96,98.176,98.176,98.176,98.176,0.09%,85.68,85.67,85.79,85.5,0.21%,93.67,93.67,93.67,93.67,0.09%,87.211,87.211,87.211,87.211,0.29%,73.44,73.33,73.4,73.3,0.06%,141.27,161.2,4087.0,367.5,349.4,15340.0,882.8,112.06,1053.0,236.15,2156.67,2170.4,2171.94,2154.16,940.85,953.11,961.56,940.14,78.69000244140625,72.46499633789062,75.83560180664062
527,2023-01-06,7.37,6.91,6.88,6.93,7.03,7.65,8.32,9.33,9.9,10.28,10.56,10.71,10.89,98.0,98.0,98.0,98.0,-0.18%,85.6,86.05,86.05,85.54,-0.10%,93.4,93.4,93.4,93.4,-0.28%,86.954,86.954,86.954,86.954,-0.29%,73.39,73.5,73.5,73.33,-0.07%,141.4,162.1,4089.0,367.3,350.6,15438.0,884.4,111.34,1052.6,236.5,2156.39,2157.32,2160.08,2153.32,942.73,943.68,951.1,938.46,78.56999969482422,72.11499786376953,75.91169738769531
528,2023-01-09,7.34,7.09,7.14,7.23,7.35,7.94,8.51,9.39,9.93,10.35,10.68,10.84,11.02,98.0,98.0,98.0,98.0,-0.18%,85.49,85.96,85.96,85.3,-0.13%,93.4,93.4,93.4,93.4,-0.28%,86.954,86.954,86.954,86.954,-0.29%,73.18,73.3,73.5,72.75,-0.29%,142.4,162.71,4110.0,367.95,346.7,15370.0,872.6,110.4,1051.8,237.7,2163.5,2163.43,2169.71,2162.01,977.79,957.66,984.58,957.66,79.6500015258789,72.46499633789062,77.17539978027344
529,2023-01-10,7.21,7.04,7.16,7.29,7.43,8.01,8.53,9.38,9.93,10.37,10.7,10.87,11.06,97.815,97.815,97.815,97.815,-0.19%,85.38,85.6,85.6,85.05,-0.12%,93.13,93.13,93.13,93.13,-0.29%,85.897,85.897,85.897,85.897,-1.22%,72.89,73.3,73.3,72.8,-0.39%,142.81,162.1,4079.0,366.75,345.7,15324.0,863.6,109.22,1039.6,237.3,2159.51,2162.7,2162.92,2145.14,974.51,983.29,983.6,969.55,80.0999984741211,69.87999725341797,75.0353012084961
530,2023-01-11,7.01,7.01,7.11,7.22,7.36,7.95,8.52,9.43,10.0,10.43,10.76,10.93,11.11,97.656,97.656,97.656,97.656,-0.16%,85.0,85.6,85.6,84.87,-0.45%,93.16,93.16,93.16,93.16,0.03%,86.185,86.185,86.185,86.185,0.34%,72.78,72.9,72.9,72.56,-0.16%,149.96,165.83,4090.5,347.35,346.0,15410.0,879.8,112.1,1044.2,240.0,2186.98,2156.28,2190.4,2153.55,1002.62,975.7,1005.02,970.99,82.66999816894531,69.63999938964844,74.81950378417969
531,2023-01-12,6.94,7.04,7.14,7.26,7.39,7.97,8.53,9.41,9.96,10.39,10.71,10.88,11.07,97.503,97.503,97.503,97.503,-0.16%,85.27,85.71,85.71,84.7,0.32%,93.21,93.21,93.21,93.21,0.06%,86.094,86.094,86.094,86.094,-0.11%,72.79,72.8,72.88,72.63,0.01%,149.3,164.17,4078.5,346.85,345.5,15440.0,880.4,111.5,1040.0,239.0,2185.93,2193.53,2194.8,2177.36,1015.94,1014.56,1022.56,1008.66,84.02999877929688,69.11900329589844,75.68049621582031
532,2023-01-13,6.75,7.02,7.14,7.27,7.42,8.01,8.54,9.39,9.95,10.38,10.71,10.88,11.07,97.9,97.9,97.9,97.9,0.41%,85.33,85.72,85.97,85.0,0.06%,93.2,93.2,93.2,93.2,-0.02%,86.03,86.03,86.03,86.03,-0.07%,72.8,72.8,72.89,72.57,0.01%,151.69,164.56,4074.0,346.05,345.4,15334.0,890.4,112.16,1042.0,239.2,2199.94,2188.6,2204.18,2179.82,1010.4,1017.81,1029.63,1003.24,85.27999877929688,67.75,73.61000061035156
533,2023-01-16,6.87,7.0,7.14,7.29,7.43,8.0,8.53,9.37,9.93,10.39,10.75,10.93,11.13,97.721,97.721,97.721,97.721,-0.18%,85.32,84.8,85.97,84.7,-0.01%,93.1,93.1,93.1,93.1,-0.11%,85.999,85.999,85.999,85.999,-0.04%,72.75,72.66,72.89,72.65,-0.06%,153.71,165.8,4052.0,345.8,345.7,15488.0,922.0,114.3,1050.6,242.2,2224.9,2204.64,2224.9,2204.46,1024.44,1012.39,1029.81,1012.18,85.27999877929688,65.96499633789062,72.52159881591797
534,2023-01-17,6.96,7.0,7.13,7.26,7.4,7.95,8.47,9.34,9.92,10.44,10.86,11.07,11.3,97.86,97.86,97.86,97.86,0.14%,85.23,85.05,85.4,85.05,-0.10%,93.15,93.15,93.15,93.15,0.05%,85.899,85.899,85.899,85.899,-0.12%,72.71,72.61,72.87,72.57,-0.06%,150.45,162.33,4025.0,341.35,341.8,15294.0,903.8,111.38,1042.0,238.7,2196.84,2225.26,2226.49,2196.84,1002.85,1022.85,1023.35,1002.85,85.91999816894531,68.71499633789062,74.4520034790039
535,2023-01-18,6.99,7.03,7.15,7.28,7.41,7.94,8.46,9.34,9.95,10.45,10.86,11.07,11.3,97.901,97.901,97.901,97.901,0.04%,85.43,85.23,85.43,85.03,0.23%,93.09,93.09,93.09,93.09,-0.07%,85.903,85.903,85.903,85.903,0.00%,72.53,72.89,72.89,72.12,-0.24%,151.47,162.18,4021.0,344.15,339.0,15316.0,910.8,111.54,1031.8,237.6,2196.26,2188.9,2206.66,2177.65,1006.35,999.07,1010.75,992.14,84.9800033569336,68.46499633789062,73.90699768066406
536,2023-01-19,6.96,7.07,7.18,7.3,7.44,7.98,8.49,9.36,9.95,10.45,10.85,11.06,11.29,98.008,98.008,98.008,98.008,0.11%,85.26,86.0,86.0,85.11,-0.19%,92.97,92.97,92.97,92.97,-0.13%,85.72,85.72,85.72,85.72,-0.21%,72.6,72.65,72.85,72.43,0.09%,149.34,160.53,3981.0,339.8,335.2,15200.0,894.2,111.5,1014.8,237.0,2168.83,2190.02,2193.93,2162.11,993.08,1002.8,1004.27,988.55,86.16000366210938,68.71499633789062,74.22830200195312
537,2023-01-20,6.94,7.1,7.21,7.33,7.46,8.0,8.49,9.35,9.96,10.5,10.93,11.15,11.39,97.851,97.851,97.851,97.851,-0.16%,85.27,85.59,85.59,85.05,0.00%,93.01,93.01,93.01,93.01,0.04%,85.697,85.697,85.697,85.697,-0.03%,72.49,72.83,73.1,72.26,-0.15%,151.38,158.85,3944.0,336.55,333.7,15154.0,887.8,111.98,1027.6,239.9,2166.69,2167.61,2173.71,2154.37,991.88,995.53,996.52,987.81,87.62999725341797,69.36499786376953,75.18000030517578
538,2023-01-23,6.99,7.11,7.22,7.34,7.47,8.01,8.5,9.36,9.97,10.5,10.94,11.17,11.4,97.755,97.755,97.755,97.755,-0.10%,85.32,85.39,85.44,85.1,0.06%,92.85,92.85,92.85,92.85,-0.17%,85.406,85.406,85.406,85.406,-0.34%,72.23,72.75,72.75,72.15,-0.35%,153.5,160.06,3972.5,340.05,334.7,14980.0,892.0,112.02,1024.6,239.85,2185.31,2167.92,2186.85,2164.89,998.69,995.01,1003.83,994.94,88.19000244140625,68.21499633789062,74.09449768066406
539,2023-01-24,6.97,7.08,7.19,7.31,7.44,7.98,8.51,9.39,10.0,10.53,10.97,11.19,11.43,97.855,97.855,97.855,97.855,0.10%,85.2,85.39,85.39,85.16,-0.14%,92.8,92.8,92.8,92.8,-0.06%,85.369,85.369,85.369,85.369,-0.04%,72.23,72.3,72.3,72.03,0.00%,152.66,157.88,3942.5,336.75,333.7,14776.0,875.2,111.26,1020.2,239.0,2172.75,2191.64,2199.29,2172.75,990.41,1003.68,1008.56,990.41,86.12999725341797,68.94499969482422,75.9636001586914
540,2023-01-25,6.99,7.06,7.17,7.3,7.43,7.97,8.48,9.37,9.99,10.53,10.98,11.21,11.46,97.936,97.936,97.936,97.936,0.08%,85.35,85.2,85.35,85.03,0.17%,92.95,92.95,92.95,92.95,0.16%,85.31,85.31,85.31,85.31,-0.07%,72.19,72.09,72.5,71.95,-0.05%,152.81,158.99,3923.5,338.2,334.4,14882.0,875.2,111.64,1018.2,240.5,2170.15,2168.48,2176.61,2160.76,987.02,991.01,994.41,984.77,86.12000274658203,69.41500091552734,75.61270141601562
541,2023-01-26,6.97,6.88,7.01,7.15,7.29,7.88,8.43,9.39,10.04,10.56,10.97,11.18,11.42,98.21,98.21,98.21,98.21,0.28%,85.5,85.43,85.54,85.08,0.18%,92.86,92.86,92.86,92.86,-0.10%,85.38,85.38,85.38,85.38,0.08%,72.45,72.19,72.5,72.1,0.35%,152.4,157.58,3911.0,335.0,333.3,14800.0,881.4,112.36,1017.6,240.0,2166.92,2181.96,2183.77,2166.92,985.85,990.1,996.12,985.39,87.47000122070312,69.19499969482422,75.6084976196289
542,2023-01-27,7.0,6.91,7.04,7.18,7.32,7.93,8.48,9.38,9.98,10.51,10.94,11.16,11.4,98.245,98.245,98.245,98.245,0.04%,85.4,85.46,85.46,85.33,-0.12%,92.88,92.88,92.88,92.88,0.02%,85.344,85.344,85.344,85.344,-0.04%,72.25,72.45,72.48,72.01,-0.28%,153.2,159.08,3917.0,336.95,333.0,15032.0,895.4,113.76,1022.6,242.15,2189.35,2174.85,2189.35,2167.33,992.37,987.76,993.2,984.97,86.66000366210938,69.46499633789062,75.70189666748047
543,2023-01-30,7.0,6.82,6.96,7.11,7.27,7.91,8.49,9.44,10.06,10.56,10.94,11.13,11.34,98.23,98.23,98.23,98.23,-0.02%,85.53,85.39,85.69,85.26,0.15%,92.61,92.61,92.61,92.61,-0.29%,85.149,85.149,85.149,85.149,-0.23%,72.02,72.25,72.25,72.04,-0.32%,153.38,158.41,3947.5,337.65,332.7,15150.0,912.8,115.16,1022.4,244.9,2204.41,2193.99,2204.41,2189.12,987.39,993.04,997.22,984.65,84.9000015258789,70.69249725341797,76.86949920654297
544,2023-01-31,7.11,6.88,7.01,7.15,7.3,7.88,8.43,9.37,10.03,10.59,11.05,11.28,11.53,98.244,98.244,98.244,98.244,0.01%,85.53,85.51,85.69,85.25,0.00%,92.73,92.73,92.73,92.73,0.13%,85.021,85.021,85.021,85.021,-0.15%,72.03,72.25,72.29,71.78,0.01%,158.07,158.1,3955.0,340.75,328.8,15144.0,929.0,116.8,1029.8,249.65,2225.6,2203.57,2225.6,2202.76,1001.23,984.95,1003.62,983.83,84.48999786376953,69.87999725341797,75.85330200195312
545,2023-02-01,7.07,6.94,7.06,7.18,7.31,7.86,8.41,9.37,10.05,10.65,11.14,11.38,11.64,98.381,98.381,98.381,98.381,0.14%,85.7,85.44,85.73,85.25,0.20%,92.77,92.77,92.77,92.77,0.05%,85.131,85.131,85.131,85.131,0.13%,71.83,72.1,72.26,71.7,-0.27%,158.29,158.12,3955.5,343.0,328.5,15258.0,976.6,118.96,1026.6,251.75,2230.15,2232.02,2247.12,2224.95,1002.47,999.86,1010.43,997.55,82.83999633789062,70.55000305175781,76.65789794921875
546,2023-02-02,7.01,6.92,7.05,7.18,7.32,7.87,8.38,9.32,10.01,10.62,11.12,11.39,11.67,98.35,98.35,98.35,98.35,-0.03%,85.6,85.8,86.06,85.55,-0.12%,92.69,92.69,92.69,92.69,-0.09%,85.082,85.082,85.082,85.082,-0.06%,72.02,72.24,72.24,71.76,0.26%,159.45,158.1,3918.5,342.1,326.6,15164.0,997.2,120.22,1027.8,256.1,2243.54,2243.04,2249.56,2228.56,1004.08,1011.98,1012.53,1001.07,82.16999816894531,69.9000015258789,77.00440216064453
547,2023-02-03,7.0,6.94,7.09,7.24,7.39,7.94,8.46,9.37,10.04,10.67,11.22,11.51,11.82,98.17,98.17,98.17,98.17,-0.18%,85.65,85.6,86.05,85.36,0.06%,92.58,92.58,92.58,92.58,-0.12%,84.881,84.881,84.881,84.881,-0.24%,71.7,71.93,72.15,71.45,-0.44%,161.26,160.87,3907.5,341.85,323.9,14990.0,1016.2,120.28,1030.2,255.2,2248.3,2239.1,2253.7,2216.63,1002.52,1002.46,1007.96,991.09,79.94000244140625,75.03099822998047,76.40139770507812
548,2023-02-06,6.97,6.91,7.06,7.22,7.37,7.92,8.44,9.34,10.01,10.63,11.17,11.46,11.75,98.355,98.355,98.355,98.355,0.19%,85.43,85.99,85.99,85.33,-0.26%,92.73,92.73,92.73,92.73,0.16%,84.952,84.952,84.952,84.952,0.08%,71.82,71.99,71.99,71.58,0.16%,167.09,160.14,3941.0,347.1,325.5,14942.0,1035.0,123.44,1098.0,259.2,2272.37,2245.93,2276.5,2243.77,1007.15,1002.52,1013.39,1001.19,80.98999786376953,70.61499786376953,76.04949951171875
549,2023-02-07,6.89,7.06,7.18,7.31,7.45,7.98,8.46,9.37,10.06,10.68,11.22,11.5,11.8,98.282,98.282,98.282,98.282,-0.07%,85.48,85.73,85.94,85.36,0.06%,92.39,92.39,92.39,92.39,-0.37%,84.919,84.919,84.919,84.919,-0.04%,71.76,71.81,71.81,71.66,-0.08%,165.39,159.87,3968.0,355.25,323.8,14960.0,1000.0,121.84,1089.0,261.05,2267.69,2281.69,2290.51,2262.3,1004.37,1011.68,1018.7,1003.92,83.69000244140625,71.4749984741211,76.70790100097656
550,2023-02-08,6.9,7.2,7.3,7.41,7.53,8.02,8.49,9.4,10.09,10.72,11.25,11.53,11.82,98.23,98.23,98.23,98.23,-0.05%,85.35,85.45,85.5,85.2,-0.15%,92.3,92.3,92.3,92.3,-0.10%,84.889,84.889,84.889,84.889,-0.04%,71.79,71.76,72.0,71.62,0.04%,164.15,158.18,3930.5,349.85,324.2,14852.0,982.2,119.3,1074.0,260.7,2251.97,2273.59,2283.49,2244.52,981.82,1007.13,1009.25,981.82,85.08999633789062,72.0999984741211,76.19819641113281
551,2023-02-09,6.89,7.23,7.31,7.42,7.54,8.05,8.56,9.48,10.15,10.73,11.21,11.46,11.72,97.99,97.99,97.99,97.99,-0.24%,85.44,85.55,85.55,85.1,0.11%,91.92,91.92,91.92,91.92,-0.40%,84.715,84.715,84.715,84.715,-0.20%,71.65,71.62,71.79,71.5,-0.19%,165.31,159.19,3914.0,350.2,324.4,14918.0,1008.6,122.5,1072.0,256.85,2262.45,2258.97,2269.96,2241.02,977.98,974.28,982.1,967.02,84.5,73.22100067138672,77.20429992675781
552,2023-02-10,6.89,7.21,7.32,7.45,7.58,8.1,8.58,9.49,10.16,10.78,11.3,11.57,11.86,98.0,98.0,98.0,98.0,0.01%,85.4,85.1,85.44,85.1,-0.05%,91.7,91.7,91.7,91.7,-0.24%,84.713,84.713,84.713,84.713,0.00%,71.65,71.67,71.69,71.51,0.00%,165.52,158.68,3921.5,351.0,323.5,14840.0,1020.6,125.0,1083.6,257.65,2261.58,2253.51,2264.39,2249.62,971.95,975.01,979.31,970.5,86.38999938964844,73.00499725341797,78.26329803466797
553,2023-02-13,6.83,7.38,7.54,7.69,7.84,8.36,8.8,9.63,10.25,10.78,11.21,11.44,11.68,97.43,97.43,97.43,97.43,-0.58%,84.75,85.45,85.55,84.5,-0.76%,91.5,91.5,91.5,91.5,-0.22%,84.467,84.467,84.467,84.467,-0.29%,71.24,71.65,71.65,70.9,-0.57%,164.32,158.01,3928.5,349.4,325.3,14892.0,1016.0,126.7,1073.0,259.2,2264.27,2262.65,2271.0,2261.37,965.86,972.57,974.38,965.25,86.61000061035156,73.07499694824219,78.05500030517578
554,2023-02-14,7.26,7.38,7.54,7.69,7.84,8.33,8.77,9.57,10.19,10.76,11.27,11.53,11.81,97.248,97.248,97.248,97.248,-0.19%,84.75,84.42,85.5,84.42,0.00%,91.14,91.14,91.14,91.14,-0.39%,84.439,84.439,84.439,84.439,-0.03%,71.1,71.24,71.38,70.61,-0.19%,161.86,156.52,3914.5,344.2,326.4,14760.0,996.0,122.94,1058.4,252.55,2232.23,2256.59,2256.96,2225.94,952.85,964.9,964.9,950.01,85.58000183105469,74.06400299072266,78.535400390625
555,2023-02-15,7.1,7.36,7.53,7.69,7.85,8.42,8.89,9.72,10.31,10.82,11.25,11.48,11.73,96.85,96.85,96.85,96.85,-0.41%,84.7,84.88,84.88,84.3,-0.06%,90.93,90.93,90.93,90.93,-0.23%,84.22,84.22,84.22,84.22,-0.26%,70.76,71.1,71.14,70.43,-0.48%,156.25,153.09,3829.0,339.6,313.8,14500.0,964.6,117.6,1026.2,244.2,2166.46,2216.69,2216.69,2164.7,914.94,945.14,945.14,914.2,85.37999725341797,73.56500244140625,79.00509643554688
556,2023-02-16,7.18,7.4,7.58,7.75,7.91,8.48,8.91,9.67,10.26,10.82,11.32,11.59,11.89,97.13,97.13,97.13,97.13,0.29%,84.68,84.7,84.92,84.34,-0.02%,91.0,91.0,91.0,91.0,0.07%,84.29,84.29,84.29,84.29,0.08%,70.7,70.76,70.76,70.4,-0.09%,158.22,153.56,3830.0,342.55,315.6,14398.0,973.8,118.0,1030.8,247.35,2153.96,2169.39,2186.64,2150.17,906.71,913.31,922.89,905.59,85.13999938964844,73.96499633789062,79.10890197753906
557,2023-02-17,7.27,7.29,7.47,7.65,7.83,8.42,8.87,9.66,10.26,10.81,11.32,11.58,11.86,97.116,97.116,97.116,97.116,-0.01%,84.68,84.41,84.68,84.41,0.00%,91.0,91.0,91.0,91.0,0.01%,84.206,84.206,84.206,84.206,-0.10%,70.68,70.8,70.84,70.35,-0.03%,159.73,153.62,3840.0,345.1,316.6,14478.0,975.6,117.44,1031.4,249.4,2168.88,2157.5,2180.96,2147.31,920.19,904.22,923.63,900.08,83.0,74.68000030517578,79.6865005493164
558,2023-02-20,7.31,7.32,7.5,7.68,7.85,8.47,8.95,9.76,10.34,10.87,11.32,11.55,11.81,97.069,97.069,97.069,97.069,-0.05%,84.56,85.5,85.5,84.35,-0.14%,90.97,90.97,90.97,90.97,-0.04%,83.953,83.953,83.953,83.953,-0.30%,70.38,70.69,70.79,70.25,-0.43%,160.09,153.24,3905.0,347.1,314.1,14540.0,985.0,117.86,1033.2,246.7,2183.57,2172.53,2186.39,2140.78,921.51,927.7,927.9,907.99,83.0,73.96499633789062,79.13480377197266
559,2023-02-21,7.4,7.39,7.54,7.7,7.85,8.42,8.91,9.74,10.34,10.87,11.32,11.56,11.82,97.101,97.101,97.101,97.101,0.03%,84.59,84.31,84.61,84.31,0.03%,91.16,91.16,91.16,91.16,0.21%,84.1,84.1,84.1,84.1,0.18%,70.5,70.38,70.42,70.2,0.17%,164.15,154.97,3914.5,352.65,315.8,14710.0,1012.8,121.78,1045.0,251.0,2212.42,2184.6,2227.82,2184.51,928.98,921.02,941.89,916.94,83.05000305175781,75.46399688720703,77.9740982055664
560,2023-02-22,7.49,7.29,7.47,7.65,7.81,8.41,8.91,9.72,10.3,10.83,11.3,11.55,11.81,97.3,97.3,97.3,97.3,0.20%,84.59,84.31,84.61,84.31,0.03%,91.49,91.49,91.49,91.49,0.37%,84.181,84.181,84.181,84.181,0.10%,70.5,70.38,70.42,70.2,0.17%,163.37,155.31,3909.5,353.75,313.4,14474.0,1025.8,120.94,1045.0,250.8,2212.4,2215.43,2215.58,2194.99,929.43,932.99,933.38,923.13,80.5999984741211,74.61499786376953,79.51270294189453
561,2023-02-23,7.49,7.29,7.47,7.65,7.81,8.41,8.91,9.72,10.3,10.83,11.3,11.55,11.81,97.3,97.3,97.3,97.3,0.20%,84.59,84.31,84.61,84.31,0.03%,91.49,91.49,91.49,91.49,0.37%,84.181,84.181,84.181,84.181,0.10%,70.5,70.38,70.42,70.2,0.17%,163.37,155.31,3909.5,353.75,313.4,14474.0,1025.8,120.94,1045.0,250.8,2212.4,2215.43,2215.58,2194.99,929.43,932.99,933.38,923.13,82.20999908447266,74.86499786376953,79.43440246582031
562,2023-02-24,7.49,7.01,7.22,7.43,7.62,8.29,8.81,9.67,10.27,10.8,11.25,11.48,11.73,97.464,97.464,97.464,97.464,0.17%,84.8,84.66,85.36,84.66,0.25%,91.75,91.75,91.75,91.75,0.27%,84.278,84.278,84.278,84.278,0.12%,70.91,70.7,71.18,70.63,0.58%,164.3,154.22,3901.0,352.45,312.6,14390.0,1041.6,120.0,1042.6,251.15,2208.03,2209.1,2223.23,2202.25,914.16,924.12,931.92,910.26,83.16000366210938,75.36499786376953,79.90440368652344
563,2023-02-27,7.46,7.28,7.45,7.61,7.77,8.32,8.81,9.63,10.22,10.78,11.26,11.5,11.76,97.45,97.45,97.45,97.45,-0.01%,85.1,84.92,85.9,84.55,0.36%,91.3,91.3,91.3,91.3,-0.48%,84.437,84.437,84.437,84.437,0.19%,70.85,70.99,71.1,70.43,-0.08%,169.95,156.34,3903.0,357.75,316.1,14578.0,1061.0,124.06,1066.6,254.1,2241.1,2194.39,2241.1,2188.95,945.29,911.07,945.29,908.67,82.44999694824219,75.9800033569336,80.17610168457031
564,2023-02-28,7.51,7.28,7.43,7.58,7.73,8.31,8.82,9.67,10.29,10.87,11.33,11.55,11.79,97.325,97.325,97.325,97.325,-0.13%,85.0,85.3,85.3,84.81,-0.12%,91.4,91.4,91.4,91.4,0.11%,84.367,84.367,84.367,84.367,-0.08%,70.63,71.1,71.1,70.3,-0.31%,169.82,157.66,3990.0,358.4,328.3,14498.0,1055.0,125.2,1065.0,260.15,2253.16,2246.26,2258.68,2239.59,946.23,948.83,952.06,941.32,83.88999938964844,74.61499786376953,79.19170379638672
565,2023-03-01,7.6,7.12,7.32,7.5,7.68,8.28,8.8,9.65,10.25,10.82,11.31,11.57,11.84,97.295,97.295,97.295,97.295,-0.03%,85.0,85.04,85.04,84.72,0.00%,91.4,91.4,91.4,91.4,0.00%,84.391,84.391,84.391,84.391,0.03%,70.64,70.74,70.9,70.35,0.01%,170.53,164.5,4056.0,361.4,334.8,14734.0,1060.4,127.98,1073.4,259.1,2279.65,2258.89,2287.48,2255.45,955.81,945.75,958.53,944.48,84.30999755859375,75.01499938964844,79.37590026855469
566,2023-03-02,7.61,7.31,7.44,7.58,7.72,8.28,8.78,9.64,10.27,10.86,11.33,11.57,11.83,97.295,97.295,97.295,97.295,-0.03%,85.0,85.04,85.04,84.72,0.00%,91.4,91.4,91.4,91.4,0.00%,84.391,84.391,84.391,84.391,0.03%,70.64,70.74,70.9,70.35,0.01%,168.05,160.9,4004.0,355.05,330.2,14510.0,1049.0,126.14,1056.6,254.55,2254.3,2284.87,2286.27,2235.43,942.61,954.39,955.42,932.27,84.75,75.2300033569336,80.29570007324219
567,2023-03-03,7.65,7.14,7.28,7.43,7.59,8.19,8.74,9.64,10.27,10.84,11.29,11.51,11.76,97.389,97.389,97.389,97.389,0.10%,85.24,85.05,85.25,84.5,0.29%,91.43,91.43,91.43,91.43,0.04%,84.561,84.561,84.561,84.561,0.20%,71.0,70.99,71.0,70.71,0.51%,171.16,162.27,4030.5,358.8,334.9,14562.0,1063.4,128.32,1072.2,259.65,2272.2,2250.12,2273.52,2249.81,945.41,937.84,948.54,937.64,85.83000183105469,75.48999786376953,80.052001953125
568,2023-03-06,7.6,7.16,7.32,7.47,7.63,8.22,8.75,9.62,10.24,10.8,11.23,11.45,11.69,97.53,97.53,97.53,97.53,0.14%,85.3,85.27,85.35,85.13,0.07%,91.7,91.7,91.7,91.7,0.29%,84.581,84.581,84.581,84.581,0.02%,71.19,71.0,71.17,70.8,0.28%,171.84,163.35,4111.5,365.35,337.6,14560.0,1053.0,126.96,1077.0,258.4,2294.12,2286.2,2297.86,2283.4,958.26,950.31,960.56,949.11,86.18000030517578,75.36499786376953,80.17610168457031
569,2023-03-07,7.61,7.23,7.36,7.5,7.64,8.21,8.74,9.62,10.23,10.78,11.22,11.43,11.67,97.57,97.57,97.57,97.57,0.04%,85.3,85.27,85.35,85.13,0.07%,91.74,91.74,91.74,91.74,0.04%,84.652,84.652,84.652,84.652,0.08%,71.19,71.0,71.17,70.8,0.28%,174.01,162.57,4125.0,364.3,336.0,14676.0,1055.8,126.38,1074.4,257.65,2295.6,2294.32,2298.93,2281.46,951.38,959.78,960.09,951.38,83.29000091552734,75.36499786376953,80.56420135498047
570,2023-03-08,7.61,7.23,7.36,7.5,7.64,8.21,8.74,9.62,10.23,10.78,11.22,11.43,11.67,97.57,97.57,97.57,97.57,0.04%,85.3,85.27,85.35,85.13,0.07%,91.74,91.74,91.74,91.74,0.04%,84.652,84.652,84.652,84.652,0.08%,71.19,71.0,71.17,70.8,0.28%,174.01,162.57,4125.0,364.3,336.0,14676.0,1055.8,126.38,1074.4,257.65,2295.6,2294.32,2298.93,2281.46,951.38,959.78,960.09,951.38,82.66000366210938,75.56500244140625,79.7384033203125
571,2023-03-09,7.59,7.25,7.37,7.51,7.65,8.21,8.74,9.61,10.22,10.77,11.19,11.41,11.64,97.551,97.551,97.551,97.551,-0.02%,85.5,85.27,85.57,85.2,0.23%,92.1,92.1,92.1,92.1,0.40%,84.746,84.746,84.746,84.746,0.11%,71.19,71.45,71.5,70.76,0.00%,172.55,161.21,4105.0,364.0,335.2,14586.0,1052.6,126.46,1073.4,257.15,2290.14,2295.03,2302.1,2278.95,950.93,952.3,955.08,945.59,81.58999633789062,76.01499938964844,80.22830200195312
572,2023-03-10,7.35,7.37,7.46,7.56,7.68,8.19,8.7,9.58,10.21,10.78,11.22,11.45,11.69,97.65,97.65,97.65,97.65,0.10%,85.67,85.7,85.72,85.35,0.20%,92.05,92.05,92.05,92.05,-0.06%,84.797,84.797,84.797,84.797,0.06%,71.34,71.0,71.4,70.9,0.21%,172.53,160.04,4085.0,365.9,333.3,14576.0,1052.2,126.64,1064.0,257.7,2276.25,2272.61,2283.18,2266.33,942.75,943.18,947.5,940.29,82.77999877929688,75.81500244140625,80.27510070800781
573,2023-03-13,7.02,7.48,7.56,7.66,7.77,8.25,8.74,9.6,10.23,10.78,11.22,11.45,11.69,97.685,97.685,97.685,97.685,0.04%,85.46,85.85,85.85,85.38,-0.24%,91.97,91.97,91.97,91.97,-0.09%,84.63,84.63,84.63,84.63,-0.20%,71.07,71.34,71.34,70.82,-0.38%,172.15,159.03,4066.0,363.5,334.7,14554.0,1042.0,124.92,1061.8,256.65,2269.47,2279.13,2289.7,2250.14,954.0,948.46,958.96,943.25,80.7699966430664,76.16500091552734,80.01349639892578
574,2023-03-14,7.14,7.56,7.63,7.71,7.81,8.27,8.74,9.6,10.24,10.81,11.24,11.46,11.7,97.608,97.608,97.608,97.608,-0.08%,85.6,85.6,85.69,85.4,0.16%,91.82,91.82,91.82,91.82,-0.16%,84.6,84.6,84.6,84.6,-0.04%,71.07,71.07,71.07,70.76,0.00%,175.71,161.0,4063.0,364.55,339.0,14556.0,1036.0,125.7,1059.2,255.9,2290.32,2266.78,2290.32,2261.65,957.88,951.46,958.7,948.91,77.44999694824219,75.51499938964844,81.01529693603516
575,2023-03-15,7.29,7.45,7.52,7.62,7.73,8.26,8.78,9.68,10.3,10.84,11.26,11.46,11.69,97.499,97.499,97.499,97.499,-0.11%,85.3,85.64,85.64,85.1,-0.35%,91.81,91.81,91.81,91.81,-0.02%,84.402,84.402,84.402,84.402,-0.23%,71.04,71.17,71.17,70.75,-0.04%,175.3,159.68,4022.0,357.95,337.6,14464.0,1019.4,123.82,1048.4,249.95,2262.07,2287.16,2295.06,2257.0,936.95,955.74,958.89,935.62,73.69000244140625,75.71499633789062,81.26010131835938
576,2023-03-16,7.29,7.51,7.57,7.66,7.76,8.27,8.79,9.69,10.31,10.85,11.25,11.46,11.69,97.506,97.506,97.506,97.506,0.01%,85.39,84.92,85.55,84.92,0.11%,91.65,91.65,91.65,91.65,-0.17%,84.385,84.385,84.385,84.385,-0.02%,71.06,70.8,71.29,70.7,0.02%,175.45,159.71,4084.0,359.2,336.3,14442.0,1028.4,124.14,1064.0,247.9,2258.22,2262.61,2269.01,2236.77,927.3,934.76,938.97,922.45,74.69999694824219,5.0,80.53589630126953
577,2023-03-17,7.28,7.51,7.56,7.65,7.76,8.32,8.88,9.79,10.37,10.84,11.17,11.34,11.53,97.223,97.223,97.223,97.223,-0.29%,85.25,84.92,85.54,84.92,-0.17%,91.22,91.22,91.22,91.22,-0.46%,84.297,84.297,84.297,84.297,-0.10%,70.9,71.15,71.19,70.57,-0.22%,193.59,163.29,4111.5,365.2,347.8,14560.0,1033.6,125.1,1074.6,248.1,2322.78,2284.78,2322.78,2275.48,948.97,940.63,951.88,937.16,72.97000122070312,76.46499633789062,81.19259643554688
578,2023-03-20,7.25,7.74,7.75,7.81,7.9,8.37,8.89,9.77,10.37,10.87,11.24,11.41,11.6,97.112,97.112,97.112,97.112,-0.11%,85.18,85.15,85.46,84.9,-0.08%,90.99,90.99,90.99,90.99,-0.25%,84.119,84.119,84.119,84.119,-0.21%,70.67,71.0,71.0,70.45,-0.32%,203.73,175.7,4228.5,377.4,355.0,15044.0,1060.0,127.58,1122.2,251.8,2397.16,2337.83,2397.16,2332.8,979.83,956.43,979.83,954.04,73.79000091552734,76.92500305175781,80.10690307617188
579,2023-03-21,7.26,7.78,7.77,7.81,7.89,8.36,8.88,9.77,10.35,10.82,11.17,11.34,11.53,97.402,97.402,97.402,97.402,0.30%,85.15,85.32,85.35,84.8,-0.04%,91.2,91.2,91.2,91.2,0.23%,84.16,84.16,84.16,84.16,0.05%,70.81,70.67,70.85,70.49,0.19%,203.32,170.55,4216.5,371.8,350.8,14864.0,1038.6,126.08,1126.2,255.25,2398.15,2417.43,2431.23,2383.08,983.95,985.5,997.79,976.05,75.31999969482422,77.46499633789062,83.06780242919922
580,2023-03-22,7.27,7.82,7.81,7.84,7.91,8.36,8.87,9.74,10.33,10.81,11.17,11.34,11.53,97.459,97.459,97.459,97.459,0.06%,85.18,85.18,85.2,84.9,0.04%,91.27,91.27,91.27,91.27,0.08%,84.301,84.301,84.301,84.301,0.17%,70.83,70.97,70.97,70.25,0.04%,202.89,168.72,4192.5,375.5,350.4,14970.0,1046.8,125.1,1128.8,254.4,2393.88,2387.81,2398.76,2374.46,980.02,979.41,984.77,970.38,76.69000244140625,77.21499633789062,83.22470092773438
581,2023-03-23,7.11,7.8,7.8,7.84,7.92,8.37,8.85,9.71,10.29,10.79,11.15,11.33,11.53,97.581,97.581,97.581,97.581,0.13%,85.26,84.95,85.2,84.95,0.09%,91.32,91.32,91.32,91.32,0.06%,84.453,84.453,84.453,84.453,0.18%,70.92,70.83,70.89,70.51,0.12%,202.58,168.84,4177.5,374.45,344.6,14932.0,1039.2,126.2,1138.4,254.4,2388.35,2386.7,2396.5,2379.88,989.43,980.85,991.85,979.72,75.91000366210938,76.88999938964844,83.61299896240234
582,2023-03-24,7.06,7.79,7.81,7.85,7.93,8.37,8.84,9.69,10.27,10.77,11.14,11.33,11.53,97.64,97.64,97.64,97.64,0.06%,85.23,85.14,85.33,84.94,-0.04%,91.41,91.41,91.41,91.41,0.10%,84.56,84.56,84.56,84.56,0.13%,70.97,70.98,70.98,70.81,0.07%,203.57,169.03,4206.5,377.25,349.3,15080.0,1034.6,126.5,1141.8,252.75,2391.53,2386.53,2394.03,2384.29,977.75,988.26,990.1,976.27,74.98999786376953,75.96499633789062,82.34149932861328
583,2023-03-27,7.11,7.78,7.79,7.83,7.9,8.33,8.81,9.67,10.28,10.78,11.16,11.34,11.55,97.748,97.748,97.748,97.748,0.11%,85.24,85.23,85.34,85.0,0.01%,91.3,91.3,91.3,91.3,-0.12%,84.68,84.68,84.68,84.68,0.14%,71.0,70.97,71.01,70.8,0.04%,211.84,172.33,4322.0,383.25,363.4,15184.0,1039.8,128.18,1172.0,256.85,2440.68,2400.84,2440.68,2400.84,1001.94,983.86,1002.29,983.86,78.12000274658203,77.24500274658203,83.15650177001953
584,2023-03-28,7.35,7.79,7.78,7.81,7.87,8.27,8.75,9.64,10.26,10.8,11.2,11.4,11.62,97.7,97.7,97.7,97.7,-0.05%,85.4,85.34,85.35,85.05,0.19%,91.5,91.5,91.5,91.5,0.21%,84.65,84.65,84.65,84.65,-0.04%,70.8,71.05,71.05,70.65,-0.28%,214.03,171.07,4320.0,381.5,367.1,15186.0,1038.0,127.54,1160.0,257.6,2442.19,2453.26,2458.37,2421.39,999.83,1009.9,1012.15,995.81,78.6500015258789,76.5,82.70690155029297
585,2023-03-29,7.43,7.74,7.75,7.79,7.86,8.27,8.76,9.64,10.27,10.81,11.23,11.43,11.65,97.625,97.625,97.625,97.625,-0.08%,85.33,85.6,85.6,85.1,-0.08%,91.25,91.25,91.25,91.25,-0.26%,84.602,84.602,84.602,84.602,-0.06%,70.79,70.9,71.1,70.6,-0.02%,217.99,170.95,4342.0,385.45,367.8,15084.0,1074.6,131.84,1156.6,257.95,2460.87,2449.96,2468.48,2437.52,1004.56,1001.65,1009.32,996.01,78.27999877929688,76.5250015258789,82.97889709472656
586,2023-03-30,7.34,7.74,7.72,7.75,7.81,8.24,8.74,9.65,10.28,10.81,11.21,11.4,11.63,97.611,97.611,97.611,97.611,-0.01%,85.34,85.42,85.42,85.17,0.00%,91.49,91.49,91.49,91.49,0.26%,84.575,84.575,84.575,84.575,-0.03%,70.69,70.8,70.8,70.57,-0.14%,216.87,171.71,4382.5,386.15,375.2,15024.0,1061.0,130.6,1153.6,259.3,2465.93,2458.06,2467.97,2450.46,1006.43,1002.28,1008.84,1000.45,79.2699966430664,77.29000091552734,83.83899688720703
587,2023-03-31,7.25,7.77,7.75,7.77,7.83,8.25,8.75,9.66,10.29,10.83,11.24,11.44,11.66,97.6,97.6,97.6,97.6,-0.01%,85.35,85.18,85.4,85.13,0.01%,91.39,91.39,91.39,91.39,-0.10%,84.692,84.692,84.692,84.692,0.14%,70.8,70.69,70.79,70.6,0.16%,216.6,169.83,4352.5,380.9,373.7,15010.0,1050.6,130.44,1155.2,257.85,2450.67,2470.12,2472.53,2424.45,996.76,1008.48,1010.76,985.06,79.7699966430664,77.23999786376953,84.2562026977539
588,2023-04-03,7.18,7.63,7.63,7.67,7.75,8.23,8.78,9.7,10.31,10.82,11.21,11.4,11.61,97.61,97.61,97.61,97.61,0.01%,85.33,85.4,85.4,85.02,-0.02%,91.37,91.37,91.37,91.37,-0.03%,84.636,84.636,84.636,84.636,-0.07%,70.82,70.9,70.9,70.65,0.04%,216.09,170.38,4473.5,390.9,386.8,15084.0,1053.0,133.04,1167.4,258.0,2473.32,2474.37,2482.54,2463.0,988.8,1005.2,1008.36,988.8,84.93000030517578,77.96499633789062,84.5552978515625
589,2023-04-04,6.98,7.62,7.65,7.71,7.8,8.29,8.83,9.74,10.35,10.84,11.22,11.4,11.62,97.48,97.48,97.48,97.48,-0.13%,85.0,85.4,85.4,84.94,-0.39%,91.2,91.2,91.2,91.2,-0.19%,84.452,84.452,84.452,84.452,-0.22%,70.55,70.9,70.9,70.45,-0.39%,214.83,172.55,4510.5,390.0,382.7,15214.0,1044.2,132.44,1198.2,254.75,2480.45,2483.47,2511.49,2479.24,983.46,987.73,1001.28,982.88,84.94000244140625,78.61499786376953,85.7947998046875
590,2023-04-05,6.98,7.41,7.5,7.62,7.74,8.29,8.83,9.73,10.36,10.88,11.27,11.46,11.68,97.628,97.628,97.628,97.628,0.15%,85.0,85.0,85.0,84.88,0.00%,90.82,90.82,90.82,90.82,-0.42%,84.301,84.301,84.301,84.301,-0.18%,70.55,70.69,70.69,70.21,0.00%,216.15,173.86,4540.0,389.7,387.3,15200.0,1048.8,133.02,1203.6,254.95,2500.8,2489.18,2500.8,2465.77,987.51,988.61,988.61,976.23,84.98999786376953,79.26499938964844,86.89240264892578
591,2023-04-06,6.92,7.37,7.47,7.59,7.72,8.29,8.85,9.77,10.39,10.92,11.32,11.52,11.74,97.61,97.61,97.61,97.61,-0.02%,84.89,85.0,85.0,84.65,-0.13%,90.79,90.79,90.79,90.79,-0.03%,84.185,84.185,84.185,84.185,-0.14%,70.31,70.65,71.3,70.19,-0.35%,214.25,171.6,4585.0,389.8,389.5,15380.0,1039.4,131.34,1202.8,255.75,2498.3,2504.06,2521.81,2498.3,967.11,984.51,989.15,967.11,85.12000274658203,80.16500091552734,87.44560241699219
592,2023-04-07,7.14,7.36,7.47,7.59,7.73,8.3,8.85,9.76,10.39,10.93,11.35,11.56,11.8,97.7,97.7,97.7,97.7,0.09%,84.8,84.98,84.98,84.6,-0.11%,90.66,90.66,90.66,90.66,-0.15%,83.968,83.968,83.968,83.968,-0.26%,70.38,70.6,70.6,69.93,0.10%,216.27,173.09,4637.0,391.7,396.2,15430.0,1033.8,131.38,1228.2,257.5,2508.39,2504.04,2511.95,2491.37,974.52,960.23,976.54,945.6,85.12000274658203,81.16500091552734,88.68209838867188
593,2023-04-10,7.08,7.33,7.42,7.54,7.68,8.27,8.82,9.75,10.37,10.91,11.34,11.55,11.79,97.701,97.701,97.701,97.701,0.00%,85.0,84.94,85.13,84.8,0.24%,90.77,90.77,90.77,90.77,0.12%,84.28,84.28,84.28,84.28,0.37%,70.3,70.5,70.5,70.1,-0.11%,222.21,174.54,4650.5,393.5,402.8,15500.0,1038.6,131.66,1248.8,259.25,2547.35,2523.2,2548.41,2523.2,983.86,979.11,984.65,973.6,84.18000030517578,81.06500244140625,88.68209838867188
594,2023-04-11,7.3,7.14,7.25,7.38,7.52,8.16,8.77,9.77,10.42,10.95,11.32,11.51,11.72,97.752,97.752,97.752,97.752,0.05%,85.08,84.81,85.15,84.81,0.10%,90.78,90.78,90.78,90.78,0.01%,84.123,84.123,84.123,84.123,-0.19%,70.3,70.4,70.4,70.0,0.00%,218.6,177.18,4620.0,388.35,393.8,15360.0,1023.4,129.78,1219.0,257.0,2533.69,2560.04,2577.51,2515.83,973.39,984.95,989.93,965.92,85.61000061035156,81.625,88.68209838867188
595,2023-04-12,7.18,7.18,7.26,7.38,7.51,8.14,8.77,9.78,10.44,10.98,11.37,11.56,11.79,97.84,97.84,97.84,97.84,0.09%,84.87,85.21,85.21,84.87,-0.25%,90.5,90.5,90.5,90.5,-0.32%,83.84,83.84,83.84,83.84,-0.34%,70.07,70.2,70.33,69.9,-0.33%,219.22,178.75,4670.0,390.9,395.4,15404.0,1026.2,130.48,1240.6,261.25,2538.47,2538.62,2554.77,2520.65,975.46,972.36,980.12,965.8,87.33000183105469,81.06500244140625,88.53240203857422
596,2023-04-13,7.19,7.17,7.24,7.35,7.48,8.1,8.73,9.76,10.43,10.99,11.4,11.6,11.83,97.85,97.85,97.85,97.85,0.01%,85.22,85.17,85.18,84.8,0.41%,90.48,90.48,90.48,90.48,-0.02%,83.842,83.842,83.842,83.842,0.00%,70.0,70.0,70.07,69.9,-0.10%,219.85,178.73,4612.5,390.1,394.5,15404.0,1021.6,130.32,1260.0,260.4,2544.28,2546.98,2557.58,2528.06,982.94,977.01,983.01,975.73,86.08999633789062,82.01499938964844,90.23410034179688
597,2023-04-14,7.35,7.22,7.28,7.37,7.49,8.1,8.72,9.75,10.43,10.99,11.41,11.62,11.86,97.951,97.951,97.951,97.951,0.10%,85.29,85.25,85.25,85.01,0.08%,90.45,90.45,90.45,90.45,-0.03%,83.901,83.901,83.901,83.901,0.07%,69.92,70.0,70.05,69.86,-0.11%,221.87,179.5,4618.0,392.4,394.4,15786.0,1021.4,131.34,1296.0,260.05,2554.85,2546.93,2554.85,2532.39,982.94,985.94,986.94,978.59,86.30999755859375,81.66500091552734,90.28630065917969
598,2023-04-17,7.38,7.18,7.23,7.32,7.44,8.07,8.72,9.77,10.45,10.99,11.4,11.6,11.83,97.9,97.9,97.9,97.9,-0.05%,85.29,85.13,85.29,85.01,0.00%,90.5,90.5,90.5,90.5,0.06%,83.889,83.889,83.889,83.889,-0.01%,69.89,69.92,70.03,69.79,-0.04%,228.1,181.99,4640.0,395.85,399.3,15900.0,1038.0,132.6,1317.6,261.0,2596.11,2572.54,2596.45,2572.54,1004.62,987.44,1004.62,987.44,84.76000213623047,81.51499938964844,89.5
599,2023-04-18,7.45,7.19,7.22,7.29,7.41,8.01,8.66,9.74,10.43,10.99,11.42,11.64,11.88,98.023,98.023,98.023,98.023,0.13%,85.28,85.04,85.29,84.9,-0.01%,90.46,90.46,90.46,90.46,-0.04%,83.9,83.9,83.9,83.9,0.01%,70.0,70.0,70.0,69.75,0.15%,232.66,184.39,4599.5,397.0,400.2,15908.0,1052.2,137.44,1311.4,265.4,2615.62,2601.34,2615.62,2586.05,1010.87,1005.16,1011.3,998.34,84.7699966430664,82.01499938964844,89.63919830322266
600,2023-04-19,7.32,7.21,7.24,7.32,7.43,8.02,8.67,9.74,10.44,11.02,11.46,11.68,11.93,98.15,98.15,98.15,98.15,0.13%,85.24,84.81,85.29,84.81,-0.04%,90.55,90.55,90.55,90.55,0.10%,83.85,83.85,83.85,83.85,-0.06%,70.1,69.99,69.99,69.81,0.15%,232.95,182.01,4539.5,396.1,396.4,15918.0,1026.8,138.5,1294.2,266.7,2606.55,2617.91,2629.01,2584.96,1004.59,1008.07,1015.38,995.31,83.12000274658203,81.76499938964844,89.77100372314453
601,2023-04-20,7.26,7.2,7.19,7.25,7.34,7.96,8.63,9.74,10.43,11.0,11.41,11.61,11.84,98.101,98.101,98.101,98.101,-0.05%,85.19,84.99,85.24,84.99,-0.07%,90.36,90.36,90.36,90.36,-0.21%,83.8,83.8,83.8,83.8,-0.06%,70.11,70.1,70.19,69.86,0.01%,236.28,181.74,4746.0,396.5,407.3,15802.0,1013.6,140.16,1317.6,268.35,2637.85,2600.71,2640.78,2565.61,1018.6,1002.07,1021.16,990.15,81.0999984741211,81.66500091552734,89.47329711914062
602,2023-04-21,7.21,7.28,7.23,7.26,7.34,7.94,8.63,9.75,10.44,10.98,11.37,11.57,11.79,98.152,98.152,98.152,98.152,0.05%,85.33,84.81,85.25,84.81,0.17%,90.37,90.37,90.37,90.37,0.01%,83.85,83.85,83.85,83.85,0.06%,70.29,70.15,70.25,70.02,0.25%,235.17,181.72,4729.5,398.75,406.3,15798.0,1018.8,139.92,1321.4,266.4,2639.95,2640.99,2648.21,2626.94,1019.2,1018.59,1022.96,1012.53,81.66000366210938,81.76499938964844,89.71389770507812
603,2023-04-24,6.98,7.25,7.25,7.31,7.41,8.01,8.66,9.73,10.42,10.97,11.37,11.57,11.79,98.432,98.432,98.432,98.432,0.29%,85.13,85.33,85.33,84.97,-0.24%,90.52,90.52,90.52,90.52,0.17%,83.95,83.95,83.95,83.95,0.12%,70.39,70.3,70.3,70.1,0.15%,235.1,181.56,4710.5,400.4,411.7,15700.0,1016.6,139.2,1313.6,269.25,2635.43,2636.76,2651.8,2609.4,1020.88,1019.48,1029.89,1008.49,82.7300033569336,81.41500091552734,89.5010986328125
604,2023-04-25,6.97,7.2,7.2,7.26,7.36,7.96,8.6,9.69,10.4,11.0,11.44,11.64,11.88,98.394,98.394,98.394,98.394,-0.04%,85.25,85.21,85.33,85.15,0.14%,90.61,90.61,90.61,90.61,0.10%,83.94,83.94,83.94,83.94,-0.01%,70.36,70.39,70.4,70.2,-0.05%,235.3,178.93,4689.0,396.45,408.8,15538.0,1010.2,138.22,1314.4,271.3,2626.86,2639.67,2642.12,2619.67,1013.87,1023.25,1023.31,1011.15,80.7699966430664,81.45999908447266,90.10449981689453
605,2023-04-26,6.81,7.29,7.31,7.37,7.46,8.0,8.6,9.66,10.39,11.01,11.48,11.71,11.97,98.536,98.536,98.536,98.536,0.14%,85.32,85.34,85.34,85.12,0.09%,90.57,90.57,90.57,90.57,-0.04%,83.936,83.936,83.936,83.936,0.00%,70.44,70.36,70.4,70.28,0.12%,235.21,178.38,4659.0,395.75,407.4,15330.0,998.0,136.5,1313.0,272.9,2620.33,2625.62,2631.13,2614.98,1011.06,1014.09,1016.16,1008.76,77.69000244140625,80.81600189208984,89.69409942626953
606,2023-04-27,6.78,7.18,7.19,7.25,7.35,7.92,8.56,9.65,10.38,10.99,11.44,11.65,11.9,98.554,98.554,98.554,98.554,0.02%,85.29,85.03,85.35,85.03,-0.03%,90.88,90.88,90.88,90.88,0.33%,84.169,84.169,84.169,84.169,0.28%,70.65,70.44,70.59,70.31,0.30%,240.38,183.95,4700.0,398.25,411.8,15370.0,1004.6,139.28,1320.0,273.65,2646.18,2620.65,2646.18,2617.04,1024.44,1009.45,1025.06,1007.47,78.37000274658203,81.76499938964844,90.34359741210938
607,2023-04-28,7.53,7.23,7.26,7.33,7.44,7.98,8.58,9.61,10.33,10.93,11.37,11.59,11.85,98.62,98.62,98.62,98.62,0.07%,85.56,85.29,85.66,85.22,0.32%,91.3,91.3,91.3,91.3,0.47%,84.31,84.31,84.31,84.31,0.17%,70.8,70.59,71.03,70.56,0.21%,240.38,181.13,4674.5,393.8,404.0,14572.0,1002.0,137.28,1340.8,272.15,2634.94,2653.93,2657.9,2608.02,1033.57,1025.41,1046.62,1022.67,79.54000091552734,81.81500244140625,90.28829956054688
608,2023-05-01,7.53,7.23,7.26,7.33,7.44,7.98,8.58,9.61,10.33,10.93,11.37,11.59,11.85,98.62,98.62,98.62,98.62,0.07%,85.56,85.29,85.66,85.22,0.32%,91.3,91.3,91.3,91.3,0.47%,84.31,84.31,84.31,84.31,0.17%,70.8,70.59,71.03,70.56,0.21%,240.38,181.13,4674.5,393.8,404.0,14572.0,1002.0,137.28,1340.8,272.15,2634.94,2653.93,2657.9,2608.02,1033.57,1025.41,1046.62,1022.67,79.30999755859375,80.41500091552734,87.75
609,2023-05-02,7.44,7.32,7.33,7.38,7.46,7.96,8.53,9.56,10.28,10.91,11.39,11.63,11.89,98.65,98.65,98.65,98.65,0.03%,85.79,85.85,85.85,85.36,0.27%,91.61,91.61,91.61,91.61,0.34%,84.5,84.5,84.5,84.5,0.23%,70.98,71.03,71.2,70.74,0.26%,242.62,177.97,4581.0,390.0,397.1,14542.0,972.6,133.34,1270.0,270.7,2580.51,2623.29,2635.53,2560.09,1019.67,1028.65,1034.99,1011.03,75.31999969482422,80.66500091552734,88.6677017211914
610,2023-05-03,7.11,7.39,7.39,7.43,7.5,7.97,8.51,9.54,10.27,10.92,11.42,11.68,11.96,98.71,98.71,98.71,98.71,0.06%,85.68,85.85,85.93,85.45,-0.12%,91.69,91.69,91.69,91.69,0.08%,84.481,84.481,84.481,84.481,-0.02%,70.82,71.2,71.2,70.75,-0.23%,235.77,172.87,4508.5,378.0,381.8,14440.0,957.4,129.8,1223.8,265.05,2532.42,2585.4,2586.17,2532.42,1008.49,1022.34,1027.6,1008.05,72.33000183105469,80.07499694824219,88.19660186767578
611,2023-05-04,7.0,7.39,7.39,7.43,7.5,7.97,8.52,9.55,10.28,10.92,11.42,11.67,11.94,98.661,98.661,98.661,98.661,-0.05%,85.48,85.78,85.78,85.5,-0.24%,91.55,91.55,91.55,91.55,-0.15%,84.403,84.403,84.403,84.403,-0.09%,71.13,70.8,71.12,70.78,0.44%,238.89,173.66,4547.5,379.95,388.0,14470.0,963.2,129.46,1229.8,268.8,2524.51,2524.97,2547.2,2524.36,1018.72,1005.22,1026.57,1004.3,72.5,79.46499633789062,87.99410247802734
612,2023-05-05,6.91,7.26,7.26,7.31,7.4,7.93,8.51,9.55,10.27,10.89,11.37,11.61,11.87,98.7,98.7,98.7,98.7,0.04%,85.61,85.61,85.61,85.36,0.15%,91.71,91.71,91.71,91.71,0.18%,84.437,84.437,84.437,84.437,0.04%,71.27,71.22,71.25,70.88,0.20%,237.7,172.09,4509.0,378.65,383.0,14352.0,954.6,127.34,1222.0,266.1,2538.24,2544.47,2555.39,2529.08,1033.68,1036.95,1050.91,1030.61,75.30000305175781,78.46499633789062,86.69139862060547
613,2023-05-08,6.91,7.51,7.46,7.48,7.53,7.97,8.53,9.57,10.3,10.91,11.37,11.59,11.85,98.8,98.8,98.8,98.8,0.10%,85.61,85.61,85.61,85.36,0.15%,91.6,91.6,91.6,91.6,-0.12%,84.452,84.452,84.452,84.452,0.02%,71.27,71.22,71.25,70.88,0.20%,238.27,170.84,4564.5,381.1,391.9,14218.0,962.0,127.22,1215.2,263.6,2527.59,2528.74,2538.23,2513.84,1019.29,1034.85,1040.23,1014.83,77.01000213623047,77.7750015258789,85.73429870605469
614,2023-05-09,6.91,7.51,7.46,7.48,7.53,7.97,8.53,9.57,10.3,10.91,11.37,11.59,11.85,98.8,98.8,98.8,98.8,0.10%,85.61,85.61,85.61,85.36,0.15%,91.6,91.6,91.6,91.6,-0.12%,84.452,84.452,84.452,84.452,0.02%,71.27,71.22,71.25,70.88,0.20%,238.27,170.84,4564.5,381.1,391.9,14218.0,962.0,127.22,1215.2,263.6,2527.59,2528.74,2538.23,2513.84,1019.29,1034.85,1040.23,1014.83,77.44000244140625,77.69000244140625,85.4541015625
615,2023-05-10,6.96,7.59,7.54,7.55,7.59,8.0,8.53,9.55,10.27,10.89,11.37,11.61,11.87,98.602,98.602,98.602,98.602,-0.20%,85.7,85.75,85.75,85.3,0.11%,91.89,91.89,91.89,91.89,0.31%,84.371,84.371,84.371,84.371,-0.10%,71.2,71.29,71.3,70.89,-0.10%,227.06,175.53,4716.0,392.1,402.4,14604.0,987.2,130.38,1270.0,272.65,2548.63,2483.92,2556.67,2483.79,1052.44,1005.78,1060.55,1005.74,76.41000366210938,77.96499633789062,85.51470184326172
616,2023-05-11,6.95,7.47,7.45,7.47,7.54,7.99,8.55,9.58,10.29,10.89,11.36,11.59,11.87,98.675,98.675,98.675,98.675,0.07%,85.65,85.64,85.64,85.51,-0.06%,91.84,91.84,91.84,91.84,-0.05%,84.365,84.365,84.365,84.365,-0.01%,70.98,71.13,71.25,71.0,-0.30%,229.32,174.13,4788.5,391.65,398.7,14476.0,985.8,128.76,1269.2,272.5,2595.12,2573.41,2610.8,2567.98,1064.56,1067.43,1091.91,1053.62,74.9800033569336,77.69000244140625,83.5947036743164
617,2023-05-12,6.83,7.54,7.52,7.55,7.62,8.07,8.59,9.58,10.28,10.89,11.37,11.61,11.88,98.495,98.495,98.495,98.495,-0.18%,85.65,85.61,85.65,85.5,0.00%,91.76,91.76,91.76,91.76,-0.09%,84.32,84.32,84.32,84.32,-0.05%,71.09,71.17,71.24,70.83,0.15%,229.29,173.95,4819.0,398.95,400.7,14544.0,988.0,129.64,1270.4,276.4,2565.17,2570.65,2584.91,2552.05,1038.32,1059.87,1061.33,1034.36,74.16999816894531,76.96499633789062,84.02179718017578
618,2023-05-15,7.39,7.64,7.58,7.57,7.61,8.04,8.59,9.61,10.3,10.88,11.3,11.5,11.75,98.598,98.598,98.598,98.598,0.10%,85.65,85.52,85.65,85.4,0.00%,91.79,91.79,91.79,91.79,0.04%,84.428,84.428,84.428,84.428,0.13%,71.0,71.1,71.25,70.85,-0.12%,231.7,179.04,5045.5,407.85,406.0,14768.0,995.6,133.16,1300.0,287.1,2611.07,2581.64,2611.71,2581.64,1037.13,1038.4,1046.31,1030.51,75.2300033569336,77.32499694824219,83.9312973022461
619,2023-05-16,7.38,7.63,7.59,7.6,7.65,8.06,8.58,9.58,10.29,10.89,11.35,11.58,11.83,98.499,98.499,98.499,98.499,-0.10%,85.74,85.65,85.65,85.47,0.10%,91.67,91.67,91.67,91.67,-0.14%,84.49,84.49,84.49,84.49,0.07%,71.08,71.06,71.11,70.71,0.12%,230.62,177.05,5086.0,410.75,406.8,14762.0,1008.4,132.86,1293.8,293.8,2633.71,2645.94,2655.73,2621.59,1030.68,1040.55,1050.24,1030.68,74.91000366210938,79.71499633789062,86.70770263671875
620,2023-05-17,7.28,7.67,7.64,7.66,7.72,8.12,8.62,9.58,10.27,10.87,11.35,11.58,11.84,98.421,98.421,98.421,98.421,-0.08%,85.66,85.78,86.0,85.5,-0.09%,91.78,91.78,91.78,91.78,0.13%,84.4,84.4,84.4,84.4,-0.11%,71.06,71.2,71.2,70.88,-0.04%,230.55,176.3,5097.0,414.8,405.4,14778.0,1009.8,133.64,1295.4,293.1,2634.48,2637.51,2646.61,2623.15,1039.58,1031.13,1039.76,1023.17,76.95999908447266,80.45500183105469,87.4478988647461
621,2023-05-18,7.3,7.65,7.61,7.62,7.67,8.07,8.59,9.58,10.28,10.89,11.36,11.59,11.85,98.502,98.502,98.502,98.502,0.08%,85.61,85.93,85.93,85.55,-0.06%,91.75,91.75,91.75,91.75,-0.03%,84.447,84.447,84.447,84.447,0.06%,70.95,71.16,71.18,70.7,-0.15%,231.7,175.26,5075.0,414.1,411.7,14736.0,1003.8,134.78,1278.2,313.55,2632.91,2650.12,2658.57,2624.49,1033.36,1039.91,1047.27,1029.18,75.86000061035156,79.71499633789062,86.42859649658203
622,2023-05-19,7.3,7.61,7.57,7.58,7.63,8.05,8.58,9.57,10.27,10.86,11.32,11.55,11.81,98.625,98.625,98.625,98.625,0.12%,85.53,85.61,85.63,85.4,-0.09%,91.84,91.84,91.84,91.84,0.09%,84.531,84.531,84.531,84.531,0.10%,71.1,70.95,71.15,70.9,0.21%,231.27,174.43,5078.5,413.65,410.3,14730.0,997.0,134.58,1263.6,308.0,2626.16,2627.59,2635.8,2612.47,1036.6,1031.98,1039.43,1028.54,75.58000183105469,80.36499786376953,86.62650299072266
623,2023-05-22,7.31,7.53,7.49,7.51,7.57,8.03,8.59,9.59,10.28,10.87,11.32,11.55,11.79,98.432,98.432,98.432,98.432,-0.20%,85.55,85.53,85.61,85.48,0.02%,91.85,91.85,91.85,91.85,0.02%,84.47,84.47,84.47,84.47,-0.07%,71.22,71.06,71.15,71.03,0.17%,231.0,172.47,5090.0,424.5,416.5,14602.0,988.6,133.04,1267.8,305.3,2633.26,2648.3,2652.97,2622.35,1035.8,1044.87,1046.69,1032.45,75.98999786376953,80.06500244140625,85.9000015258789
624,2023-05-23,7.23,7.65,7.59,7.59,7.64,8.06,8.61,9.63,10.32,10.88,11.33,11.57,11.82,98.368,98.368,98.368,98.368,-0.07%,85.6,85.6,85.6,85.41,0.06%,91.85,91.85,91.85,91.85,0.00%,84.364,84.364,84.364,84.364,-0.13%,71.0,71.25,71.25,70.92,-0.32%,236.43,166.59,5173.0,424.8,427.3,14648.0,996.0,134.84,1294.0,306.85,2641.66,2641.05,2648.69,2607.63,1038.0,1036.49,1040.5,1024.56,76.83999633789062,80.46499633789062,87.02410125732422
625,2023-05-24,7.31,7.7,7.65,7.66,7.71,8.12,8.63,9.6,10.28,10.87,11.33,11.56,11.81,98.297,98.297,98.297,98.297,-0.07%,85.55,85.23,85.62,85.23,-0.06%,91.8,91.8,91.8,91.8,-0.05%,84.46,84.46,84.46,84.46,0.11%,71.06,71.01,71.21,70.95,0.08%,246.06,162.96,5192.0,436.0,429.4,14696.0,993.6,134.68,1312.0,306.2,2654.99,2643.73,2659.68,2626.43,1043.95,1039.42,1047.56,1034.82,78.36000061035156,80.125,86.3198013305664
626,2023-05-25,7.22,7.55,7.54,7.57,7.64,8.09,8.62,9.59,10.27,10.86,11.31,11.54,11.78,98.225,98.225,98.225,98.225,-0.07%,85.6,85.55,85.6,85.52,0.06%,91.79,91.79,91.79,91.79,0.00%,84.555,84.555,84.555,84.555,0.11%,71.2,70.95,71.19,70.95,0.20%,243.76,162.3,5203.5,430.15,426.4,14562.0,1006.6,137.86,1295.2,306.4,2649.98,2662.85,2663.51,2631.03,1040.48,1047.03,1047.47,1037.15,76.26000213623047,80.06500244140625,86.1511001586914
627,2023-05-26,7.32,7.53,7.54,7.6,7.68,8.14,8.65,9.6,10.27,10.85,11.3,11.52,11.77,98.217,98.217,98.217,98.217,-0.01%,85.59,85.5,85.62,85.47,-0.01%,91.75,91.75,91.75,91.75,-0.04%,84.485,84.485,84.485,84.485,-0.08%,71.25,71.2,71.22,71.11,0.07%,248.1,164.48,5296.5,432.9,429.5,14670.0,1005.8,139.36,1305.4,308.0,2682.03,2650.38,2685.14,2645.54,1055.63,1043.25,1057.73,1041.3,76.94999694824219,79.98999786376953,85.81430053710938
628,2023-05-29,7.3,7.69,7.69,7.74,7.8,8.21,8.69,9.6,10.27,10.87,11.35,11.59,11.86,98.252,98.252,98.252,98.252,0.04%,85.49,85.62,85.62,85.41,-0.11%,91.72,91.72,91.72,91.72,-0.04%,84.495,84.495,84.495,84.495,0.01%,71.17,71.3,71.36,71.1,-0.11%,251.18,163.6,5538.5,440.45,441.7,14654.0,1027.0,141.7,1307.4,313.65,2732.0,2697.46,2732.0,2697.46,1064.18,1060.98,1071.02,1057.96,76.94999694824219,78.96499633789062,84.7229995727539
629,2023-05-30,7.32,7.63,7.63,7.67,7.74,8.16,8.66,9.6,10.28,10.88,11.37,11.61,11.88,98.28,98.28,98.28,98.28,0.03%,85.51,85.21,85.5,85.19,0.03%,91.74,91.74,91.74,91.74,0.03%,84.38,84.38,84.38,84.38,-0.14%,71.05,71.17,71.17,70.89,-0.18%,244.65,161.9,5530.0,434.5,438.9,14574.0,1025.8,143.6,1309.6,316.6,2698.75,2712.04,2748.6,2687.81,1047.6,1052.99,1075.32,1046.63,73.54000091552734,80.21499633789062,85.91919708251953
630,2023-05-31,7.37,7.62,7.63,7.67,7.74,8.17,8.67,9.61,10.29,10.88,11.36,11.6,11.86,98.152,98.152,98.152,98.152,-0.13%,85.47,85.39,85.6,85.36,-0.05%,91.7,91.7,91.7,91.7,-0.05%,84.36,84.36,84.36,84.36,-0.02%,70.98,70.85,71.07,70.8,-0.09%,246.17,162.94,5569.0,450.1,443.2,14580.0,1024.0,147.16,1298.4,317.1,2717.64,2698.11,2718.27,2676.27,1055.41,1050.82,1055.89,1042.03,72.66000366210938,79.61000061035156,80.68399810791016
631,2023-06-01,7.27,7.67,7.67,7.71,7.78,8.2,8.69,9.62,10.3,10.89,11.36,11.6,11.86,98.142,98.142,98.142,98.142,-0.01%,85.43,85.49,85.54,85.36,-0.05%,91.68,91.68,91.68,91.68,-0.02%,84.265,84.265,84.265,84.265,-0.11%,70.8,71.16,71.16,70.5,-0.26%,241.66,161.55,5684.0,451.5,450.3,14576.0,1032.0,147.88,1293.8,317.35,2721.73,2720.21,2729.97,2709.33,1061.89,1057.96,1062.9,1054.71,74.27999877929688,81.51499938964844,87.1968994140625
632,2023-06-02,7.33,7.68,7.69,7.73,7.8,8.22,8.7,9.62,10.3,10.9,11.38,11.62,11.88,98.101,98.101,98.101,98.101,-0.04%,85.4,85.44,85.55,85.4,-0.03%,91.53,91.53,91.53,91.53,-0.16%,84.27,84.27,84.27,84.27,0.01%,70.91,71.0,71.0,70.71,0.16%,243.95,162.58,5383.0,458.95,463.7,14782.0,1037.8,151.54,1340.4,326.85,2719.48,2684.59,2720.47,2684.59,1051.53,1048.06,1057.1,1047.95,76.12999725341797,80.96499633789062,87.15149688720703
633,2023-06-05,7.36,7.68,7.69,7.73,7.81,8.23,8.72,9.64,10.32,10.92,11.4,11.64,11.9,98.105,98.105,98.105,98.105,0.00%,85.54,85.54,85.55,85.36,0.16%,91.51,91.51,91.51,91.51,-0.02%,84.225,84.225,84.225,84.225,-0.05%,70.82,70.91,71.0,70.8,-0.13%,237.12,162.47,5166.5,458.6,475.0,14764.0,1031.4,148.84,1309.6,329.6,2694.14,2726.17,2738.82,2679.3,1048.37,1050.26,1061.92,1038.1,76.70999908447266,80.76499938964844,86.51609802246094
634,2023-06-06,7.32,7.62,7.65,7.71,7.79,8.23,8.72,9.64,10.32,10.91,11.4,11.66,11.93,98.099,98.099,98.099,98.099,-0.01%,85.53,85.4,85.63,85.3,-0.01%,91.46,91.46,91.46,91.46,-0.06%,84.2,84.2,84.2,84.2,-0.03%,70.88,71.0,71.0,70.71,0.09%,240.91,163.16,5149.5,462.1,473.0,14644.0,1021.0,148.08,1347.4,327.95,2681.25,2667.76,2687.41,2628.0,1038.18,1040.59,1040.59,1020.91,76.29000091552734,80.56500244140625,86.32620239257812
635,2023-06-07,7.39,7.6,7.63,7.69,7.78,8.22,8.7,9.63,10.31,10.91,11.4,11.66,11.93,98.12,98.12,98.12,98.12,0.02%,85.54,85.54,85.54,85.42,0.01%,91.49,91.49,91.49,91.49,0.03%,84.19,84.19,84.19,84.19,-0.01%,70.86,70.72,71.03,70.72,-0.03%,241.25,164.65,5101.0,459.85,470.7,14628.0,1020.6,149.78,1334.2,326.6,2694.69,2690.94,2711.72,2674.11,1035.93,1039.78,1046.77,1031.97,76.94999694824219,81.31500244140625,87.02369689941406
636,2023-06-08,7.31,7.63,7.66,7.72,7.8,8.22,8.7,9.63,10.31,10.92,11.42,11.68,11.97,98.095,98.095,98.095,98.095,-0.03%,85.54,85.5,85.55,85.35,0.00%,91.48,91.48,91.48,91.48,-0.01%,84.153,84.153,84.153,84.153,-0.04%,70.85,70.99,70.99,70.7,-0.01%,241.77,166.18,5065.0,458.15,470.9,14738.0,1040.6,150.98,1339.8,324.8,2709.69,2693.6,2709.69,2688.31,1032.85,1033.0,1039.19,1029.38,75.95999908447266,81.51499938964844,87.31109619140625
637,2023-06-09,7.28,7.48,7.56,7.67,7.78,8.28,8.75,9.64,10.32,10.93,11.45,11.72,12.0,98.147,98.147,98.147,98.147,0.05%,85.53,85.62,85.62,85.35,-0.01%,91.59,91.59,91.59,91.59,0.12%,84.146,84.146,84.146,84.146,-0.01%,70.9,70.9,70.9,70.7,0.07%,240.4,165.58,5077.0,463.5,472.4,14840.0,1030.4,152.46,1355.6,328.9,2708.04,2717.2,2721.84,2705.24,1032.29,1032.32,1040.51,1031.38,74.79000091552734,81.9749984741211,88.42279815673828
638,2023-06-12,7.28,7.48,7.56,7.67,7.78,8.28,8.75,9.64,10.32,10.93,11.45,11.72,12.0,98.147,98.147,98.147,98.147,0.05%,85.53,85.62,85.62,85.35,-0.01%,91.59,91.59,91.59,91.59,0.12%,84.146,84.146,84.146,84.146,-0.01%,70.9,70.9,70.9,70.7,0.07%,240.4,165.58,5077.0,463.5,472.4,14840.0,1030.4,152.46,1355.6,328.9,2708.04,2717.2,2721.84,2705.24,1032.29,1032.32,1040.51,1031.38,71.83999633789062,82.69000244140625,88.9166030883789
639,2023-06-13,7.49,7.5,7.61,7.72,7.84,8.32,8.77,9.65,10.33,10.96,11.47,11.74,12.03,98.02,98.02,98.02,98.02,-0.13%,85.55,85.53,85.62,85.4,0.02%,91.45,91.45,91.45,91.45,-0.15%,83.96,83.96,83.96,83.96,-0.22%,70.71,70.52,70.99,70.52,-0.27%,244.33,168.43,5264.0,479.85,481.0,15094.0,1052.4,159.58,1385.8,330.5,2757.28,2715.31,2757.28,2715.15,1030.64,1029.01,1035.4,1025.27,74.29000091552734,83.84500122070312,90.27020263671875
640,2023-06-14,7.34,7.37,7.53,7.7,7.86,8.4,8.84,9.68,10.34,10.97,11.52,11.8,12.11,98.011,98.011,98.011,98.011,-0.01%,85.49,87.9,87.9,85.19,-0.07%,91.4,91.4,91.4,91.4,-0.05%,83.899,83.899,83.899,83.899,-0.07%,70.77,70.77,70.84,70.6,0.08%,244.6,167.88,5246.0,478.4,488.1,15052.0,1049.0,157.98,1372.8,330.3,2765.18,2777.2,2786.06,2758.35,1035.79,1031.92,1040.02,1028.57,73.19999694824219,83.91500091552734,90.56919860839844
641,2023-06-15,7.35,7.28,7.45,7.62,7.78,8.34,8.81,9.68,10.35,10.97,11.51,11.79,12.1,97.985,97.985,97.985,97.985,-0.03%,85.45,87.13,87.13,85.11,-0.05%,91.4,91.4,91.4,91.4,0.00%,83.938,83.938,83.938,83.938,0.05%,70.76,70.77,70.77,70.6,-0.01%,245.18,171.86,5302.5,481.75,515.0,15286.0,1077.6,166.22,1388.6,336.55,2800.17,2776.77,2809.42,2764.89,1054.3,1036.34,1058.87,1032.33,75.66999816894531,83.96499633789062,91.07669830322266
642,2023-06-16,7.3,7.25,7.44,7.63,7.8,8.38,8.83,9.7,10.37,10.98,11.51,11.8,12.11,97.967,97.967,97.967,97.967,-0.02%,85.54,86.75,86.75,85.32,0.11%,91.4,91.4,91.4,91.4,0.00%,83.847,83.847,83.847,83.847,-0.11%,70.64,70.9,70.95,70.63,-0.17%,243.87,169.87,5260.5,480.4,511.7,15362.0,1073.6,164.5,1378.8,341.95,2800.79,2809.28,2813.74,2783.71,1047.47,1054.49,1056.2,1046.04,76.61000061035156,83.44499969482422,91.35890197753906
643,2023-06-19,7.25,7.38,7.54,7.69,7.85,8.39,8.85,9.71,10.37,10.98,11.51,11.79,12.1,97.902,97.902,97.902,97.902,-0.07%,85.55,85.54,85.55,85.24,0.00%,91.29,91.29,91.29,91.29,-0.12%,83.754,83.754,83.754,83.754,-0.11%,70.75,70.64,70.75,70.52,0.15%,242.28,170.19,5194.0,485.85,503.6,15510.0,1155.0,172.3,1377.6,343.7,2815.07,2808.04,2816.57,2783.69,1054.31,1046.43,1055.07,1044.19,76.61000061035156,83.46499633789062,91.3030014038086
644,2023-06-20,7.22,7.42,7.57,7.72,7.87,8.42,8.9,9.8,10.45,11.02,11.5,11.75,12.03,97.89,97.89,97.89,97.89,-0.01%,85.25,85.31,85.55,85.0,-0.35%,91.19,91.19,91.19,91.19,-0.11%,83.568,83.568,83.568,83.568,-0.22%,70.57,70.75,70.75,70.4,-0.25%,241.74,169.64,5150.5,483.4,503.6,15332.0,1145.0,173.8,1359.6,345.65,2803.69,2810.14,2814.72,2778.0,1042.91,1050.94,1054.56,1035.9,75.9000015258789,83.81500244140625,91.59320068359375
645,2023-06-21,7.25,7.5,7.64,7.78,7.92,8.46,8.92,9.77,10.42,11.02,11.53,11.8,12.09,97.519,97.519,97.519,97.519,-0.38%,85.2,85.38,85.38,84.95,-0.06%,91.17,91.17,91.17,91.17,-0.02%,83.6,83.6,83.6,83.6,0.04%,70.48,70.62,70.64,70.35,-0.13%,242.2,170.2,5125.0,481.35,503.3,15306.0,1182.0,175.26,1364.4,346.55,2819.3,2808.87,2821.88,2794.68,1057.74,1048.32,1060.37,1041.5,77.12000274658203,84.71399688720703,91.55970001220703
646,2023-06-22,7.15,7.44,7.59,7.74,7.89,8.45,8.93,9.8,10.43,11.01,11.5,11.75,12.02,97.6,97.6,97.6,97.6,0.08%,85.2,85.18,85.25,84.99,0.00%,91.15,91.15,91.15,91.15,-0.03%,83.574,83.574,83.574,83.574,-0.03%,70.28,70.55,70.55,70.17,-0.28%,240.66,168.41,5137.0,475.45,504.3,15178.0,1164.8,171.9,1346.2,345.6,2815.83,2817.3,2820.43,2805.92,1056.18,1058.69,1063.5,1055.6,74.13999938964844,83.61499786376953,91.943603515625
647,2023-06-23,7.13,7.49,7.63,7.77,7.91,8.46,8.95,9.84,10.49,11.05,11.54,11.79,12.05,97.621,97.621,97.621,97.621,0.02%,85.2,85.29,85.29,84.96,0.00%,91.21,91.21,91.21,91.21,0.07%,83.632,83.632,83.632,83.632,0.07%,70.07,70.2,70.3,70.11,-0.30%,235.67,165.8,5030.0,467.55,494.6,14988.0,1164.6,171.36,1317.0,339.75,2795.06,2790.04,2795.06,2767.82,1039.99,1047.51,1049.44,1033.04,73.8499984741211,80.94999694824219,88.72270202636719
648,2023-06-26,7.15,7.55,7.67,7.8,7.93,8.46,8.95,9.85,10.5,11.06,11.54,11.78,12.05,97.555,97.555,97.555,97.555,-0.07%,85.2,85.1,85.2,84.85,0.00%,91.15,91.15,91.15,91.15,-0.07%,83.397,83.397,83.397,83.397,-0.28%,70.07,70.07,70.28,69.95,0.00%,238.4,166.91,5048.5,474.4,498.5,14862.0,1158.2,167.24,1322.2,344.2,2757.13,2771.52,2784.28,2741.33,1021.38,1027.54,1034.12,1018.44,74.18000030517578,83.61499786376953,91.09870147705078
649,2023-06-27,7.14,7.3,7.48,7.66,7.83,8.47,8.99,9.87,10.49,11.05,11.51,11.74,11.99,97.535,97.535,97.535,97.535,-0.02%,85.13,85.23,85.23,85.0,-0.08%,91.1,91.1,91.1,91.1,-0.05%,83.382,83.382,83.382,83.382,-0.02%,70.15,70.2,70.2,69.78,0.11%,241.21,166.45,5138.0,475.85,497.9,14842.0,1187.8,172.4,1332.2,346.95,2776.63,2759.61,2785.33,2743.07,1028.24,1025.85,1031.42,1016.92,72.26000213623047,84.375,92.08679962158203
650,2023-06-28,7.26,7.49,7.63,7.78,7.93,8.48,8.96,9.84,10.49,11.06,11.56,11.81,12.08,97.611,97.611,97.611,97.611,0.08%,84.96,85.1,85.29,84.81,-0.20%,90.94,90.94,90.94,90.94,-0.17%,83.393,83.393,83.393,83.393,0.01%,70.03,70.15,70.27,69.55,-0.17%,239.67,168.05,5108.0,477.05,500.0,14934.0,1169.0,170.14,1322.8,305.45,2780.92,2781.1,2787.52,2766.93,1014.68,1027.94,1030.53,1010.79,74.02999877929688,85.33999633789062,93.54090118408203
651,2023-06-29,7.41,7.52,7.67,7.82,7.97,8.52,9.0,9.85,10.48,11.04,11.52,11.77,12.04,97.482,97.482,97.482,97.482,-0.13%,84.84,85.0,85.0,84.8,-0.14%,90.9,90.9,90.9,90.9,-0.05%,83.274,83.274,83.274,83.274,-0.14%,69.9,70.1,70.11,69.75,-0.18%,239.99,167.88,5124.0,482.1,507.7,14882.0,1166.8,169.22,1326.4,303.5,2796.41,2790.27,2804.8,2783.53,1006.83,1017.46,1017.57,1003.35,74.33999633789062,85.8550033569336,93.87310028076172
652,2023-06-30,7.45,7.51,7.67,7.82,7.98,8.56,9.06,9.94,10.56,11.09,11.55,11.79,12.04,97.399,97.399,97.399,97.399,-0.09%,84.88,84.98,85.19,84.51,0.04%,90.8,90.8,90.8,90.8,-0.11%,83.0,83.0,83.0,83.0,-0.33%,69.82,70.08,70.08,69.65,-0.12%,239.61,166.86,5079.0,482.35,505.7,14726.0,1174.0,172.74,1335.0,296.75,2797.37,2796.0,2800.12,2779.61,982.94,999.4,1001.13,979.95,74.9000015258789,86.82499694824219,94.3948974609375
653,2023-07-03,7.34,7.55,7.72,7.89,8.04,8.6,9.08,9.93,10.55,11.08,11.54,11.77,12.03,97.29,97.29,97.29,97.29,-0.11%,84.89,85.0,85.0,84.55,0.02%,90.69,90.69,90.69,90.69,-0.12%,83.082,83.082,83.082,83.082,0.10%,69.97,69.95,69.95,69.7,0.21%,243.33,166.82,5095.5,478.05,500.1,14702.0,1219.0,175.98,1322.4,287.8,2793.93,2795.58,2804.93,2790.81,992.94,989.53,994.05,983.93,74.6500015258789,87.91500091552734,94.5
654,2023-07-04,7.35,7.42,7.6,7.78,7.95,8.58,9.11,9.98,10.58,11.11,11.58,11.83,12.09,97.321,97.321,97.321,97.321,0.03%,84.71,85.09,85.09,84.4,-0.21%,90.81,90.81,90.81,90.81,0.13%,83.05,83.05,83.05,83.05,-0.04%,69.82,69.99,70.0,69.73,-0.22%,240.7,165.5,5209.0,473.4,493.4,14744.0,1201.4,175.56,1316.6,292.5,2808.22,2798.02,2808.22,2776.79,987.43,993.34,994.86,974.05,74.6500015258789,89.47000122070312,97.66690063476562
655,2023-07-05,7.31,7.37,7.57,7.76,7.94,8.58,9.09,9.96,10.58,11.13,11.59,11.84,12.1,97.369,97.369,97.369,97.369,0.05%,84.8,84.95,84.95,84.38,0.10%,90.74,90.74,90.74,90.74,-0.08%,83.001,83.001,83.001,83.001,-0.06%,69.75,69.82,69.97,69.65,-0.10%,240.95,165.71,5298.5,473.9,501.7,14868.0,1213.0,179.12,1322.4,298.7,2805.0,2795.4,2813.76,2795.4,969.33,982.4,986.29,969.33,76.6500015258789,89.96499633789062,99.02169799804688
656,2023-07-06,7.37,7.39,7.58,7.76,7.94,8.58,9.1,10.0,10.64,11.17,11.62,11.85,12.11,97.385,97.385,97.385,97.385,0.02%,84.53,84.95,84.95,84.4,-0.32%,90.51,90.51,90.51,90.51,-0.25%,82.849,82.849,82.849,82.849,-0.18%,69.65,69.75,69.77,69.5,-0.13%,240.96,166.36,5347.0,476.75,499.2,15162.0,1203.8,178.2,1363.8,296.15,2819.6,2816.74,2837.49,2813.38,970.93,957.43,978.54,951.6,76.5199966430664,91.21499633789062,99.04740142822266
657,2023-07-07,7.35,7.35,7.55,7.75,7.94,8.6,9.14,10.03,10.65,11.19,11.64,11.87,12.12,97.26,97.26,97.26,97.26,-0.13%,84.55,84.88,84.88,84.25,0.02%,90.56,90.56,90.56,90.56,0.05%,82.88,82.88,82.88,82.88,0.04%,69.61,69.6,69.66,69.47,-0.07%,243.67,166.34,5439.5,482.4,501.0,15080.0,1199.4,181.34,1396.4,296.55,2832.51,2823.89,2832.82,2814.38,976.08,971.98,979.87,966.36,78.47000122070312,91.21499633789062,99.3667984008789
658,2023-07-10,7.4,7.46,7.64,7.82,8.0,8.65,9.21,10.11,10.69,11.18,11.59,11.81,12.05,96.901,96.901,96.901,96.901,-0.37%,84.47,84.65,84.65,84.3,-0.09%,90.31,90.31,90.31,90.31,-0.28%,82.642,82.642,82.642,82.642,-0.29%,69.49,69.61,69.67,69.4,-0.17%,249.4,167.59,5436.0,477.45,487.9,15264.0,1218.4,181.76,1403.8,302.2,2856.76,2838.85,2864.32,2838.52,993.19,974.55,994.6,974.36,77.69000244140625,91.2249984741211,99.5
659,2023-07-11,7.58,7.44,7.64,7.84,8.02,8.71,9.27,10.13,10.7,11.2,11.61,11.82,12.04,96.787,96.787,96.787,96.787,-0.12%,84.3,84.24,84.69,84.24,-0.20%,90.15,90.15,90.15,90.15,-0.18%,82.58,82.58,82.58,82.58,-0.08%,69.4,69.49,69.49,69.31,-0.13%,247.99,168.85,5439.0,478.8,490.7,15302.0,1222.8,181.22,1418.8,300.0,2860.33,2865.64,2867.36,2851.01,997.64,1003.34,1003.69,990.44,79.4000015258789,90.51499938964844,100.26020050048828
660,2023-07-12,7.56,7.52,7.72,7.91,8.09,8.73,9.25,10.13,10.73,11.23,11.65,11.88,12.12,96.859,96.859,96.859,96.859,0.07%,84.39,84.46,84.53,84.2,0.10%,90.03,90.03,90.03,90.03,-0.13%,82.425,82.425,82.425,82.425,-0.19%,69.3,69.48,69.48,69.31,-0.14%,247.52,170.3,5500.0,487.05,495.6,15454.0,1244.0,184.38,1445.6,298.7,2896.83,2870.61,2897.28,2870.61,1004.98,997.99,1008.37,997.99,80.11000061035156,90.46499633789062,99.67220306396484
661,2023-07-13,7.66,7.4,7.63,7.84,8.05,8.73,9.29,10.15,10.72,11.2,11.62,11.84,12.06,96.772,96.772,96.772,96.772,-0.09%,84.33,84.39,84.39,84.0,-0.06%,90.2,90.2,90.2,90.2,0.19%,82.405,82.405,82.405,82.405,-0.02%,69.36,69.49,69.49,69.3,0.09%,246.19,168.96,5498.0,488.4,494.7,15540.0,1238.8,185.26,1423.0,297.85,2885.63,2899.98,2912.15,2873.0,1008.56,1004.86,1013.05,1003.46,81.36000061035156,90.46499633789062,100.8125
662,2023-07-14,7.8,7.39,7.65,7.89,8.1,8.82,9.38,10.2,10.73,11.21,11.59,11.79,11.99,96.6,96.6,96.6,96.6,-0.18%,84.11,84.95,84.95,84.0,-0.27%,90.11,90.11,90.11,90.11,-0.10%,82.291,82.291,82.291,82.291,-0.14%,69.3,69.45,69.45,69.05,-0.09%,246.45,169.7,5514.0,487.65,496.0,15504.0,1253.0,193.5,1440.0,296.8,2902.72,2882.96,2902.72,2874.44,1014.62,1009.37,1014.62,1005.03,79.87000274658203,90.09500122070312,101.1427993774414
663,2023-07-17,8.09,7.28,7.63,7.94,8.21,9.01,9.58,10.35,10.83,11.22,11.52,11.66,11.79,96.099,96.099,96.099,96.099,-0.52%,84.0,84.14,84.31,83.8,-0.13%,90.0,90.0,90.0,90.0,-0.13%,82.095,82.095,82.095,82.095,-0.24%,69.15,69.3,69.39,69.06,-0.22%,245.39,170.63,5503.0,489.3,496.4,15774.0,1275.0,194.0,1468.2,295.15,2917.61,2889.09,2917.72,2880.11,1009.79,1003.29,1016.71,1000.05,78.5,90.21499633789062,101.33719635009766
664,2023-07-18,7.78,7.28,7.61,7.92,8.19,9.04,9.64,10.39,10.84,11.23,11.53,11.67,11.81,95.952,95.952,95.952,95.952,-0.15%,83.9,84.0,84.14,83.65,-0.12%,89.91,89.91,89.91,89.91,-0.09%,82.115,82.115,82.115,82.115,0.02%,68.98,69.18,69.18,69.0,-0.24%,246.77,174.89,5537.5,490.15,497.7,16336.0,1287.8,192.92,1485.0,296.05,2954.52,2923.69,2955.81,2922.74,1024.98,1012.87,1025.09,1012.87,79.62999725341797,90.56999969482422,101.80829620361328
665,2023-07-19,7.96,7.15,7.6,7.98,8.3,9.18,9.73,10.44,10.86,11.18,11.42,11.52,11.62,95.953,95.953,95.953,95.953,0.00%,84.1,84.91,84.91,83.9,0.24%,89.73,89.73,89.73,89.73,-0.20%,82.112,82.112,82.112,82.112,0.00%,68.9,69.0,69.07,68.85,-0.12%,245.85,173.04,5518.0,485.95,496.5,16546.0,1277.4,192.28,1479.4,297.3,2943.43,2959.41,2966.72,2938.66,1015.13,1024.26,1027.6,1014.56,79.45999908447266,90.96499633789062,102.17939758300781
666,2023-07-20,7.99,7.16,7.6,7.97,8.28,9.11,9.65,10.39,10.85,11.22,11.48,11.6,11.71,95.999,95.999,95.999,95.999,0.05%,84.23,84.79,84.79,83.88,0.16%,89.72,89.72,89.72,89.72,-0.01%,82.14,82.14,82.14,82.14,0.03%,69.0,68.9,68.97,68.85,0.14%,242.7,169.92,5394.0,475.1,488.6,15904.0,1260.8,190.28,1464.0,292.1,2917.48,2947.08,2947.29,2905.02,1016.53,1017.81,1020.92,1006.57,79.63999938964844,91.91500091552734,103.02549743652344
667,2023-07-21,8.04,7.45,7.8,8.11,8.38,9.21,9.76,10.46,10.86,11.21,11.48,11.61,11.73,95.472,95.472,95.472,95.472,-0.55%,84.35,83.88,84.49,83.75,0.14%,89.78,89.78,89.78,89.78,0.06%,82.286,82.286,82.286,82.286,0.18%,69.56,69.0,69.36,68.93,0.81%,244.13,171.19,5505.0,483.2,494.7,16082.0,1274.2,192.3,1481.0,292.65,2923.54,2890.45,2925.54,2889.78,1012.37,1008.43,1017.6,1006.79,81.06999969482422,90.06500244140625,100.31279754638672
668,2023-07-24,8.25,7.57,7.89,8.17,8.41,9.16,9.68,10.41,10.85,11.21,11.49,11.63,11.78,95.708,95.708,95.708,95.708,0.25%,84.11,84.23,84.94,83.9,-0.28%,89.67,89.67,89.67,89.67,-0.12%,82.26,82.26,82.26,82.26,-0.03%,69.51,69.56,69.68,69.21,-0.07%,244.87,171.98,5545.5,481.6,498.1,16126.0,1286.0,192.06,1476.4,291.5,2937.47,2929.23,2947.17,2925.1,1023.34,1013.76,1025.67,1013.53,82.73999786376953,90.46499633789062,100.677001953125
669,2023-07-25,8.16,7.66,7.93,8.17,8.4,9.12,9.64,10.37,10.82,11.2,11.51,11.67,11.83,95.795,95.795,95.795,95.795,0.09%,84.5,84.11,84.39,83.95,0.46%,89.7,89.7,89.7,89.7,0.03%,82.39,82.39,82.39,82.39,0.16%,69.41,69.54,69.65,69.07,-0.15%,247.2,171.86,5633.5,489.15,509.3,16260.0,1313.6,197.32,1472.0,291.05,2975.36,2948.87,2975.36,2943.74,1038.57,1031.96,1038.57,1030.41,83.63999938964844,90.41500091552734,100.060302734375
670,2023-07-26,8.25,7.65,7.9,8.14,8.36,9.08,9.62,10.37,10.83,11.21,11.53,11.7,11.88,95.763,95.763,95.763,95.763,-0.03%,84.37,84.7,84.7,84.2,-0.15%,89.74,89.74,89.74,89.74,0.05%,82.448,82.448,82.448,82.448,0.07%,69.55,69.4,69.8,69.09,0.20%,247.05,171.35,5626.0,486.9,506.4,16170.0,1301.4,196.14,1494.4,288.95,2970.42,2974.21,2982.47,2954.9,1038.74,1038.6,1042.3,1033.54,82.91999816894531,90.16500091552734,99.66649627685547
671,2023-07-27,8.4,7.71,7.99,8.25,8.47,9.13,9.62,10.33,10.8,11.2,11.51,11.66,11.82,95.7,95.7,95.7,95.7,-0.07%,84.38,84.5,84.54,84.21,0.01%,89.74,89.74,89.74,89.74,0.00%,82.42,82.42,82.42,82.42,-0.03%,69.35,69.6,69.63,68.98,-0.28%,247.95,172.0,5668.0,493.75,509.4,16190.0,1328.0,203.36,1496.0,288.15,2987.85,2975.52,2992.47,2975.52,1039.04,1042.07,1048.56,1038.02,84.23999786376953,89.96499633789062,99.69750213623047
672,2023-07-28,8.38,7.76,8.09,8.37,8.6,9.24,9.71,10.39,10.83,11.2,11.49,11.62,11.77,95.532,95.532,95.532,95.532,-0.18%,84.02,84.46,84.48,84.1,-0.43%,89.68,89.68,89.68,89.68,-0.07%,82.342,82.342,82.342,82.342,-0.09%,68.96,69.35,69.35,68.89,-0.56%,249.25,171.44,5896.0,500.65,516.5,16236.0,1334.8,204.44,1500.2,287.55,3008.61,2986.35,3008.61,2978.12,1033.67,1040.33,1040.33,1031.46,84.98999786376953,90.66500091552734,99.57499694824219
673,2023-07-31,8.42,7.82,8.2,8.52,8.77,9.4,9.81,10.44,10.86,11.17,11.38,11.47,11.55,95.45,95.45,95.45,95.45,-0.09%,84.22,84.88,84.88,84.01,0.24%,89.56,89.56,89.56,89.56,-0.14%,82.2,82.2,82.2,82.2,-0.17%,69.1,69.05,69.1,68.7,0.20%,267.4,174.33,5938.0,508.75,523.5,16712.0,1367.6,211.44,1519.4,290.1,3073.5,3026.93,3073.5,3026.93,1057.43,1032.39,1057.43,1032.39,85.55999755859375,92.0250015258789,99.4000015258789
674,2023-08-01,8.47,7.86,8.22,8.52,8.77,9.41,9.83,10.45,10.86,11.21,11.46,11.57,11.68,95.432,95.432,95.432,95.432,-0.02%,84.32,84.44,84.44,83.95,0.12%,89.18,89.18,89.18,89.18,-0.43%,82.101,82.101,82.101,82.101,-0.12%,69.1,69.25,69.49,68.65,0.00%,268.5,173.21,6008.0,516.7,526.5,17000.0,1364.6,212.0,1525.2,290.4,3093.64,3085.97,3114.56,3055.25,1055.79,1059.74,1066.26,1051.0,84.91000366210938,91.61499786376953,100.78579711914062
675,2023-08-02,8.49,7.68,8.07,8.4,8.67,9.37,9.83,10.48,10.89,11.21,11.43,11.51,11.58,95.599,95.599,95.599,95.599,0.17%,84.15,84.32,84.32,83.88,-0.20%,89.17,89.17,89.17,89.17,-0.01%,82.13,82.13,82.13,82.13,0.04%,69.0,69.1,69.15,68.25,-0.13%,268.57,174.07,6069.5,522.95,537.5,16560.0,1364.0,210.56,1556.2,289.55,3106.46,3096.72,3123.45,3080.63,1040.15,1058.17,1062.57,1038.55,83.19999694824219,92.375,101.70709991455078
676,2023-08-03,8.29,7.76,8.23,8.61,8.91,9.59,9.98,10.53,10.9,11.17,11.32,11.36,11.4,95.351,95.351,95.351,95.351,-0.26%,83.79,83.9,84.15,83.7,-0.43%,88.97,88.97,88.97,88.97,-0.22%,82.04,82.04,82.04,82.04,-0.11%,68.91,69.2,69.2,68.81,-0.13%,269.11,177.1,6155.0,526.7,547.7,16650.0,1399.0,212.52,1602.4,290.75,3147.8,3111.7,3150.28,3094.27,1046.57,1043.5,1053.95,1039.92,85.13999938964844,94.01499938964844,102.92479705810547
677,2023-08-04,8.17,7.83,8.29,8.66,8.96,9.66,10.06,10.58,10.91,11.16,11.3,11.33,11.36,95.044,95.044,95.044,95.044,-0.32%,83.6,84.35,84.35,83.1,-0.23%,88.81,88.81,88.81,88.81,-0.18%,81.96,81.96,81.96,81.96,-0.10%,68.88,69.19,69.19,68.75,-0.04%,264.12,173.46,6103.0,521.95,541.9,16338.0,1348.4,206.64,1577.0,288.4,3092.44,3158.53,3194.83,3073.69,1015.74,1053.56,1058.48,1015.74,86.23999786376953,94.96499633789062,103.46369934082031
678,2023-08-07,8.21,7.8,8.29,8.68,8.98,9.66,10.02,10.56,10.93,11.2,11.34,11.36,11.37,95.01,95.01,95.01,95.01,-0.04%,83.58,84.44,84.44,83.31,-0.01%,88.82,88.82,88.82,88.82,0.00%,81.91,81.91,81.91,81.91,-0.06%,68.91,68.88,68.93,68.8,0.05%,261.92,172.52,6048.5,524.6,548.7,16154.0,1327.4,202.36,1593.4,290.05,3084.08,3120.54,3153.6,3084.08,1017.03,1020.46,1030.28,1016.15,85.33999633789062,95.83999633789062,103.4000015258789
679,2023-08-08,8.48,7.81,8.35,8.78,9.1,9.79,10.13,10.62,10.97,11.22,11.34,11.35,11.36,94.9,94.9,94.9,94.9,-0.12%,83.4,83.59,83.59,83.19,-0.22%,88.72,88.72,88.72,88.72,-0.10%,81.7,81.7,81.7,81.7,-0.26%,68.83,68.91,68.91,68.8,-0.12%,264.62,172.71,6124.5,527.9,555.5,16106.0,1326.2,202.22,1594.4,290.6,3085.31,3077.63,3092.54,3026.72,999.8,1011.41,1011.41,994.51,86.16999816894531,95.71499633789062,104.94999694824219
680,2023-08-09,8.35,7.88,8.41,8.83,9.16,9.94,10.32,10.77,11.04,11.25,11.37,11.41,11.44,94.356,94.356,94.356,94.356,-0.57%,82.86,83.4,83.43,82.7,-0.65%,88.2,88.2,88.2,88.2,-0.59%,81.439,81.439,81.439,81.439,-0.32%,68.63,68.81,68.91,68.51,-0.28%,263.91,174.51,6171.5,533.2,569.5,16192.0,1339.4,202.5,1592.2,289.6,3099.52,3106.03,3120.25,3083.77,1004.72,1005.16,1011.76,998.09,87.55000305175781,97.16999816894531,106.48860168457031
681,2023-08-10,8.35,7.83,8.44,8.9,9.26,10.06,10.42,10.84,11.1,11.29,11.39,11.42,11.44,94.0,94.0,94.0,94.0,-0.38%,82.7,82.61,82.94,82.58,-0.19%,87.9,87.9,87.9,87.9,-0.34%,81.397,81.397,81.397,81.397,-0.05%,68.45,68.5,68.77,68.35,-0.27%,266.91,176.65,6252.0,535.2,574.9,16464.0,1356.4,205.3,1639.0,290.25,3148.86,3122.06,3148.86,3115.85,1017.71,1011.37,1022.41,1009.96,86.4000015258789,96.83999633789062,106.33760070800781
682,2023-08-11,8.33,7.92,8.54,9.01,9.36,10.1,10.44,10.85,11.11,11.3,11.39,11.4,11.41,93.901,93.901,93.901,93.901,-0.11%,82.58,82.7,82.76,82.33,-0.14%,87.74,87.74,87.74,87.74,-0.18%,81.2,81.2,81.2,81.2,-0.24%,68.3,68.48,68.5,68.21,-0.22%,266.23,176.35,6284.5,549.0,577.4,16460.0,1345.4,203.94,1658.6,291.95,3155.51,3158.59,3163.47,3138.04,1000.89,1017.9,1018.71,1000.89,86.80999755859375,96.98999786376953,106.5426025390625
683,2023-08-14,8.51,8.39,9.18,9.68,10.01,10.56,10.77,11.05,11.24,11.36,11.41,11.4,11.4,93.348,93.348,93.348,93.348,-0.59%,81.72,82.6,82.6,81.5,-1.05%,86.76,86.76,86.76,86.76,-1.12%,80.599,80.599,80.599,80.599,-0.74%,68.28,68.11,68.29,67.55,-0.02%,260.45,177.09,6127.5,539.75,576.3,16280.0,1307.8,197.16,1624.4,284.2,3131.0,3186.47,3225.78,3117.31,1009.43,1000.37,1013.37,989.28,86.20999908447266,99.95999908447266,106.5
684,2023-08-15,11.69,10.69,10.72,10.75,10.77,10.84,10.94,11.14,11.28,11.36,11.4,11.42,11.45,92.699,92.699,92.699,92.699,-0.70%,81.93,81.73,81.86,81.23,0.26%,86.56,86.56,86.56,86.56,-0.24%,80.636,80.636,80.636,80.636,0.05%,68.15,67.99,68.06,67.61,-0.19%,260.42,176.16,6131.5,546.3,574.0,16170.0,1305.6,197.14,1622.0,283.2,3115.25,3083.32,3163.74,3068.66,1010.19,1019.4,1030.61,1002.06,84.88999938964844,96.96499633789062,107.41909790039062
685,2023-08-16,11.77,10.53,10.56,10.6,10.63,10.76,10.89,11.1,11.24,11.36,11.41,11.44,11.49,92.76,92.76,92.76,92.76,0.07%,82.22,82.0,82.13,81.61,0.35%,87.31,87.31,87.31,87.31,0.87%,81.001,81.001,81.001,81.001,0.45%,68.72,68.15,68.97,68.06,0.84%,256.02,174.14,6094.5,532.95,563.0,15908.0,1278.0,191.1,1598.6,281.95,3049.46,3109.46,3122.34,3015.57,1014.61,1012.72,1016.17,989.38,83.44999694824219,98.46499633789062,106.86129760742188
686,2023-08-17,11.88,10.17,10.21,10.25,10.29,10.48,10.67,10.96,11.14,11.27,11.36,11.41,11.46,93.17,93.17,93.17,93.17,0.44%,82.43,82.22,82.59,81.71,0.26%,87.85,87.85,87.85,87.85,0.62%,81.399,81.399,81.399,81.399,0.49%,69.07,68.37,68.94,68.11,0.51%,258.5,174.14,6162.0,544.45,568.2,15924.0,1291.0,191.04,1607.2,281.4,3059.02,3069.81,3076.31,3031.73,1028.93,1016.62,1035.18,1013.21,84.12000274658203,94.46399688720703,102.80239868164062
687,2023-08-18,11.81,10.8,10.53,10.39,10.32,10.41,10.62,10.96,11.13,11.23,11.29,11.32,11.38,93.435,93.435,93.435,93.435,0.28%,82.48,82.5,82.59,82.06,0.06%,87.73,87.73,87.73,87.73,-0.13%,81.451,81.451,81.451,81.451,0.06%,68.94,69.0,69.01,68.55,-0.19%,261.14,175.48,6277.5,548.2,575.1,16198.0,1302.2,194.38,1644.2,292.9,3111.22,3077.78,3111.22,3058.01,1047.03,1035.36,1047.03,1031.06,84.80000305175781,94.46499633789062,102.08170318603516
688,2023-08-21,11.86,10.53,10.3,10.19,10.16,10.34,10.61,10.97,11.15,11.27,11.35,11.4,11.46,93.46,93.46,93.46,93.46,0.03%,82.46,82.42,82.58,82.2,-0.02%,87.84,87.84,87.84,87.84,0.13%,81.407,81.407,81.407,81.407,-0.05%,68.96,69.07,69.07,68.69,0.03%,261.15,176.36,6265.5,547.45,584.6,16262.0,1299.8,197.24,1665.6,292.4,3139.93,3139.29,3150.61,3122.37,1057.02,1056.1,1060.51,1043.02,84.45999908447266,95.16500091552734,101.5
689,2023-08-22,11.89,10.56,10.37,10.27,10.23,10.37,10.61,10.97,11.17,11.32,11.41,11.46,11.52,93.301,93.301,93.301,93.301,-0.17%,82.23,82.59,82.59,82.14,-0.28%,87.45,87.45,87.45,87.45,-0.45%,81.39,81.39,81.39,81.39,-0.02%,68.6,68.96,68.98,68.47,-0.53%,261.45,176.48,6606.5,549.5,590.3,16270.0,1329.6,198.6,1681.6,293.0,3164.25,3146.42,3172.3,3124.19,1057.56,1056.68,1060.57,1046.47,84.02999877929688,93.46499633789062,101.8740005493164
690,2023-08-23,11.86,10.53,10.36,10.28,10.25,10.4,10.62,10.98,11.19,11.35,11.44,11.48,11.54,93.357,93.357,93.357,93.357,0.06%,81.95,82.55,82.6,82.01,-0.34%,87.42,87.42,87.42,87.42,-0.04%,81.148,81.148,81.148,81.148,-0.30%,68.25,68.68,68.68,68.21,-0.50%,256.4,173.65,6412.5,534.5,575.9,16010.0,1302.6,193.8,1642.0,285.5,3146.2,3180.39,3184.17,3113.24,1051.15,1057.24,1060.74,1042.74,83.20999908447266,94.46499633789062,102.21589660644531
691,2023-08-24,11.91,10.57,10.43,10.37,10.38,10.58,10.79,11.08,11.25,11.37,11.43,11.46,11.49,93.157,93.157,93.157,93.157,-0.21%,81.94,82.99,82.99,81.51,-0.01%,87.39,87.39,87.39,87.39,-0.03%,80.799,80.799,80.799,80.799,-0.43%,68.09,68.33,68.33,67.8,-0.24%,259.63,174.97,6561.5,539.8,581.6,16082.0,1346.8,196.4,1674.4,288.65,3137.37,3117.02,3137.37,3108.17,1043.51,1040.26,1046.42,1038.02,83.36000061035156,94.96600341796875,102.1155014038086
692,2023-08-25,11.9,10.55,10.45,10.42,10.43,10.63,10.81,11.08,11.25,11.37,11.45,11.49,11.52,93.101,93.101,93.101,93.101,-0.06%,81.9,82.95,82.95,81.57,-0.05%,87.33,87.33,87.33,87.33,-0.07%,80.753,80.753,80.753,80.753,-0.06%,67.85,68.09,68.09,67.7,-0.35%,260.5,174.7,6566.0,538.85,587.7,16144.0,1360.0,195.5,1676.2,289.0,3157.33,3150.03,3158.61,3132.07,1043.84,1046.62,1051.45,1038.56,84.4800033569336,94.46499633789062,102.42269897460938
693,2023-08-28,11.91,10.46,10.41,10.42,10.44,10.65,10.85,11.15,11.3,11.39,11.44,11.48,11.51,93.148,93.148,93.148,93.148,0.05%,81.81,81.9,81.9,81.6,-0.11%,87.31,87.31,87.31,87.31,-0.02%,80.61,80.61,80.61,80.61,-0.18%,67.85,67.85,67.99,67.73,-0.01%,266.93,176.2,6662.0,545.55,587.5,16780.0,1385.4,201.3,1681.6,290.15,3198.72,3161.36,3202.24,3161.36,1057.97,1039.54,1059.23,1039.54,84.41999816894531,95.46499633789062,102.0999984741211
694,2023-08-29,11.92,10.3,10.36,10.44,10.5,10.7,10.85,11.12,11.3,11.41,11.47,11.51,11.56,93.08,93.08,93.08,93.08,-0.07%,81.79,82.04,82.04,81.5,-0.03%,87.14,87.14,87.14,87.14,-0.20%,80.462,80.462,80.462,80.462,-0.18%,67.75,67.87,67.87,67.67,-0.14%,265.68,178.69,6779.5,558.3,586.5,16628.0,1358.6,197.9,1682.8,288.05,3211.36,3205.06,3218.4,3191.31,1059.98,1056.54,1060.18,1048.98,85.48999786376953,94.46499633789062,102.23780059814453
695,2023-08-30,11.92,10.08,10.26,10.41,10.52,10.76,10.9,11.14,11.31,11.42,11.47,11.49,11.5,93.0,93.0,93.0,93.0,-0.09%,81.8,81.8,82.1,81.59,0.01%,86.88,86.88,86.88,86.88,-0.29%,80.587,80.587,80.587,80.587,0.16%,67.75,67.7,67.79,67.64,0.00%,264.7,177.47,6837.0,556.9,589.4,16680.0,1385.0,199.6,1688.6,286.15,3212.68,3214.11,3220.85,3193.18,1052.06,1055.26,1057.64,1047.7,85.86000061035156,95.38999938964844,103.71530151367188
696,2023-08-31,11.84,10.31,10.38,10.45,10.51,10.71,10.86,11.14,11.34,11.47,11.56,11.61,11.68,93.011,93.011,93.011,93.011,0.01%,81.72,82.09,82.09,81.3,-0.10%,86.95,86.95,86.95,86.95,0.08%,80.441,80.441,80.441,80.441,-0.18%,67.79,67.75,67.8,67.65,0.06%,264.85,177.99,6830.0,556.15,590.2,16832.0,1427.4,204.3,1684.8,284.1,3227.99,3218.48,3234.68,3211.94,1059.17,1052.08,1059.84,1049.66,86.86000061035156,96.26499938964844,105.04340362548828
697,2023-09-01,11.9,10.4,10.48,10.55,10.62,10.82,10.99,11.25,11.4,11.47,11.52,11.55,11.61,92.787,92.787,92.787,92.787,-0.24%,81.5,82.08,82.08,81.32,-0.26%,86.51,86.51,86.51,86.51,-0.51%,80.38,80.38,80.38,80.38,-0.08%,67.73,67.65,67.79,67.5,-0.09%,265.0,178.22,6819.0,559.15,593.0,16786.0,1431.6,202.0,1688.0,283.7,3231.35,3230.53,3232.92,3214.95,1055.43,1057.2,1058.59,1049.37,88.55000305175781,95.83999633789062,103.96050262451172
698,2023-09-04,11.94,10.56,10.63,10.69,10.73,10.87,11.0,11.25,11.41,11.5,11.55,11.58,11.63,92.635,92.635,92.635,92.635,-0.16%,81.45,81.51,82.08,81.21,-0.07%,86.49,86.49,86.49,86.49,-0.03%,80.255,80.255,80.255,80.255,-0.16%,67.64,67.55,67.74,67.35,-0.13%,267.39,181.11,6850.0,567.25,602.5,17112.0,1432.2,202.64,1698.2,287.7,3268.97,3242.49,3268.97,3242.4,1063.41,1058.97,1064.33,1058.03,88.55000305175781,96.37000274658203,103.0
699,2023-09-05,11.96,10.65,10.84,10.97,11.06,11.19,11.22,11.31,11.38,11.41,11.42,11.41,11.4,92.251,92.251,92.251,92.251,-0.41%,81.02,81.45,81.5,81.02,-0.53%,86.18,86.18,86.18,86.18,-0.35%,80.042,80.042,80.042,80.042,-0.27%,67.47,67.5,67.7,67.25,-0.26%,264.75,182.48,6916.0,574.4,607.2,17060.0,1411.0,199.26,1703.8,287.6,3264.43,3273.39,3287.34,3246.46,1050.99,1058.83,1061.84,1047.32,90.04000091552734,96.21499633789062,104.57369995117188
700,2023-09-06,11.91,11.01,11.37,11.53,11.58,11.6,11.59,11.58,11.57,11.54,11.52,11.52,11.53,91.202,91.202,91.202,91.202,-1.14%,80.36,81.13,81.13,80.25,-0.82%,85.69,85.69,85.69,85.69,-0.57%,79.412,79.412,79.412,79.412,-0.79%,66.55,67.47,67.5,66.74,-1.36%,263.5,180.96,6867.5,578.8,608.8,16900.0,1370.0,193.26,1690.2,287.1,3245.47,3270.84,3270.84,3236.79,1038.58,1054.94,1054.94,1038.58,90.5999984741211,96.73500061035156,105.0468978881836
701,2023-09-07,11.96,11.53,11.82,11.91,11.92,11.83,11.77,11.72,11.69,11.67,11.67,11.68,11.68,90.751,90.751,90.751,90.751,-0.49%,79.74,80.49,80.49,79.34,-0.77%,85.02,85.02,85.02,85.02,-0.78%,78.9,78.9,78.9,78.9,-0.64%,66.24,66.55,66.75,65.31,-0.47%,258.79,177.64,6666.5,564.6,603.7,16466.0,1342.0,191.58,1663.6,283.4,3169.07,3247.9,3262.73,3145.25,1014.05,1041.04,1045.14,1007.8,89.91999816894531,97.76499938964844,105.54540252685547
702,2023-09-08,11.92,11.87,11.96,12.04,12.09,12.18,12.17,12.05,11.94,11.81,11.7,11.65,11.61,90.1,90.1,90.1,90.1,-0.72%,78.98,79.7,79.7,78.78,-0.95%,84.4,84.4,84.4,84.4,-0.73%,78.273,78.273,78.273,78.273,-0.79%,65.57,66.4,66.6,65.32,-1.01%,255.68,175.95,6625.0,557.95,595.5,16320.0,1316.6,187.1,1641.4,280.6,3142.88,3178.44,3188.77,3114.39,1012.4,1016.67,1021.17,1001.54,90.6500015258789,98.46499633789062,105.36150360107422
703,2023-09-11,11.95,11.87,11.95,12.01,12.06,12.11,12.08,11.96,11.86,11.75,11.67,11.64,11.6,90.398,90.398,90.398,90.398,0.33%,79.08,79.5,79.5,78.82,0.12%,84.55,84.55,84.55,84.55,0.18%,78.38,78.38,78.38,78.38,0.14%,65.79,65.4,66.18,65.31,0.34%,256.25,174.64,6456.0,549.1,588.4,16250.0,1289.0,188.86,1622.0,279.0,3122.37,3145.26,3153.61,3106.92,1033.5,1024.57,1033.5,1015.76,90.63999938964844,97.71499633789062,104.19999694824219
704,2023-09-12,12.01,11.81,11.81,11.8,11.8,11.77,11.77,11.78,11.76,11.69,11.6,11.55,11.49,91.002,91.002,91.002,91.002,0.67%,80.4,79.11,80.0,78.93,1.68%,85.22,85.22,85.22,85.22,0.80%,78.94,78.94,78.94,78.94,0.71%,67.04,66.0,66.46,65.79,1.90%,262.4,177.62,6729.0,562.0,606.6,16470.0,1326.6,195.28,1670.4,281.55,3165.92,3118.14,3165.92,3117.7,1049.65,1045.94,1050.26,1041.88,92.05999755859375,95.01499938964844,102.49449920654297
705,2023-09-13,11.99,11.9,11.88,11.87,11.86,11.82,11.79,11.76,11.73,11.65,11.58,11.55,11.54,90.711,90.711,90.711,90.711,-0.32%,79.75,80.49,80.49,79.55,-0.81%,85.05,85.05,85.05,85.05,-0.20%,78.996,78.996,78.996,78.996,0.07%,66.39,67.37,67.37,66.25,-0.97%,258.18,174.94,6610.0,555.15,604.7,16392.0,1295.8,190.48,1646.4,277.55,3148.32,3189.08,3191.57,3148.32,1030.65,1055.69,1057.79,1028.52,91.87999725341797,94.86900329589844,103.23600006103516
706,2023-09-14,12.2,12.04,12.02,12.0,11.99,11.95,11.91,11.83,11.75,11.66,11.6,11.57,11.54,90.578,90.578,90.578,90.578,-0.15%,79.56,79.76,80.06,79.3,-0.25%,84.97,84.97,84.97,84.97,-0.09%,78.72,78.72,78.72,78.72,-0.35%,66.23,66.55,66.85,66.0,-0.24%,260.0,173.52,6519.0,556.3,602.5,16300.0,1293.6,192.08,1640.4,277.2,3139.49,3144.29,3148.5,3072.82,1018.31,1029.05,1030.0,1006.67,93.69999694824219,95.96499633789062,103.25450134277344
707,2023-09-15,12.41,12.27,12.24,12.21,12.18,12.08,11.99,11.85,11.75,11.64,11.57,11.54,11.5,90.28,90.28,90.28,90.28,-0.33%,79.81,79.31,79.58,79.0,0.31%,85.13,85.13,85.13,85.13,0.18%,78.889,78.889,78.889,78.889,0.21%,66.65,66.38,67.65,65.95,0.64%,260.83,173.79,6553.0,562.8,614.8,16436.0,1311.4,192.6,1656.0,278.45,3152.53,3126.57,3155.45,3116.72,1029.15,1016.9,1030.79,1014.36,93.93000030517578,95.46499633789062,102.43409729003906
708,2023-09-18,12.7,12.17,12.17,12.16,12.13,11.99,11.87,11.74,11.67,11.61,11.55,11.52,11.48,90.502,90.502,90.502,90.502,0.25%,79.9,79.81,80.6,79.3,0.12%,85.46,85.46,85.46,85.46,0.39%,79.453,79.453,79.453,79.453,0.71%,66.85,66.65,67.2,66.29,0.30%,259.07,172.8,6526.0,557.1,626.2,16308.0,1292.8,190.36,1636.2,274.95,3135.18,3165.06,3177.23,3127.37,1024.52,1028.56,1031.82,1019.86,94.43000030517578,96.76499938964844,102.25
709,2023-09-19,12.55,12.19,12.16,12.13,12.11,12.01,11.94,11.82,11.75,11.69,11.64,11.62,11.6,90.554,90.554,90.554,90.554,0.06%,79.76,81.0,81.0,79.5,-0.18%,85.0,85.0,85.0,85.0,-0.54%,79.056,79.056,79.056,79.056,-0.50%,66.35,66.85,67.18,66.3,-0.74%,252.72,168.93,6344.0,544.0,610.1,15998.0,1286.8,194.44,1599.6,270.95,3083.85,3134.37,3141.38,3054.25,1003.35,1027.9,1029.16,999.22,94.33999633789062,95.91500091552734,102.58769989013672
710,2023-09-20,12.44,12.14,12.12,12.11,12.09,12.03,11.98,11.88,11.8,11.73,11.68,11.65,11.62,90.499,90.499,90.499,90.499,-0.06%,79.6,79.8,79.8,79.25,-0.20%,84.81,84.81,84.81,84.81,-0.23%,78.652,78.652,78.652,78.652,-0.51%,66.25,66.5,66.51,66.0,-0.15%,253.77,169.11,6423.0,529.35,611.8,16190.0,1285.2,197.62,1625.6,269.95,3068.15,3061.18,3091.05,3013.75,1002.54,997.97,1008.22,984.36,93.52999877929688,97.46600341796875,104.12069702148438
711,2023-09-21,12.45,12.19,12.21,12.2,12.19,12.08,11.97,11.84,11.78,11.72,11.67,11.64,11.62,90.491,90.491,90.491,90.491,-0.01%,79.62,79.57,79.65,79.4,0.03%,84.88,84.88,84.88,84.88,0.08%,78.54,78.54,78.54,78.54,-0.14%,66.0,66.0,66.3,65.75,-0.38%,250.16,165.85,6379.0,508.0,597.6,16018.0,1268.8,199.0,1596.2,269.5,3019.22,3058.2,3062.68,3009.89,988.12,1000.75,1003.71,985.25,93.30000305175781,95.98999786376953,102.27559661865234
712,2023-09-22,12.45,12.37,12.35,12.32,12.29,12.15,12.03,11.89,11.81,11.73,11.66,11.63,11.6,90.526,90.526,90.526,90.526,0.04%,79.5,79.66,79.66,79.25,-0.16%,84.77,84.77,84.77,84.77,-0.13%,78.415,78.415,78.415,78.415,-0.16%,65.93,66.1,66.25,65.7,-0.10%,251.99,166.7,6495.0,513.9,610.8,15992.0,1342.0,207.74,1625.2,270.15,3049.07,3009.87,3051.69,2988.04,999.99,988.48,1000.63,980.53,93.2699966430664,96.06400299072266,102.45030212402344
713,2023-09-25,12.39,12.26,12.26,12.25,12.24,12.15,12.06,11.94,11.86,11.76,11.65,11.59,11.54,90.47,90.47,90.47,90.47,-0.06%,79.45,79.64,79.69,79.0,-0.06%,84.75,84.75,84.75,84.75,-0.03%,78.366,78.366,78.366,78.366,-0.06%,65.8,66.1,66.18,65.5,-0.20%,252.65,165.87,6449.0,520.65,604.6,15872.0,1331.8,202.32,1605.2,270.05,3045.39,3051.85,3056.23,3025.89,997.09,999.2,1000.57,991.79,93.29000091552734,96.26499938964844,101.75
714,2023-09-26,12.39,12.5,12.5,12.47,12.42,12.19,12.04,11.93,11.88,11.82,11.75,11.73,11.72,90.499,90.499,90.499,90.499,0.03%,79.44,79.22,79.45,79.2,-0.01%,84.6,84.6,84.6,84.6,-0.17%,78.192,78.192,78.192,78.192,-0.22%,65.75,66.0,66.1,65.5,-0.08%,255.87,165.36,6386.0,517.85,603.4,15946.0,1370.8,209.0,1628.0,273.3,3051.91,3034.23,3051.91,3001.92,998.49,996.04,998.49,982.0,93.95999908447266,94.80500030517578,101.51599884033203
715,2023-09-27,12.47,12.26,12.4,12.44,12.42,12.22,12.07,11.96,11.9,11.83,11.76,11.72,11.7,90.4,90.4,90.4,90.4,-0.11%,79.27,79.5,79.5,79.13,-0.22%,84.5,84.5,84.5,84.5,-0.12%,78.025,78.025,78.025,78.025,-0.21%,65.6,65.9,65.9,65.34,-0.22%,256.1,165.53,6490.0,529.95,615.3,16074.0,1378.4,207.36,1647.2,276.95,3067.61,3053.37,3081.41,3052.59,999.22,997.08,1006.19,996.65,96.55000305175781,96.56500244140625,102.1261978149414
716,2023-09-28,12.38,12.39,12.5,12.54,12.54,12.4,12.26,12.09,12.0,11.91,11.83,11.8,11.77,90.196,90.196,90.196,90.196,-0.23%,78.42,79.27,79.3,78.12,-1.07%,83.81,83.81,83.81,83.81,-0.82%,77.589,77.589,77.589,77.589,-0.56%,64.98,65.71,65.83,64.88,-0.94%,257.67,169.58,6645.5,535.7,619.4,16304.0,1375.2,209.5,1664.0,276.9,3108.07,3080.81,3108.07,3076.64,1011.04,1004.11,1011.04,1001.37,95.37999725341797,96.06999969482422,101.97229766845703
717,2023-09-29,12.43,12.38,12.53,12.58,12.57,12.39,12.24,12.08,12.0,11.93,11.9,11.89,11.88,90.052,90.052,90.052,90.052,-0.16%,78.4,78.44,78.44,78.18,-0.03%,83.68,83.68,83.68,83.68,-0.15%,77.391,77.391,77.391,77.391,-0.26%,64.7,65.08,65.08,64.6,-0.43%,260.72,167.09,6677.0,537.0,625.4,16188.0,1368.4,209.42,1666.2,275.05,3133.26,3121.07,3141.12,3106.97,1007.58,1012.04,1014.79,1004.26,95.30999755859375,96.61499786376953,102.07869720458984
718,2023-10-02,12.49,12.35,12.49,12.57,12.6,12.55,12.41,12.2,12.08,11.97,11.89,11.86,11.83,89.94,89.94,89.94,89.94,-0.12%,78.19,78.4,78.4,78.2,-0.27%,83.12,83.12,83.12,83.12,-0.67%,76.816,76.816,76.816,76.816,-0.74%,64.5,64.71,64.72,64.44,-0.31%,258.98,166.08,6720.0,535.55,639.3,16172.0,1390.0,209.96,1698.0,272.1,3132.33,3141.69,3162.53,3125.58,992.18,1006.3,1013.26,990.85,90.70999908447266,97.96499633789062,102.25
719,2023-10-03,12.44,12.37,12.46,12.52,12.56,12.55,12.45,12.25,12.11,11.97,11.86,11.81,11.77,90.008,90.008,90.008,90.008,0.08%,78.28,78.4,78.4,77.46,0.12%,83.09,83.09,83.09,83.09,-0.03%,77.01,77.01,77.01,77.01,0.25%,64.53,64.55,64.55,64.3,0.04%,259.65,166.75,6754.5,538.9,639.1,16168.0,1358.4,209.28,1706.0,271.4,3143.88,3134.45,3146.33,3103.63,993.74,991.44,997.41,981.96,90.91999816894531,98.76499938964844,104.13999938964844
720,2023-10-04,12.43,12.58,12.62,12.64,12.65,12.61,12.54,12.39,12.25,12.05,11.84,11.75,11.68,89.994,89.994,89.994,89.994,-0.02%,77.98,78.34,78.39,77.9,-0.38%,83.0,83.0,83.0,83.0,-0.11%,76.84,76.84,76.84,76.84,-0.22%,64.16,64.55,64.55,64.1,-0.57%,259.53,165.4,6660.5,533.95,634.2,16030.0,1370.6,212.84,1698.0,271.85,3134.25,3138.62,3154.97,3130.03,991.35,995.12,1000.19,988.03,85.80999755859375,100.96499633789062,104.75189971923828
721,2023-10-05,12.48,12.16,12.4,12.56,12.66,12.72,12.6,12.34,12.17,12.01,11.88,11.82,11.77,89.85,89.85,89.85,89.85,-0.16%,77.99,78.11,78.26,77.86,0.01%,82.87,82.87,82.87,82.87,-0.15%,76.63,76.63,76.63,76.63,-0.27%,64.2,64.25,64.26,64.1,0.06%,259.38,166.06,6721.5,534.7,633.8,16172.0,1372.2,210.88,1710.8,271.0,3131.76,3126.71,3138.5,3112.96,982.6,989.34,991.8,982.6,84.06999969482422,99.46499633789062,105.404296875
722,2023-10-06,12.43,11.9,12.29,12.54,12.68,12.73,12.58,12.35,12.21,12.05,11.88,11.82,11.8,89.921,89.921,89.921,89.921,0.08%,77.95,77.99,77.99,77.82,-0.06%,82.67,82.67,82.67,82.67,-0.24%,76.56,76.56,76.56,76.56,-0.09%,64.0,64.1,64.1,63.82,-0.31%,262.93,166.59,6797.0,534.2,638.0,16268.0,1367.0,212.28,1719.4,270.25,3144.89,3138.87,3145.01,3121.0,987.14,978.21,988.36,975.72,84.58000183105469,100.08999633789062,105.59040069580078
723,2023-10-09,12.99,11.77,12.26,12.55,12.71,12.77,12.6,12.34,12.21,12.09,12.01,11.99,11.96,90.015,90.015,90.015,90.015,0.10%,77.86,78.0,78.0,77.7,-0.11%,82.44,82.44,82.44,82.44,-0.28%,76.347,76.347,76.347,76.347,-0.28%,63.52,64.0,64.0,63.41,-0.75%,265.25,167.06,6863.5,552.5,643.7,16256.0,1368.4,209.72,1756.2,270.9,3174.02,3166.21,3185.86,3164.63,1006.92,993.12,1008.13,979.96,88.1500015258789,100.96499633789062,104.5
724,2023-10-10,13.06,11.7,12.16,12.45,12.62,12.73,12.6,12.41,12.29,12.15,12.01,11.95,11.93,90.095,90.095,90.095,90.095,0.09%,77.8,77.75,77.98,77.64,-0.08%,82.25,82.25,82.25,82.25,-0.22%,76.16,76.16,76.16,76.16,-0.24%,63.49,63.55,63.6,63.35,-0.04%,263.0,168.03,6853.5,549.0,649.5,16294.0,1374.4,207.72,1717.4,272.65,3177.03,3175.08,3182.08,3162.61,996.56,1001.68,1005.15,993.18,87.6500015258789,99.21499633789062,105.404296875
725,2023-10-11,12.69,11.55,12.17,12.46,12.59,12.54,12.41,12.26,12.18,12.12,12.11,12.11,12.1,90.23,90.23,90.23,90.23,0.15%,78.15,77.63,77.83,77.63,0.45%,82.84,82.84,82.84,82.84,0.71%,76.082,76.082,76.082,76.082,-0.10%,64.2,63.49,63.49,63.06,1.11%,260.21,167.89,6890.5,540.35,618.8,16126.0,1358.0,201.36,1690.2,270.45,3194.12,3174.99,3196.44,3168.29,1005.24,995.23,1006.31,992.25,85.81999969482422,100.26480102539062,101.3198013305664
726,2023-10-12,13.0,11.65,12.28,12.51,12.57,12.44,12.32,12.18,12.1,12.03,12.02,12.04,12.05,90.299,90.299,90.299,90.299,0.08%,78.25,78.37,78.71,77.91,0.14%,83.0,83.0,83.0,83.0,0.20%,76.975,76.975,76.975,76.975,1.17%,64.11,64.2,64.39,63.42,-0.14%,264.5,169.5,7120.0,546.05,617.6,16278.0,1368.8,199.02,1703.6,271.2,3174.66,3130.04,3178.5,3122.58,1026.42,1021.41,1029.61,1017.61,86.0,97.71600341796875,103.79869842529297
727,2023-10-13,13.15,11.6,12.22,12.45,12.51,12.39,12.27,12.15,12.08,12.04,12.05,12.06,12.04,90.245,90.245,90.245,90.245,-0.06%,78.24,78.29,78.35,77.98,-0.02%,83.0,83.0,83.0,83.0,0.00%,76.849,76.849,76.849,76.849,-0.16%,64.16,64.11,64.2,63.95,0.09%,263.51,170.2,7244.0,561.85,628.3,16284.0,1378.2,198.44,1708.4,271.05,3192.33,3182.47,3195.23,3176.17,1034.11,1027.7,1035.46,1025.59,90.88999938964844,97.69000244140625,102.96050262451172
728,2023-10-16,13.19,11.66,12.02,12.22,12.32,12.35,12.28,12.18,12.12,12.08,12.06,12.05,12.03,90.3,90.3,90.3,90.3,0.06%,78.38,78.24,78.5,78.18,0.18%,82.87,82.87,82.87,82.87,-0.16%,76.894,76.894,76.894,76.894,0.06%,64.19,64.17,64.58,64.03,0.05%,268.15,172.55,7335.0,568.65,628.9,16432.0,1403.8,200.3,1729.6,275.6,3234.78,3204.81,3235.66,3202.94,1047.0,1037.51,1048.14,1036.53,89.6500015258789,97.66500091552734,102.05000305175781
729,2023-10-17,13.17,12.01,12.06,12.11,12.16,12.29,12.33,12.32,12.28,12.22,12.16,12.13,12.1,90.38,90.38,90.38,90.38,0.09%,78.46,78.17,78.47,78.17,0.11%,82.8,82.8,82.8,82.8,-0.08%,76.8,76.8,76.8,76.8,-0.12%,64.21,64.35,64.57,64.03,0.02%,270.0,171.97,7384.5,573.05,628.5,16520.0,1422.2,199.56,1728.6,275.9,3247.15,3239.37,3252.55,3228.11,1046.79,1049.03,1052.91,1044.52,89.9000015258789,97.31500244140625,102.73870086669922
730,2023-10-18,13.2,11.77,11.91,12.04,12.15,12.43,12.46,12.4,12.35,12.31,12.27,12.25,12.23,90.225,90.225,90.225,90.225,-0.17%,78.2,78.41,78.41,78.12,-0.34%,82.78,82.78,82.78,82.78,-0.03%,76.526,76.526,76.526,76.526,-0.36%,63.79,64.34,64.34,63.59,-0.65%,267.9,170.18,7488.0,586.8,632.3,16472.0,1408.6,197.56,1730.0,275.0,3249.21,3252.31,3262.54,3225.44,1051.17,1049.91,1057.9,1043.89,91.5,97.99500274658203,103.67919921875
731,2023-10-19,13.17,11.99,12.08,12.15,12.22,12.38,12.44,12.43,12.38,12.31,12.25,12.23,12.2,90.05,90.05,90.05,90.05,-0.19%,78.27,78.46,78.46,78.05,0.09%,82.39,82.39,82.39,82.39,-0.47%,76.545,76.545,76.545,76.545,0.02%,63.6,63.79,63.89,63.54,-0.30%,268.65,170.38,7486.0,595.25,633.1,16788.0,1396.0,197.0,1723.2,273.4,3255.16,3245.26,3260.45,3232.16,1056.54,1048.6,1057.64,1044.26,92.37999725341797,98.07499694824219,103.36090087890625
732,2023-10-20,13.14,11.89,12.02,12.12,12.21,12.42,12.48,12.46,12.4,12.32,12.25,12.21,12.18,90.052,90.052,90.052,90.052,0.00%,78.36,78.28,78.28,77.96,0.12%,82.58,82.58,82.58,82.58,0.23%,76.549,76.549,76.549,76.549,0.01%,63.72,63.69,63.8,63.55,0.19%,269.8,171.39,7491.5,602.9,630.4,17122.0,1409.8,197.22,1708.6,274.85,3269.27,3257.85,3269.71,3236.31,1081.29,1061.55,1081.29,1060.42,92.16000366210938,96.1500015258789,102.4813003540039
733,2023-10-23,13.11,12.11,12.24,12.32,12.37,12.43,12.41,12.33,12.26,12.2,12.13,12.09,12.04,90.132,90.132,90.132,90.132,0.09%,78.39,78.36,78.4,78.07,0.04%,82.55,82.55,82.55,82.55,-0.04%,76.417,76.417,76.417,76.417,-0.17%,63.99,63.72,64.0,63.67,0.43%,270.1,170.39,7462.5,593.3,626.6,17108.0,1399.8,194.22,1688.0,275.0,3263.68,3271.76,3283.8,3248.39,1091.16,1081.74,1091.16,1081.12,89.83000183105469,95.41500091552734,100.0
734,2023-10-24,13.11,12.35,12.37,12.39,12.42,12.48,12.44,12.37,12.32,12.27,12.21,12.17,12.13,90.24,90.24,90.24,90.24,0.12%,78.33,78.4,78.4,78.1,-0.08%,82.59,82.59,82.59,82.59,0.05%,76.394,76.394,76.394,76.394,-0.03%,63.98,64.05,64.29,63.8,-0.03%,271.27,170.19,7444.0,586.2,625.5,17196.0,1395.2,194.46,1679.4,280.1,3265.01,3256.29,3266.59,3237.08,1102.37,1093.65,1102.37,1088.55,88.06999969482422,94.46499633789062,100.82379913330078
735,2023-10-25,12.87,12.52,12.49,12.46,12.44,12.41,12.39,12.36,12.32,12.27,12.22,12.19,12.16,90.223,90.223,90.223,90.223,-0.02%,78.34,78.4,78.4,78.2,0.01%,82.46,82.46,82.46,82.46,-0.16%,76.55,76.55,76.55,76.55,0.20%,63.81,64.04,64.04,63.71,-0.27%,273.73,169.62,7437.5,590.5,622.3,17460.0,1387.4,191.68,1695.0,283.85,3265.28,3265.18,3269.76,3243.25,1103.6,1105.31,1106.28,1096.57,90.12999725341797,93.44499969482422,99.02059936523438
736,2023-10-26,12.68,12.46,12.44,12.43,12.43,12.45,12.43,12.38,12.35,12.33,12.32,12.31,12.31,90.05,90.05,90.05,90.05,-0.19%,78.13,78.34,78.4,78.14,-0.27%,82.49,82.49,82.49,82.49,0.04%,76.2,76.2,76.2,76.2,-0.46%,63.62,63.84,64.0,63.55,-0.29%,269.9,168.45,7228.5,583.0,613.6,17250.0,1369.6,192.1,1682.0,279.55,3223.89,3272.71,3283.49,3221.79,1084.78,1096.36,1107.08,1083.94,87.93000030517578,93.96499633789062,99.314697265625
737,2023-10-27,12.67,13.4,13.38,13.35,13.3,13.04,12.75,12.43,12.3,12.19,12.1,12.04,11.98,89.773,89.773,89.773,89.773,-0.31%,78.35,78.13,78.35,77.01,0.28%,82.02,82.02,82.02,82.02,-0.57%,75.965,75.965,75.965,75.965,-0.31%,63.36,63.68,63.71,62.91,-0.41%,269.7,167.26,7318.0,594.6,622.4,17506.0,1362.8,191.5,1678.4,282.15,3224.18,3219.49,3241.55,3185.84,1079.07,1076.57,1094.24,1076.57,90.4800033569336,93.61499786376953,98.92790222167969
738,2023-10-30,14.75,13.42,13.37,13.33,13.29,13.05,12.75,12.48,12.44,12.44,12.44,12.44,12.43,89.77,89.77,89.77,89.77,0.00%,77.59,78.34,78.35,77.21,-0.96%,81.57,81.57,81.57,81.57,-0.55%,75.301,75.301,75.301,75.301,-0.87%,62.73,63.36,63.49,62.39,-0.99%,269.89,167.16,7248.0,587.2,621.2,17572.0,1372.0,192.14,1681.0,277.7,3227.07,3232.82,3246.0,3219.7,1094.37,1087.36,1098.78,1084.27,87.44999694824219,94.16500091552734,97.0999984741211
739,2023-10-31,14.5,13.13,13.06,13.0,12.95,12.78,12.61,12.48,12.48,12.5,12.55,12.6,12.66,89.845,89.845,89.845,89.845,0.08%,77.91,77.59,77.9,77.0,0.41%,81.56,81.56,81.56,81.56,-0.01%,75.111,75.111,75.111,75.111,-0.25%,62.67,62.73,62.96,62.67,-0.09%,268.35,167.88,7150.5,574.55,607.6,17574.0,1354.8,189.76,1661.0,271.75,3200.97,3221.08,3226.88,3176.53,1079.88,1102.27,1103.12,1074.3,87.41000366210938,92.5199966430664,98.2384033203125
740,2023-11-01,14.43,13.05,12.99,12.95,12.91,12.72,12.46,12.22,12.19,12.23,12.32,12.4,12.5,90.25,90.25,90.25,90.25,0.45%,78.49,77.95,78.3,77.6,0.74%,82.5,82.5,82.5,82.5,1.15%,76.164,76.164,76.164,76.164,1.40%,63.78,62.67,63.7,62.61,1.78%,269.68,170.08,7240.0,579.5,606.3,17804.0,1351.0,189.16,1659.0,273.3,3206.52,3192.96,3214.83,3191.34,1088.42,1080.36,1092.79,1074.11,84.62999725341797,93.29000091552734,98.7208023071289
741,2023-11-02,14.31,13.02,12.93,12.84,12.75,12.43,12.25,12.1,12.07,12.09,12.18,12.25,12.33,90.358,90.358,90.358,90.358,0.12%,79.08,78.1,79.24,77.86,0.76%,83.48,83.48,83.48,83.48,1.19%,77.163,77.163,77.163,77.163,1.31%,64.4,63.9,64.45,63.45,0.96%,269.06,168.18,7253.5,586.25,602.7,18078.0,1359.8,187.5,1639.8,270.15,3197.22,3216.92,3228.46,3197.22,1079.82,1088.02,1091.75,1079.82,86.8499984741211,92.57499694824219,97.87560272216797
742,2023-11-03,14.23,13.1,12.85,12.65,12.49,12.1,11.94,11.9,11.95,12.03,12.12,12.19,12.25,91.111,91.111,91.111,91.111,0.83%,79.6,79.32,79.7,78.5,0.65%,83.92,83.92,83.92,83.92,0.53%,77.8,77.8,77.8,77.8,0.83%,65.08,64.69,65.49,64.2,1.05%,268.54,169.19,7238.0,581.5,601.7,17898.0,1372.0,194.2,1608.4,271.35,3208.63,3207.04,3212.81,3182.17,1093.74,1080.67,1093.74,1078.59,84.88999938964844,93.23999786376953,99.07129669189453
743,2023-11-06,14.23,13.12,12.64,12.34,12.14,11.87,11.86,11.92,11.96,12.0,12.04,12.06,12.09,91.4,91.4,91.4,91.4,0.32%,80.13,80.5,80.5,79.6,0.66%,84.69,84.69,84.69,84.69,0.92%,78.459,78.459,78.459,78.459,0.85%,66.0,65.51,66.18,65.08,1.42%,273.42,169.48,7376.0,588.95,609.7,17764.0,1386.2,199.36,1644.4,271.8,3235.11,3207.47,3237.09,3207.1,1103.78,1091.39,1105.12,1091.26,85.18000030517578,91.69599914550781,98.75
744,2023-11-07,14.18,12.95,12.77,12.63,12.51,12.22,12.01,11.9,11.92,11.96,11.98,11.99,11.99,91.203,91.203,91.203,91.203,-0.22%,79.62,80.19,80.19,79.45,-0.64%,83.88,83.88,83.88,83.88,-0.95%,77.731,77.731,77.731,77.731,-0.93%,65.35,66.0,66.0,64.8,-0.98%,273.31,168.53,7333.5,583.95,611.2,17690.0,1391.6,196.86,1634.2,272.65,3246.34,3239.98,3246.65,3228.46,1107.2,1103.79,1108.54,1099.51,81.61000061035156,92.62000274658203,99.28949737548828
745,2023-11-08,14.25,13.11,12.75,12.49,12.3,11.94,11.87,11.9,11.94,11.97,11.98,11.98,11.98,91.283,91.283,91.283,91.283,0.09%,79.8,79.05,79.76,79.05,0.23%,84.36,84.36,84.36,84.36,0.57%,77.89,77.89,77.89,77.89,0.20%,65.5,65.39,65.4,64.75,0.22%,278.15,168.49,7295.0,581.65,614.5,17460.0,1375.2,194.6,1623.4,274.35,3245.43,3238.81,3257.32,3233.11,1113.03,1106.27,1114.55,1101.97,79.54000091552734,92.06500244140625,98.50980377197266
746,2023-11-09,14.41,12.76,12.52,12.32,12.15,11.72,11.58,11.58,11.66,11.77,11.86,11.9,11.93,91.774,91.774,91.774,91.774,0.54%,80.67,79.88,80.39,79.62,1.09%,85.13,85.13,85.13,85.13,0.91%,78.987,78.987,78.987,78.987,1.41%,66.25,65.5,66.35,64.8,1.15%,276.65,168.16,7260.0,583.1,615.2,17412.0,1359.2,195.44,1612.2,276.45,3239.92,3241.5,3245.11,3222.34,1108.87,1110.03,1111.78,1103.05,80.01000213623047,91.81500244140625,98.3541030883789
747,2023-11-10,14.63,12.66,12.38,12.16,11.99,11.64,11.52,11.58,11.7,11.82,11.92,11.98,12.04,92.042,92.042,92.042,92.042,0.29%,80.58,80.67,80.82,79.55,-0.10%,85.2,85.2,85.2,85.2,0.08%,78.951,78.951,78.951,78.951,-0.05%,66.3,66.25,66.73,66.0,0.07%,280.19,168.25,7288.5,598.3,620.0,17344.0,1366.8,195.3,1618.2,274.8,3242.06,3236.03,3246.31,3229.1,1107.44,1108.49,1110.53,1104.0,81.43000030517578,91.63999938964844,97.78949737548828
748,2023-11-13,14.8,12.76,12.36,12.09,11.93,11.73,11.66,11.75,11.87,11.95,12.01,12.04,12.06,92.001,92.001,92.001,92.001,-0.04%,80.25,80.56,80.79,80.1,-0.41%,84.6,84.6,84.6,84.6,-0.71%,78.349,78.349,78.349,78.349,-0.76%,65.52,66.36,66.6,65.6,-1.17%,283.97,167.85,7277.5,598.3,616.3,17410.0,1378.8,195.94,1623.6,278.65,3248.27,3241.31,3251.74,3235.06,1117.43,1105.73,1117.58,1103.7,82.5199966430664,92.16999816894531,97.9000015258789
749,2023-11-14,14.92,12.96,12.56,12.29,12.12,11.88,11.8,11.84,11.91,11.98,12.02,12.03,12.03,91.774,91.774,91.774,91.774,-0.25%,80.09,79.0,80.34,79.0,-0.20%,83.84,83.84,83.84,83.84,-0.89%,77.72,77.72,77.72,77.72,-0.80%,65.2,65.52,65.72,64.86,-0.50%,280.87,165.86,7200.0,591.3,610.7,17178.0,1356.8,191.22,1594.0,273.0,3212.39,3236.48,3236.48,3192.32,1116.97,1115.02,1119.01,1104.51,82.47000122070312,91.87999725341797,98.33000183105469
750,2023-11-15,14.73,12.71,12.41,12.18,12.03,11.79,11.75,11.81,11.88,11.94,11.99,12.03,12.06,91.75,91.75,91.75,91.75,-0.03%,80.16,80.35,80.79,79.91,0.10%,84.79,84.79,84.79,84.79,1.13%,78.7,78.7,78.7,78.7,1.26%,65.7,65.2,65.6,65.1,0.76%,282.89,166.46,7224.0,585.0,611.8,17136.0,1360.0,190.94,1566.8,277.05,3215.11,3195.43,3221.22,3182.78,1134.24,1117.04,1136.35,1114.21,81.18000030517578,90.5,98.4800033569336
751,2023-11-16,15.01,12.46,12.28,12.14,12.05,11.87,11.77,11.76,11.82,11.89,11.96,11.99,12.02,91.84,91.84,91.84,91.84,0.10%,80.5,80.19,80.5,79.92,0.42%,84.7,84.7,84.7,84.7,-0.11%,78.6,78.6,78.6,78.6,-0.13%,65.65,65.7,65.7,65.43,-0.07%,279.7,165.48,7135.5,572.75,602.1,17008.0,1350.8,189.92,1538.2,271.05,3189.08,3209.33,3215.93,3184.97,1129.22,1134.52,1139.57,1126.66,77.41999816894531,89.41999816894531,97.04299926757812
752,2023-11-17,15.03,12.77,12.27,12.02,11.9,11.8,11.76,11.75,11.78,11.8,11.8,11.79,11.76,91.885,91.885,91.885,91.885,0.05%,80.4,80.17,80.68,80.17,-0.13%,84.67,84.67,84.67,84.67,-0.03%,78.72,78.72,78.72,78.72,0.15%,66.09,65.42,65.9,65.42,0.67%,281.6,165.31,7225.5,583.3,615.5,17168.0,1351.0,190.32,1536.0,269.05,3206.34,3172.78,3208.17,3151.95,1122.1,1122.21,1127.54,1114.74,80.61000061035156,89.31500244140625,96.93890380859375
753,2023-11-20,15.02,12.46,12.08,11.94,11.9,11.87,11.75,11.68,11.73,11.78,11.8,11.79,11.77,91.95,91.95,91.95,91.95,0.07%,80.77,80.4,80.8,79.5,0.46%,84.88,84.88,84.88,84.88,0.25%,78.856,78.856,78.856,78.856,0.17%,66.26,65.6,66.2,65.6,0.26%,282.91,165.51,7194.5,581.5,615.4,17098.0,1332.4,187.78,1545.6,269.95,3207.36,3205.73,3216.73,3194.4,1142.51,1128.46,1146.54,1127.27,82.31999969482422,89.33999633789062,95.4000015258789
754,2023-11-21,15.08,12.45,12.02,11.84,11.76,11.67,11.63,11.67,11.75,11.82,11.85,11.83,11.8,91.885,91.885,91.885,91.885,-0.07%,81.07,80.8,81.3,80.3,0.36%,84.9,84.9,84.9,84.9,0.02%,78.89,78.89,78.89,78.89,0.04%,65.84,66.26,66.39,65.72,-0.64%,282.79,165.15,7209.0,583.4,634.2,17250.0,1327.0,186.86,1539.0,272.85,3218.48,3198.73,3219.11,3193.46,1154.39,1146.8,1155.22,1143.67,82.44999694824219,88.5199966430664,96.86979675292969
755,2023-11-22,15.17,12.46,11.94,11.72,11.64,11.57,11.53,11.57,11.65,11.72,11.75,11.73,11.71,92.29,92.29,92.29,92.29,0.44%,81.58,81.45,81.52,80.9,0.63%,85.34,85.34,85.34,85.34,0.53%,79.0,79.0,79.0,79.0,0.14%,66.26,65.84,66.4,65.78,0.64%,286.16,165.37,7299.0,581.75,640.8,17218.0,1349.8,187.4,1525.8,269.9,3230.65,3221.9,3239.17,3220.37,1151.94,1153.97,1159.55,1147.5,81.95999908447266,88.20999908447266,96.28150177001953
756,2023-11-23,15.02,12.55,11.94,11.64,11.51,11.47,11.52,11.61,11.67,11.72,11.75,11.75,11.74,92.116,92.116,92.116,92.116,-0.19%,81.43,81.39,81.6,81.3,-0.18%,85.45,85.45,85.45,85.45,0.13%,79.0,79.0,79.0,79.0,0.00%,66.42,66.26,66.4,66.01,0.24%,286.19,164.11,7258.0,580.8,641.1,17304.0,1330.4,184.4,1511.2,266.25,3221.05,3233.09,3238.81,3218.72,1148.97,1155.87,1159.29,1147.02,81.37000274658203,88.36499786376953,96.24150085449219
757,2023-11-24,15.19,13.5,12.26,11.74,11.54,11.51,11.57,11.64,11.69,11.72,11.74,11.75,11.74,92.101,92.101,92.101,92.101,-0.02%,81.22,81.4,81.55,81.22,-0.26%,85.33,85.33,85.33,85.33,-0.14%,78.817,78.817,78.817,78.817,-0.23%,66.16,66.4,66.4,66.02,-0.39%,286.85,164.71,7295.0,578.85,648.0,17096.0,1317.2,182.18,1514.0,262.85,3217.76,3223.75,3231.77,3203.62,1143.15,1141.79,1151.42,1135.15,80.58000183105469,88.23999786376953,96.24970245361328
758,2023-11-27,15.17,13.29,12.15,11.71,11.55,11.52,11.54,11.61,11.68,11.74,11.78,11.78,11.77,92.18,92.18,92.18,92.18,0.09%,81.17,81.24,81.38,81.0,-0.06%,85.54,85.54,85.54,85.54,0.25%,78.717,78.717,78.717,78.717,-0.13%,66.2,66.16,66.29,65.81,0.06%,282.33,162.79,7222.5,578.0,638.4,17052.0,1294.2,177.7,1510.4,260.2,3191.05,3220.25,3224.61,3178.2,1132.05,1141.44,1146.15,1128.25,79.9800033569336,89.24500274658203,96.5
759,2023-11-28,15.2,13.15,12.13,11.74,11.6,11.57,11.54,11.57,11.65,11.73,11.77,11.77,11.77,92.12,92.12,92.12,92.12,-0.07%,81.36,80.92,81.39,80.92,0.24%,85.37,85.37,85.37,85.37,-0.21%,78.752,78.752,78.752,78.752,0.04%,66.19,66.2,66.54,65.9,-0.02%,279.91,164.21,7238.0,589.9,641.2,17056.0,1304.2,178.5,1509.2,261.25,3196.36,3189.16,3197.61,3157.55,1128.61,1133.66,1133.66,1122.32,81.68000030517578,89.04000091552734,97.60350036621094
760,2023-11-29,15.06,13.3,12.05,11.58,11.43,11.49,11.53,11.59,11.65,11.71,11.74,11.75,11.75,92.212,92.212,92.212,92.212,0.10%,81.31,81.35,81.45,81.08,-0.07%,85.1,85.1,85.1,85.1,-0.32%,78.844,78.844,78.844,78.844,0.12%,66.25,66.19,66.3,65.9,0.09%,276.8,163.17,7202.0,593.45,638.7,16922.0,1297.2,175.78,1493.6,256.5,3173.52,3196.75,3200.33,3173.37,1128.01,1133.16,1135.91,1123.62,83.0999984741211,88.84500122070312,97.69339752197266
761,2023-11-30,14.91,13.51,12.17,11.66,11.5,11.56,11.6,11.64,11.69,11.74,11.77,11.78,11.78,92.1,92.1,92.1,92.1,-0.12%,81.2,81.7,81.7,81.06,-0.13%,85.01,85.01,85.01,85.01,-0.10%,78.622,78.622,78.622,78.622,-0.28%,65.94,66.2,66.49,65.86,-0.47%,277.5,163.23,7239.0,584.3,638.8,16736.0,1268.2,172.94,1510.0,254.45,3165.79,3176.5,3176.53,3146.53,1115.01,1130.08,1130.52,1112.13,82.83000183105469,88.66500091552734,97.31320190429688
762,2023-12-01,14.9,14.18,13.06,12.61,12.42,12.13,11.85,11.7,11.78,11.88,11.92,11.92,11.9,91.85,91.85,91.85,91.85,-0.27%,80.76,81.28,81.28,80.86,-0.54%,84.62,84.62,84.62,84.62,-0.47%,78.388,78.388,78.388,78.388,-0.30%,65.64,65.94,66.05,65.35,-0.46%,273.97,162.61,7175.5,575.15,632.5,16646.0,1257.0,171.26,1500.0,250.15,3142.29,3155.87,3162.97,3136.56,1095.28,1114.54,1115.38,1093.06,78.87999725341797,89.94000244140625,97.99629974365234
763,2023-12-04,14.78,14.22,13.26,12.78,12.53,12.17,11.98,11.87,11.87,11.9,11.89,11.88,11.85,91.44,91.44,91.44,91.44,-0.45%,80.09,80.76,80.76,80.13,-0.83%,83.79,83.79,83.79,83.79,-0.98%,77.906,77.906,77.906,77.906,-0.61%,64.79,65.64,65.87,64.9,-1.29%,270.96,160.01,7132.5,565.0,623.7,16668.0,1274.0,171.82,1505.4,248.75,3114.41,3123.18,3126.55,3096.28,1076.99,1086.57,1087.69,1075.63,78.02999877929688,91.19000244140625,96.5
764,2023-12-05,14.7,14.65,13.31,12.73,12.46,12.2,12.06,11.95,11.97,12.0,12.01,12.0,11.99,91.314,91.314,91.314,91.314,-0.14%,80.19,80.0,80.33,79.63,0.12%,83.58,83.58,83.58,83.58,-0.24%,77.57,77.57,77.57,77.57,-0.43%,64.7,64.81,64.98,64.5,-0.14%,279.62,160.46,7248.5,574.35,635.2,16804.0,1295.2,172.4,1542.4,253.45,3129.33,3102.3,3134.57,3090.31,1066.13,1069.56,1074.51,1063.78,77.19999694824219,91.46499633789062,99.14779663085938
765,2023-12-06,14.55,14.24,13.02,12.51,12.32,12.18,12.06,11.99,12.02,12.07,12.09,12.08,12.07,91.414,91.414,91.414,91.414,0.11%,79.96,80.19,80.25,79.75,-0.28%,83.45,83.45,83.45,83.45,-0.17%,77.356,77.356,77.356,77.356,-0.28%,64.75,64.7,65.1,64.4,0.07%,267.58,158.74,7138.0,565.55,622.2,16412.0,1252.0,168.78,1505.8,248.2,3079.5,3139.89,3146.52,3077.94,1045.28,1064.14,1067.93,1041.65,74.30000305175781,90.17749786376953,99.94190216064453
766,2023-12-07,14.52,14.38,13.11,12.57,12.36,12.24,12.13,12.06,12.1,12.15,12.19,12.21,12.23,91.225,91.225,91.225,91.225,-0.21%,79.85,79.5,79.95,79.2,-0.14%,83.5,83.5,83.5,83.5,0.06%,77.376,77.376,77.376,77.376,0.03%,64.63,64.96,64.96,64.3,-0.18%,265.12,163.38,7092.0,560.6,626.2,16912.0,1245.0,166.9,1515.2,251.65,3073.63,3065.93,3084.5,3041.11,1051.21,1041.67,1052.09,1034.59,74.05000305175781,92.76499938964844,100.04969787597656
767,2023-12-08,14.49,14.64,13.17,12.56,12.33,12.27,12.21,12.15,12.17,12.21,12.25,12.27,12.28,91.555,91.555,91.555,91.555,0.36%,79.82,80.0,80.0,79.61,-0.04%,83.58,83.58,83.58,83.58,0.10%,77.522,77.522,77.522,77.522,0.19%,64.62,64.69,64.69,64.31,-0.02%,265.16,161.5,7140.0,564.7,637.7,16776.0,1270.4,166.78,1531.4,251.75,3079.99,3079.88,3100.22,3067.46,1054.28,1055.34,1066.02,1053.69,75.83999633789062,92.4000015258789,99.75769805908203
768,2023-12-11,14.98,14.48,13.07,12.48,12.27,12.2,12.18,12.18,12.22,12.27,12.31,12.32,12.34,91.355,91.355,91.355,91.355,-0.22%,79.57,80.06,80.2,79.46,-0.31%,83.24,83.24,83.24,83.24,-0.41%,76.79,76.79,76.79,76.79,-0.94%,64.1,64.57,64.69,63.99,-0.80%,256.89,164.87,6977.0,555.0,625.0,16660.0,1251.0,166.6,1491.0,248.55,3026.17,3081.88,3082.3,3025.74,1047.95,1061.27,1064.1,1047.35,76.02999877929688,92.12000274658203,97.19999694824219
769,2023-12-12,15.0,14.31,13.27,12.78,12.55,12.39,12.34,12.3,12.31,12.33,12.35,12.37,12.38,91.201,91.201,91.201,91.201,-0.17%,79.32,79.84,79.84,79.2,-0.32%,82.98,82.98,82.98,82.98,-0.31%,76.602,76.602,76.602,76.602,-0.24%,63.84,64.0,64.5,63.65,-0.40%,257.6,162.46,7014.5,549.55,625.5,16478.0,1240.6,162.94,1496.4,249.25,3019.89,3020.61,3046.81,2992.5,1056.02,1052.79,1067.06,1041.86,73.23999786376953,90.92500305175781,98.09339904785156
770,2023-12-13,15.16,14.52,13.32,12.79,12.57,12.46,12.43,12.41,12.43,12.45,12.47,12.48,12.49,91.123,91.123,91.123,91.123,-0.09%,79.3,79.41,79.49,79.02,-0.02%,82.64,82.64,82.64,82.64,-0.42%,76.539,76.539,76.539,76.539,-0.08%,63.6,63.84,63.85,63.6,-0.38%,260.45,163.92,7043.5,555.85,628.7,16600.0,1245.4,167.0,1507.6,251.3,3032.22,3011.99,3043.42,3002.38,1062.67,1053.82,1068.49,1051.37,74.26000213623047,90.26499938964844,97.50599670410156
771,2023-12-14,15.39,14.69,13.44,12.89,12.66,12.52,12.49,12.48,12.49,12.52,12.55,12.56,12.57,90.91,90.91,90.91,90.91,-0.23%,79.31,79.53,79.53,79.09,0.01%,82.39,82.39,82.39,82.39,-0.30%,76.5,76.5,76.5,76.5,-0.05%,63.5,63.6,63.73,63.42,-0.16%,256.64,160.89,6860.0,535.7,617.0,16646.0,1216.6,162.5,1460.2,247.05,3008.84,3046.43,3057.08,3005.94,1055.45,1072.34,1075.97,1051.54,76.61000061035156,89.31500244140625,97.1614990234375
772,2023-12-15,15.73,14.39,13.33,12.79,12.53,12.34,12.35,12.36,12.37,12.38,12.39,12.4,12.4,91.013,91.013,91.013,91.013,0.11%,79.35,79.5,79.5,79.0,0.06%,83.03,83.03,83.03,83.03,0.78%,76.652,76.652,76.652,76.652,0.20%,64.14,63.56,63.79,63.42,1.00%,268.21,164.2,6560.0,561.5,635.3,16988.0,1273.6,166.58,1494.6,250.3,3033.89,2959.29,3037.29,2959.29,1060.64,1039.29,1061.34,1037.97,76.55000305175781,89.48999786376953,98.41529846191406
773,2023-12-18,15.71,14.15,13.35,12.83,12.51,12.07,11.99,11.98,11.99,11.97,11.93,11.9,11.86,91.238,91.238,91.238,91.238,0.25%,79.97,79.31,80.0,78.4,0.78%,83.8,83.8,83.8,83.8,0.93%,77.339,77.339,77.339,77.339,0.90%,65.08,63.51,65.1,63.51,1.47%,268.4,167.0,6723.5,566.65,643.6,17150.0,1283.2,168.54,1501.0,251.7,3076.26,3052.14,3090.04,3048.82,1075.5,1063.12,1080.7,1061.4,77.94999694824219,90.61499786376953,96.69999694824219
774,2023-12-19,15.5,14.05,13.52,13.13,12.87,12.39,12.09,11.89,11.88,11.9,11.91,11.91,11.89,91.86,91.86,91.86,91.86,0.68%,80.33,79.76,81.3,79.6,0.45%,84.29,84.29,84.29,84.29,0.58%,77.949,77.949,77.949,77.949,0.79%,65.23,65.0,65.19,64.7,0.23%,267.35,165.48,6709.0,574.0,653.4,17202.0,1307.2,174.96,1531.4,253.75,3083.64,3084.12,3091.26,3066.34,1074.4,1081.17,1083.97,1069.1,79.2300033569336,90.48999786376953,98.85260009765625
775,2023-12-20,15.53,14.53,13.4,12.72,12.32,11.84,11.79,11.81,11.83,11.85,11.87,11.87,11.87,91.773,91.773,91.773,91.773,-0.09%,80.69,80.55,80.67,80.1,0.45%,84.79,84.79,84.79,84.79,0.59%,78.642,78.642,78.642,78.642,0.89%,65.86,65.23,65.7,65.15,0.97%,266.61,163.56,6735.0,578.6,658.4,17114.0,1330.0,176.0,1531.2,250.0,3104.66,3091.35,3113.92,3088.74,1075.11,1077.06,1085.22,1075.11,79.69999694824219,90.44000244140625,99.34200286865234
776,2023-12-21,15.34,14.43,13.37,12.67,12.23,11.63,11.62,11.77,11.86,11.93,12.0,12.03,12.07,91.772,91.772,91.772,91.772,0.00%,80.73,80.7,80.96,80.42,0.05%,84.98,84.98,84.98,84.98,0.23%,78.79,78.79,78.79,78.79,0.19%,65.93,65.86,66.2,65.72,0.10%,265.19,161.57,6702.0,577.1,658.5,17082.0,1336.6,175.72,1478.2,248.85,3073.57,3093.46,3095.01,3050.0,1051.87,1074.1,1074.15,1042.34,79.38999938964844,90.05500030517578,99.69029998779297
777,2023-12-22,15.3,13.85,12.82,12.35,12.15,11.97,11.91,11.88,11.89,11.9,11.91,11.92,11.93,91.85,91.85,91.85,91.85,0.08%,80.81,81.0,81.49,80.47,0.10%,85.05,85.05,85.05,85.05,0.08%,79.0,79.0,79.0,79.0,0.27%,65.9,65.93,66.0,65.69,-0.06%,271.3,162.09,6732.5,583.75,661.5,17122.0,1333.8,178.0,1489.6,249.35,3092.58,3076.31,3102.75,3075.56,1057.58,1050.93,1066.81,1048.45,79.06999969482422,92.86000061035156,102.26409912109375
778,2023-12-25,15.3,13.78,13.0,12.53,12.25,11.91,11.86,11.86,11.86,11.87,11.88,11.89,11.9,91.95,91.95,91.95,91.95,0.11%,80.65,80.9,81.0,80.48,-0.20%,84.94,84.94,84.94,84.94,-0.13%,78.701,78.701,78.701,78.701,-0.38%,65.96,65.8,66.1,65.66,0.09%,271.08,161.09,6744.0,584.45,676.0,17130.0,1341.2,177.2,1478.0,248.5,3099.02,3095.42,3108.14,3086.89,1063.67,1062.35,1065.83,1057.07,79.06999969482422,92.08999633789062,100.69999694824219
779,2023-12-26,15.25,13.33,12.74,12.42,12.25,12.1,12.03,11.98,11.97,11.98,11.98,11.99,12.0,91.76,91.76,91.76,91.76,-0.21%,80.55,81.0,81.0,80.36,-0.12%,84.54,84.54,84.54,84.54,-0.47%,78.43,78.43,78.43,78.43,-0.34%,65.89,66.0,66.09,65.42,-0.10%,271.9,161.0,6771.0,589.3,698.3,16360.0,1375.2,179.74,1476.2,248.85,3094.72,3090.39,3098.69,3080.92,1063.05,1061.43,1065.13,1058.76,81.06999969482422,91.9574966430664,101.45089721679688
780,2023-12-27,15.25,13.22,12.6,12.28,12.13,12.05,12.03,12.01,12.02,12.03,12.05,12.05,12.05,91.6,91.6,91.6,91.6,-0.17%,80.25,80.89,80.89,80.0,-0.37%,84.35,84.35,84.35,84.35,-0.23%,78.227,78.227,78.227,78.227,-0.26%,65.58,65.85,65.9,65.35,-0.47%,271.08,159.86,6768.0,594.55,717.7,16310.0,1382.0,179.2,1450.6,247.65,3097.49,3100.99,3112.19,3097.31,1068.71,1064.35,1071.35,1064.01,79.6500015258789,91.59500122070312,101.45089721679688
781,2023-12-28,15.27,12.78,12.72,12.65,12.59,12.4,12.15,11.9,11.84,11.8,11.74,11.68,11.62,91.782,91.782,91.782,91.782,0.20%,80.74,80.0,80.95,79.83,0.61%,84.4,84.4,84.4,84.4,0.06%,78.35,78.35,78.35,78.35,0.16%,65.86,65.58,65.9,65.31,0.42%,271.74,159.14,6767.0,591.9,708.2,16156.0,1408.0,179.4,1448.0,248.55,3101.99,3099.56,3101.99,3081.98,1090.93,1073.41,1090.93,1071.59,78.38999938964844,91.61000061035156,101.77069854736328
782,2023-12-29,15.27,11.73,12.35,12.66,12.78,12.51,12.05,11.75,11.8,11.86,11.84,11.77,11.64,91.35,91.35,91.35,91.35,-0.47%,80.5,81.0,81.0,79.8,-0.30%,84.59,84.59,84.59,84.59,0.23%,78.591,78.591,78.591,78.591,0.31%,65.46,65.86,66.0,64.75,-0.60%,270.82,159.52,6739.0,593.2,710.0,16172.0,1407.0,178.5,1463.2,248.45,3099.11,3092.66,3102.08,3086.26,1083.48,1084.09,1094.87,1079.63,77.04000091552734,88.44000244140625,97.91429901123047
783,2024-01-01,15.27,11.73,12.35,12.66,12.78,12.51,12.05,11.75,11.8,11.86,11.84,11.77,11.64,91.35,91.35,91.35,91.35,-0.47%,80.5,81.0,81.0,79.8,-0.30%,84.59,84.59,84.59,84.59,0.23%,78.591,78.591,78.591,78.591,0.31%,65.46,65.86,66.0,64.75,-0.60%,270.82,159.52,6739.0,593.2,710.0,16172.0,1407.0,178.5,1463.2,248.45,3099.11,3092.66,3102.08,3086.26,1083.48,1084.09,1094.87,1079.63,77.04000091552734,89.21499633789062,99.5
784,2024-01-02,15.27,11.73,12.35,12.66,12.78,12.51,12.05,11.75,11.8,11.86,11.84,11.77,11.64,91.35,91.35,91.35,91.35,-0.47%,80.5,81.0,81.0,79.8,-0.30%,84.59,84.59,84.59,84.59,0.23%,78.591,78.591,78.591,78.591,0.31%,65.46,65.86,66.0,64.75,-0.60%,270.82,159.52,6739.0,593.2,710.0,16172.0,1407.0,178.5,1463.2,248.45,3099.11,3092.66,3102.08,3086.26,1083.48,1084.09,1094.87,1079.63,75.88999938964844,89.21499633789062,99.5
785,2024-01-03,15.27,12.89,12.95,12.95,12.9,12.55,12.16,11.82,11.76,11.74,11.7,11.64,11.56,91.94,91.94,91.94,91.94,0.65%,80.49,81.0,81.0,79.15,-0.01%,84.89,84.89,84.89,84.89,0.36%,78.61,78.61,78.61,78.61,0.02%,65.55,65.85,65.96,65.22,0.14%,274.56,161.44,6803.5,604.0,720.9,16356.0,1427.0,180.94,1484.8,250.2,3130.23,3099.78,3132.76,3099.1,1073.14,1073.71,1078.09,1071.43,78.25,90.3949966430664,98.94129943847656
786,2024-01-04,15.27,13.13,13.06,12.98,12.88,12.44,12.04,11.75,11.74,11.75,11.73,11.68,11.61,91.787,91.787,91.787,91.787,-0.17%,80.5,81.0,81.0,80.22,0.01%,84.7,84.7,84.7,84.7,-0.23%,78.651,78.651,78.651,78.651,0.05%,65.84,65.75,65.88,65.3,0.44%,274.12,161.25,6771.0,601.15,725.9,16296.0,1419.4,183.04,1479.6,250.4,3136.07,3140.66,3144.25,3133.93,1082.11,1075.54,1086.05,1075.54,77.58999633789062,91.96499633789062,100.481201171875
787,2024-01-05,15.27,13.27,13.12,12.99,12.87,12.45,12.07,11.77,11.72,11.71,11.66,11.62,11.55,91.821,91.821,91.821,91.821,0.04%,80.5,80.7,80.7,80.28,0.00%,84.57,84.57,84.57,84.57,-0.16%,78.35,78.35,78.35,78.35,-0.38%,65.64,65.88,66.03,65.34,-0.30%,273.62,161.94,6780.0,604.05,725.0,16280.0,1442.4,182.62,1480.4,251.6,3136.37,3138.27,3142.8,3128.16,1087.35,1077.9,1087.84,1077.9,78.76000213623047,91.31500244140625,99.99449920654297
788,2024-01-08,15.27,13.44,13.3,13.16,13.04,12.57,12.12,11.79,11.78,11.8,11.77,11.71,11.62,91.826,91.826,91.826,91.826,0.01%,80.66,80.5,80.95,80.22,0.20%,84.63,84.63,84.63,84.63,0.07%,78.325,78.325,78.325,78.325,-0.03%,65.54,65.65,65.69,65.43,-0.16%,276.76,163.05,6766.5,602.3,722.9,16426.0,1467.0,185.4,1487.2,254.5,3158.58,3140.12,3158.82,3139.37,1089.72,1086.27,1096.57,1084.41,76.12000274658203,90.8949966430664,97.75
789,2024-01-09,15.59,14.35,13.51,13.06,12.81,12.39,12.16,11.99,11.97,11.98,11.97,11.95,11.93,91.601,91.601,91.601,91.601,-0.25%,80.6,80.93,80.93,80.5,-0.08%,84.15,84.15,84.15,84.15,-0.56%,77.85,77.85,77.85,77.85,-0.61%,65.27,65.77,65.77,65.14,-0.42%,275.28,162.41,6931.0,600.55,686.7,16384.0,1434.6,183.12,1489.0,261.35,3155.55,3156.17,3158.72,3143.03,1106.12,1091.43,1113.79,1089.27,77.58999633789062,90.8949966430664,99.54060363769531
790,2024-01-10,15.34,13.88,13.67,13.48,13.32,12.72,12.21,11.8,11.75,11.78,11.8,11.81,11.81,91.498,91.498,91.498,91.498,-0.11%,80.32,79.19,80.74,79.19,-0.35%,83.85,83.85,83.85,83.85,-0.36%,77.68,77.68,77.68,77.68,-0.22%,65.47,65.18,65.31,65.07,0.31%,274.49,162.87,6957.0,601.0,694.0,16376.0,1443.2,185.0,1513.0,263.7,3164.7,3158.35,3174.28,3156.44,1115.51,1111.05,1122.64,1110.76,76.80000305175781,90.8949966430664,97.91619873046875
791,2024-01-11,15.2,13.65,13.49,13.35,13.23,12.77,12.3,11.88,11.83,11.89,12.04,12.16,12.29,91.223,91.223,91.223,91.223,-0.30%,80.4,80.32,80.74,80.04,0.10%,83.63,83.63,83.63,83.63,-0.26%,77.485,77.485,77.485,77.485,-0.25%,64.75,65.3,65.6,64.65,-1.11%,275.71,162.5,6972.5,579.6,689.1,16276.0,1541.2,196.1,1505.4,262.75,3181.25,3158.3,3181.25,3148.5,1131.92,1120.52,1131.92,1117.34,77.41000366210938,90.88999938964844,98.0552978515625
792,2024-01-12,15.15,14.12,13.68,13.35,13.12,12.61,12.23,12.01,12.05,12.15,12.2,12.21,12.2,91.145,91.145,91.145,91.145,-0.09%,80.28,80.27,80.4,80.0,-0.15%,83.41,83.41,83.41,83.41,-0.27%,77.26,77.26,77.26,77.26,-0.29%,64.51,64.75,65.27,64.32,-0.36%,275.84,163.37,6965.0,584.2,697.8,16234.0,1561.4,198.26,1500.2,266.85,3185.22,3182.5,3196.98,3176.09,1136.06,1137.07,1142.49,1135.05,78.29000091552734,89.88999938964844,97.10230255126953
793,2024-01-15,15.42,13.76,13.61,13.47,13.35,12.86,12.37,11.9,11.81,11.86,12.05,12.21,12.41,91.489,91.489,91.489,91.489,0.38%,80.14,80.3,80.3,80.0,-0.16%,83.56,83.56,83.56,83.56,0.18%,77.37,77.37,77.37,77.37,0.14%,64.75,64.63,64.75,64.4,0.37%,275.96,163.34,6889.5,581.4,701.0,16226.0,1548.2,198.02,1492.2,266.8,3184.88,3190.62,3200.78,3176.73,1145.27,1145.22,1149.26,1140.46,78.29000091552734,89.88999938964844,96.30000305175781
794,2024-01-16,15.56,13.7,13.56,13.43,13.32,12.82,12.28,11.81,11.77,11.9,12.18,12.42,12.72,91.382,91.382,91.382,91.382,-0.12%,80.3,80.28,80.67,80.02,0.20%,83.75,83.75,83.75,83.75,0.23%,77.589,77.589,77.589,77.589,0.28%,64.67,64.87,64.87,64.2,-0.13%,276.01,163.22,6857.0,578.4,699.2,16192.0,1550.2,197.84,1474.8,265.4,3179.45,3186.77,3187.14,3162.98,1141.33,1145.36,1145.45,1123.86,78.29000091552734,89.88999938964844,96.01229858398438
795,2024-01-17,15.59,13.68,13.55,13.44,13.34,12.83,12.23,11.71,11.69,11.89,12.34,12.73,13.26,91.7,91.7,91.7,91.7,0.35%,80.62,80.35,80.74,80.17,0.40%,83.99,83.99,83.99,83.99,0.29%,77.788,77.788,77.788,77.788,0.26%,65.09,64.7,65.19,64.5,0.66%,278.0,164.04,6910.0,574.75,697.8,16202.0,1560.2,198.54,1475.2,263.95,3185.23,3174.87,3189.26,3169.99,1129.77,1136.56,1140.87,1125.51,77.87999725341797,87.94999694824219,95.83419799804688
796,2024-01-18,15.62,13.53,13.23,12.99,12.83,12.47,12.15,11.83,11.77,11.91,12.36,12.79,13.38,91.695,91.695,91.695,91.695,-0.01%,80.8,80.42,80.9,80.42,0.22%,84.25,84.25,84.25,84.25,0.31%,78.215,78.215,78.215,78.215,0.55%,65.44,65.09,65.5,64.98,0.55%,277.07,166.52,6857.5,573.95,698.0,16156.0,1541.8,194.68,1466.0,264.35,3178.85,3188.71,3193.54,3176.72,1124.98,1130.94,1135.73,1123.86,79.0999984741211,88.62000274658203,96.44139862060547
797,2024-01-19,15.8,13.47,13.3,13.17,13.07,12.69,12.24,11.73,11.58,11.6,11.92,12.3,12.92,91.7,91.7,91.7,91.7,0.01%,80.96,80.9,80.99,80.51,0.20%,84.27,84.27,84.27,84.27,0.03%,78.287,78.287,78.287,78.287,0.09%,65.5,65.01,65.6,65.01,0.08%,274.86,165.9,6834.5,574.95,690.3,16052.0,1582.0,196.44,1457.0,262.85,3166.37,3176.13,3179.21,3154.46,1130.05,1125.87,1131.23,1118.3,78.55999755859375,88.62000274658203,97.2791976928711
798,2024-01-22,15.83,13.32,13.22,13.15,13.09,12.76,12.28,11.76,11.61,11.63,11.91,12.28,12.92,91.799,91.799,91.799,91.799,0.11%,80.95,81.0,81.09,80.66,-0.01%,84.35,84.35,84.35,84.35,0.09%,78.34,78.34,78.34,78.34,0.07%,65.59,65.5,65.67,65.21,0.15%,274.93,166.06,6840.0,577.95,695.5,16076.0,1619.4,198.38,1444.6,264.35,3172.15,3161.44,3179.11,3157.37,1136.91,1128.75,1138.88,1127.21,80.05999755859375,89.41999816894531,95.75
799,2024-01-23,15.98,13.3,13.23,13.17,13.12,12.79,12.28,11.75,11.6,11.62,11.89,12.26,12.93,91.798,91.798,91.798,91.798,0.00%,80.82,81.1,81.1,80.2,-0.16%,84.33,84.33,84.33,84.33,-0.02%,78.181,78.181,78.181,78.181,-0.20%,65.38,65.4,65.65,65.25,-0.33%,275.9,168.31,6799.5,579.9,695.4,16078.0,1604.4,198.22,1431.0,265.45,3175.74,3176.19,3179.75,3166.66,1130.09,1139.97,1142.45,1129.3,79.55000305175781,87.98999786376953,95.71659851074219
800,2024-01-24,15.98,13.47,13.36,13.27,13.18,12.74,12.2,11.67,11.57,11.69,12.13,12.6,13.33,91.759,91.759,91.759,91.759,-0.04%,80.81,80.82,80.97,80.64,-0.01%,84.28,84.28,84.28,84.28,-0.06%,78.345,78.345,78.345,78.345,0.21%,65.46,65.11,65.56,65.11,0.12%,273.77,166.36,6795.0,575.75,691.1,16002.0,1614.0,197.6,1447.6,269.25,3162.41,3176.59,3183.7,3152.96,1124.09,1135.0,1138.05,1124.01,80.04000091552734,87.98999786376953,96.21659851074219
801,2024-01-25,16.0,13.38,13.3,13.23,13.16,12.76,12.21,11.65,11.54,11.62,12.0,12.45,13.22,91.86,91.86,91.86,91.86,0.11%,80.71,80.81,80.91,80.5,-0.12%,84.3,84.3,84.3,84.3,0.03%,78.355,78.355,78.355,78.355,0.01%,65.52,65.61,65.7,65.41,0.09%,272.81,165.42,6809.0,574.65,689.3,15986.0,1609.0,195.0,1435.8,269.15,3157.74,3163.36,3166.95,3143.89,1119.39,1125.97,1127.23,1114.62,82.43000030517578,88.69000244140625,96.56620025634766
802,2024-01-26,15.74,13.3,13.24,13.19,13.14,12.79,12.25,11.68,11.53,11.58,11.93,12.37,13.18,91.843,91.843,91.843,91.843,-0.02%,80.9,80.57,80.9,80.56,0.23%,84.49,84.49,84.49,84.49,0.23%,78.45,78.45,78.45,78.45,0.12%,65.7,65.7,65.79,65.5,0.28%,272.65,163.99,6901.0,573.9,693.5,16056.0,1602.0,193.98,1423.6,270.8,3163.21,3164.55,3171.95,3157.76,1109.95,1118.12,1120.09,1109.07,83.55000305175781,88.0,96.55650329589844
803,2024-01-29,16.0,13.47,13.37,13.29,13.23,12.89,12.4,11.84,11.65,11.67,12.0,12.47,13.32,91.62,91.62,91.62,91.62,-0.24%,80.7,80.64,80.91,80.64,-0.25%,84.5,84.5,84.5,84.5,0.01%,78.302,78.302,78.302,78.302,-0.19%,65.5,65.7,65.87,65.32,-0.31%,274.05,163.5,6943.0,575.75,694.1,16026.0,1629.8,197.06,1435.8,273.6,3176.61,3169.57,3184.15,3169.57,1125.22,1109.76,1127.19,1109.75,82.4000015258789,88.0,97.1500015258789
804,2024-01-30,16.01,13.51,13.44,13.38,13.32,12.95,12.41,11.81,11.63,11.66,12.02,12.5,13.39,91.566,91.566,91.566,91.566,-0.06%,80.58,80.89,80.9,80.35,-0.14%,84.45,84.45,84.45,84.45,-0.05%,78.246,78.246,78.246,78.246,-0.07%,65.65,65.8,65.88,65.3,0.24%,275.67,163.22,6994.0,573.95,692.2,16036.0,1683.8,201.08,1434.2,272.85,3196.08,3181.75,3196.15,3178.82,1122.53,1127.57,1128.64,1119.76,82.87000274658203,89.2699966430664,96.7155990600586
805,2024-01-31,16.0,13.46,13.39,13.32,13.26,12.87,12.34,11.77,11.6,11.64,12.03,12.54,13.51,91.692,91.692,91.692,91.692,0.14%,80.43,80.55,80.85,80.35,-0.19%,84.61,84.61,84.61,84.61,0.19%,78.486,78.486,78.486,78.486,0.31%,65.76,65.75,65.98,65.35,0.16%,276.0,166.33,7090.5,575.0,703.5,15946.0,1664.0,200.14,1439.0,274.8,3214.19,3201.48,3219.41,3198.83,1125.63,1123.14,1130.29,1122.04,81.70999908447266,89.73999786376953,97.17459869384766
806,2024-02-01,15.82,13.49,13.38,13.3,13.23,12.9,12.47,11.95,11.75,11.71,11.96,12.39,13.31,91.55,91.55,91.55,91.55,-0.15%,80.46,80.64,80.64,80.36,0.04%,84.29,84.29,84.29,84.29,-0.38%,78.196,78.196,78.196,78.196,-0.37%,65.45,65.76,65.89,65.21,-0.47%,276.86,165.25,7093.5,576.5,704.4,15992.0,1672.0,204.58,1445.6,275.1,3229.89,3220.43,3233.21,3220.38,1124.67,1125.88,1131.84,1122.26,78.69999694824219,89.9800033569336,97.17389678955078
807,2024-02-02,15.97,13.52,13.43,13.36,13.3,12.97,12.49,11.94,11.75,11.74,12.04,12.52,13.48,91.448,91.448,91.448,91.448,-0.11%,80.31,80.46,80.64,80.17,-0.18%,84.2,84.2,84.2,84.2,-0.11%,77.941,77.941,77.941,77.941,-0.33%,65.35,65.22,65.58,65.13,-0.15%,276.74,164.4,7114.0,583.95,706.9,15950.0,1627.8,202.9,1443.4,275.6,3226.35,3229.48,3232.35,3215.0,1117.31,1123.95,1124.6,1114.47,77.33000183105469,90.41000366210938,98.38069915771484
808,2024-02-05,16.0,13.59,13.49,13.41,13.34,12.99,12.5,11.94,11.75,11.75,12.09,12.58,13.58,91.399,91.399,91.399,91.399,-0.05%,80.31,80.18,80.35,80.17,-0.01%,83.87,83.87,83.87,83.87,-0.39%,77.774,77.774,77.774,77.774,-0.21%,65.2,65.35,65.4,64.91,-0.23%,277.84,164.87,7137.5,592.0,709.0,15950.0,1621.2,200.72,1494.0,279.8,3226.79,3218.91,3232.38,3218.91,1123.72,1112.49,1128.04,1110.83,77.98999786376953,90.98999786376953,98.25
809,2024-02-06,16.0,13.57,13.51,13.45,13.39,13.01,12.48,11.9,11.74,11.78,12.18,12.73,13.79,91.395,91.395,91.395,91.395,0.00%,80.38,80.25,80.35,80.2,0.09%,83.98,83.98,83.98,83.98,0.13%,77.853,77.853,77.853,77.853,0.10%,65.29,65.2,65.29,65.01,0.14%,278.67,164.56,7163.0,593.55,710.3,15944.0,1603.4,199.7,1477.4,278.9,3238.4,3234.44,3238.4,3228.78,1119.01,1124.74,1127.6,1117.95,78.58999633789062,90.98999786376953,97.26069641113281
810,2024-02-07,15.96,13.68,13.59,13.5,13.42,12.98,12.45,11.88,11.73,11.82,12.31,12.93,14.04,91.396,91.396,91.396,91.396,0.00%,80.35,80.36,80.49,80.22,-0.04%,83.91,83.91,83.91,83.91,-0.08%,77.99,77.99,77.99,77.99,0.18%,65.44,65.29,65.43,65.09,0.23%,284.41,164.62,7265.0,589.7,715.0,15960.0,1591.2,197.1,1469.8,277.15,3256.58,3240.57,3259.24,3240.16,1124.71,1121.8,1130.04,1120.87,79.20999908447266,90.51000213623047,97.51029968261719
811,2024-02-08,15.87,13.79,13.68,13.59,13.49,13.02,12.49,11.94,11.8,11.9,12.42,13.07,14.22,91.303,91.303,91.303,91.303,-0.10%,80.3,80.38,80.51,80.21,-0.06%,83.83,83.83,83.83,83.83,-0.10%,77.455,77.455,77.455,77.455,-0.69%,65.0,65.46,65.52,64.83,-0.67%,282.17,163.21,7231.5,587.75,709.6,15742.0,1558.0,196.12,1438.4,275.65,3241.81,3261.18,3266.45,3236.79,1124.94,1124.78,1127.82,1116.99,81.62999725341797,90.51000213623047,98.67169952392578
812,2024-02-09,15.94,13.88,13.77,13.68,13.57,13.08,12.51,11.92,11.78,11.9,12.47,13.15,14.33,91.258,91.258,91.258,91.258,-0.05%,80.31,80.31,80.54,80.11,0.01%,83.81,83.81,83.81,83.81,-0.02%,77.375,77.375,77.375,77.375,-0.10%,64.9,65.0,65.3,64.75,-0.16%,283.5,163.23,7238.5,589.75,712.1,15728.0,1587.0,199.72,1425.0,277.7,3242.38,3231.3,3242.38,3219.56,1122.38,1118.45,1124.72,1114.4,82.19000244140625,91.16999816894531,98.25019836425781
813,2024-02-12,16.0,13.99,13.87,13.75,13.63,13.07,12.49,11.89,11.77,11.94,12.58,13.32,14.53,91.243,91.243,91.243,91.243,-0.02%,80.37,80.55,80.55,80.14,0.07%,83.95,83.95,83.95,83.95,0.17%,77.529,77.529,77.529,77.529,0.20%,65.0,65.06,65.33,64.78,0.16%,287.28,162.49,7280.0,588.95,711.6,15546.0,1589.0,198.06,1408.8,277.15,3248.5,3241.57,3248.5,3227.7,1120.94,1121.76,1123.82,1114.55,82.0,91.37000274658203,97.5
814,2024-02-13,15.84,13.89,13.79,13.69,13.59,13.11,12.53,11.92,11.78,11.91,12.51,13.23,14.46,91.207,91.207,91.207,91.207,-0.04%,80.32,80.5,80.5,80.2,-0.06%,83.9,83.9,83.9,83.9,-0.07%,77.517,77.517,77.517,77.517,-0.02%,64.93,65.0,65.19,64.85,-0.10%,287.07,162.29,7269.0,592.75,712.1,15380.0,1609.8,197.5,1422.0,280.9,3254.6,3250.3,3259.69,3245.02,1123.08,1122.97,1127.04,1121.51,82.7699966430664,91.37000274658203,98.26170349121094
815,2024-02-14,15.79,14.13,13.99,13.85,13.7,13.05,12.45,11.92,11.84,11.99,12.57,13.28,14.5,91.199,91.199,91.199,91.199,-0.01%,80.25,80.45,80.54,80.2,-0.09%,83.91,83.91,83.91,83.91,0.01%,77.549,77.549,77.549,77.549,0.04%,65.0,64.93,65.0,64.82,0.11%,289.06,161.92,7220.5,590.05,707.7,15186.0,1608.4,196.58,1411.8,283.25,3258.14,3261.52,3267.88,3251.76,1122.52,1125.65,1127.69,1119.08,81.5999984741211,91.5,97.97689819335938
816,2024-02-15,15.75,14.32,14.15,13.98,13.81,13.13,12.55,12.02,11.93,12.09,12.66,13.32,14.43,91.146,91.146,91.146,91.146,-0.06%,80.0,80.45,80.51,79.89,-0.31%,83.54,83.54,83.54,83.54,-0.44%,77.254,77.254,77.254,77.254,-0.38%,64.88,65.1,65.1,64.6,-0.19%,290.24,161.59,7282.5,589.15,709.3,15172.0,1613.2,199.56,1409.0,281.0,3265.63,3249.78,3265.83,3238.83,1113.65,1120.13,1121.75,1110.54,82.86000061035156,91.63999938964844,98.34880065917969
817,2024-02-16,15.74,14.26,14.04,13.85,13.69,13.15,12.66,12.14,12.03,12.17,12.76,13.43,14.55,90.961,90.961,90.961,90.961,-0.20%,80.0,79.85,80.36,79.66,0.00%,83.41,83.41,83.41,83.41,-0.15%,77.045,77.045,77.045,77.045,-0.27%,64.76,64.88,64.93,64.31,-0.18%,288.33,161.19,7224.5,585.5,707.8,15036.0,1603.0,198.76,1409.6,279.9,3242.48,3269.84,3275.23,3236.42,1107.33,1113.96,1118.63,1098.54,83.47000122070312,92.2699966430664,99.48169708251953
818,2024-02-19,15.74,14.13,14.03,13.94,13.84,13.32,12.75,12.18,12.06,12.19,12.73,13.37,14.5,90.853,90.853,90.853,90.853,-0.12%,79.95,80.26,80.3,79.65,-0.06%,83.25,83.25,83.25,83.25,-0.20%,77.0,77.0,77.0,77.0,-0.06%,64.43,64.9,64.95,64.34,-0.51%,288.93,161.24,7188.0,586.25,703.5,14924.0,1604.0,197.82,1388.2,279.35,3244.56,3247.46,3253.02,3234.1,1105.63,1109.56,1111.76,1102.79,83.47000122070312,92.2699966430664,98.75
819,2024-02-20,15.75,14.39,14.23,14.07,13.89,13.21,12.65,12.14,12.06,12.2,12.73,13.37,14.46,90.847,90.847,90.847,90.847,-0.01%,79.61,80.14,80.14,79.38,-0.42%,83.19,83.19,83.19,83.19,-0.07%,76.96,76.96,76.96,76.96,-0.05%,64.25,64.44,64.44,64.0,-0.28%,283.9,159.5,7081.0,572.1,694.3,14480.0,1565.4,190.64,1379.2,275.0,3207.49,3236.85,3237.34,3206.07,1093.57,1104.98,1104.98,1093.01,82.33999633789062,92.47000122070312,99.50080108642578
820,2024-02-21,15.75,14.17,14.08,13.98,13.87,13.29,12.69,12.17,12.11,12.25,12.73,13.33,14.38,90.607,90.607,90.607,90.607,-0.26%,79.7,79.37,79.76,79.25,0.11%,82.9,82.9,82.9,82.9,-0.35%,76.8,76.8,76.8,76.8,-0.21%,64.23,64.25,64.25,64.01,-0.03%,282.0,158.64,6990.5,562.35,688.1,14438.0,1568.2,189.78,1358.8,278.0,3139.5,3173.01,3185.8,3135.8,1068.09,1085.12,1087.18,1068.09,83.02999877929688,92.0999984741211,99.83319854736328
821,2024-02-22,15.75,14.31,14.2,14.09,13.98,13.42,12.83,12.22,12.08,12.2,12.73,13.36,14.4,90.63,90.63,90.63,90.63,0.03%,79.7,79.37,79.76,79.25,0.11%,83.04,83.04,83.04,83.04,0.17%,76.78,76.78,76.78,76.78,-0.03%,64.23,64.25,64.25,64.01,-0.03%,284.77,158.12,7021.5,562.35,694.3,14372.0,1581.6,193.3,1337.4,278.55,3142.3,3152.75,3166.86,3141.88,1064.44,1074.29,1080.33,1062.06,83.66999816894531,92.0999984741211,99.86599731445312
822,2024-02-23,15.75,14.31,14.2,14.09,13.98,13.42,12.83,12.22,12.08,12.2,12.73,13.36,14.4,90.63,90.63,90.63,90.63,0.03%,79.7,79.37,79.76,79.25,0.11%,83.04,83.04,83.04,83.04,0.17%,76.78,76.78,76.78,76.78,-0.03%,64.23,64.25,64.25,64.01,-0.03%,284.77,158.12,7021.5,562.35,694.3,14372.0,1581.6,193.3,1337.4,278.55,3142.3,3152.75,3166.86,3141.88,1064.44,1074.29,1080.33,1062.06,81.62000274658203,93.04000091552734,100.69419860839844
823,2024-02-26,15.74,14.17,14.08,14.0,13.9,13.42,12.87,12.29,12.14,12.2,12.66,13.24,14.29,90.56,90.56,90.56,90.56,-0.08%,79.51,79.81,79.81,79.4,-0.23%,82.86,82.86,82.86,82.86,-0.22%,76.717,76.717,76.717,76.717,-0.08%,64.2,64.49,64.5,64.05,-0.05%,291.25,160.09,7164.0,575.55,702.5,14744.0,1615.0,197.52,1351.6,282.05,3213.17,3186.06,3213.17,3186.06,1097.4,1080.94,1100.23,1080.94,82.52999877929688,93.04000091552734,99.0
824,2024-02-27,15.71,14.34,14.22,14.1,13.97,13.38,12.84,12.29,12.16,12.25,12.74,13.34,14.4,90.6,90.6,90.6,90.6,0.04%,79.44,79.64,79.64,79.41,-0.09%,82.81,82.81,82.81,82.81,-0.06%,76.685,76.685,76.685,76.685,-0.04%,63.93,64.2,64.24,63.8,-0.42%,292.52,159.04,7141.5,568.2,696.7,14514.0,1634.4,197.24,1375.2,281.9,3208.99,3220.26,3224.52,3203.58,1097.34,1102.47,1103.09,1095.32,83.6500015258789,91.87000274658203,100.19940185546875
825,2024-02-28,15.7,14.25,14.14,14.04,13.92,13.36,12.82,12.29,12.18,12.28,12.76,13.35,14.37,90.66,90.66,90.66,90.66,0.07%,79.68,79.4,79.65,79.4,0.30%,82.8,82.8,82.8,82.8,-0.01%,76.745,76.745,76.745,76.745,0.08%,64.15,64.04,64.09,63.76,0.34%,291.75,160.65,7261.5,568.5,705.0,14602.0,1634.8,197.14,1346.4,284.5,3227.05,3215.53,3240.29,3213.36,1114.87,1100.19,1115.35,1098.66,83.68000030517578,91.87000274658203,99.76899719238281
826,2024-02-29,15.75,13.59,13.6,13.6,13.58,13.28,12.82,12.38,12.28,12.31,12.56,12.96,13.84,90.65,90.65,90.65,90.65,-0.01%,79.6,79.91,80.0,79.3,-0.11%,82.54,82.54,82.54,82.54,-0.31%,76.47,76.47,76.47,76.47,-0.36%,63.84,64.2,64.2,63.65,-0.49%,292.19,161.82,7378.0,578.0,718.8,14568.0,1651.6,200.34,1349.6,290.9,3256.8,3233.03,3258.14,3224.09,1127.32,1119.38,1129.94,1117.19,83.62000274658203,91.87000274658203,99.22059631347656
827,2024-03-01,15.44,14.02,13.96,13.89,13.79,13.25,12.71,12.23,12.16,12.3,12.79,13.37,14.4,90.79,90.79,90.79,90.79,0.15%,79.63,79.76,79.95,79.4,0.03%,82.49,82.49,82.49,82.49,-0.06%,76.35,76.35,76.35,76.35,-0.16%,63.89,63.8,64.15,63.72,0.08%,295.38,161.34,7463.5,577.45,717.3,14602.0,1671.2,205.92,1348.0,290.65,3266.66,3259.0,3269.28,3249.69,1122.32,1124.24,1126.45,1119.83,83.55000305175781,91.48999786376953,98.61360168457031
828,2024-03-04,15.46,14.38,14.22,14.06,13.9,13.3,12.88,12.5,12.41,12.47,12.84,13.34,14.28,90.4,90.4,90.4,90.4,-0.43%,79.28,79.65,79.65,79.05,-0.43%,82.24,82.24,82.24,82.24,-0.30%,75.851,75.851,75.851,75.851,-0.65%,63.3,63.98,64.2,63.28,-0.92%,299.17,161.24,7511.5,582.5,732.5,15008.0,1670.8,204.54,1337.8,291.5,3296.75,3278.01,3298.63,3277.85,1137.53,1127.79,1138.81,1127.78,82.80000305175781,91.48999786376953,97.0999984741211
829,2024-03-05,15.34,14.45,14.29,14.14,13.97,13.35,12.9,12.53,12.49,12.6,12.96,13.39,14.11,90.273,90.273,90.273,90.273,-0.14%,79.24,79.44,79.58,78.9,-0.05%,81.82,81.82,81.82,81.82,-0.51%,75.5,75.5,75.5,75.5,-0.46%,62.87,63.3,63.58,62.89,-0.68%,298.4,160.98,7499.5,585.55,730.4,14946.0,1679.2,205.0,1343.2,290.15,3300.89,3305.79,3312.41,3283.59,1147.64,1139.82,1149.5,1133.77,82.04000091552734,91.48999786376953,99.28839874267578
830,2024-03-06,15.4,14.38,14.24,14.1,13.96,13.41,12.99,12.63,12.57,12.66,13.0,13.34,13.86,90.01,90.01,90.01,90.01,-0.29%,78.89,79.3,79.3,78.68,-0.44%,81.6,81.6,81.6,81.6,-0.27%,75.195,75.195,75.195,75.195,-0.40%,62.81,62.9,63.1,62.35,-0.10%,297.71,161.65,7483.0,585.15,743.3,15084.0,1685.4,206.68,1385.0,288.85,3310.58,3298.86,3318.14,3289.25,1151.68,1147.81,1156.47,1145.19,82.95999908447266,91.61000061035156,98.77890014648438
831,2024-03-07,15.67,14.5,14.34,14.19,14.03,13.43,12.97,12.6,12.59,12.73,13.03,13.28,13.59,90.04,90.04,90.04,90.04,0.03%,78.89,79.3,79.3,78.68,-0.44%,81.32,81.32,81.32,81.32,-0.34%,74.912,74.912,74.912,74.912,-0.38%,62.81,62.9,63.1,62.35,-0.10%,300.4,160.91,7513.0,589.45,749.3,15098.0,1704.2,207.28,1389.6,290.75,3315.68,3309.31,3317.73,3303.93,1152.12,1145.96,1152.45,1144.82,82.95999908447266,90.80999755859375,98.90889739990234
832,2024-03-08,15.67,14.5,14.34,14.19,14.03,13.43,12.97,12.6,12.59,12.73,13.03,13.28,13.59,90.04,90.04,90.04,90.04,0.03%,78.89,79.3,79.3,78.68,-0.44%,81.32,81.32,81.32,81.32,-0.34%,74.912,74.912,74.912,74.912,-0.38%,62.81,62.9,63.1,62.35,-0.10%,300.4,160.91,7513.0,589.45,749.3,15098.0,1704.2,207.28,1389.6,290.75,3315.68,3309.31,3317.73,3303.93,1152.12,1145.96,1152.45,1144.82,82.08000183105469,90.80999755859375,99.25450134277344
833,2024-03-11,15.89,14.48,14.32,14.18,14.02,13.41,12.96,12.61,12.6,12.72,13.01,13.25,13.55,90.014,90.014,90.014,90.014,-0.03%,78.71,78.93,78.95,78.55,-0.24%,81.33,81.33,81.33,81.33,0.02%,74.973,74.973,74.973,74.973,0.08%,62.68,62.34,62.6,62.21,-0.20%,299.79,160.56,7554.5,588.35,753.7,15028.0,1720.0,205.24,1396.0,290.95,3320.31,3329.72,3340.37,3318.9,1153.65,1155.35,1161.26,1152.96,82.20999908447266,90.94000244140625,98.5999984741211
834,2024-03-12,16.0,14.36,14.25,14.13,14.01,13.48,13.05,12.67,12.63,12.74,13.02,13.28,13.62,89.871,89.871,89.871,89.871,-0.16%,78.67,78.61,78.84,78.41,-0.05%,81.32,81.32,81.32,81.32,-0.02%,74.901,74.901,74.901,74.901,-0.10%,62.35,62.67,62.72,62.34,-0.52%,300.9,162.99,7536.5,588.25,753.2,15028.0,1726.2,205.18,1417.8,293.65,3332.6,3320.18,3335.41,3304.49,1144.53,1154.31,1154.31,1142.28,81.91999816894531,90.48999786376953,99.42179870605469
835,2024-03-13,15.75,14.43,14.34,14.25,14.13,13.59,13.15,12.76,12.69,12.76,13.07,13.38,13.81,89.827,89.827,89.827,89.827,-0.05%,78.45,78.78,78.78,78.2,-0.28%,80.96,80.96,80.96,80.96,-0.44%,74.49,74.49,74.49,74.49,-0.55%,62.19,62.35,62.5,61.97,-0.25%,298.85,161.77,7426.0,581.45,746.6,14998.0,1735.2,204.84,1406.6,296.3,3320.68,3337.56,3343.56,3317.19,1142.39,1149.05,1152.87,1141.59,84.02999877929688,91.72000122070312,100.25170135498047
836,2024-03-14,15.75,14.54,14.48,14.4,14.28,13.68,13.19,12.8,12.76,12.86,13.19,13.5,13.93,89.76,89.76,89.76,89.76,-0.07%,78.3,78.62,78.62,78.06,-0.19%,80.71,80.71,80.71,80.71,-0.31%,74.303,74.303,74.303,74.303,-0.25%,61.78,62.3,62.32,61.69,-0.66%,295.83,161.1,7370.0,584.0,749.2,15018.0,1705.4,205.66,1399.8,291.8,3297.0,3314.66,3318.49,3287.86,1133.12,1140.37,1140.37,1130.09,85.41999816894531,91.33999633789062,100.04930114746094
837,2024-03-15,15.74,14.88,14.77,14.64,14.49,13.82,13.3,12.87,12.82,12.95,13.34,13.7,14.19,89.589,89.589,89.589,89.589,-0.19%,77.82,78.35,78.35,77.63,-0.61%,80.11,80.11,80.11,80.11,-0.75%,73.552,73.552,73.552,73.552,-1.01%,61.0,61.78,61.85,60.72,-1.26%,298.3,160.86,7380.0,584.2,725.7,15070.0,1721.8,209.0,1400.0,294.4,3300.07,3295.15,3313.42,3292.13,1119.66,1131.86,1137.55,1119.66,85.33999633789062,91.33999633789062,99.62460327148438
838,2024-03-18,15.72,14.98,14.87,14.74,14.58,13.87,13.33,12.88,12.83,12.98,13.46,13.91,14.52,89.648,89.648,89.648,89.648,0.07%,77.5,78.01,78.02,77.4,-0.41%,79.7,79.7,79.7,79.7,-0.51%,73.27,73.27,73.27,73.27,-0.38%,60.85,61.15,61.18,60.48,-0.25%,298.87,160.58,7344.0,583.1,714.9,14964.0,1731.8,209.18,1404.6,292.2,3296.3,3305.67,3313.05,3292.0,1129.5,1126.79,1138.74,1125.19,86.88999938964844,92.5199966430664,99.5
839,2024-03-19,15.68,15.07,14.92,14.77,14.59,13.84,13.29,12.86,12.86,13.1,13.65,14.14,14.76,89.59,89.59,89.59,89.59,-0.06%,77.6,77.49,78.0,77.41,0.13%,79.64,79.64,79.64,79.64,-0.07%,73.253,73.253,73.253,73.253,-0.02%,60.5,61.1,61.1,60.4,-0.57%,295.2,158.55,7333.5,565.35,702.7,14776.0,1719.0,206.32,1370.8,288.9,3264.97,3293.93,3303.52,3254.3,1111.56,1130.44,1133.07,1106.72,87.37999725341797,92.5199966430664,99.72630310058594
840,2024-03-20,15.7,15.26,15.08,14.9,14.69,13.87,13.31,12.9,12.92,13.17,13.74,14.22,14.83,89.553,89.553,89.553,89.553,-0.04%,77.65,77.5,77.8,77.35,0.07%,79.41,79.41,79.41,79.41,-0.30%,72.857,72.857,72.857,72.857,-0.54%,60.5,60.49,60.7,59.99,0.00%,295.4,158.42,7438.5,560.3,695.7,14804.0,1741.0,212.0,1369.6,292.8,3267.1,3268.87,3286.72,3257.72,1113.87,1112.17,1118.83,1106.95,85.94999694824219,91.44000244140625,100.4520034790039
841,2024-03-21,15.54,15.22,15.08,14.93,14.75,13.97,13.4,12.93,12.89,13.06,13.57,14.04,14.69,89.6,89.6,89.6,89.6,0.05%,77.75,78.0,78.0,77.5,0.12%,79.42,79.42,79.42,79.42,0.01%,73.105,73.105,73.105,73.105,0.34%,60.66,60.55,60.6,59.77,0.26%,295.62,158.28,7417.5,562.8,703.7,14930.0,1796.4,218.5,1360.8,292.55,3286.69,3286.75,3297.46,3259.03,1124.53,1119.02,1130.21,1119.02,85.77999877929688,91.44000244140625,100.88839721679688
842,2024-03-22,15.35,15.29,15.1,14.9,14.68,13.81,13.23,12.83,12.88,13.17,13.76,14.25,14.87,89.71,89.71,89.71,89.71,0.12%,77.61,78.1,78.2,77.55,-0.19%,79.42,79.42,79.42,79.42,0.00%,73.126,73.126,73.126,73.126,0.03%,60.34,60.7,60.9,60.25,-0.52%,292.99,156.44,7303.0,554.2,694.5,14798.0,1774.2,214.14,1346.0,289.1,3273.49,3289.28,3299.19,3260.39,1113.05,1122.29,1125.45,1107.13,85.43000030517578,92.3499984741211,99.78970336914062
843,2024-03-25,15.29,15.15,14.96,14.78,14.58,13.81,13.29,12.9,12.92,13.18,13.74,14.2,14.78,89.599,89.599,89.599,89.599,-0.12%,77.72,77.6,77.74,77.49,0.15%,79.39,79.39,79.39,79.39,-0.04%,72.999,72.999,72.999,72.999,-0.17%,60.57,60.34,60.52,60.15,0.38%,293.9,158.84,7438.0,558.05,689.0,15138.0,1832.8,221.02,1365.4,290.25,3281.63,3251.24,3281.63,3234.95,1115.63,1106.57,1115.63,1096.68,86.75,92.12000274658203,98.9000015258789
844,2024-03-26,15.5,15.06,14.84,14.63,14.42,13.73,13.31,13.06,13.14,13.38,13.79,14.09,14.45,89.67,89.67,89.67,89.67,0.08%,77.7,77.71,77.74,77.47,-0.03%,79.3,79.3,79.3,79.3,-0.11%,72.899,72.899,72.899,72.899,-0.14%,60.4,60.58,60.82,60.25,-0.28%,294.11,157.94,7419.0,556.1,692.8,15136.0,1846.0,221.8,1316.8,296.15,3285.54,3286.2,3291.0,3275.8,1116.21,1115.75,1119.98,1113.44,86.25,92.4749984741211,100.68150329589844
845,2024-03-27,15.25,15.07,14.83,14.6,14.37,13.6,13.15,12.87,12.95,13.19,13.56,13.83,14.16,89.68,89.68,89.68,89.68,0.01%,77.96,77.7,78.05,77.5,0.34%,79.45,79.45,79.45,79.45,0.18%,73.41,73.41,73.41,73.41,0.70%,60.95,60.4,60.85,60.21,0.90%,295.1,157.79,7493.0,555.4,689.4,15300.0,1883.8,222.6,1304.6,299.4,3304.09,3291.7,3304.09,3280.03,1129.95,1118.93,1131.55,1114.72,86.08999633789062,92.47000122070312,100.16349792480469
846,2024-03-28,15.42,14.98,14.77,14.57,14.37,13.64,13.18,12.88,12.94,13.16,13.55,13.84,14.17,89.69,89.69,89.69,89.69,0.01%,78.02,78.0,78.3,77.96,0.07%,79.79,79.79,79.79,79.79,0.43%,73.343,73.343,73.343,73.343,-0.09%,60.64,61.0,61.3,60.62,-0.51%,299.0,157.05,7481.0,565.75,687.9,15208.0,1861.4,220.34,1318.4,298.6,3312.77,3308.26,3313.59,3301.52,1128.26,1131.92,1133.8,1124.73,87.4800033569336,92.44000244140625,99.96029663085938
847,2024-03-29,15.99,15.12,14.87,14.63,14.4,13.65,13.19,12.91,13.0,13.26,13.68,13.97,14.29,89.576,89.576,89.576,89.576,-0.13%,78.0,78.3,78.3,77.77,-0.02%,79.67,79.67,79.67,79.67,-0.15%,72.905,72.905,72.905,72.905,-0.60%,60.47,60.8,60.8,60.25,-0.28%,298.72,157.22,7551.0,565.75,694.3,15110.0,1877.8,221.4,1312.6,297.8,3332.53,3313.17,3332.53,3305.22,1136.91,1131.59,1138.48,1126.25,87.4800033569336,92.44000244140625,99.8821029663086
848,2024-04-01,15.63,15.09,14.86,14.64,14.41,13.66,13.21,12.96,13.07,13.36,13.82,14.14,14.51,89.61,89.61,89.61,89.61,0.04%,78.07,78.0,78.05,77.77,0.09%,79.39,79.39,79.39,79.39,-0.35%,72.68,72.68,72.68,72.68,-0.31%,60.17,60.6,60.6,60.0,-0.49%,300.43,158.06,7665.0,568.85,711.5,15054.0,1857.4,218.86,1316.6,301.35,3363.29,3343.66,3367.34,3343.66,1147.83,1141.11,1148.66,1141.11,87.41999816894531,92.56999969482422,99.4000015258789
849,2024-04-02,15.49,14.96,14.79,14.63,14.45,13.78,13.32,13.01,13.05,13.26,13.69,14.01,14.4,89.59,89.59,89.59,89.59,-0.02%,77.7,77.83,78.07,77.6,-0.48%,79.21,79.21,79.21,79.21,-0.23%,72.55,72.55,72.55,72.55,-0.18%,60.25,60.2,60.21,59.68,0.13%,300.38,164.18,7654.0,572.9,709.3,15054.0,1865.8,220.26,1283.2,300.65,3371.29,3369.32,3375.69,3357.55,1147.95,1148.7,1150.32,1141.96,88.91999816894531,92.27999877929688,99.8821029663086
850,2024-04-03,15.7,14.89,14.74,14.6,14.44,13.81,13.35,13.04,13.08,13.3,13.74,14.09,14.52,89.576,89.576,89.576,89.576,-0.02%,77.53,77.7,77.7,77.6,-0.22%,79.31,79.31,79.31,79.31,0.13%,72.501,72.501,72.501,72.501,-0.07%,59.85,60.24,60.33,59.85,-0.66%,306.72,162.63,7686.5,576.9,707.2,15054.0,1857.6,221.54,1287.0,302.75,3395.59,3381.95,3397.33,3376.63,1157.39,1149.69,1159.24,1149.11,89.3499984741211,92.27999877929688,99.56749725341797
851,2024-04-04,15.67,14.78,14.64,14.5,14.35,13.77,13.36,13.06,13.11,13.35,13.83,14.21,14.68,89.575,89.575,89.575,89.575,0.00%,77.65,77.7,77.7,77.5,0.16%,79.04,79.04,79.04,79.04,-0.34%,72.345,72.345,72.345,72.345,-0.22%,59.91,60.03,60.03,59.35,0.10%,304.61,162.69,7727.5,578.05,710.8,15054.0,1824.8,220.24,1297.4,298.95,3407.57,3399.81,3409.62,3392.06,1163.76,1159.8,1164.88,1155.69,90.6500015258789,92.44999694824219,100.03260040283203
852,2024-04-05,15.72,14.79,14.66,14.52,14.37,13.8,13.41,13.16,13.23,13.48,13.94,14.31,14.76,89.521,89.521,89.521,89.521,-0.06%,77.6,77.7,77.7,77.53,-0.07%,78.98,78.98,78.98,78.98,-0.08%,72.171,72.171,72.171,72.171,-0.24%,59.35,59.98,60.04,59.1,-0.93%,306.1,163.59,7662.5,576.1,709.1,15054.0,1818.0,218.5,1283.8,300.6,3395.37,3393.2,3401.16,3385.42,1155.91,1156.66,1159.82,1154.09,91.16999816894531,92.44999694824219,99.96269989013672
853,2024-04-08,15.86,14.73,14.63,14.53,14.4,13.86,13.46,13.19,13.24,13.45,13.91,14.31,14.82,89.421,89.421,89.421,89.421,-0.11%,77.59,77.65,77.7,77.42,-0.01%,78.62,78.62,78.62,78.62,-0.45%,72.04,72.04,72.04,72.04,-0.18%,59.47,59.35,59.7,59.15,0.21%,307.75,163.89,7767.0,574.5,710.8,152.96,1840.0,218.12,1283.6,303.4,3417.38,3400.82,3423.35,3400.82,1162.3,1157.08,1165.2,1157.08,90.37999725341797,92.56999969482422,99.5
854,2024-04-09,15.9,14.82,14.71,14.59,14.45,13.89,13.48,13.2,13.25,13.47,13.95,14.35,14.86,89.389,89.389,89.389,89.389,-0.04%,77.6,77.69,77.69,77.43,0.01%,78.55,78.55,78.55,78.55,-0.10%,72.188,72.188,72.188,72.188,0.21%,59.5,59.57,59.65,59.15,0.04%,306.76,164.08,7786.5,568.4,706.1,164.0,1859.0,215.9,1274.0,301.65,3414.26,3423.41,3441.18,3408.99,1158.44,1163.27,1169.35,1157.44,89.41999816894531,92.62000274658203,100.38569641113281
855,2024-04-10,15.61,14.7,14.6,14.5,14.37,13.85,13.49,13.24,13.29,13.5,13.95,14.34,14.85,89.382,89.382,89.382,89.382,-0.01%,77.56,77.7,77.7,77.35,-0.05%,78.81,78.81,78.81,78.81,0.34%,71.945,71.945,71.945,71.945,-0.34%,59.5,59.5,59.65,59.2,0.00%,306.48,164.74,7825.0,573.2,709.2,163.3,1849.0,226.08,1277.2,303.15,3439.11,3424.75,3440.03,3405.46,1159.39,1158.74,1162.56,1151.0,90.4800033569336,92.62000274658203,100.87139892578125
856,2024-04-11,15.64,14.92,14.79,14.66,14.51,13.93,13.55,13.31,13.37,13.59,14.06,14.46,14.97,89.298,89.298,89.298,89.298,-0.09%,77.38,77.58,77.69,77.09,-0.22%,78.61,78.61,78.61,78.61,-0.25%,71.915,71.915,71.915,71.915,-0.04%,58.99,59.5,59.6,58.72,-0.85%,306.95,166.24,7836.5,575.25,708.9,161.48,1832.8,227.36,1283.2,306.5,3439.53,3442.84,3455.61,3431.18,1162.36,1156.36,1164.92,1153.95,89.73999786376953,92.88999938964844,100.2114028930664
857,2024-04-12,15.73,14.93,14.76,14.61,14.47,13.98,13.63,13.35,13.36,13.56,14.04,14.46,15.02,89.316,89.316,89.316,89.316,0.02%,77.5,77.54,77.66,77.09,0.15%,78.59,78.59,78.59,78.59,-0.03%,71.98,71.98,71.98,71.98,0.09%,59.17,58.99,59.35,58.72,0.30%,307.1,164.83,7839.5,576.15,714.9,164.8,1831.6,228.12,1283.0,304.9,3456.24,3448.6,3464.0,3446.79,1165.53,1159.23,1168.45,1159.11,90.44999694824219,92.88999938964844,100.04550170898438
858,2024-04-15,15.7,14.99,14.81,14.63,14.47,13.9,13.53,13.28,13.34,13.59,14.06,14.44,14.92,89.325,89.325,89.325,89.325,0.01%,77.41,77.6,78.05,77.26,-0.11%,78.68,78.68,78.68,78.68,0.12%,72.123,72.123,72.123,72.123,0.20%,59.25,59.23,59.76,59.1,0.14%,307.99,163.33,7920.5,589.75,736.5,162.34,1835.2,229.7,1301.0,311.35,3472.19,3456.38,3476.98,3454.06,1166.92,1163.44,1170.51,1161.36,90.0999984741211,93.30000305175781,99.08460235595703
859,2024-04-16,15.74,14.81,14.59,14.43,14.32,14.02,13.7,13.4,13.4,13.6,14.07,14.48,15.01,89.252,89.252,89.252,89.252,-0.08%,77.45,77.4,77.43,77.2,0.04%,78.6,78.6,78.6,78.6,-0.11%,72.065,72.065,72.065,72.065,-0.08%,59.26,59.25,59.3,59.1,0.00%,308.29,164.38,7897.0,589.1,728.2,158.92,1831.2,228.38,1292.8,319.8,3462.94,3478.02,3479.04,3459.45,1155.46,1165.53,1166.75,1154.59,90.0199966430664,93.30000305175781,99.34349822998047
860,2024-04-17,15.72,14.87,14.63,14.44,14.32,14.01,13.68,13.38,13.37,13.51,13.86,14.17,14.57,89.256,89.256,89.256,89.256,0.00%,77.5,77.4,77.57,77.2,0.07%,78.8,78.8,78.8,78.8,0.25%,72.4,72.4,72.4,72.4,0.46%,59.65,59.4,59.7,59.21,0.67%,306.59,164.62,7886.0,584.35,722.6,159.42,1860.0,226.5,1283.8,317.85,3454.07,3469.57,3476.72,3443.07,1154.28,1156.26,1158.98,1150.95,87.29000091552734,93.30000305175781,99.9917984008789
861,2024-04-18,15.72,15.22,14.87,14.58,14.35,13.81,13.5,13.31,13.4,13.65,14.0,14.24,14.5,89.23,89.23,89.23,89.23,-0.03%,77.55,77.49,77.57,77.36,0.06%,78.78,78.78,78.78,78.78,-0.02%,72.329,72.329,72.329,72.329,-0.10%,59.81,60.0,60.01,59.5,0.26%,307.99,165.4,7840.0,579.15,715.3,158.62,1863.6,227.54,1279.2,316.7,3455.82,3451.37,3457.46,3436.95,1160.6,1153.86,1161.05,1149.65,87.11000061035156,94.13999938964844,100.3646011352539
862,2024-04-19,15.73,15.26,14.9,14.61,14.39,13.84,13.47,13.22,13.26,13.41,13.63,13.77,13.94,89.246,89.246,89.246,89.246,0.02%,77.75,77.55,77.58,77.4,0.25%,79.31,79.31,79.31,79.31,0.67%,73.087,73.087,73.087,73.087,1.05%,60.59,59.81,60.67,59.72,1.31%,307.38,167.03,7835.5,585.35,716.4,158.66,1864.4,226.2,1276.2,318.2,3470.88,3458.86,3475.13,3451.48,1173.68,1158.74,1175.82,1158.74,87.29000091552734,93.69999694824219,99.96690368652344
863,2024-04-22,15.69,15.0,14.88,14.76,14.61,13.99,13.57,13.26,13.26,13.38,13.58,13.73,13.93,89.21,89.21,89.21,89.21,-0.04%,77.52,78.06,78.06,77.35,-0.29%,79.27,79.27,79.27,79.27,-0.05%,72.894,72.894,72.894,72.894,-0.26%,60.16,61.1,61.1,60.01,-0.71%,314.99,166.77,7827.5,583.15,711.4,159.3,1879.0,227.12,1264.4,319.85,3479.17,3468.09,3480.21,3460.58,1174.17,1172.31,1175.74,1169.55,87.0,93.69999694824219,98.9000015258789
864,2024-04-23,15.73,15.11,14.89,14.69,14.52,13.97,13.62,13.34,13.32,13.43,13.64,13.79,13.96,89.198,89.198,89.198,89.198,-0.01%,77.28,77.52,77.52,77.21,-0.31%,79.01,79.01,79.01,79.01,-0.33%,72.64,72.64,72.64,72.64,-0.35%,60.0,60.22,60.28,59.81,-0.27%,307.39,163.7,7840.0,580.85,719.6,156.58,1856.6,228.58,1249.8,311.0,3439.42,3483.26,3487.55,3436.83,1163.5,1175.47,1178.42,1163.5,88.41999816894531,93.0199966430664,99.77519989013672
865,2024-04-24,15.6,15.05,14.83,14.64,14.48,14.01,13.66,13.37,13.34,13.42,13.63,13.8,14.0,89.145,89.145,89.145,89.145,-0.06%,77.26,77.28,77.54,77.15,-0.03%,79.0,79.0,79.0,79.0,-0.01%,72.508,72.508,72.508,72.508,-0.18%,59.93,60.1,60.1,59.85,-0.12%,307.94,162.86,7820.5,576.3,717.6,155.82,1864.0,228.86,1251.4,309.15,3428.93,3438.45,3445.67,3423.17,1171.06,1167.82,1173.95,1164.74,88.0199966430664,93.0199966430664,99.74610137939453
866,2024-04-25,15.59,15.02,14.87,14.73,14.58,14.01,13.65,13.38,13.37,13.44,13.61,13.72,13.84,89.03,89.03,89.03,89.03,-0.13%,77.25,77.26,77.36,77.05,-0.01%,78.91,78.91,78.91,78.91,-0.12%,72.433,72.433,72.433,72.433,-0.10%,59.9,60.1,60.1,59.79,-0.05%,308.41,163.35,7827.5,579.8,722.2,157.52,1873.0,228.7,1239.6,309.4,3439.76,3429.62,3443.74,3427.02,1178.69,1172.72,1179.98,1172.34,89.01000213623047,93.47000122070312,98.77629852294922
867,2024-04-26,15.7,14.95,14.85,14.75,14.63,14.15,13.79,13.51,13.51,13.61,13.81,13.95,14.12,88.77,88.77,88.77,88.77,-0.29%,77.04,77.28,77.5,76.86,-0.28%,78.39,78.39,78.39,78.39,-0.65%,71.869,71.869,71.869,71.869,-0.78%,59.17,60.0,60.0,59.02,-1.23%,309.0,162.46,7929.5,581.3,718.8,156.54,1871.2,232.02,1236.6,310.05,3449.77,3446.39,3459.12,3438.06,1186.79,1180.89,1190.43,1178.58,89.5,92.2699966430664,98.87950134277344
868,2024-04-27,15.86,14.8,14.75,14.7,14.62,14.22,13.83,13.53,13.52,13.61,13.81,13.97,14.2,88.77,88.77,88.77,88.77,-0.29%,77.04,77.28,77.5,76.86,-0.28%,78.39,78.39,78.39,78.39,-0.65%,71.869,71.869,71.869,71.869,-0.78%,59.17,60.0,60.0,59.02,-1.23%,308.98,164.06,8002.5,581.2,720.5,156.04,1887.6,232.9,1229.0,312.4,3465.85,3453.63,3467.23,3453.4,1182.25,1185.59,1188.63,1178.99,89.5,92.2699966430664,98.87950134277344
869,2024-04-29,15.86,14.48,14.47,14.45,14.41,14.15,13.88,13.61,13.54,13.54,13.66,13.8,14.03,88.902,88.902,88.902,88.902,0.15%,77.0,76.9,77.1,76.89,-0.05%,78.2,78.2,78.2,78.2,-0.24%,71.7,71.7,71.7,71.7,-0.24%,59.17,59.22,59.44,59.12,0.01%,308.97,164.03,8152.0,583.15,720.6,155.16,1931.0,239.12,1228.6,311.5,3478.08,3468.92,3480.47,3467.25,1177.42,1179.92,1180.71,1173.86,88.4000015258789,92.2699966430664,97.5
870,2024-04-30,15.86,14.65,14.61,14.57,14.51,14.2,13.89,13.61,13.56,13.59,13.75,13.91,14.12,88.78,88.78,88.78,88.78,-0.14%,77.0,76.9,77.1,76.89,-0.05%,78.18,78.18,78.18,78.18,-0.03%,71.704,71.704,71.704,71.704,0.01%,59.17,59.22,59.44,59.12,0.01%,308.24,163.22,8085.5,582.0,718.3,153.9,1927.6,241.74,1235.2,309.95,3469.83,3481.29,3486.3,3464.86,1174.68,1177.55,1179.57,1169.87,87.86000061035156,93.41999816894531,99.80989837646484
871,2024-05-01,15.86,14.65,14.61,14.57,14.51,14.2,13.89,13.61,13.56,13.59,13.75,13.91,14.12,88.78,88.78,88.78,88.78,-0.14%,77.0,76.9,77.1,76.89,-0.05%,78.18,78.18,78.18,78.18,-0.03%,71.704,71.704,71.704,71.704,0.01%,59.17,59.22,59.44,59.12,0.01%,308.24,163.22,8085.5,582.0,718.3,153.9,1927.6,241.74,1235.2,309.95,3469.83,3481.29,3486.3,3464.86,1174.68,1177.55,1179.57,1169.87,83.44000244140625,93.41999816894531,99.70870208740234
872,2024-05-02,15.73,15.12,15.04,14.96,14.86,14.4,14.02,13.67,13.59,13.61,13.78,13.95,14.19,88.595,88.595,88.595,88.595,-0.21%,76.99,76.85,77.08,76.85,-0.01%,78.05,78.05,78.05,78.05,-0.17%,71.489,71.489,71.489,71.489,-0.30%,59.1,59.2,59.35,58.81,-0.12%,307.37,157.75,8104.5,582.3,719.7,154.48,1904.2,242.0,1231.0,309.85,3442.83,3470.87,3477.42,3439.58,1177.96,1181.04,1190.75,1174.01,83.66999816894531,93.26000213623047,98.80000305175781
873,2024-05-03,15.95,15.12,15.06,15.0,14.9,14.46,14.07,13.69,13.59,13.61,13.79,13.98,14.28,88.595,88.595,88.595,88.595,-0.21%,76.99,76.85,77.08,76.85,-0.01%,77.9,77.9,77.9,77.9,-0.19%,71.313,71.313,71.313,71.313,-0.25%,59.1,59.2,59.35,58.81,-0.12%,307.53,155.2,8075.5,582.3,718.4,154.4,1915.4,242.16,1231.6,308.85,3441.77,3443.49,3450.43,3424.63,1184.68,1178.29,1187.14,1176.54,82.95999908447266,93.26000213623047,97.77310180664062
874,2024-05-06,16.18,15.24,15.18,15.11,15.0,14.45,14.02,13.66,13.61,13.67,13.9,14.12,14.43,88.502,88.502,88.502,88.502,-0.10%,76.9,77.1,77.1,76.8,-0.12%,77.65,77.65,77.65,77.65,-0.32%,71.315,71.315,71.315,71.315,0.00%,58.56,58.73,58.78,58.51,-0.92%,306.01,153.64,8026.5,579.05,715.1,155.8,1898.0,239.98,1221.4,308.1,3436.05,3441.7,3444.11,3418.47,1186.2,1183.62,1191.65,1178.16,83.33000183105469,93.26000213623047,97.69999694824219
875,2024-05-07,16.14,15.1,15.05,14.99,14.89,14.41,14.03,13.7,13.64,13.69,13.92,14.16,14.48,88.508,88.508,88.508,88.508,0.01%,76.81,76.83,77.05,76.66,-0.12%,77.71,77.71,77.71,77.71,0.08%,71.222,71.222,71.222,71.222,-0.13%,58.68,58.7,59.28,58.55,0.22%,308.22,154.16,7722.5,579.95,718.0,154.44,1919.2,245.96,1239.2,308.45,3427.61,3405.82,3428.37,3405.82,1185.0,1174.43,1185.71,1174.43,83.16000366210938,91.06999969482422,98.35160064697266
876,2024-05-08,16.01,15.04,15.01,14.95,14.86,14.37,14.0,13.72,13.69,13.73,13.91,14.12,14.44,88.501,88.501,88.501,88.501,-0.01%,76.81,76.83,77.05,76.66,-0.12%,77.82,77.82,77.82,77.82,0.13%,71.201,71.201,71.201,71.201,-0.03%,58.68,58.7,59.28,58.55,0.22%,311.21,154.22,7714.0,578.5,721.8,153.82,1928.2,248.26,1227.2,310.7,3432.54,3431.84,3438.75,3430.1,1176.3,1180.27,1181.79,1174.55,83.58000183105469,91.06999969482422,98.30750274658203
877,2024-05-09,16.01,15.04,15.01,14.95,14.86,14.37,14.0,13.72,13.69,13.73,13.91,14.12,14.44,88.501,88.501,88.501,88.501,-0.01%,76.81,76.83,77.05,76.66,-0.12%,77.82,77.82,77.82,77.82,0.13%,71.201,71.201,71.201,71.201,-0.03%,58.68,58.7,59.28,58.55,0.22%,311.21,154.22,7714.0,578.5,721.8,153.82,1928.2,248.26,1227.2,310.7,3432.54,3431.84,3438.75,3430.1,1176.3,1180.27,1181.79,1174.55,83.87999725341797,91.27999877929688,98.597900390625
878,2024-05-10,16.01,15.3,15.2,15.09,14.96,14.42,14.02,13.69,13.63,13.69,13.92,14.14,14.47,88.69,88.69,88.69,88.69,0.21%,76.81,76.83,77.05,76.66,-0.12%,77.85,77.85,77.85,77.85,0.04%,71.401,71.401,71.401,71.401,0.28%,58.68,58.7,59.28,58.55,0.22%,313.49,154.58,7713.5,579.4,728.9,152.78,1960.0,250.98,1229.2,312.15,3449.78,3438.5,3452.33,3438.5,1178.02,1176.72,1182.29,1175.21,82.79000091552734,91.62000274658203,99.77970123291016
879,2024-05-13,16.21,15.21,15.17,15.13,15.04,14.6,14.2,13.85,13.78,13.8,14.01,14.24,14.59,88.34,88.34,88.34,88.34,-0.39%,76.31,76.85,76.98,76.12,-0.65%,77.18,77.18,77.18,77.18,-0.85%,70.75,70.75,70.75,70.75,-0.91%,58.14,58.67,58.69,57.81,-0.93%,314.85,157.9,7689.0,589.45,729.8,152.04,1976.2,252.3,1239.8,313.1,3457.11,3459.05,3465.62,3448.5,1193.46,1183.54,1194.11,1183.54,83.36000061035156,91.62000274658203,99.32240295410156
880,2024-05-14,16.1,14.99,15.02,15.01,14.96,14.6,14.32,14.08,14.02,14.01,14.15,14.36,14.72,88.188,88.188,88.188,88.188,-0.17%,76.0,76.31,76.85,75.8,-0.40%,76.4,76.4,76.4,76.4,-1.02%,69.871,69.871,69.871,69.871,-1.24%,57.57,58.14,58.23,57.32,-0.98%,318.12,156.16,7672.0,589.8,731.2,152.48,1967.2,252.14,1227.2,312.1,3463.93,3465.83,3468.28,3457.31,1194.63,1195.5,1197.25,1189.97,82.37999725341797,91.62000274658203,98.86080169677734
881,2024-05-15,16.0,15.02,15.01,14.98,14.92,14.6,14.37,14.12,14.01,13.94,13.98,14.1,14.4,88.041,88.041,88.041,88.041,-0.17%,75.99,76.0,76.0,75.62,-0.02%,76.47,76.47,76.47,76.47,0.10%,70.15,70.15,70.15,70.15,0.40%,57.69,57.57,57.81,57.43,0.20%,319.7,156.97,7655.5,599.2,739.7,152.68,1970.6,252.9,1222.8,313.05,3470.72,3466.35,3476.49,3462.86,1200.49,1196.12,1204.21,1194.93,82.75,91.31999969482422,98.76210021972656
882,2024-05-16,15.9,14.92,14.88,14.84,14.79,14.63,14.48,14.26,14.13,14.02,13.96,14.02,14.25,87.842,87.842,87.842,87.842,-0.23%,75.64,76.28,76.5,75.4,-0.46%,76.49,76.49,76.49,76.49,0.01%,70.12,70.12,70.12,70.12,-0.04%,57.74,57.69,57.8,57.55,0.08%,322.91,157.88,7715.0,592.6,751.9,152.6,1972.6,251.98,1224.8,312.6,3486.26,3480.48,3490.77,3477.85,1207.94,1204.14,1210.51,1202.62,83.2699966430664,90.74500274658203,99.30460357666016
883,2024-05-17,15.85,14.83,14.81,14.79,14.77,14.63,14.49,14.27,14.14,14.01,13.93,13.96,14.13,87.835,87.835,87.835,87.835,-0.01%,75.64,76.28,76.5,75.4,-0.46%,76.49,76.49,76.49,76.49,0.00%,70.111,70.111,70.111,70.111,-0.01%,57.74,57.69,57.8,57.55,0.08%,323.16,155.17,7854.5,591.95,746.5,156.3,1970.2,252.0,1221.0,311.3,3501.89,3495.25,3506.91,3490.17,1211.87,1209.9,1214.24,1208.27,83.9800033569336,90.74500274658203,98.74980163574219
884,2024-05-20,15.85,14.83,14.85,14.85,14.85,14.73,14.58,14.35,14.21,14.08,14.0,14.02,14.18,87.616,87.616,87.616,87.616,-0.25%,75.55,75.8,76.08,75.4,-0.12%,76.29,76.29,76.29,76.29,-0.26%,69.862,69.862,69.862,69.862,-0.36%,57.5,57.65,57.8,57.41,-0.41%,321.08,145.03,7834.5,591.9,733.4,151.88,1951.4,250.7,1195.4,309.7,3468.09,3516.4,3521.72,3468.09,1204.1,1217.44,1220.23,1204.1,83.70999908447266,90.74500274658203,98.94830322265625
885,2024-05-21,15.85,14.87,14.92,14.96,14.97,14.9,14.73,14.47,14.3,14.16,14.08,14.09,14.24,87.347,87.347,87.347,87.347,-0.31%,75.14,75.86,75.86,75.12,-0.55%,75.95,75.95,75.95,75.95,-0.45%,69.542,69.542,69.542,69.542,-0.46%,57.08,57.55,57.65,57.01,-0.74%,320.64,139.54,7848.0,594.6,734.2,148.92,1968.4,252.8,1176.0,308.0,3428.38,3447.25,3460.19,3409.92,1199.26,1201.99,1207.1,1189.1,82.87999725341797,90.29000091552734,98.4989013671875
886,2024-05-22,15.85,15.03,15.06,15.07,15.07,14.96,14.8,14.53,14.35,14.2,14.06,14.01,14.03,87.252,87.252,87.252,87.252,-0.11%,75.11,75.14,75.64,74.96,-0.03%,75.49,75.49,75.49,75.49,-0.61%,69.334,69.334,69.334,69.334,-0.30%,57.06,56.99,57.15,56.9,-0.03%,322.93,139.25,7820.0,596.85,745.8,150.0,2006.0,254.16,1184.4,307.55,3444.64,3433.36,3449.43,3433.36,1203.6,1202.73,1206.81,1200.19,81.9000015258789,90.31999969482422,98.2354965209961
887,2024-05-23,15.85,14.97,15.08,15.18,15.23,15.18,15.0,14.71,14.53,14.37,14.23,14.17,14.19,86.87,86.87,86.87,86.87,-0.44%,74.5,75.11,75.11,74.34,-0.82%,75.12,75.12,75.12,75.12,-0.49%,68.43,68.43,68.43,68.43,-1.30%,56.41,57.06,57.28,56.28,-1.13%,323.54,134.69,7841.5,593.15,743.4,154.06,1997.6,256.3,1164.8,306.45,3442.79,3436.81,3444.79,3407.41,1204.89,1198.95,1205.57,1189.76,81.36000061035156,90.31999969482422,97.63749694824219
888,2024-05-24,15.84,14.98,15.1,15.22,15.31,15.39,15.22,14.88,14.67,14.5,14.34,14.26,14.24,86.64,86.64,86.64,86.64,-0.26%,74.5,75.11,75.11,74.34,-0.82%,74.5,74.5,74.5,74.5,-0.82%,68.07,68.07,68.07,68.07,-0.53%,56.41,57.06,57.28,56.28,-1.13%,321.0,133.34,7720.0,585.1,732.1,153.04,1990.8,255.44,1120.4,304.1,3396.5,3438.65,3442.36,3377.64,1195.58,1205.71,1207.13,1186.32,82.12000274658203,91.62000274658203,99.06639862060547
889,2024-05-27,15.8,15.21,15.39,15.55,15.64,15.62,15.36,14.98,14.79,14.65,14.49,14.39,14.3,86.3,86.3,86.3,86.3,-0.39%,73.83,74.11,74.46,73.67,-0.90%,74.03,74.03,74.03,74.03,-0.63%,67.508,67.508,67.508,67.508,-0.83%,55.38,55.96,55.96,55.0,-1.83%,317.09,128.42,7541.5,578.25,713.0,149.8,1942.6,219.22,1130.8,301.5,3299.22,3384.74,3392.99,3298.21,1173.92,1194.79,1199.25,1173.08,82.12000274658203,91.62000274658203,97.1906967163086
890,2024-05-28,15.89,15.17,15.34,15.48,15.56,15.53,15.32,14.99,14.78,14.59,14.4,14.27,14.15,86.427,86.427,86.427,86.427,0.15%,74.26,73.83,74.8,73.81,0.59%,74.26,74.26,74.26,74.26,0.31%,67.933,67.933,67.933,67.933,0.63%,55.57,55.36,55.78,55.13,0.35%,318.22,128.47,7590.0,573.0,710.8,149.62,1887.6,211.08,1113.2,300.85,3302.91,3305.11,3347.85,3277.48,1174.75,1176.87,1193.17,1168.0,84.22000122070312,91.62000274658203,96.60279846191406
891,2024-05-29,15.86,15.31,15.54,15.74,15.84,15.8,15.54,15.13,14.9,14.73,14.56,14.45,14.33,86.35,86.35,86.35,86.35,-0.09%,74.0,74.26,74.26,73.7,-0.35%,73.95,73.95,73.95,73.95,-0.42%,67.342,67.342,67.342,67.342,-0.87%,55.26,55.72,55.79,55.04,-0.57%,320.38,128.89,7684.0,575.65,715.2,152.0,1928.2,214.16,1117.8,299.05,3318.03,3307.76,3323.08,3284.14,1167.72,1170.81,1173.44,1156.22,83.5999984741211,91.62000274658203,96.11309814453125
892,2024-05-30,15.95,15.08,15.36,15.6,15.74,15.8,15.52,15.09,14.89,14.75,14.64,14.57,14.5,86.294,86.294,86.294,86.294,-0.06%,73.7,74.0,74.2,73.4,-0.40%,73.77,73.77,73.77,73.77,-0.24%,67.195,67.195,67.195,67.195,-0.22%,54.78,55.25,55.31,54.6,-0.86%,316.63,124.93,7567.0,566.4,702.8,146.5,1848.6,205.52,1085.0,292.95,3282.18,3332.77,3342.59,3275.54,1150.88,1168.51,1171.87,1148.67,81.86000061035156,89.56999969482422,96.75170135498047
893,2024-05-31,16.14,15.13,15.37,15.59,15.73,15.81,15.59,15.23,15.06,14.96,14.85,14.78,14.71,86.06,86.06,86.06,86.06,-0.27%,73.7,74.0,74.2,73.4,-0.40%,72.93,72.93,72.93,72.93,-1.15%,66.45,66.45,66.45,66.45,-1.11%,54.78,55.25,55.31,54.6,-0.86%,313.11,126.46,7355.5,556.65,688.5,139.98,1778.0,195.96,1084.0,282.95,3217.19,3258.52,3270.01,3211.19,1125.68,1136.36,1140.51,1122.25,81.62000274658203,89.56999969482422,97.7489013671875
894,2024-06-03,15.97,15.1,15.38,15.63,15.79,15.89,15.69,15.35,15.14,14.96,14.8,14.71,14.6,86.151,86.151,86.151,86.151,0.11%,73.21,73.11,74.29,73.03,-0.67%,73.13,73.13,73.13,73.13,0.28%,66.602,66.602,66.602,66.602,0.23%,54.66,54.1,54.99,53.9,-0.21%,310.95,124.14,7252.0,562.95,685.5,138.52,1840.2,193.56,1073.6,286.9,3141.42,3192.3,3217.36,3087.99,1111.55,1115.7,1130.01,1090.3,78.36000061035156,90.41999816894531,96.94999694824219
895,2024-06-04,15.83,15.25,15.47,15.66,15.77,15.78,15.5,15.08,14.85,14.67,14.45,14.28,14.04,86.351,86.351,86.351,86.351,0.23%,74.06,73.21,74.4,73.21,1.16%,73.55,73.55,73.55,73.55,0.58%,67.253,67.253,67.253,67.253,0.98%,55.44,54.21,55.85,54.21,1.42%,316.49,125.1,7426.0,568.95,694.0,140.8,1841.0,191.54,1076.4,296.7,3186.93,3160.01,3201.53,3138.25,1131.34,1118.89,1135.06,1115.18,77.5199966430664,89.31999969482422,97.42320251464844
896,2024-06-05,16.0,14.88,15.37,15.64,15.77,15.7,15.41,15.0,14.79,14.62,14.46,14.37,14.3,86.475,86.475,86.475,86.475,0.14%,74.02,74.0,74.43,73.7,-0.06%,73.75,73.75,73.75,73.75,0.27%,67.467,67.467,67.467,67.467,0.32%,55.3,55.5,55.85,54.95,-0.25%,314.72,124.02,7412.5,562.2,691.6,139.24,1833.8,192.52,1057.8,293.15,3212.24,3217.63,3237.53,3194.73,1140.37,1140.29,1148.98,1135.04,78.41000366210938,88.52999877929688,96.67849731445312
897,2024-06-06,16.12,14.99,15.48,15.75,15.89,15.79,15.47,15.02,14.79,14.61,14.45,14.37,14.3,86.35,86.35,86.35,86.35,-0.14%,73.89,74.02,74.48,73.83,-0.18%,73.68,73.68,73.68,73.68,-0.09%,67.603,67.603,67.603,67.603,0.20%,55.39,55.5,55.84,55.34,0.16%,313.08,123.6,7398.0,566.3,692.9,141.8,1826.8,192.62,1038.4,293.1,3192.38,3206.74,3215.99,3178.21,1131.97,1139.33,1144.56,1126.24,79.87000274658203,89.04549407958984,96.8302993774414
898,2024-06-07,16.0,14.96,15.36,15.61,15.75,15.78,15.52,15.05,14.78,14.57,14.39,14.3,14.2,86.403,86.403,86.403,86.403,0.06%,73.89,74.02,74.48,73.83,-0.18%,73.9,73.9,73.9,73.9,0.29%,67.626,67.626,67.626,67.626,0.03%,55.39,55.5,55.84,55.34,0.16%,319.9,122.78,7489.0,571.65,695.7,143.28,1841.4,196.46,1034.4,295.9,3233.22,3199.75,3268.89,3193.57,1143.22,1135.77,1159.41,1133.14,79.62000274658203,89.32048797607422,97.2843017578125
899,2024-06-10,15.85,15.02,15.4,15.64,15.79,15.86,15.66,15.28,15.06,14.89,14.73,14.65,14.58,86.3,86.3,86.3,86.3,-0.12%,73.66,74.13,74.13,73.5,-0.31%,73.34,73.34,73.34,73.34,-0.76%,66.681,66.681,66.681,66.681,-1.40%,54.97,55.7,55.75,54.7,-0.75%,317.28,119.0,7315.0,563.25,686.3,139.14,1852.6,190.54,1026.0,289.95,3180.94,3245.4,3255.49,3180.21,1130.91,1145.84,1152.05,1129.64,81.62999725341797,88.8342514038086,95.75
900,2024-06-11,15.6,14.78,15.17,15.44,15.62,15.82,15.69,15.34,15.09,14.89,14.7,14.6,14.52,86.401,86.401,86.401,86.401,0.12%,73.66,74.13,74.13,73.5,-0.31%,73.33,73.33,73.33,73.33,0.00%,66.77,66.77,66.77,66.77,0.13%,54.97,55.7,55.75,54.7,-0.75%,317.8,117.53,7290.0,562.85,693.2,138.86,1832.2,187.2,1078.0,288.25,3171.1,3178.71,3191.27,3148.22,1119.51,1129.45,1129.66,1114.21,81.91999816894531,88.8700180053711,95.65480041503906
901,2024-06-12,15.6,14.78,15.17,15.44,15.62,15.82,15.69,15.34,15.09,14.89,14.7,14.6,14.52,86.401,86.401,86.401,86.401,0.12%,73.66,74.13,74.13,73.5,-0.31%,73.33,73.33,73.33,73.33,0.00%,66.77,66.77,66.77,66.77,0.13%,54.97,55.7,55.75,54.7,-0.75%,317.8,117.53,7290.0,562.85,693.2,138.86,1832.2,187.2,1078.0,288.25,3171.1,3178.71,3191.27,3148.22,1119.51,1129.45,1129.66,1114.21,82.5999984741211,89.24626922607422,95.84960174560547
902,2024-06-13,15.7,14.99,15.39,15.66,15.82,15.94,15.75,15.38,15.17,14.99,14.83,14.74,14.66,86.296,86.296,86.296,86.296,-0.12%,73.66,73.85,74.32,73.36,0.00%,73.03,73.03,73.03,73.03,-0.42%,66.6,66.6,66.6,66.6,-0.25%,54.67,54.95,54.95,54.16,-0.55%,317.71,119.63,7178.5,555.5,678.0,139.18,1837.4,189.12,1047.0,290.9,3171.69,3050.03,3178.01,3032.05,1132.72,1079.32,1134.41,1072.96,82.75,88.9970932006836,96.22989654541016
903,2024-06-14,15.64,15.14,15.53,15.77,15.92,15.95,15.73,15.34,15.13,14.97,14.84,14.78,14.74,86.251,86.251,86.251,86.251,-0.05%,73.66,73.85,74.32,73.36,0.00%,73.09,73.09,73.09,73.09,0.08%,66.571,66.571,66.571,66.571,-0.04%,54.67,54.95,54.95,54.16,-0.55%,319.35,121.65,7368.0,565.1,695.3,140.3,1836.4,191.42,1089.6,292.8,3215.91,3171.78,3219.65,3160.17,1137.45,1132.75,1148.91,1128.61,82.62000274658203,87.87535095214844,94.36139678955078
904,2024-06-17,15.6,15.24,15.73,16.05,16.23,16.33,16.09,15.64,15.39,15.18,14.99,14.88,14.8,86.251,86.251,86.251,86.251,-0.05%,73.66,73.85,74.32,73.36,0.00%,73.09,73.09,73.09,73.09,0.08%,66.571,66.571,66.571,66.571,-0.04%,54.67,54.95,54.95,54.16,-0.55%,317.65,121.54,7203.0,566.7,688.3,138.54,1821.2,188.5,1065.0,289.8,3183.68,3219.29,3221.84,3183.68,1126.25,1138.65,1139.55,1126.15,84.25,88.06436157226562,94.25
905,2024-06-18,15.51,15.36,15.9,16.24,16.42,16.48,16.2,15.73,15.48,15.28,15.13,15.06,14.98,86.251,86.251,86.251,86.251,-0.05%,73.66,73.85,74.32,73.36,0.00%,73.09,73.09,73.09,73.09,0.08%,66.571,66.571,66.571,66.571,-0.04%,54.67,54.95,54.95,54.16,-0.55%,314.34,118.02,7036.0,554.45,679.8,136.26,1555.6,181.66,1033.2,286.65,3114.15,3171.38,3176.01,3109.09,1127.16,1121.9,1134.8,1105.63,85.33000183105469,88.72040557861328,95.28929901123047
906,2024-06-19,15.37,15.7,16.24,16.56,16.72,16.64,16.29,15.78,15.51,15.31,15.17,15.1,15.03,86.251,86.251,86.251,86.251,-0.05%,73.66,73.85,74.32,73.36,0.00%,73.09,73.09,73.09,73.09,0.08%,66.571,66.571,66.571,66.571,-0.04%,54.67,54.95,54.95,54.16,-0.55%,310.7,113.85,6885.0,536.0,657.2,134.0,1504.8,175.62,1056.0,284.0,3027.47,3104.22,3107.39,3015.84,1154.23,1123.56,1164.54,1102.01,85.33000183105469,85.37165832519531,91.685302734375
907,2024-06-20,15.33,15.6,16.15,16.5,16.7,16.79,16.51,15.98,15.68,15.45,15.27,15.18,15.08,86.251,86.251,86.251,86.251,-0.05%,73.66,73.85,74.32,73.36,0.00%,73.09,73.09,73.09,73.09,0.08%,66.571,66.571,66.571,66.571,-0.04%,54.67,54.95,54.95,54.16,-0.55%,314.15,115.92,7112.5,555.0,688.0,136.32,1579.2,180.94,1054.8,290.0,3123.43,3034.39,3123.43,2996.44,1151.93,1156.87,1184.29,1142.4,85.70999908447266,83.49625396728516,89.73760223388672
908,2024-06-21,15.25,15.54,16.01,16.34,16.56,16.78,16.56,16.0,15.61,15.29,15.03,14.9,14.76,86.251,86.251,86.251,86.251,-0.05%,73.66,73.85,74.32,73.36,0.00%,73.09,73.09,73.09,73.09,0.08%,66.571,66.571,66.571,66.571,-0.04%,54.67,54.95,54.95,54.16,-0.55%,314.14,115.4,7084.0,550.05,688.2,134.0,1575.8,177.78,1040.0,286.0,3114.35,3126.25,3141.25,3096.63,1115.39,1152.97,1158.5,1113.19,85.23999786376953,87.37244415283203,93.54049682617188
909,2024-06-24,15.32,15.48,15.99,16.34,16.56,16.77,16.52,15.93,15.55,15.22,14.93,14.77,14.64,84.975,84.873,85.109,84.78,-1.48%,72.35,72.04,72.38,72.12,-1.78%,71.44,71.6,71.8,71.35,-2.26%,65.049,65.326,65.201,64.863,-2.29%,53.13,53.39,53.5,53.13,-2.81%,317.25,113.67,7051.5,547.45,681.1,130.24,1547.6,174.32,1043.2,289.2,3098.05,3109.22,3127.64,3092.83,1117.0,1113.55,1120.79,1107.68,86.01000213623047,87.3442153930664,93.3499984741211
910,2024-06-25,15.51,15.52,16.01,16.34,16.55,16.7,16.42,15.83,15.45,15.13,14.88,14.75,14.61,84.975,84.873,85.109,84.78,-1.48%,72.35,72.04,72.38,72.12,-1.78%,71.44,71.6,71.8,71.35,-2.26%,65.049,65.326,65.201,64.863,-2.29%,53.13,53.39,53.5,53.13,-2.81%,319.8,114.97,7204.0,558.5,694.4,131.18,1555.6,180.98,1056.4,292.5,3111.39,3097.98,3112.82,3074.51,1123.04,1116.97,1123.56,1108.51,85.01000213623047,87.99541473388672,94.4446029663086
911,2024-06-26,15.6,15.28,15.76,16.08,16.28,16.4,16.13,15.58,15.25,14.99,14.74,14.61,14.49,85.617,85.455,85.998,85.112,0.76%,73.18,72.89,73.5,72.8,1.15%,72.48,72.12,73.5,72.28,1.45%,66.001,65.72,66.963,65.711,1.46%,54.19,53.95,55.0,53.84,1.98%,324.55,117.0,7275.0,561.2,701.5,130.8,1542.0,177.78,1056.4,290.5,3151.7,3129.01,3156.02,3127.65,1130.73,1129.4,1139.15,1126.34,85.25,87.4979476928711,93.70149993896484
912,2024-06-27,15.51,15.59,16.06,16.36,16.53,16.54,16.21,15.62,15.28,15.01,14.8,14.68,14.55,85.612,85.62,85.612,84.979,-0.01%,73.24,73.11,73.32,72.45,0.08%,72.5,72.48,72.95,71.48,0.03%,66.553,66.001,66.555,65.001,0.84%,54.41,54.19,54.5,53.28,0.42%,327.16,115.65,7227.0,559.8,702.7,129.32,1549.4,176.82,1048.4,292.0,3150.32,3154.58,3158.4,3122.08,1168.05,1131.77,1169.55,1120.1,86.38999938964844,88.2453842163086,94.24610137939453
913,2024-06-28,15.66,15.89,16.37,16.64,16.76,16.61,16.21,15.63,15.33,15.11,14.93,14.83,14.73,85.429,85.62,85.989,85.051,-0.21%,73.04,73.35,73.35,72.8,-0.27%,72.6,72.61,72.88,72.2,0.14%,66.183,66.553,66.706,65.96,-0.56%,54.36,54.4,54.7,54.06,-0.09%,327.15,115.94,7211.0,565.25,699.9,129.92,1549.8,176.92,1091.8,290.9,3154.36,3150.22,3165.31,3141.37,1158.85,1168.01,1173.61,1155.84,86.41000366210938,84.99630737304688,91.01490020751953
914,2024-07-01,16.04,15.79,16.33,16.59,16.68,16.42,16.03,15.55,15.31,15.14,15.01,14.94,14.88,85.578,85.994,85.994,85.261,0.17%,72.81,73.24,73.28,72.39,-0.31%,72.3,72.6,72.86,72.0,-0.41%,66.443,66.197,66.588,65.811,0.39%,54.13,54.43,54.58,53.98,-0.42%,327.1,121.4,7326.0,576.9,710.9,132.5,1577.2,181.0,1097.0,296.45,3186.19,3160.7,3186.76,3153.93,1149.77,1161.18,1169.1,1147.1,86.5999984741211,85.50910186767578,91.81539916992188
915,2024-07-02,16.04,15.86,16.37,16.63,16.72,16.47,16.06,15.56,15.31,15.14,15.02,14.96,14.89,85.568,85.578,85.58,85.264,-0.01%,72.95,72.75,73.02,72.65,0.19%,72.37,72.64,72.76,72.21,0.10%,66.102,66.45,66.539,66.0,-0.51%,54.14,54.13,54.33,54.03,0.02%,328.37,126.2,7309.5,573.0,710.4,134.38,1569.8,179.8,1134.6,295.2,3217.29,3199.03,3221.5,3190.18,1151.82,1154.41,1161.55,1150.17,86.23999786376953,86.7470474243164,93.13600158691406
916,2024-07-03,16.14,15.55,16.05,16.34,16.48,16.41,16.08,15.58,15.32,15.12,14.95,14.86,14.79,85.707,85.578,85.912,85.301,0.16%,72.82,72.64,73.18,72.6,-0.18%,72.3,72.37,72.7,72.2,-0.10%,66.434,66.102,66.762,66.041,0.50%,54.39,54.14,54.4,54.11,0.46%,328.2,124.96,7230.5,573.9,704.1,132.66,1562.8,176.3,1101.4,292.2,3203.07,3219.11,3226.16,3196.31,1147.28,1152.48,1155.0,1144.85,87.33999633789062,87.84622192382812,94.41799926757812
917,2024-07-04,16.0,15.53,16.05,16.36,16.53,16.53,16.22,15.71,15.43,15.22,15.1,15.03,14.94,85.408,85.964,85.981,85.2,-0.35%,72.55,72.8,72.8,71.96,-0.37%,72.3,72.3,72.39,72.09,0.00%,65.906,66.379,66.44,65.628,-0.79%,53.91,54.39,54.4,53.69,-0.88%,324.66,122.17,7109.5,561.35,699.1,130.38,1522.2,173.86,1088.2,288.55,3133.81,3190.58,3195.67,3123.92,1120.31,1142.8,1144.63,1118.93,87.33999633789062,88.49542999267578,95.49539947509766
918,2024-07-05,16.0,15.7,16.41,16.79,16.95,16.74,16.31,15.77,15.51,15.32,15.18,15.12,15.05,85.378,85.3,85.791,85.172,-0.04%,72.26,72.06,72.69,72.06,-0.40%,71.57,72.29,72.29,71.54,-1.01%,65.58,66.03,66.03,65.228,-0.49%,53.5,54.04,54.04,53.4,-0.76%,325.0,126.74,7201.0,555.85,692.1,134.34,1529.6,174.38,1096.6,289.9,3149.29,3131.87,3158.83,3103.49,1125.66,1119.61,1129.25,1109.47,86.54000091552734,88.99748992919922,96.20939636230469
919,2024-07-08,15.59,15.49,16.21,16.62,16.82,16.76,16.37,15.83,15.55,15.35,15.19,15.11,15.02,85.444,85.3,85.45,85.111,0.08%,72.23,72.33,72.71,71.92,-0.04%,71.57,71.57,71.78,71.2,0.00%,65.4,65.576,65.918,65.307,-0.27%,53.43,53.7,53.71,53.31,-0.13%,324.07,127.74,7097.0,560.1,695.3,132.52,1523.2,174.52,1082.6,289.75,3132.58,3159.18,3174.42,3122.91,1119.25,1129.19,1134.64,1116.23,85.75,87.1934585571289,94.4000015258789
920,2024-07-09,15.92,15.55,16.23,16.64,16.86,16.87,16.49,15.91,15.61,15.38,15.2,15.1,14.99,85.354,85.46,85.49,85.132,-0.11%,72.13,72.34,72.35,71.75,-0.14%,71.39,71.57,71.79,71.34,-0.25%,65.57,65.32,65.673,65.236,0.26%,53.41,53.6,53.6,53.23,-0.04%,319.99,124.05,6941.0,524.6,660.5,129.14,1451.4,167.16,1062.2,280.2,3054.07,3123.91,3124.74,3050.05,1093.26,1116.15,1116.45,1091.82,84.66000366210938,86.61963653564453,93.81999969482422
921,2024-07-10,16.27,15.33,16.04,16.48,16.74,16.84,16.52,15.98,15.69,15.46,15.26,15.16,15.06,85.13,85.44,85.44,85.008,-0.26%,72.0,72.13,72.2,71.71,-0.18%,71.07,71.68,71.68,71.0,-0.45%,65.0,65.377,65.377,64.7,-0.87%,53.11,53.41,53.47,53.0,-0.56%,316.68,117.81,6689.0,502.5,635.1,124.3,1393.6,159.8,1013.0,264.7,2975.75,3044.66,3056.98,2967.45,1067.01,1089.89,1094.3,1064.04,85.08000183105469,86.4906997680664,93.53710174560547
922,2024-07-11,16.46,15.68,16.42,16.82,17.02,16.9,16.48,15.92,15.64,15.44,15.3,15.24,15.17,85.161,85.376,85.479,84.9,0.04%,71.88,71.71,72.34,71.69,-0.17%,71.36,71.0,71.58,71.0,0.41%,65.129,65.414,65.425,64.772,0.20%,53.31,53.3,53.48,53.03,0.38%,295.87,121.75,6969.5,526.7,650.4,126.1,1474.6,169.36,1045.8,276.4,2992.21,2908.02,2996.34,2901.61,1071.29,1042.73,1074.38,1040.43,85.4000015258789,88.34503173828125,95.70549774169922
923,2024-07-12,16.47,15.95,16.65,17.03,17.2,17.04,16.61,16.03,15.74,15.52,15.37,15.29,15.21,85.089,85.137,85.695,84.777,-0.08%,71.63,71.89,72.0,71.5,-0.35%,71.15,71.67,71.67,71.0,-0.29%,64.835,65.414,65.414,64.551,-0.45%,53.0,53.2,53.5,52.8,-0.58%,292.21,119.65,6908.0,527.4,653.9,125.26,1471.6,169.82,1024.8,270.45,2973.21,3004.64,3022.0,2957.91,1067.47,1075.75,1081.96,1059.02,85.02999877929688,86.99708557128906,94.58589935302734
924,2024-07-15,16.18,15.42,16.19,16.68,16.99,17.2,16.9,16.31,15.98,15.72,15.51,15.4,15.28,84.934,84.937,85.66,84.572,-0.18%,71.26,72.08,72.08,71.0,-0.52%,70.74,71.36,71.36,70.51,-0.58%,64.4,64.835,65.33,64.129,-0.67%,52.41,53.0,53.14,52.29,-1.11%,284.38,119.28,6827.0,508.0,643.8,122.76,1422.0,163.02,1003.8,260.6,2913.48,2986.32,2994.45,2910.48,1045.25,1072.18,1075.1,1044.17,84.8499984741211,86.76679992675781,94.44999694824219
925,2024-07-16,16.29,15.37,16.07,16.56,16.9,17.33,17.16,16.59,16.19,15.84,15.55,15.4,15.26,84.891,84.937,85.35,84.522,-0.05%,70.98,71.58,71.71,70.53,-0.39%,69.65,70.76,70.76,69.43,-1.54%,63.8,63.0,64.652,63.505,-0.93%,52.09,52.41,52.58,51.83,-0.61%,285.25,124.74,6881.0,516.9,648.5,126.1,1448.0,164.66,1021.6,220.85,2944.86,2914.0,2962.11,2879.23,1050.83,1045.44,1056.98,1032.02,83.7300033569336,87.99429321289062,95.90190124511719
926,2024-07-17,16.2,14.83,15.71,16.31,16.71,17.19,17.02,16.54,16.24,16.02,15.83,15.72,15.61,85.17,84.891,85.424,84.403,0.33%,71.0,70.99,71.27,70.46,0.03%,69.43,69.99,70.19,69.02,-0.32%,63.665,63.0,64.593,63.304,-0.21%,51.95,52.24,52.24,51.55,-0.27%,284.68,124.46,6814.0,510.45,650.2,125.26,1413.4,163.66,1034.6,222.7,2947.24,2963.21,2984.15,2938.47,1054.01,1057.38,1064.85,1048.55,85.08000183105469,88.49625396728516,96.47949981689453
927,2024-07-18,16.08,15.13,15.88,16.39,16.73,17.15,16.95,16.36,15.97,15.67,15.42,15.29,15.13,85.0,85.553,85.553,84.6,-0.20%,71.65,71.0,72.55,70.36,0.92%,70.5,69.42,71.0,69.42,1.54%,64.804,63.951,64.805,63.65,1.79%,52.72,51.96,52.72,51.67,1.48%,289.83,129.81,6931.5,517.25,661.7,128.3,1471.8,166.74,1074.0,229.0,2980.62,2922.77,2980.62,2908.07,1068.51,1045.25,1068.51,1040.0,85.11000061035156,88.4801025390625,96.81050109863281
928,2024-07-19,15.88,15.22,15.69,16.04,16.3,16.76,16.73,16.32,15.97,15.67,15.42,15.27,15.1,84.97,85.382,85.42,84.38,-0.04%,71.74,71.74,72.3,71.38,0.13%,70.35,70.7,70.99,70.16,-0.21%,64.879,64.805,65.296,64.48,0.12%,52.88,53.0,53.0,52.35,0.30%,289.9,130.88,6913.0,524.15,662.7,128.5,1502.8,169.96,1085.8,238.25,3008.24,2988.27,3024.88,2974.62,1076.63,1071.26,1084.38,1066.36,82.62999725341797,88.39669799804688,96.36299896240234
929,2024-07-22,15.59,15.22,15.77,16.16,16.43,16.81,16.68,16.17,15.8,15.5,15.24,15.12,15.0,85.087,85.04,85.498,84.865,0.14%,71.75,71.74,72.14,71.45,0.01%,70.83,70.35,71.0,70.2,0.68%,65.282,64.879,65.347,64.801,0.62%,53.5,52.88,53.5,52.81,1.17%,294.71,131.61,7008.0,531.85,663.2,129.88,1460.0,170.04,1102.4,239.5,3024.54,3023.1,3042.14,3010.15,1085.43,1081.95,1088.77,1077.32,82.4000015258789,86.88471984863281,94.69999694824219
930,2024-07-23,15.44,15.52,16.12,16.53,16.8,17.08,16.86,16.31,15.94,15.64,15.41,15.3,15.18,84.911,85.088,85.179,84.75,-0.21%,71.05,72.03,72.2,70.9,-0.98%,70.19,70.98,70.98,69.95,-0.90%,64.462,65.673,65.673,64.35,-1.26%,52.79,53.49,53.53,52.41,-1.33%,294.39,134.07,6973.0,530.55,663.6,128.08,1465.0,169.06,1086.6,239.95,3028.01,3032.53,3033.18,3003.69,1092.67,1088.3,1092.67,1077.95,81.01000213623047,87.84465789794922,95.66020202636719
931,2024-07-24,15.29,15.88,16.41,16.75,16.96,17.07,16.77,16.18,15.82,15.53,15.28,15.16,15.05,84.918,84.995,85.299,84.751,0.01%,71.12,70.9,71.18,70.87,0.10%,70.55,70.19,70.95,70.0,0.51%,64.65,64.463,65.093,64.32,0.29%,52.98,52.84,53.2,52.67,0.36%,295.69,136.73,6939.5,532.25,667.5,130.86,1448.0,170.92,1085.8,239.85,3051.76,3029.12,3054.34,3015.78,1110.77,1093.07,1111.71,1088.26,81.70999908447266,87.84552001953125,95.30580139160156
932,2024-07-25,15.34,16.08,16.49,16.75,16.9,16.9,16.61,16.07,15.76,15.5,15.3,15.2,15.1,84.9,84.918,85.0,84.708,-0.02%,71.0,71.2,71.3,70.68,-0.17%,70.9,70.86,71.1,70.4,0.50%,65.207,65.033,65.67,64.87,0.86%,53.47,53.16,53.5,52.98,0.92%,296.37,135.1,6902.5,532.45,657.6,129.56,1449.0,172.98,1090.4,237.8,3041.37,3044.6,3045.7,3019.61,1121.76,1108.16,1123.36,1099.07,82.37000274658203,86.23690795898438,93.47650146484375
933,2024-07-26,15.55,16.61,16.89,17.08,17.2,17.28,17.07,16.57,16.22,15.92,15.66,15.51,15.37,84.805,85.148,85.148,84.045,-0.11%,70.59,71.06,71.1,70.44,-0.58%,69.65,71.0,71.2,69.45,-1.76%,64.1,65.284,65.672,63.653,-1.70%,52.36,53.47,53.69,51.8,-2.08%,293.3,135.0,6890.0,521.4,650.3,126.46,1443.6,169.9,1067.2,230.8,2993.23,3034.31,3060.68,2972.53,1102.01,1119.16,1128.89,1096.37,81.12999725341797,84.9942855834961,92.22899627685547
934,2024-07-29,17.27,16.19,16.51,16.75,16.92,17.17,17.09,16.71,16.4,16.11,15.83,15.68,15.57,84.72,85.185,85.185,84.191,-0.10%,70.9,70.59,71.02,70.51,0.44%,69.48,69.65,70.47,69.14,-0.24%,63.502,64.125,64.502,63.501,-0.93%,51.6,52.36,52.49,51.3,-1.45%,286.58,130.99,6727.5,503.2,646.7,125.2,1406.2,163.02,1020.8,225.1,2906.95,2979.43,2979.43,2906.95,1057.99,1096.93,1096.93,1057.99,79.77999877929688,84.99562072753906,92.25
935,2024-07-30,17.29,15.82,16.26,16.59,16.81,17.09,16.95,16.48,16.14,15.86,15.6,15.47,15.32,85.08,84.805,85.181,84.601,0.42%,71.36,70.9,71.36,70.66,0.65%,70.25,69.79,70.25,69.25,1.11%,64.309,63.601,64.771,63.579,1.27%,52.3,51.84,52.35,51.41,1.36%,290.0,132.4,6805.5,513.95,641.6,127.92,1421.0,165.94,1048.6,227.35,2944.78,2906.66,2951.66,2895.25,1074.56,1057.89,1076.47,1053.74,78.62999725341797,86.39580535888672,93.46730041503906
936,2024-07-31,17.28,16.28,16.8,17.09,17.23,17.09,16.7,16.15,15.87,15.68,15.53,15.44,15.35,85.055,85.08,85.15,84.617,-0.03%,71.7,71.21,71.99,71.02,0.48%,70.9,70.44,70.9,69.9,0.93%,65.467,64.309,65.644,63.991,1.80%,52.92,52.3,53.05,52.01,1.19%,289.3,133.31,6759.5,515.95,638.8,130.16,1423.4,165.9,1043.6,229.95,2942.68,2952.19,2961.7,2927.05,1076.55,1077.27,1080.74,1068.09,80.72000122070312,85.74746704101562,92.74359893798828
937,2024-08-01,17.21,16.11,16.53,16.8,16.96,17.02,16.71,16.1,15.72,15.42,15.18,15.04,14.89,85.37,85.055,85.411,84.999,0.37%,72.01,71.7,72.05,71.56,0.43%,70.75,70.55,71.49,70.42,-0.21%,65.564,65.2,65.994,65.089,0.15%,53.51,52.92,54.08,52.92,1.11%,287.21,132.05,6687.0,506.4,630.9,128.64,1411.0,164.42,1029.0,226.45,2935.69,2950.86,2966.66,2935.69,1078.07,1079.54,1085.32,1076.97,79.5199966430664,85.99626922607422,93.0781021118164
938,2024-08-02,17.22,16.16,16.52,16.77,16.93,17.06,16.82,16.22,15.79,15.45,15.16,14.99,14.81,85.413,85.37,85.5,85.07,0.05%,72.05,71.85,72.5,71.72,0.06%,70.86,70.95,71.7,70.6,0.16%,65.5,65.564,65.968,65.168,-0.10%,53.81,53.81,53.98,53.5,0.56%,286.04,131.45,6591.0,504.8,622.9,128.0,1405.6,165.82,1018.4,225.0,2899.0,2927.77,2932.16,2887.3,1065.6,1075.16,1076.78,1060.3,76.80999755859375,85.51448822021484,92.24320220947266
939,2024-08-05,17.17,16.14,16.58,16.87,17.03,17.05,16.74,16.18,15.83,15.55,15.32,15.2,15.09,85.301,85.413,85.748,85.0,-0.13%,71.97,72.05,72.5,71.65,-0.11%,70.56,70.86,71.14,70.26,-0.42%,65.167,65.5,65.8,65.035,-0.51%,53.35,53.6,53.9,53.1,-0.85%,275.49,127.25,6417.5,493.9,608.8,123.92,1373.4,158.06,1005.2,220.3,2828.72,2859.12,2868.46,2807.05,1049.01,1050.94,1054.38,1031.8,76.30000305175781,84.13951873779297,91.80000305175781
940,2024-08-06,17.14,16.16,16.48,16.71,16.87,17.03,16.82,16.23,15.78,15.38,15.02,14.84,14.65,85.408,85.499,85.99,85.203,0.13%,72.26,71.97,72.3,71.72,0.40%,71.18,70.68,71.19,70.56,0.88%,65.849,65.133,65.943,65.133,1.05%,53.71,53.6,53.76,53.32,0.67%,279.4,128.7,6447.0,496.15,607.1,124.88,1372.4,160.42,1010.2,222.25,2830.75,2839.41,2863.45,2814.15,1047.09,1052.98,1061.89,1043.61,76.4800033569336,84.87247467041016,92.93489837646484
941,2024-08-07,17.22,16.47,16.72,16.89,16.99,17.01,16.73,16.06,15.56,15.1,14.72,14.52,14.31,85.642,85.408,85.8,85.215,0.27%,72.88,71.86,72.9,71.85,0.86%,71.5,71.18,71.55,70.6,0.45%,66.316,65.942,66.5,65.4,0.71%,54.26,53.71,54.35,53.41,1.02%,282.2,129.84,6505.0,508.45,623.6,124.6,1390.0,161.72,1012.0,223.5,2874.94,2840.21,2875.45,2803.47,1053.66,1050.59,1057.02,1037.0,78.33000183105469,85.66654205322266,93.60320281982422
942,2024-08-08,17.23,16.4,16.59,16.72,16.81,16.82,16.57,15.92,15.39,14.89,14.42,14.16,13.91,86.199,85.81,86.399,85.476,0.65%,73.3,72.91,73.5,72.91,0.58%,72.36,71.59,72.69,71.44,1.20%,67.349,67.0,67.4,66.1,1.56%,55.39,54.11,55.74,54.1,2.08%,281.09,128.14,6410.5,503.2,613.8,122.88,1377.6,160.04,1018.0,223.2,2852.51,2877.8,2888.1,2846.93,1038.1,1054.71,1058.49,1036.07,79.16000366210938,85.72735595703125,93.68800354003906
943,2024-08-09,17.25,16.62,16.76,16.85,16.9,16.83,16.54,15.85,15.31,14.78,14.28,14.02,13.77,86.311,86.408,86.408,86.075,0.13%,73.29,73.48,73.5,73.05,-0.01%,72.65,72.53,72.66,72.03,0.40%,67.317,67.0,67.676,66.901,-0.05%,55.55,55.63,55.7,55.05,0.29%,281.44,128.64,6408.5,505.7,610.0,123.46,1383.6,160.14,1015.0,222.55,2848.29,2841.82,2867.29,2829.72,1036.57,1034.21,1043.48,1029.81,79.66000366210938,86.74417114257812,94.68560028076172
944,2024-08-12,17.95,16.6,16.74,16.83,16.87,16.79,16.49,15.83,15.33,14.87,14.45,14.23,14.02,86.17,86.311,86.377,85.951,-0.16%,72.95,73.29,73.52,72.11,-0.46%,72.38,72.65,72.83,71.61,-0.37%,66.948,67.317,67.6,66.5,-0.55%,55.3,55.4,55.68,55.04,-0.45%,280.74,128.71,6448.5,501.7,604.5,125.7,1391.4,162.52,1035.0,222.55,2844.77,2840.33,2858.96,2814.58,996.32,1016.87,1023.54,994.97,82.30000305175781,86.79954528808594,94.8501968383789
945,2024-08-13,18.1,16.72,16.84,16.91,16.95,16.82,16.5,15.83,15.33,14.86,14.42,14.18,13.96,86.094,86.254,86.254,85.852,-0.09%,72.98,73.0,73.0,72.23,0.04%,72.38,72.38,72.5,72.13,0.00%,67.14,66.952,67.319,66.891,0.29%,55.46,55.4,55.64,55.03,0.29%,283.92,130.49,6444.5,502.5,609.1,127.82,1402.0,165.36,1055.0,224.95,2884.6,2858.93,2895.28,2858.93,980.7,1001.28,1014.01,978.83,80.69000244140625,90.99552154541016,99.51270294189453
946,2024-08-14,17.65,16.65,16.86,16.96,16.97,16.66,16.21,15.54,15.21,14.99,14.79,14.66,14.52,86.0,86.094,86.195,85.65,-0.11%,73.1,72.98,73.2,72.5,0.16%,72.35,72.38,72.6,72.15,-0.04%,66.685,67.279,67.797,66.66,-0.68%,54.72,55.46,55.6,54.65,-1.33%,280.32,129.84,6385.0,495.8,613.1,125.76,1388.8,162.9,1035.6,222.5,2871.11,2894.3,2908.63,2867.64,1004.9,984.0,1010.91,979.8,79.76000213623047,90.496337890625,99.51519775390625
947,2024-08-15,17.67,16.98,17.23,17.32,17.31,16.91,16.46,15.87,15.58,15.37,15.24,15.17,15.07,85.569,85.999,86.0,85.4,-0.50%,72.47,72.98,73.2,72.2,-0.86%,71.88,72.4,72.76,71.7,-0.65%,65.0,67.1,67.1,64.75,-2.53%,53.75,54.78,54.83,53.58,-1.79%,278.01,127.6,6347.0,493.75,608.5,125.0,1382.0,161.9,1029.0,222.6,2838.11,2865.45,2868.24,2835.69,1006.88,1002.91,1008.66,993.93,81.04000091552734,89.79513549804688,98.88330078125
948,2024-08-16,17.65,16.92,17.1,17.2,17.25,17.12,16.8,16.15,15.72,15.36,15.05,14.88,14.69,85.627,85.628,85.878,85.143,0.07%,72.0,72.6,72.6,71.85,-0.65%,72.38,71.9,72.41,71.33,0.70%,65.57,65.107,66.018,65.107,0.88%,53.91,53.75,54.33,53.62,0.31%,274.6,126.36,6239.5,489.7,600.8,125.88,1375.0,162.06,1008.4,218.7,2828.2,2838.78,2847.32,2825.12,1002.12,1007.11,1010.14,1001.11,79.68000030517578,88.9215316772461,97.57360076904297
949,2024-08-19,17.59,16.81,17.02,17.15,17.22,17.14,16.83,16.2,15.77,15.39,15.07,14.9,14.72,85.419,85.628,85.998,85.221,-0.24%,71.74,72.6,72.6,71.02,-0.36%,71.4,72.5,72.5,71.39,-1.35%,64.906,65.982,65.996,64.751,-1.01%,53.87,53.91,54.0,53.72,-0.07%,268.17,126.29,6138.5,483.7,591.6,126.0,1342.8,158.1,1019.8,216.5,2775.64,2819.72,2826.24,2775.64,976.5,999.11,1001.42,976.5,77.66000366210938,89.46427154541016,98.62809753417969
950,2024-08-20,17.62,16.63,16.97,17.19,17.32,17.27,16.91,16.22,15.79,15.43,15.15,15.0,14.84,85.492,85.788,85.797,85.22,0.09%,71.89,71.74,72.39,71.69,0.20%,71.44,71.89,71.94,71.03,0.06%,64.98,64.9,65.847,64.553,0.11%,53.82,53.9,53.95,53.6,-0.09%,266.2,125.85,6147.5,481.5,586.9,124.18,1338.0,155.62,1006.0,212.8,2768.42,2780.43,2799.85,2749.26,961.6,978.19,985.02,961.37,77.19999694824219,89.99603271484375,99.77140045166016
951,2024-08-21,17.67,16.94,17.23,17.39,17.46,17.26,16.84,16.16,15.77,15.45,15.19,15.06,14.91,85.559,85.558,85.798,85.327,0.08%,71.4,71.9,72.33,71.4,-0.68%,71.1,71.59,71.87,70.97,-0.48%,64.497,64.98,65.55,64.048,-0.74%,53.93,53.9,54.15,53.71,0.20%,266.93,123.38,6309.5,480.95,603.5,121.44,1321.0,152.5,995.4,207.15,2768.14,2771.15,2783.44,2744.51,951.1,962.54,966.81,949.64,76.05000305175781,91.14886474609375,101.4259033203125
952,2024-08-22,17.95,17.06,17.32,17.47,17.55,17.4,17.0,16.25,15.77,15.37,15.04,14.87,14.68,85.422,85.558,85.797,85.1,-0.16%,71.74,71.42,72.22,71.42,0.47%,71.12,71.3,71.7,70.9,0.03%,64.325,64.498,65.5,64.001,-0.27%,53.83,53.93,54.08,53.72,-0.19%,261.6,118.51,6419.0,475.8,601.7,118.9,1292.8,143.94,950.4,195.0,2725.75,2774.49,2786.76,2725.47,940.61,953.28,957.49,939.48,77.22000122070312,91.4968032836914,102.05280303955078
953,2024-08-23,18.16,16.39,17.41,17.9,18.08,17.65,17.02,16.29,15.95,15.67,15.44,15.33,15.25,85.239,85.422,85.7,85.001,-0.21%,71.33,71.74,72.04,70.7,-0.56%,69.98,71.13,71.26,69.86,-1.60%,63.394,64.325,64.77,63.202,-1.45%,52.9,53.83,53.99,52.81,-1.71%,259.5,116.81,6428.0,478.75,596.6,113.04,1253.2,140.74,924.8,195.35,2662.47,2718.11,2729.27,2650.19,915.64,937.98,941.83,911.42,79.0199966430664,91.49641418457031,101.71240234375
954,2024-08-26,18.22,17.12,17.96,18.35,18.47,17.93,17.24,16.41,16.01,15.68,15.45,15.34,15.21,85.179,85.147,85.227,84.505,-0.07%,71.54,71.6,72.13,70.94,0.28%,70.55,69.98,70.65,69.75,0.81%,63.9,63.394,63.903,63.053,0.80%,53.28,52.9,53.28,52.65,0.70%,265.39,126.8,6645.0,489.55,607.8,118.44,1318.6,147.26,1011.2,201.15,2763.75,2746.97,2795.47,2726.98,948.67,944.7,961.38,937.82,81.43000030517578,90.2614517211914,100.9800033569336
955,2024-08-27,18.25,17.24,17.9,18.17,18.21,17.63,17.03,16.36,16.03,15.75,15.51,15.4,15.32,85.144,85.227,85.329,84.95,-0.04%,71.2,71.54,71.54,70.7,-0.47%,70.41,70.55,70.55,70.24,-0.20%,63.659,63.9,64.0,63.21,-0.38%,53.24,53.28,53.31,52.97,-0.07%,260.5,124.47,6526.5,477.5,611.6,112.9,1275.2,142.8,986.4,197.85,2730.38,2784.24,2800.0,2726.48,940.23,955.71,961.12,936.02,79.55000305175781,92.00057220458984,102.70800018310547
956,2024-08-28,18.0,17.27,17.88,18.17,18.24,17.77,17.17,16.45,16.09,15.82,15.6,15.49,15.41,85.118,85.068,85.146,84.251,-0.03%,70.63,71.2,71.47,70.49,-0.80%,70.19,70.41,70.68,68.63,-0.31%,63.599,63.8,63.8,63.225,-0.09%,53.26,53.25,53.26,53.0,0.04%,262.47,124.51,6389.0,479.05,604.1,112.1,1275.4,140.62,978.8,196.6,2699.98,2729.72,2729.72,2664.3,930.12,940.0,940.0,917.48,78.6500015258789,91.49476623535156,102.26689910888672
957,2024-08-29,18.45,17.06,17.7,18.05,18.18,17.85,17.27,16.49,16.1,15.79,15.54,15.41,15.28,84.913,85.129,85.149,84.736,-0.24%,71.08,71.15,71.28,70.5,0.64%,70.06,70.18,70.5,69.7,-0.19%,63.467,63.6,63.896,63.116,-0.21%,52.87,53.25,53.26,52.87,-0.73%,260.31,130.27,6324.0,482.95,599.0,111.34,1268.2,140.4,997.8,198.15,2708.27,2714.44,2723.5,2679.43,932.88,935.11,938.23,923.05,79.94000244140625,91.49394989013672,101.78340148925781
958,2024-08-30,18.98,17.4,17.92,18.22,18.35,18.11,17.55,16.68,16.18,15.78,15.5,15.37,15.22,84.707,84.912,85.021,84.5,-0.24%,70.65,71.5,71.51,70.48,-0.61%,69.79,70.5,70.55,69.02,-0.39%,62.75,62.76,63.804,62.5,-1.13%,52.55,53.0,53.07,52.53,-0.60%,254.45,122.97,6145.0,475.85,590.0,108.58,1225.0,132.74,977.2,191.7,2650.32,2717.68,2724.53,2641.08,915.6,936.12,938.48,909.74,78.80000305175781,91.49642944335938,101.37850189208984
959,2024-09-02,18.6,17.51,18.05,18.34,18.45,18.13,17.54,16.69,16.23,15.88,15.64,15.53,15.41,84.677,84.707,84.994,84.452,-0.04%,70.25,70.44,70.87,70.05,-0.57%,69.99,70.4,70.58,68.5,0.29%,62.255,62.76,62.939,62.001,-0.79%,52.38,52.61,52.61,52.38,-0.32%,244.31,123.86,6115.0,455.05,565.0,103.12,1172.0,127.66,958.0,185.9,2545.07,2622.55,2627.58,2540.49,890.82,906.01,907.75,877.66,78.80000305175781,90.67738342285156,100.1500015258789
960,2024-09-03,18.29,17.59,18.13,18.43,18.55,18.25,17.64,16.74,16.26,15.88,15.63,15.5,15.35,84.853,84.681,84.89,84.45,0.21%,70.54,70.0,71.24,69.96,0.42%,69.79,69.8,69.99,69.0,-0.29%,62.565,62.479,62.75,62.11,0.50%,52.54,52.62,52.61,52.3,0.30%,244.04,120.6,6184.0,468.85,564.1,104.02,1176.2,127.78,952.6,189.3,2524.38,2552.32,2603.01,2512.7,897.44,893.36,911.1,881.7,73.75,89.79557037353516,99.37899780273438
961,2024-09-04,18.39,17.61,18.07,18.32,18.41,18.05,17.44,16.53,16.03,15.61,15.25,15.07,14.9,85.215,84.999,85.399,84.45,0.43%,71.31,70.54,71.31,69.83,1.09%,70.38,69.7,70.54,69.0,0.85%,64.3,62.6,64.304,62.384,2.77%,53.42,52.62,53.52,52.52,1.68%,253.01,122.46,6265.0,477.75,583.4,106.72,1235.6,132.7,966.8,191.35,2605.15,2539.4,2605.15,2534.21,922.85,902.78,922.85,900.93,72.69999694824219,87.87251281738281,97.0873031616211
962,2024-09-05,18.46,17.51,17.99,18.25,18.36,18.02,17.38,16.38,15.8,15.33,14.93,14.72,14.5,84.7,85.311,85.428,84.553,-0.60%,71.5,71.48,71.6,71.0,0.27%,70.8,70.38,70.96,70.11,0.60%,64.214,64.214,64.497,63.5,-0.13%,53.79,53.64,54.02,53.3,0.68%,252.82,123.76,6272.0,477.15,581.2,104.88,1236.0,139.4,949.2,194.3,2621.62,2631.33,2662.0,2607.52,920.65,932.12,942.99,920.65,72.69000244140625,87.49964141845703,96.94869995117188
963,2024-09-06,18.38,17.28,17.74,18.04,18.2,18.1,17.55,16.43,15.7,15.08,14.55,14.27,13.97,84.77,84.64,85.248,84.64,0.08%,71.5,72.0,72.0,71.0,0.00%,71.49,69.77,71.5,69.77,0.97%,64.712,64.214,65.144,63.933,0.78%,54.3,54.02,54.49,53.64,0.95%,254.77,123.0,6332.0,479.1,588.9,107.04,1244.0,139.88,964.4,193.55,2623.37,2619.23,2648.38,2604.67,920.06,919.81,930.05,914.7,71.05999755859375,88.24842071533203,98.05149841308594
964,2024-09-09,17.91,17.28,17.62,17.84,17.97,17.93,17.48,16.49,15.76,15.1,14.51,14.18,13.85,84.97,84.801,85.589,84.7,0.24%,71.77,71.5,72.0,71.0,0.38%,70.95,71.4,71.54,70.6,-0.76%,64.735,64.718,65.108,64.304,0.04%,54.4,54.3,54.87,54.01,0.19%,263.31,125.04,6520.0,493.8,610.5,108.1,1313.0,147.9,994.6,198.9,2703.17,2642.31,2703.58,2642.31,942.14,926.7,944.68,926.7,71.83999633789062,89.15444946289062,98.8499984741211
965,2024-09-10,17.56,17.54,17.84,18.04,18.14,18.0,17.51,16.54,15.87,15.29,14.8,14.54,14.26,85.0,85.349,85.349,84.707,0.04%,71.45,71.77,71.77,71.34,-0.45%,70.33,71.18,71.44,70.08,-0.88%,63.937,64.931,65.322,63.919,-1.23%,54.08,54.65,54.84,53.64,-0.59%,261.29,123.44,6435.0,482.35,595.8,105.96,1254.2,146.62,986.0,198.95,2671.38,2722.13,2729.73,2667.06,923.63,948.75,951.4,922.13,69.19000244140625,90.54016876220703,99.91560363769531
966,2024-09-11,18.15,17.39,17.71,17.91,18.0,17.83,17.33,16.4,15.78,15.26,14.82,14.6,14.38,84.747,85.0,85.598,84.673,-0.30%,71.37,71.45,71.45,70.73,-0.11%,70.5,70.88,70.88,69.9,0.24%,63.725,65.006,65.006,63.723,-0.33%,53.47,54.08,54.26,53.4,-1.13%,258.2,121.62,6413.5,477.75,590.7,103.6,1201.2,143.44,964.2,196.2,2668.03,2675.16,2690.58,2657.77,920.93,924.94,930.27,918.92,70.61000061035156,90.99885559082031,100.28209686279297
967,2024-09-12,18.41,17.56,17.95,18.19,18.32,18.2,17.7,16.71,16.07,15.52,15.08,14.86,14.62,84.702,84.749,84.761,84.426,-0.05%,71.99,71.0,72.0,70.41,0.87%,69.92,70.78,70.78,69.8,-0.81%,63.56,63.727,63.989,62.927,-0.26%,53.35,53.21,53.62,53.0,-0.21%,254.93,118.78,6448.0,488.45,593.4,101.5,1208.4,140.7,956.0,195.3,2615.0,2656.31,2656.31,2603.81,904.16,916.88,916.88,898.76,71.97000122070312,91.5688247680664,100.82460021972656
968,2024-09-13,18.47,18.4,18.56,18.64,18.66,18.38,17.86,16.85,16.13,15.48,14.97,14.73,14.49,84.798,84.702,84.987,84.12,0.11%,70.7,71.36,71.98,70.19,-1.79%,69.67,70.09,70.49,69.01,-0.37%,63.361,63.8,64.043,62.556,-0.31%,53.24,53.5,53.69,52.78,-0.21%,258.25,119.91,6624.5,498.0,607.3,102.62,1233.8,147.38,968.6,196.0,2678.99,2629.31,2682.16,2582.79,928.07,909.11,929.17,893.03,71.61000061035156,89.1964111328125,98.80999755859375
969,2024-09-16,19.04,18.36,18.49,18.56,18.58,18.35,17.9,16.95,16.23,15.55,14.98,14.68,14.37,84.341,84.798,84.798,84.05,-0.54%,70.17,71.3,71.3,69.82,-0.76%,69.68,69.67,69.75,69.0,0.02%,63.396,63.329,63.666,62.815,0.06%,53.16,53.35,53.54,53.0,-0.15%,263.79,121.73,6820.5,516.3,621.2,106.44,1265.0,151.82,985.0,207.5,2744.2,2696.66,2746.11,2685.38,948.5,934.2,951.33,930.29,72.75,89.73624420166016,99.5
970,2024-09-17,18.65,18.62,18.74,18.8,18.8,18.51,18.01,17.03,16.3,15.63,15.06,14.77,14.47,84.399,84.452,84.872,84.078,0.07%,70.31,70.7,70.7,70.03,0.21%,69.33,69.68,69.7,69.0,-0.50%,62.859,63.177,63.499,62.51,-0.85%,53.1,53.16,53.4,52.91,-0.11%,265.99,123.1,6803.0,517.95,635.4,106.82,1294.4,156.24,993.6,209.55,2774.04,2753.2,2780.24,2726.91,955.8,951.61,957.94,942.52,73.69999694824219,91.39635467529297,101.71820068359375
971,2024-09-18,18.51,18.69,18.8,18.86,18.87,18.62,18.16,17.19,16.46,15.75,15.15,14.84,14.54,83.757,84.39,84.688,83.201,-0.76%,70.19,70.49,70.49,69.49,-0.18%,69.24,69.33,69.5,68.44,-0.13%,62.709,62.882,63.0,62.2,-0.24%,52.72,53.19,53.22,52.4,-0.72%,263.4,122.18,6745.5,510.25,626.8,106.22,1272.0,151.74,984.8,204.9,2751.73,2776.38,2784.15,2742.48,945.61,956.61,959.29,944.93,73.6500015258789,91.49606323242188,101.7665023803711
972,2024-09-19,18.48,18.51,18.62,18.69,18.71,18.54,18.15,17.27,16.54,15.81,15.16,14.81,14.47,83.912,83.757,83.989,83.501,0.19%,70.0,70.4,70.4,69.46,-0.27%,68.94,69.4,69.4,68.51,-0.44%,62.613,62.859,62.999,62.2,-0.15%,52.3,52.96,52.96,51.97,-0.80%,264.5,122.24,6811.0,512.55,624.2,111.2,1273.8,150.0,997.4,206.4,2758.91,2746.41,2777.93,2735.67,937.6,943.79,954.62,937.6,74.87999725341797,93.62269592285156,104.04149627685547
973,2024-09-20,18.48,18.43,18.54,18.6,18.62,18.49,18.14,17.3,16.58,15.8,15.06,14.66,14.25,84.0,84.05,84.1,83.75,0.10%,69.9,70.01,70.23,69.5,-0.14%,68.88,69.29,69.29,68.51,-0.08%,62.658,62.614,62.903,62.306,0.07%,52.14,52.3,52.4,51.8,-0.31%,269.08,122.4,6897.5,528.15,631.7,109.42,1319.0,148.46,1002.0,204.8,2782.35,2760.12,2795.72,2760.12,946.7,938.01,950.11,938.01,74.48999786376953,92.17015075683594,102.85910034179688
974,2024-09-23,18.49,18.51,18.61,18.66,18.68,18.53,18.16,17.29,16.56,15.78,15.02,14.62,14.22,84.1,84.0,84.15,83.7,0.12%,69.83,69.79,70.25,69.52,-0.10%,68.84,68.94,69.1,68.65,-0.06%,62.553,62.66,63.216,62.4,-0.17%,52.13,52.14,52.21,51.84,-0.01%,273.17,130.35,6982.5,526.1,641.1,110.34,1309.6,150.04,1001.4,205.35,2819.87,2797.0,2832.22,2797.0,956.01,951.69,962.97,951.69,73.9000015258789,91.74928283691406,102.4000015258789
975,2024-09-24,18.47,18.64,18.72,18.76,18.76,18.56,18.16,17.25,16.48,15.68,14.94,14.55,14.12,84.065,84.2,84.209,83.921,-0.04%,69.7,69.8,70.23,69.35,-0.19%,69.31,68.94,69.48,68.84,0.69%,62.803,62.554,62.994,62.554,0.40%,52.36,52.38,52.44,52.03,0.45%,272.92,139.71,6954.5,522.1,642.0,115.22,1302.2,147.98,1040.2,209.6,2871.96,2849.0,2871.96,2822.19,974.27,965.88,974.27,956.79,75.16999816894531,91.46929931640625,101.63890075683594
976,2024-09-25,18.35,18.63,18.71,18.75,18.76,18.55,18.13,17.21,16.45,15.68,14.95,14.56,14.15,84.101,84.066,84.198,84.0,0.04%,69.81,69.69,69.99,69.3,0.15%,68.91,69.31,69.31,68.45,-0.58%,63.203,62.839,63.38,62.634,0.64%,52.6,52.36,52.6,52.22,0.45%,267.8,135.44,6867.0,512.4,640.0,114.02,1287.8,144.06,1023.8,206.2,2830.11,2878.59,2887.68,2829.75,965.0,976.52,979.6,959.95,73.45999908447266,92.7972183227539,103.8488998413086
977,2024-09-26,18.37,18.88,18.94,18.97,18.96,18.68,18.21,17.24,16.48,15.73,15.03,14.66,14.28,84.103,84.2,84.289,83.86,0.00%,69.24,69.5,70.04,69.08,-0.81%,68.7,69.11,69.44,68.6,-0.30%,62.924,63.203,63.231,62.807,-0.44%,52.4,52.63,52.65,52.26,-0.38%,267.88,137.35,6890.0,512.7,639.5,115.48,1271.0,142.48,1015.6,206.8,2829.65,2819.74,2847.78,2807.3,964.64,961.47,971.03,957.22,71.5999984741211,92.4964828491211,102.9541015625
978,2024-09-27,18.33,19.03,19.08,19.09,19.07,18.79,18.34,17.37,16.58,15.78,15.04,14.64,14.23,83.724,84.099,84.099,83.599,-0.45%,68.64,69.3,69.31,68.2,-0.87%,68.56,68.8,68.8,68.4,-0.21%,62.587,62.924,63.122,62.4,-0.54%,52.3,52.8,52.8,52.09,-0.18%,268.07,140.5,6914.5,511.0,644.0,115.4,1288.4,144.94,1025.6,206.7,2858.56,2838.11,2861.95,2826.89,971.29,967.53,973.65,963.7,71.9800033569336,92.60604095458984,103.51409912109375
979,2024-09-30,18.41,19.49,19.5,19.48,19.43,19.05,18.52,17.47,16.65,15.85,15.1,14.68,14.24,83.639,83.724,83.999,83.511,-0.10%,68.44,68.64,68.84,68.2,-0.30%,68.4,68.56,68.66,68.26,-0.23%,62.5,62.587,63.032,62.26,-0.14%,52.11,52.3,52.47,52.0,-0.37%,268.49,138.19,6874.0,507.4,641.4,113.04,1257.6,141.88,1004.2,206.6,2857.56,2861.37,2889.87,2841.3,965.64,972.25,981.93,962.37,71.7699966430664,94.22872924804688,105.2582015991211
980,2024-10-01,18.3,19.64,19.66,19.63,19.58,19.14,18.57,17.49,16.67,15.87,15.18,14.83,14.48,83.598,83.701,83.701,83.4,-0.05%,68.0,68.55,68.55,67.9,-0.64%,67.95,68.4,68.4,67.5,-0.66%,62.998,62.5,63.0,62.086,0.80%,51.85,52.15,52.24,51.76,-0.50%,266.29,136.21,6969.0,509.75,646.6,110.6,1272.0,141.8,1007.8,208.3,2814.19,2831.17,2837.42,2792.21,949.6,956.72,958.84,943.56,73.55999755859375,92.99935150146484,103.56410217285156
981,2024-10-02,18.35,19.5,19.52,19.51,19.47,19.12,18.62,17.6,16.8,16.02,15.32,14.93,14.52,83.3,83.598,83.6,83.28,-0.36%,67.9,68.2,68.2,67.8,-0.15%,67.55,67.95,68.24,67.46,-0.58%,62.283,62.998,62.998,62.1,-1.13%,51.49,51.85,52.2,51.27,-0.68%,259.31,132.12,6816.5,499.95,649.7,107.84,1247.8,138.7,980.2,204.8,2766.79,2823.42,2838.77,2766.79,922.28,952.72,957.9,922.28,73.9000015258789,95.84689331054688,106.04109954833984
982,2024-10-03,18.28,19.76,19.77,19.76,19.71,19.33,18.81,17.78,16.98,16.18,15.45,15.07,14.68,83.295,83.3,83.491,83.004,-0.01%,67.45,68.0,68.25,67.2,-0.66%,67.14,67.46,67.7,66.95,-0.61%,61.729,62.283,62.408,61.5,-0.89%,51.14,51.49,51.53,50.8,-0.70%,264.25,133.87,6956.0,500.0,649.0,106.46,1241.8,138.28,993.6,206.3,2782.39,2767.51,2790.98,2739.92,922.39,922.51,930.34,913.32,77.62000274658203,95.64681243896484,105.658203125
983,2024-10-04,18.27,19.75,19.82,19.84,19.82,19.47,18.92,17.8,16.94,16.13,15.44,15.09,14.74,83.189,83.349,83.35,83.011,-0.13%,67.54,67.5,67.8,67.4,0.14%,67.19,67.2,67.31,66.99,0.07%,61.51,61.732,62.0,61.2,-0.35%,51.03,51.2,51.25,50.86,-0.21%,264.09,133.32,7009.0,501.9,659.1,106.96,1236.0,137.26,999.8,207.4,2804.62,2799.96,2818.12,2789.94,931.29,928.22,934.24,924.89,78.05000305175781,94.49250793457031,104.27909851074219
984,2024-10-07,18.25,19.73,19.83,19.89,19.89,19.63,19.13,18.02,17.15,16.31,15.58,15.2,14.8,82.971,83.244,83.28,82.97,-0.26%,67.5,67.54,67.65,67.1,-0.06%,66.7,67.19,67.2,66.65,-0.72%,61.003,61.6,61.891,61.0,-0.82%,50.52,51.1,51.1,50.42,-0.99%,263.39,133.5,7055.0,503.5,661.9,106.22,1221.0,135.6,993.6,205.55,2793.84,2807.85,2817.45,2779.34,916.17,932.37,935.55,913.27,80.93000030517578,94.79666900634766,104.0
985,2024-10-08,18.79,19.34,19.48,19.57,19.61,19.48,19.07,18.08,17.24,16.37,15.55,15.12,14.69,82.813,82.972,83.139,82.75,-0.19%,67.39,67.5,67.6,67.01,-0.16%,66.52,66.88,66.88,66.42,-0.27%,60.839,61.109,61.109,60.451,-0.27%,50.42,50.52,50.62,50.13,-0.21%,262.4,133.83,6973.5,501.8,622.6,106.4,1239.0,135.86,985.8,205.85,2788.37,2786.58,2799.3,2774.74,913.97,913.79,917.96,909.91,77.18000030517578,96.19636535644531,105.5707015991211
986,2024-10-09,18.56,19.44,19.58,19.66,19.7,19.55,19.13,18.12,17.27,16.39,15.56,15.12,14.69,82.865,82.511,82.996,82.511,0.06%,67.25,67.3,67.46,67.01,-0.22%,66.48,66.7,66.7,66.4,-0.06%,60.63,60.837,61.003,60.4,-0.34%,50.45,50.42,50.5,50.13,0.07%,260.86,132.51,6883.5,495.85,613.2,103.82,1224.0,134.28,976.8,206.6,2748.81,2787.38,2790.14,2748.81,893.19,913.64,914.55,893.19,76.58000183105469,96.74461364746094,106.18150329589844
987,2024-10-10,18.65,19.31,19.44,19.52,19.56,19.44,19.05,18.08,17.22,16.3,15.44,15.0,14.58,83.139,82.865,83.149,82.865,0.33%,67.39,67.52,67.52,67.14,0.21%,66.58,66.48,66.6,66.34,0.16%,61.462,60.63,61.5,60.6,1.37%,50.8,50.45,50.8,50.35,0.69%,259.98,132.69,6857.0,497.75,618.8,103.48,1228.2,134.58,985.6,205.95,2761.54,2754.16,2775.86,2752.24,894.64,894.93,901.98,894.24,79.4000015258789,97.00032043457031,106.12950134277344
988,2024-10-11,18.62,19.17,19.31,19.4,19.44,19.34,18.96,18.0,17.14,16.23,15.35,14.9,14.46,83.25,83.139,83.298,82.953,0.13%,67.39,67.58,67.64,67.21,0.00%,67.09,66.58,67.25,66.58,0.76%,61.354,61.463,61.699,61.229,-0.18%,50.79,50.8,50.94,50.61,-0.01%,256.94,131.82,6837.0,492.15,614.3,101.56,1221.0,135.78,957.8,205.55,2754.52,2758.11,2763.0,2737.96,903.24,893.53,903.24,887.0,79.04000091552734,96.59542083740234,105.60929870605469
989,2024-10-14,18.61,19.16,19.31,19.41,19.47,19.38,19.0,18.01,17.14,16.2,15.3,14.81,14.32,83.389,83.25,83.39,83.0,0.17%,67.5,67.39,67.7,67.28,0.16%,67.14,67.2,67.28,66.82,0.08%,61.484,61.354,61.656,60.755,0.21%,51.04,50.8,51.05,50.63,0.49%,261.28,131.92,6931.5,496.0,610.6,105.5,1248.4,141.22,969.4,206.2,2773.36,2744.93,2788.18,2723.3,909.1,900.1,914.28,893.01,77.45999908447266,95.88238525390625,104.19999694824219
990,2024-10-15,18.61,19.14,19.31,19.42,19.48,19.41,19.04,18.05,17.17,16.24,15.39,14.94,14.47,83.402,83.898,83.898,83.171,0.02%,67.5,67.6,67.65,67.38,0.00%,67.15,67.25,67.28,66.96,0.01%,61.657,61.484,61.87,61.032,0.28%,50.96,51.04,51.04,50.8,-0.16%,262.03,133.97,6991.0,498.4,608.6,108.5,1242.4,140.84,974.2,207.45,2805.79,2774.56,2810.13,2766.79,911.11,909.5,921.16,906.95,74.25,95.59062957763672,104.28459930419922
991,2024-10-16,18.52,18.96,19.14,19.28,19.36,19.36,19.02,18.02,17.14,16.24,15.41,14.98,14.55,83.68,83.402,83.75,83.25,0.33%,67.9,68.0,68.0,67.51,0.59%,67.21,67.15,67.35,67.15,0.09%,61.729,61.657,61.84,61.484,0.12%,50.97,50.96,51.21,50.66,0.01%,259.5,137.24,6980.0,496.45,603.1,106.82,1243.2,139.52,970.6,206.25,2783.46,2805.98,2827.15,2781.28,901.58,911.17,918.04,900.88,74.22000122070312,96.9949722290039,105.57369995117188
992,2024-10-17,18.8,18.89,19.1,19.24,19.34,19.37,19.04,18.08,17.21,16.3,15.48,15.06,14.64,83.29,84.2,84.2,83.15,-0.47%,67.74,67.89,68.0,67.58,-0.24%,67.15,67.61,67.61,67.15,-0.09%,61.41,61.729,61.999,61.251,-0.52%,50.93,50.97,51.1,50.71,-0.06%,256.57,136.05,6931.5,486.95,593.0,104.2,1191.0,133.84,958.6,204.1,2763.53,2786.82,2795.14,2763.53,896.12,902.67,905.37,895.52,74.44999694824219,97.496826171875,105.8678970336914
993,2024-10-18,18.75,19.04,19.24,19.39,19.48,19.47,19.09,18.05,17.14,16.25,15.47,15.07,14.66,83.395,83.29,83.573,83.25,0.13%,67.5,67.74,67.82,67.4,-0.35%,67.18,67.3,67.39,67.1,0.04%,61.252,61.41,61.63,61.196,-0.26%,50.73,50.99,51.0,50.7,-0.39%,257.19,135.67,6963.0,487.8,595.8,104.26,1192.2,130.98,956.6,204.45,2751.9,2756.3,2770.45,2744.36,899.12,893.78,901.0,889.91,73.05999755859375,97.39495849609375,105.46900177001953
994,2024-10-21,18.64,19.26,19.46,19.59,19.67,19.61,19.2,18.1,17.15,16.2,15.37,14.93,14.48,83.25,83.395,83.588,83.199,-0.17%,67.46,67.74,67.74,67.1,-0.06%,66.9,67.18,67.24,66.8,-0.42%,61.279,61.253,61.5,60.939,0.04%,50.86,50.73,50.86,50.6,0.25%,258.21,135.97,7020.0,484.7,595.2,106.14,1189.8,130.16,958.4,205.2,2767.71,2759.58,2779.73,2759.58,907.34,901.63,908.37,901.63,74.29000091552734,94.95330810546875,103.19999694824219
995,2024-10-22,18.66,19.74,19.94,20.06,20.13,19.97,19.45,18.18,17.12,16.11,15.28,14.88,14.46,83.118,83.428,83.45,82.905,-0.16%,67.3,67.46,67.59,67.03,-0.24%,66.82,66.99,67.0,66.6,-0.12%,61.15,61.299,61.305,60.978,-0.21%,51.0,50.86,51.0,50.73,0.28%,255.42,136.24,6950.0,479.0,592.9,105.82,1192.4,127.96,960.6,200.75,2755.19,2772.23,2783.82,2754.08,898.57,908.83,912.63,898.21,76.04000091552734,96.7945556640625,104.68669891357422
996,2024-10-23,18.71,19.57,19.81,19.97,20.05,19.95,19.44,18.15,17.06,16.03,15.19,14.79,14.36,82.966,83.34,83.34,82.853,-0.18%,67.24,67.08,67.41,67.08,-0.09%,66.66,66.82,66.83,66.55,-0.24%,61.396,61.0,61.499,60.94,0.40%,50.78,51.0,51.0,50.65,-0.44%,252.01,134.76,6920.0,469.0,587.0,104.16,1172.0,126.24,928.8,198.35,2734.93,2749.53,2755.22,2730.49,891.54,896.72,898.58,890.51,74.95999908447266,95.74276733398438,103.3749008178711
997,2024-10-24,18.64,19.7,19.98,20.16,20.27,20.17,19.66,18.34,17.24,16.17,15.28,14.83,14.37,82.848,82.999,82.999,82.734,-0.14%,67.1,67.24,67.24,66.78,-0.21%,66.48,66.66,66.66,66.35,-0.27%,60.983,61.396,61.396,60.8,-0.67%,50.58,50.8,50.8,50.44,-0.38%,252.64,134.12,6958.5,469.75,586.6,105.12,1173.8,125.9,922.0,197.9,2718.42,2723.04,2730.58,2690.83,885.22,887.66,889.18,877.16,74.37999725341797,95.95083618164062,103.4397964477539
998,2024-10-25,18.72,20.53,20.77,20.92,20.98,20.75,20.14,18.71,17.55,16.42,15.46,14.99,14.5,82.595,82.849,83.197,82.05,-0.31%,66.6,67.1,67.35,66.55,-0.74%,65.32,66.48,66.48,65.17,-1.74%,60.266,61.327,61.327,60.036,-1.18%,50.13,50.67,50.67,50.0,-0.89%,246.35,133.0,6750.5,456.1,572.4,101.34,1144.2,121.14,903.4,193.6,2660.36,2723.01,2751.23,2657.31,866.98,886.71,895.9,865.49,76.05000305175781,96.24457550048828,104.17510223388672
999,2024-10-28,20.49,20.57,20.8,20.95,21.02,20.88,20.37,19.04,17.89,16.71,15.71,15.2,14.67,81.947,82.59,82.595,81.7,-0.78%,66.03,66.97,67.1,65.7,-0.86%,64.6,65.32,65.33,64.5,-1.11%,59.413,60.264,60.265,58.8,-1.42%,49.77,50.13,50.33,49.5,-0.71%,242.56,124.87,6733.5,434.75,542.4,96.1,1102.8,117.22,868.4,188.9,2575.06,2635.95,2652.12,2570.2,834.31,859.03,864.29,832.74,71.41999816894531,97.24337005615234,104.98539733886719
1000,2024-10-29,20.54,20.53,20.75,20.9,20.98,20.84,20.31,19.01,17.9,16.77,15.76,15.23,14.68,81.996,81.947,82.0,81.52,0.06%,66.23,65.7,66.35,65.7,0.30%,64.45,64.6,64.7,64.2,-0.22%,59.297,59.412,59.439,59.012,-0.20%,49.28,49.8,49.83,49.17,-1.00%,242.66,125.97,6837.0,442.35,547.2,99.74,1126.4,121.28,865.4,186.6,2599.66,2582.29,2612.94,2557.65,841.45,836.65,845.75,828.67,71.12000274658203,97.24455261230469,105.18360137939453
1001,2024-10-30,20.42,20.54,20.73,20.84,20.9,20.72,20.19,18.91,17.81,16.68,15.68,15.15,14.59,81.899,82.0,82.084,81.713,-0.12%,66.57,66.35,66.75,66.05,0.51%,64.75,64.5,65.24,64.27,0.46%,59.368,59.38,59.707,59.161,0.12%,49.4,49.4,49.65,49.15,0.25%,241.45,123.8,6792.0,439.05,538.3,97.54,1107.0,117.68,862.0,185.1,2615.38,2608.5,2631.8,2592.15,848.92,844.31,851.85,839.02,72.55000305175781,97.49544525146484,105.49299621582031
1002,2024-10-31,20.57,21.72,21.81,21.85,21.83,21.39,20.71,19.26,18.08,16.89,15.83,15.28,14.7,81.278,82.03,82.03,81.0,-0.76%,65.85,66.56,66.66,65.7,-1.07%,63.67,64.75,64.91,63.24,-1.66%,58.739,59.369,59.447,58.501,-1.06%,49.05,49.49,49.49,48.95,-0.71%,237.9,123.44,6794.5,434.1,536.0,99.0,1085.6,118.08,843.8,182.35,2560.2,2582.47,2593.11,2551.2,831.27,838.24,841.69,828.09,73.16000366210938,97.01905822753906,105.34960174560547
1003,2024-11-01,20.37,21.68,21.75,21.77,21.74,21.3,20.62,19.2,18.04,16.84,15.76,15.2,14.62,81.342,81.5,81.596,81.0,0.08%,66.3,65.85,66.3,65.71,0.68%,63.94,63.67,63.95,63.5,0.42%,58.766,58.739,58.996,58.455,0.05%,49.19,49.05,49.2,48.92,0.28%,238.03,125.6,6844.5,444.35,536.0,99.16,1103.2,120.2,854.6,185.45,2574.71,2562.49,2581.47,2541.82,832.4,832.01,838.18,825.3,73.0999984741211,97.37313842773438,105.98380279541016
1004,2024-11-02,20.4,21.65,21.71,21.71,21.67,21.25,20.59,19.2,18.04,16.82,15.74,15.18,14.6,81.334,81.596,81.854,81.11,-0.01%,66.3,66.59,66.59,66.0,0.00%,63.95,63.95,64.05,63.75,0.01%,58.75,58.996,59.0,58.651,-0.03%,49.36,49.19,49.49,49.02,0.35%,238.97,128.7,6842.0,457.0,550.5,100.8,1113.0,121.8,868.0,187.0,2594.38,2579.11,2603.1,2579.11,837.81,833.82,841.58,833.82,73.0999984741211,97.37313842773438,105.98380279541016
1005,2024-11-04,20.4,21.65,21.71,21.71,21.67,21.25,20.59,19.2,18.04,16.82,15.74,15.18,14.6,81.334,81.596,81.854,81.11,-0.01%,66.3,66.59,66.59,66.0,0.00%,63.95,63.95,64.05,63.75,0.01%,58.75,58.996,59.0,58.651,-0.03%,49.36,49.19,49.49,49.02,0.35%,238.97,128.7,6842.0,457.0,550.5,100.8,1113.0,121.8,868.0,187.0,2594.38,2579.11,2603.1,2579.11,837.81,833.82,841.58,833.82,75.08000183105469,97.02130889892578,105.5
1006,2024-11-05,20.29,21.76,21.8,21.79,21.74,21.25,20.57,19.14,17.98,16.76,15.62,15.02,14.41,81.449,81.3,81.676,81.0,0.14%,66.3,66.3,66.4,66.02,0.00%,64.15,63.95,64.19,63.6,0.31%,58.85,58.75,59.0,58.65,0.17%,49.4,49.42,49.55,49.13,0.09%,239.23,128.77,6873.0,460.5,548.4,104.2,1127.8,125.8,867.2,186.45,2616.51,2614.13,2624.13,2600.48,840.6,844.19,847.42,838.17,75.52999877929688,98.99544525146484,107.6427001953125
1007,2024-11-06,20.27,22.09,22.08,22.02,21.93,21.29,20.47,18.91,17.71,16.53,15.45,14.86,14.25,81.37,81.449,81.732,81.121,-0.10%,66.9,66.5,66.9,66.3,0.90%,64.9,64.2,64.98,64.2,1.16%,59.69,58.852,59.705,58.851,1.43%,49.7,49.4,49.78,49.3,0.60%,243.6,131.92,6996.5,466.85,567.6,105.9,1158.6,127.48,895.2,189.45,2662.87,2676.85,2712.29,2650.6,854.03,859.98,871.37,851.55,74.91999816894531,97.7958755493164,106.93049621582031
1008,2024-11-07,20.3,21.9,21.87,21.79,21.67,20.95,20.06,18.41,17.18,16.0,14.96,14.42,13.86,81.5,81.449,81.55,81.18,0.16%,67.64,67.0,67.65,66.55,1.11%,65.97,64.88,65.99,64.61,1.66%,61.239,59.691,61.469,59.38,2.60%,51.17,49.83,51.18,49.46,2.95%,250.93,135.52,7132.0,475.5,578.0,109.42,1174.0,130.48,923.2,191.85,2690.63,2662.87,2693.93,2633.59,864.26,854.03,865.33,844.64,75.62999725341797,97.2181625366211,104.33209991455078
1009,2024-11-08,20.49,21.9,21.85,21.76,21.62,20.88,20.0,18.38,17.14,15.91,14.83,14.28,13.73,81.69,81.501,82.013,81.448,0.23%,67.6,67.78,68.54,66.99,-0.06%,66.25,66.0,66.47,65.49,0.42%,61.25,61.239,61.497,60.934,0.02%,51.25,51.17,51.3,50.73,0.16%,255.98,135.9,7172.0,481.5,595.5,111.58,1209.8,130.82,944.8,198.25,2734.56,2721.64,2749.62,2713.5,880.52,874.22,883.45,871.61,73.87000274658203,97.9981689453125,105.7791976928711
1010,2024-11-11,20.82,21.46,21.44,21.37,21.28,20.67,19.9,18.4,17.19,15.95,14.84,14.27,13.69,81.899,81.701,82.349,81.7,0.26%,67.85,68.2,68.5,67.45,0.37%,66.3,66.25,67.95,66.0,0.08%,61.602,61.251,62.498,61.25,0.57%,51.49,51.25,52.09,51.14,0.47%,260.73,138.12,7022.5,490.6,592.0,112.64,1272.4,135.24,944.6,203.75,2785.31,2782.97,2797.94,2765.18,895.75,896.11,900.93,890.38,71.83000183105469,97.06427001953125,104.0
1011,2024-11-12,21.09,21.42,21.42,21.37,21.27,20.6,19.76,18.19,17.0,15.85,14.86,14.37,13.88,81.87,81.903,82.319,81.55,-0.04%,68.12,68.45,68.45,67.19,0.39%,66.48,66.94,66.94,65.4,0.28%,61.934,61.986,61.986,61.0,0.54%,51.95,51.6,51.97,51.06,0.89%,255.77,135.16,6990.0,482.05,592.5,113.5,1228.0,130.98,927.8,197.6,2756.76,2779.92,2779.92,2747.76,886.56,894.02,894.02,883.68,71.88999938964844,95.9945068359375,102.347900390625
1012,2024-11-13,20.85,21.48,21.45,21.38,21.27,20.57,19.72,18.12,16.91,15.71,14.69,14.17,13.66,81.891,81.87,82.25,81.7,0.03%,67.87,67.81,68.39,67.8,-0.36%,66.64,66.48,66.98,66.31,0.23%,61.909,61.934,62.158,61.521,-0.04%,52.11,51.7,52.34,51.7,0.31%,254.7,132.6,6925.0,480.35,583.2,112.98,1211.0,130.2,902.4,198.35,2763.99,2748.61,2771.67,2740.17,885.18,883.94,891.36,881.23,72.27999877929688,98.2466812133789,104.30359649658203
1013,2024-11-14,20.7,21.61,21.57,21.49,21.36,20.63,19.74,18.09,16.88,15.72,14.74,14.23,13.69,82.07,81.892,82.235,81.701,0.22%,68.19,67.87,68.35,67.6,0.47%,66.94,66.8,67.1,66.32,0.45%,62.3,61.909,62.59,61.522,0.63%,52.33,52.11,52.52,51.91,0.42%,249.52,131.61,6932.5,473.3,569.9,111.68,1202.0,130.66,893.8,195.8,2697.47,2740.53,2740.53,2694.56,858.19,877.67,877.67,857.26,72.55999755859375,98.49440002441406,104.04550170898438
1014,2024-11-15,20.78,21.73,21.68,21.57,21.43,20.64,19.72,18.09,16.9,15.76,14.79,14.3,13.82,82.101,82.188,82.191,81.901,0.04%,68.21,68.39,68.39,67.82,0.03%,67.0,67.0,67.02,66.45,0.09%,62.544,62.299,62.578,62.093,0.39%,52.07,52.33,52.51,51.6,-0.49%,253.43,133.37,7021.0,480.1,576.1,115.16,1235.0,134.06,917.8,198.15,2739.21,2703.67,2740.08,2697.44,862.94,860.16,869.38,858.18,71.04000091552734,99.57842254638672,104.85009765625
1015,2024-11-18,20.75,21.37,21.34,21.26,21.15,20.48,19.67,18.15,17.02,15.93,14.98,14.47,13.96,82.211,82.1,82.298,81.8,0.13%,68.39,68.0,68.39,67.4,0.27%,66.6,67.0,67.16,66.42,-0.60%,61.89,62.539,62.54,61.5,-1.05%,51.69,52.0,52.27,51.61,-0.72%,248.72,129.12,6955.5,471.95,562.4,114.46,1199.8,130.54,898.8,196.1,2720.77,2703.31,2729.49,2687.45,857.59,851.62,859.87,846.63,73.30000305175781,99.98167419433594,105.31620025634766
1016,2024-11-19,20.65,21.67,21.64,21.57,21.47,20.86,20.1,18.63,17.47,16.29,15.17,14.58,14.0,82.048,82.298,82.42,81.914,-0.20%,67.11,68.39,68.49,66.82,-1.88%,65.65,66.6,66.69,65.53,-1.42%,60.78,61.811,61.9,60.571,-1.79%,50.76,51.94,51.94,50.71,-1.81%,240.59,125.49,6842.0,459.7,545.2,111.0,1152.2,126.26,875.0,186.5,2630.51,2713.73,2716.38,2623.59,828.38,855.37,856.21,826.96,73.30999755859375,99.74581146240234,105.67720031738281
1017,2024-11-20,20.69,21.51,21.49,21.42,21.32,20.7,19.9,18.4,17.27,16.18,15.21,14.71,14.21,81.779,82.099,82.099,81.65,-0.33%,67.0,67.7,67.8,66.6,-0.16%,65.54,65.77,66.33,65.35,-0.16%,60.801,60.637,61.49,60.476,0.03%,50.94,51.05,51.44,50.73,0.35%,237.05,121.89,6798.5,449.25,536.9,108.28,1120.0,122.88,847.8,183.5,2596.89,2640.09,2665.79,2596.06,816.29,831.4,839.49,816.03,72.80999755859375,100.57264709472656,106.67939758300781
1018,2024-11-21,20.52,21.87,21.84,21.76,21.63,20.89,20.0,18.42,17.3,16.3,15.45,15.01,14.53,81.766,81.895,81.895,81.4,-0.02%,67.04,67.35,67.35,66.61,0.06%,65.8,65.6,66.0,65.5,0.39%,61.008,60.9,61.098,60.35,0.34%,51.08,51.15,51.15,50.7,0.28%,240.47,124.1,6938.5,458.95,543.5,109.32,1117.8,123.32,864.8,180.05,2568.6,2596.85,2606.14,2557.54,803.7,816.27,819.2,800.24,74.2300033569336,100.59713745117188,106.0863037109375
1019,2024-11-22,20.63,21.93,21.87,21.77,21.62,20.83,19.91,18.33,17.23,16.23,15.39,14.96,14.51,81.792,81.769,81.868,81.703,0.03%,67.32,67.05,67.41,67.05,0.41%,65.7,66.0,66.0,65.56,-0.14%,61.03,61.008,61.4,60.74,0.04%,51.01,51.08,51.25,51.0,-0.13%,236.0,119.47,6940.0,459.9,541.9,108.52,1130.4,122.68,822.8,176.7,2581.05,2617.66,2628.5,2577.0,792.67,819.05,822.45,791.42,75.16999816894531,101.29666137695312,106.04850006103516
1020,2024-11-25,20.44,22.18,22.1,21.97,21.81,20.98,20.07,18.47,17.34,16.27,15.37,14.91,14.46,81.877,81.796,81.99,81.757,0.10%,67.07,67.32,67.5,67.02,-0.36%,65.36,65.7,66.0,65.3,-0.52%,60.608,61.043,61.398,60.447,-0.69%,50.84,51.08,51.22,50.8,-0.33%,227.81,117.44,6886.5,453.65,515.3,103.94,1101.4,119.16,822.8,171.1,2530.69,2583.42,2592.89,2517.58,768.11,793.39,796.3,764.13,73.01000213623047,103.70426940917969,108.68000030517578
1021,2024-11-26,20.5,22.38,22.27,22.12,21.94,21.04,20.08,18.46,17.36,16.36,15.51,15.09,14.67,81.596,81.89,81.99,81.5,-0.34%,67.24,67.07,67.26,66.7,0.25%,65.21,65.49,65.49,65.12,-0.23%,60.5,60.8,61.104,60.0,-0.18%,50.83,50.84,50.99,50.75,-0.03%,223.16,114.5,6869.5,450.8,506.0,104.08,1072.0,118.88,807.8,169.9,2464.35,2521.89,2544.83,2455.47,738.93,765.43,772.4,736.27,72.80999755859375,104.01014709472656,108.60690307617188
1022,2024-11-27,20.64,22.89,22.73,22.52,22.28,21.18,20.09,18.4,17.3,16.33,15.56,15.17,14.79,81.473,81.59,81.724,81.31,-0.15%,66.7,67.23,67.27,66.6,-0.80%,65.19,65.15,65.36,64.9,-0.04%,60.389,60.499,60.499,60.099,-0.18%,50.76,50.83,50.94,50.75,-0.14%,226.3,119.41,6896.5,474.15,519.0,110.96,1096.8,123.88,828.0,175.4,2491.88,2468.73,2512.59,2426.02,726.78,740.24,753.4,725.27,72.83000183105469,105.49270629882812,110.67240142822266
1023,2024-11-28,20.87,22.91,22.74,22.54,22.31,21.27,20.22,18.5,17.33,16.29,15.42,14.97,14.52,81.32,81.473,81.688,81.18,-0.19%,66.68,66.85,67.23,66.63,-0.03%,65.13,65.27,65.55,65.03,-0.09%,60.409,60.389,60.989,60.24,0.03%,50.9,50.82,51.17,50.75,0.29%,228.56,120.29,6905.5,474.85,534.3,110.08,1095.8,124.0,816.6,177.55,2547.88,2530.87,2560.55,2502.0,732.48,738.15,746.81,723.16,72.83000183105469,113.14102172851562,119.50579833984375
1024,2024-11-29,21.09,23.22,23.01,22.78,22.53,21.44,20.37,18.61,17.38,16.24,15.27,14.78,14.29,81.186,81.32,81.499,81.07,-0.16%,66.73,66.77,67.1,66.57,0.07%,65.19,65.13,65.38,64.7,0.09%,60.441,60.409,60.756,60.111,0.05%,51.54,50.83,51.63,50.75,1.26%,236.49,124.29,6860.5,478.0,544.9,112.96,1123.2,124.56,835.6,181.65,2578.0,2546.13,2581.88,2533.99,753.78,731.98,753.78,728.49,72.94000244140625,107.99378967285156,114.05819702148438
1025,2024-12-02,21.22,23.49,23.24,22.96,22.68,21.46,20.31,18.48,17.26,16.17,15.27,14.8,14.31,81.376,81.347,81.549,81.169,0.23%,66.42,66.9,66.96,66.22,-0.46%,65.51,65.19,65.59,65.01,0.50%,60.769,60.442,60.85,60.325,0.54%,51.84,51.54,51.89,51.27,0.57%,235.17,123.9,6810.0,489.3,548.5,114.1,1142.8,124.68,846.2,177.75,2586.74,2584.19,2600.28,2578.52,760.32,755.59,761.34,753.93,71.83000183105469,106.50303649902344,112.30000305175781
1026,2024-12-03,20.96,23.36,23.12,22.86,22.59,21.43,20.31,18.47,17.2,16.05,15.12,14.64,14.1,81.569,81.699,81.84,81.3,0.24%,66.45,66.83,66.83,66.33,0.05%,65.67,65.51,65.79,65.36,0.25%,60.745,60.5,60.895,60.5,-0.04%,51.9,51.84,51.9,51.35,0.12%,230.8,121.48,6771.0,490.5,538.5,110.4,1100.0,121.28,824.0,171.85,2539.64,2585.34,2588.87,2523.54,753.42,759.91,760.94,741.74,73.62000274658203,106.48507690429688,111.82530212402344
1027,2024-12-04,20.97,23.27,23.04,22.8,22.54,21.44,20.35,18.54,17.26,16.06,15.05,14.53,13.97,81.436,81.796,81.797,81.4,-0.16%,66.28,66.74,66.95,66.25,-0.26%,65.31,65.67,65.7,65.31,-0.55%,60.325,60.847,61.048,60.325,-0.69%,51.81,51.9,52.29,51.7,-0.18%,224.55,115.3,6720.5,473.1,521.6,104.2,1058.0,118.7,800.0,166.15,2485.62,2538.24,2555.99,2482.37,751.2,753.01,760.53,744.64,72.30999755859375,104.99542999267578,110.34970092773438
1028,2024-12-05,20.98,23.62,23.36,23.07,22.78,21.55,20.4,18.54,17.27,16.09,15.11,14.6,14.06,81.699,81.436,81.699,81.366,0.32%,66.64,66.6,66.7,66.1,0.55%,65.43,65.5,65.5,65.2,0.19%,60.58,60.326,60.65,60.325,0.42%,51.92,51.8,51.96,51.62,0.22%,233.48,116.63,6841.0,488.2,547.5,108.16,1081.6,120.62,830.4,171.05,2510.83,2473.75,2525.45,2438.84,765.08,747.62,768.11,737.06,72.08999633789062,104.99980926513672,110.37220001220703
1029,2024-12-06,20.73,23.58,23.3,23.0,22.69,21.4,20.2,18.34,17.13,16.07,15.25,14.83,14.35,81.882,81.698,82.04,81.503,0.22%,66.75,66.52,66.9,66.52,0.17%,65.67,65.5,65.68,65.2,0.36%,60.986,60.792,61.085,60.584,0.67%,52.03,51.97,52.2,51.66,0.21%,237.84,114.99,6860.0,485.3,558.9,107.8,1097.4,120.8,833.2,174.1,2536.23,2527.04,2552.6,2505.9,803.62,770.02,804.69,763.57,71.12000274658203,100.99154663085938,106.90460205078125
1030,2024-12-09,20.44,23.06,22.85,22.62,22.37,21.31,20.27,18.54,17.35,16.29,15.44,15.01,14.53,81.997,81.899,82.26,81.714,0.14%,66.91,66.75,67.33,66.7,0.24%,65.49,65.67,65.75,65.12,-0.28%,61.051,60.986,61.36,60.325,0.11%,52.19,52.03,52.2,51.88,0.30%,237.29,117.06,6973.0,491.05,566.2,106.86,1125.8,123.4,829.2,174.2,2572.89,2548.08,2586.31,2543.94,815.61,807.37,819.48,806.06,72.13999938964844,97.96543884277344,103.5
1031,2024-12-10,20.64,22.67,22.52,22.33,22.12,21.17,20.2,18.56,17.41,16.35,15.5,15.08,14.64,82.099,82.25,82.25,81.856,0.12%,66.79,67.2,67.2,66.71,-0.18%,65.5,65.38,65.66,65.28,0.03%,61.085,61.299,61.299,60.795,0.06%,52.15,52.19,52.25,52.04,-0.08%,230.82,114.7,6894.0,484.6,564.9,103.6,1098.8,119.38,811.6,170.25,2522.75,2570.01,2570.01,2515.76,794.46,814.69,814.69,792.43,72.19000244140625,99.995361328125,105.54409790039062
1032,2024-12-11,21.31,22.85,22.65,22.42,22.17,21.07,20.0,18.26,17.08,16.04,15.2,14.77,14.3,82.1,82.23,82.23,81.991,0.00%,66.73,66.79,66.87,66.67,-0.09%,65.33,65.45,65.59,65.01,-0.26%,61.019,61.085,61.25,60.9,-0.11%,52.1,52.15,52.2,52.0,-0.09%,234.19,115.16,6895.5,488.75,574.1,104.1,1103.2,120.0,810.0,169.65,2512.54,2514.78,2531.95,2499.82,766.44,791.95,797.36,765.43,73.5199966430664,103.04581451416016,108.51959991455078
1033,2024-12-12,21.8,23.15,22.95,22.73,22.47,21.36,20.28,18.57,17.46,16.51,15.79,15.43,15.01,82.095,82.247,82.444,81.991,-0.01%,66.72,66.8,66.84,66.67,-0.01%,65.01,65.57,65.57,64.99,-0.49%,60.665,61.021,61.193,60.58,-0.58%,51.9,52.2,52.2,51.83,-0.39%,229.02,113.1,6862.5,485.45,557.8,100.3,1083.0,116.04,791.2,168.65,2492.63,2526.66,2548.06,2488.08,755.39,770.75,777.27,754.02,73.41000366210938,105.50025939941406,110.83329772949219
1034,2024-12-13,21.96,22.88,22.69,22.46,22.21,21.12,20.08,18.44,17.36,16.41,15.66,15.29,14.89,82.15,82.095,82.23,82.0,0.07%,66.93,66.67,66.99,66.67,0.31%,65.08,65.01,65.12,64.76,0.11%,60.576,60.664,60.897,60.5,-0.15%,51.39,51.9,51.9,51.3,-0.97%,228.7,112.86,6800.0,483.65,571.6,99.9,1091.2,117.02,790.2,170.8,2485.2,2478.78,2487.42,2466.73,756.93,751.2,757.6,747.55,74.48999786376953,104.99627685546875,109.96939849853516
1035,2024-12-16,22.02,22.97,22.78,22.56,22.33,21.34,20.35,18.71,17.55,16.41,15.35,14.77,14.17,82.227,82.15,82.554,82.097,0.09%,66.75,66.93,67.35,66.5,-0.27%,64.81,65.07,65.07,64.7,-0.42%,59.65,60.576,60.813,59.388,-1.53%,51.13,51.39,51.4,50.87,-0.51%,225.53,108.71,6779.5,477.4,550.0,95.9,1054.4,115.04,767.2,164.95,2420.3,2474.62,2474.62,2419.57,740.87,753.7,753.7,738.55,73.91000366210938,102.28646087646484,107.5
1036,2024-12-17,22.08,23.02,22.84,22.64,22.43,21.48,20.53,18.87,17.64,16.4,15.21,14.6,14.05,82.19,82.23,82.415,82.118,-0.04%,66.82,66.88,66.89,66.6,0.11%,64.7,64.78,65.15,64.6,-0.17%,59.68,59.65,59.779,59.51,0.05%,51.14,51.2,51.36,51.0,0.03%,226.5,107.26,6290.5,480.65,556.2,94.98,1016.4,114.9,771.6,163.9,2377.15,2391.49,2414.17,2370.28,727.06,732.05,738.99,725.56,73.19000244140625,103.59478759765625,108.94960021972656
1037,2024-12-18,21.98,22.67,22.55,22.38,22.2,21.32,20.39,18.72,17.47,16.21,15.0,14.35,13.73,82.43,82.15,82.449,82.103,0.29%,66.91,66.82,67.2,66.63,0.13%,65.14,64.96,65.15,64.35,0.69%,60.104,59.7,60.26,59.411,0.71%,51.69,51.14,51.84,50.95,1.07%,230.15,108.05,6375.0,487.7,569.3,95.66,1033.8,116.94,784.8,166.7,2409.35,2394.47,2410.19,2380.5,738.5,732.35,738.75,728.08,73.38999938964844,104.59326934814453,109.76750183105469
1038,2024-12-19,21.97,22.41,22.35,22.24,22.1,21.35,20.49,18.86,17.58,16.23,14.94,14.24,13.56,82.737,82.18,82.749,82.105,0.37%,67.3,66.95,67.68,66.95,0.59%,65.04,65.14,65.48,64.75,-0.15%,60.173,60.099,60.659,59.648,0.11%,52.58,52.0,52.61,51.7,1.72%,229.0,107.16,6294.0,506.15,563.9,95.7,1043.6,120.02,814.4,171.25,2416.45,2428.56,2468.98,2410.22,736.06,744.38,756.77,734.16,72.87999725341797,104.67269897460938,108.33049774169922
1039,2024-12-20,20.99,20.28,20.25,20.19,20.09,19.49,18.77,17.45,16.45,15.42,14.43,13.9,13.37,84.647,82.8,84.651,82.4,2.31%,70.01,67.3,70.25,67.02,4.03%,68.6,65.18,68.87,64.78,5.47%,63.649,60.1,63.884,59.95,5.78%,55.0,52.58,56.41,50.01,4.60%,257.6,115.24,6725.0,559.6,599.9,105.08,1163.0,136.18,894.0,195.2,2638.42,2420.45,2652.58,2419.65,812.12,737.27,816.48,737.03,72.94000244140625,103.4926986694336,107.26599884033203
1040,2024-12-23,20.52,18.61,18.58,18.52,18.43,17.96,17.4,16.39,15.62,14.83,14.07,13.65,13.23,86.204,84.8,86.585,84.648,1.84%,72.51,70.01,73.96,70.01,3.57%,71.46,68.87,73.06,68.6,4.16%,66.014,63.649,66.249,63.451,3.72%,56.99,54.9,57.65,54.77,3.62%,264.9,119.75,6919.0,569.9,636.0,105.0,1148.2,134.1,944.0,193.6,2702.48,2668.72,2738.7,2658.64,837.82,821.45,843.18,818.35,72.62999725341797,101.84226989746094,106.25
1041,2024-12-24,20.48,18.29,18.35,18.37,18.35,18.05,17.57,16.57,15.78,14.98,14.24,13.84,13.43,86.582,86.297,86.8,85.84,0.44%,72.42,72.58,73.89,72.19,-0.13%,70.64,71.44,72.19,70.5,-1.15%,65.386,66.015,66.5,64.741,-0.95%,56.66,56.99,57.63,56.27,-0.58%,264.34,121.7,6833.0,572.7,625.3,104.96,1135.8,133.68,915.4,194.8,2690.96,2710.92,2722.65,2678.86,848.79,840.43,852.0,830.49,73.58000183105469,101.2236557006836,105.31909942626953
1042,2024-12-25,20.5,18.33,18.33,18.3,18.24,17.88,17.44,16.58,15.91,15.21,14.52,14.15,13.8,86.885,86.582,86.89,86.211,0.35%,72.69,72.42,72.89,71.78,0.38%,70.39,70.6,70.7,69.71,-0.35%,64.651,65.101,65.6,64.0,-1.12%,56.44,56.66,56.78,55.8,-0.39%,271.69,128.11,6987.5,581.95,629.2,108.0,1161.8,135.3,929.4,196.45,2732.83,2680.25,2751.11,2666.38,864.25,845.41,867.76,841.04,73.58000183105469,99.94905090332031,103.97200012207031
1043,2024-12-26,20.5,17.97,17.99,17.98,17.96,17.7,17.33,16.57,15.95,15.28,14.62,14.26,13.94,87.038,86.888,87.14,85.84,0.18%,72.94,72.8,73.0,72.27,0.34%,70.68,70.4,71.0,70.0,0.41%,64.467,64.651,64.939,64.35,-0.28%,56.74,56.57,56.96,56.35,0.54%,269.56,126.89,7003.0,579.1,630.9,109.66,1174.4,133.78,949.8,196.0,2766.57,2749.49,2776.33,2738.31,878.3,869.52,878.3,865.98,73.26000213623047,99.98509216308594,103.97200012207031
1044,2024-12-27,20.47,17.49,17.59,17.64,17.67,17.56,17.29,16.65,16.08,15.43,14.75,14.36,13.99,86.946,87.038,87.846,86.51,-0.11%,72.85,72.94,73.1,72.43,-0.12%,70.5,70.8,70.8,70.05,-0.26%,64.439,64.467,64.86,64.2,-0.04%,56.73,56.96,57.29,56.55,-0.02%,271.2,127.79,6990.5,591.0,635.8,111.04,1186.2,134.86,949.2,196.0,2757.45,2754.56,2766.03,2743.18,864.09,874.49,878.12,863.15,74.16999816894531,99.7610855102539,103.97200012207031
1045,2024-12-28,20.47,18.55,18.58,18.57,18.53,18.15,17.67,16.83,16.21,15.57,14.92,14.55,14.2,86.274,87.0,87.626,86.0,-0.77%,73.19,72.85,73.7,72.5,0.47%,71.18,70.5,71.49,70.0,0.97%,64.407,64.439,64.54,64.0,-0.05%,57.14,56.79,57.28,56.73,0.71%,272.83,129.6,6998.0,596.0,652.4,113.8,1232.2,139.62,951.8,202.0,2786.67,2763.48,2798.49,2763.48,863.36,865.98,876.96,860.72,74.16999816894531,99.7610855102539,103.97200012207031
1046,2024-12-30,20.47,18.8,18.75,18.68,18.58,18.06,17.48,16.53,15.87,15.22,14.57,14.22,13.9,85.835,86.274,86.3,84.203,-0.51%,73.15,73.19,73.8,72.1,-0.06%,71.08,71.1,71.43,70.54,-0.14%,64.526,64.407,65.4,64.201,0.18%,57.41,57.25,57.5,57.0,0.49%,279.43,133.12,7235.0,606.05,688.9,115.5,1337.4,147.78,996.0,210.65,2883.04,2809.12,2883.04,2809.12,893.22,870.32,893.22,870.32,74.38999938964844,104.51876068115234,109.0
1047,2024-12-31,20.47,18.8,18.75,18.68,18.58,18.06,17.48,16.53,15.87,15.22,14.57,14.22,13.9,85.835,86.274,86.3,84.203,-0.51%,73.15,73.19,73.8,72.1,-0.06%,71.08,71.1,71.43,70.54,-0.14%,64.526,64.407,65.4,64.201,0.18%,57.41,57.25,57.5,57.0,0.49%,279.43,133.12,7235.0,606.05,688.9,115.5,1337.4,147.78,996.0,210.65,2883.04,2809.12,2883.04,2809.12,893.22,870.32,893.22,870.32,74.63999938964844,110.49376678466797,114.97650146484375
1048,2025-01-02,20.47,18.8,18.75,18.68,18.58,18.06,17.48,16.53,15.87,15.22,14.57,14.22,13.9,85.835,86.274,86.3,84.203,-0.51%,73.15,73.19,73.8,72.1,-0.06%,71.08,71.1,71.43,70.54,-0.14%,64.526,64.407,65.4,64.201,0.18%,57.41,57.25,57.5,57.0,0.49%,279.43,133.12,7235.0,606.05,688.9,115.5,1337.4,147.78,996.0,210.65,2883.04,2809.12,2883.04,2809.12,893.22,870.32,893.22,870.32,75.93000030517578,113.72217559814453,114.97650146484375
1049,2025-01-03,20.47,18.7,18.62,18.52,18.41,17.92,17.41,16.57,15.96,15.38,14.86,14.57,14.28,86.104,85.841,86.36,85.111,0.31%,72.93,73.15,73.19,72.92,-0.31%,70.6,71.12,71.12,70.42,-0.67%,64.21,64.527,64.998,64.127,-0.49%,56.94,57.41,57.65,56.78,-0.83%,272.25,128.66,7122.0,596.1,668.7,112.68,1288.6,144.54,963.8,205.3,2828.5,2892.64,2898.71,2815.2,876.32,896.19,898.07,872.2,76.51000213623047,110.99624633789062,113.96540069580078
1050,2025-01-06,20.47,19.1,18.96,18.82,18.66,18.03,17.43,16.48,15.81,15.18,14.63,14.34,14.05,86.188,86.14,86.686,86.1,0.10%,73.14,73.15,73.16,72.81,0.29%,70.63,70.6,71.02,70.36,0.04%,64.599,64.27,65.097,64.21,0.61%,56.49,56.94,57.23,56.3,-0.79%,274.37,128.34,7088.0,588.45,666.2,113.42,1296.6,146.02,965.0,204.45,2816.26,2813.32,2822.34,2794.2,872.53,871.62,874.41,865.69,76.30000305175781,108.83383178710938,112.1500015258789
1051,2025-01-07,20.47,19.1,18.96,18.82,18.66,18.03,17.43,16.48,15.81,15.18,14.63,14.34,14.05,86.188,86.14,86.686,86.1,0.10%,73.14,73.15,73.16,72.81,0.29%,70.63,70.6,71.02,70.36,0.04%,64.599,64.27,65.097,64.21,0.61%,56.49,56.94,57.23,56.3,-0.79%,274.37,128.34,7088.0,588.45,666.2,113.42,1296.6,146.02,965.0,204.45,2816.26,2813.32,2822.34,2794.2,872.53,871.62,874.41,865.69,77.05000305175781,107.49576568603516,111.61930084228516
1052,2025-01-08,20.47,19.43,19.26,19.07,18.87,18.11,17.42,16.37,15.68,15.07,14.6,14.37,14.1,86.189,86.192,86.795,86.001,0.00%,73.17,73.1,73.2,72.75,0.04%,70.15,70.63,70.77,70.0,-0.68%,64.407,64.599,64.669,64.25,-0.30%,56.56,56.5,56.79,56.27,0.13%,277.0,129.45,7089.0,593.45,654.7,114.0,1283.0,146.8,976.6,207.9,2840.79,2814.88,2847.49,2813.39,880.13,872.1,882.2,871.64,76.16000366210938,107.24622344970703,110.93119812011719
1053,2025-01-09,21.0,18.77,18.68,18.57,18.46,17.97,17.48,16.72,16.19,15.64,15.08,14.77,14.49,85.932,86.189,86.932,85.722,-0.30%,73.15,73.17,73.25,72.97,-0.02%,70.07,70.15,70.44,69.71,-0.11%,63.992,64.407,64.761,63.9,-0.64%,55.58,56.69,56.7,55.42,-1.73%,271.8,124.01,6947.5,574.8,633.9,111.8,1228.0,142.46,930.8,203.55,2773.12,2841.61,2853.96,2768.58,854.03,880.38,884.21,854.03,76.91999816894531,104.4962387084961,107.77839660644531
1054,2025-01-10,20.62,19.06,18.93,18.79,18.64,18.05,17.52,16.73,16.21,15.7,15.2,14.92,14.67,86.191,86.186,86.199,85.754,0.30%,73.15,73.15,73.3,73.0,0.00%,70.11,70.12,70.34,69.95,0.05%,63.939,63.992,64.118,63.624,-0.08%,54.94,55.6,55.6,54.51,-1.16%,278.77,126.6,7022.5,562.95,653.5,116.26,1292.2,149.34,969.0,212.6,2824.59,2767.27,2843.34,2744.58,873.09,852.23,878.89,845.24,79.76000213623047,102.2526626586914,105.28079986572266
1055,2025-01-13,20.49,19.03,18.86,18.7,18.54,17.93,17.41,16.67,16.18,15.7,15.21,14.94,14.7,86.238,86.191,86.778,86.0,0.05%,73.32,73.2,73.45,73.15,0.23%,70.25,70.11,70.34,69.75,0.21%,63.999,63.94,64.07,63.608,0.09%,54.94,54.95,55.12,54.58,0.00%,279.8,131.47,7010.5,545.5,667.9,118.38,1277.4,148.24,1007.4,210.9,2866.11,2852.31,2882.49,2835.12,879.08,881.66,890.99,876.35,81.01000213623047,101.7596664428711,104.80000305175781
1056,2025-01-14,21.0,19.07,18.91,18.74,18.58,17.98,17.46,16.71,16.22,15.76,15.28,15.01,14.77,86.133,86.235,86.5,85.959,-0.12%,73.23,73.32,73.37,73.07,-0.12%,70.21,70.16,70.32,70.02,-0.05%,63.985,64.0,64.021,63.77,-0.02%,54.71,54.94,55.29,54.5,-0.42%,279.85,132.99,7115.5,540.35,667.9,119.98,1281.6,148.58,1009.0,216.3,2859.51,2847.36,2881.79,2828.41,870.87,873.33,883.89,867.52,79.91999816894531,102.74462127685547,105.46890258789062
1057,2025-01-15,20.74,19.32,19.16,19.0,18.84,18.24,17.73,16.93,16.39,15.86,15.34,15.07,14.83,86.185,86.134,86.71,85.851,0.06%,73.2,73.23,73.4,72.85,-0.04%,70.13,70.25,70.34,69.89,-0.12%,63.652,63.985,64.02,63.5,-0.52%,54.6,54.71,54.82,54.2,-0.20%,282.77,136.36,7178.5,547.6,670.6,119.46,1282.6,149.6,1007.8,219.1,2842.96,2867.93,2879.64,2838.59,871.13,873.43,877.0,864.5,82.02999877929688,101.9962387084961,105.11630249023438
1058,2025-01-16,20.85,19.39,19.23,19.06,18.89,18.25,17.71,16.9,16.35,15.8,15.25,14.95,14.69,86.114,86.185,86.399,86.036,-0.08%,72.93,73.2,73.26,72.82,-0.36%,70.04,70.13,70.2,69.94,-0.13%,63.628,63.8,64.021,63.51,-0.04%,54.42,54.8,54.97,54.2,-0.32%,281.8,135.33,7208.0,546.4,677.1,119.12,1285.0,149.06,990.2,219.0,2911.29,2893.67,2929.28,2892.47,895.83,886.67,897.58,886.31,81.29000091552734,102.4911880493164,105.5197982788086
1059,2025-01-17,21.06,19.45,19.29,19.13,18.97,18.35,17.81,17.0,16.45,15.88,15.3,15.0,14.74,86.087,86.189,86.676,85.915,-0.03%,72.86,72.93,73.07,72.5,-0.10%,69.78,70.04,70.08,69.7,-0.37%,63.61,63.628,63.814,63.402,-0.03%,53.9,54.5,54.53,53.79,-0.96%,283.53,138.76,7342.0,554.9,673.6,124.88,1326.8,153.62,1006.0,221.75,2945.52,2905.26,2949.7,2893.16,906.03,893.98,907.64,890.25,80.79000091552734,103.61359405517578,106.74590301513672
1060,2025-01-20,21.08,19.24,19.08,18.92,18.75,18.14,17.6,16.83,16.31,15.78,15.24,14.94,14.67,86.206,86.085,86.35,85.788,0.14%,73.1,72.99,73.24,72.66,0.34%,70.1,69.78,70.44,69.6,0.46%,63.722,63.61,63.896,63.302,0.18%,54.1,54.05,54.33,53.89,0.36%,278.19,137.1,7194.0,537.7,676.0,123.4,1295.4,150.5,974.4,223.6,2929.55,2974.56,2983.3,2918.34,905.15,914.97,917.65,897.67,80.79000091552734,101.78314971923828,104.5999984741211
1061,2025-01-21,21.18,19.32,19.16,19.0,18.84,18.23,17.7,16.94,16.44,15.94,15.42,15.13,14.87,86.301,86.206,86.668,86.164,0.11%,73.02,73.46,73.46,72.81,-0.11%,70.0,70.36,70.36,69.7,-0.15%,63.5,63.729,63.93,63.35,-0.35%,53.64,54.06,54.17,53.57,-0.84%,281.85,138.01,7239.5,542.1,681.0,124.56,1290.0,149.42,998.8,224.3,2934.71,2918.08,2937.32,2884.94,925.16,901.61,925.98,891.37,79.29000091552734,100.99717712402344,105.24310302734375
1062,2025-01-22,20.84,20.0,19.74,19.49,19.25,18.4,17.77,16.93,16.4,15.89,15.4,15.14,14.93,86.199,86.12,86.63,86.12,-0.12%,73.1,72.99,73.17,72.78,0.11%,70.0,70.15,70.15,69.64,0.00%,63.399,63.5,63.605,63.3,-0.16%,53.48,53.64,53.85,53.4,-0.30%,280.36,136.83,7215.0,540.0,681.5,123.74,1252.0,146.4,1017.6,223.3,2972.62,2944.63,2972.83,2924.74,952.82,928.29,952.89,922.02,79.0,99.49525451660156,103.53119659423828
1063,2025-01-23,20.73,19.45,19.27,19.09,18.92,18.28,17.75,16.99,16.48,15.96,15.45,15.17,14.94,86.3,86.199,86.3,86.15,0.12%,73.0,73.1,73.12,72.7,-0.14%,69.83,70.0,70.1,69.73,-0.24%,63.412,63.12,63.58,63.12,0.02%,53.07,53.48,53.63,53.0,-0.76%,280.49,137.84,7215.0,539.1,686.4,124.96,1258.6,145.28,1024.2,222.0,2926.1,2942.62,2944.4,2910.26,930.18,943.21,943.78,927.47,78.29000091552734,99.24761199951172,103.29889678955078
1064,2025-01-24,20.73,19.44,19.25,19.06,18.88,18.24,17.72,16.99,16.52,16.04,15.57,15.32,15.11,86.419,86.25,86.441,86.203,0.14%,73.25,73.07,73.36,73.0,0.34%,69.93,69.8,70.12,69.7,0.14%,63.289,63.597,63.606,63.1,-0.19%,52.9,53.07,53.36,52.87,-0.32%,280.74,138.43,7199.5,535.85,682.6,124.14,1243.4,147.16,1029.8,225.35,2947.94,2953.18,2969.31,2933.71,945.07,938.79,947.42,933.09,78.5,99.86971282958984,104.01930236816406
1065,2025-01-27,20.71,20.19,19.71,19.3,18.94,17.94,17.36,16.8,16.56,16.38,16.2,16.09,16.0,86.346,86.419,86.5,86.15,-0.08%,73.11,73.25,73.64,73.04,-0.18%,69.86,69.93,70.19,69.55,-0.11%,62.687,63.289,63.605,62.372,-0.95%,51.56,53.07,53.17,51.05,-2.52%,275.23,134.26,7065.5,516.35,667.5,119.46,1225.4,141.36,1003.4,220.0,2891.39,2942.45,2946.36,2885.49,937.74,944.8,944.8,927.56,77.08000183105469,97.211669921875,101.75
1066,2025-01-28,20.72,20.4,19.79,19.29,18.88,17.83,17.29,16.81,16.61,16.45,16.29,16.19,16.12,86.7,86.34,86.773,86.311,0.41%,73.25,73.2,73.37,73.1,0.19%,69.41,70.04,70.1,69.26,-0.63%,62.595,62.686,62.939,62.003,-0.15%,51.35,51.69,51.91,51.01,-0.42%,278.35,137.54,7160.0,534.85,677.8,121.2,1259.2,145.18,1022.4,221.75,2931.97,2890.62,2934.65,2866.81,942.81,936.62,951.03,929.77,77.48999786376953,97.3646011352539,101.70809936523438
1067,2025-01-29,20.68,19.34,19.07,18.83,18.6,17.91,17.46,16.92,16.63,16.37,16.11,15.96,15.83,87.312,86.672,87.771,86.652,0.71%,73.22,73.23,73.28,73.0,-0.05%,69.26,69.3,69.51,69.0,-0.22%,62.596,62.595,62.989,62.331,0.00%,51.37,51.35,51.69,50.93,0.04%,280.36,137.05,7192.0,535.6,679.0,121.78,1252.6,144.6,1046.0,226.35,2950.68,2930.86,2957.64,2925.49,948.38,942.67,951.07,940.73,76.58000183105469,97.9966812133789,102.19779968261719
1068,2025-01-30,20.68,18.79,18.62,18.47,18.32,17.84,17.48,17.01,16.73,16.48,16.2,16.05,15.92,87.418,87.338,87.699,87.3,0.12%,73.35,73.25,73.5,73.05,0.18%,69.36,69.31,69.51,69.03,0.14%,62.469,62.597,62.931,62.158,-0.20%,50.55,51.37,51.47,50.4,-1.60%,281.97,140.47,7166.0,534.85,690.7,122.76,1279.6,149.1,1085.6,231.7,2967.47,2947.03,2967.47,2940.3,953.84,948.34,953.84,945.04,76.87000274658203,99.24478149414062,103.46019744873047
1069,2025-01-31,20.76,18.68,18.54,18.42,18.29,17.86,17.53,17.08,16.81,16.53,16.24,16.08,15.95,87.451,87.418,87.791,87.315,0.04%,73.1,73.4,73.57,72.57,-0.34%,69.39,69.42,69.51,69.17,0.05%,62.045,62.53,62.724,61.92,-0.68%,50.2,50.55,50.75,49.9,-0.70%,280.73,140.84,7171.0,526.8,683.9,121.18,1211.8,146.0,1082.0,228.0,2948.1,2984.99,2995.45,2940.12,949.5,956.21,962.83,946.93,76.76000213623047,98.4952621459961,102.40059661865234
1070,2025-02-03,20.56,18.96,18.84,18.72,18.6,18.17,17.82,17.32,16.96,16.6,16.22,16.0,15.8,87.234,87.454,88.048,87.041,-0.25%,72.9,73.1,73.5,72.72,-0.27%,68.7,69.1,69.45,68.48,-1.00%,61.625,61.52,62.261,61.199,-0.68%,50.01,50.21,50.45,49.87,-0.37%,279.55,139.63,7170.0,519.2,685.5,118.3,1192.4,140.1,1070.2,228.9,2926.17,2933.84,2942.79,2912.51,922.33,947.14,947.79,918.02,75.95999908447266,98.75531005859375,101.19999694824219
1071,2025-02-04,20.26,19.23,19.1,18.97,18.85,18.38,18.0,17.41,17.0,16.6,16.18,15.95,15.75,86.972,87.23,87.398,86.816,-0.30%,72.5,73.19,73.19,72.31,-0.55%,68.29,68.55,68.95,68.22,-0.59%,61.136,61.7,61.876,61.101,-0.79%,49.77,50.01,50.01,49.61,-0.49%,277.4,136.84,7093.5,518.95,686.7,117.16,1175.0,138.78,1062.2,228.45,2917.71,2942.35,2947.7,2907.31,932.82,923.14,933.03,916.39,76.19999694824219,99.7456283569336,103.00630187988281
1072,2025-02-05,20.26,19.51,19.33,19.14,18.95,18.27,17.8,17.27,16.96,16.63,16.23,15.99,15.78,87.302,87.437,87.437,86.8,0.38%,73.15,72.56,73.5,71.63,0.90%,69.08,68.4,69.38,68.2,1.15%,62.291,61.136,62.46,60.941,1.89%,50.5,49.77,50.74,49.68,1.47%,282.88,140.45,7171.0,522.05,690.6,120.4,1202.8,141.46,1100.0,230.0,2930.56,2902.15,2936.42,2889.87,941.5,932.04,943.38,923.92,74.61000061035156,100.69673919677734,104.44409942626953
1073,2025-02-06,20.26,19.74,19.51,19.29,19.08,18.38,17.86,17.17,16.75,16.36,15.98,15.77,15.58,87.149,87.302,87.302,87.0,-0.18%,72.33,73.38,73.4,72.08,-1.13%,69.2,69.1,69.51,69.01,0.18%,61.77,62.291,62.695,61.469,-0.84%,50.48,50.5,50.85,50.13,-0.05%,287.15,141.98,7141.0,528.2,695.8,121.5,1196.8,139.6,1101.4,227.15,2970.12,2962.02,2984.89,2949.69,965.48,945.65,970.28,945.65,74.29000091552734,97.99336242675781,101.9218978881836
1074,2025-02-07,20.26,19.71,19.48,19.26,19.05,18.35,17.83,17.12,16.68,16.27,15.86,15.63,15.42,87.25,87.146,87.445,87.0,0.12%,72.4,72.33,72.8,71.9,0.10%,69.21,69.41,69.51,69.01,0.02%,62.391,61.771,62.46,61.771,1.01%,50.59,50.48,50.7,50.29,0.23%,285.81,141.9,7148.0,530.25,697.0,122.28,1207.6,140.92,1101.8,225.0,2966.53,2982.88,2985.36,2958.04,960.69,966.46,970.44,957.94,74.66000366210938,96.73268127441406,100.47139739990234
1075,2025-02-10,20.43,19.77,19.53,19.3,19.08,18.35,17.84,17.16,16.72,16.28,15.85,15.62,15.42,87.281,87.25,87.499,87.122,0.04%,72.51,72.64,72.85,72.4,0.16%,69.04,69.21,69.99,68.96,-0.26%,61.887,62.8,63.579,61.453,-0.81%,50.21,50.84,50.91,50.03,-0.76%,289.94,142.46,7147.5,533.15,700.3,120.82,1205.4,140.42,1132.6,229.5,3012.39,2991.99,3020.01,2982.39,980.52,963.5,983.0,963.5,75.87000274658203,96.73853302001953,99.75
1076,2025-02-11,21.14,19.78,19.56,19.35,19.15,18.48,17.98,17.28,16.81,16.34,15.87,15.63,15.41,87.332,87.5,87.5,87.151,0.06%,72.43,72.51,72.81,72.32,-0.12%,68.88,69.4,69.4,68.8,-0.23%,61.998,61.957,62.269,61.696,0.18%,49.98,50.21,50.27,49.5,-0.45%,294.06,142.97,7271.0,538.9,702.8,121.12,1242.0,144.12,1167.8,236.5,3018.02,2992.37,3019.61,2982.61,992.4,980.45,992.92,970.83,77.0,96.61639404296875,99.53040313720703
1077,2025-02-12,20.76,19.82,19.59,19.36,19.14,18.41,17.91,17.2,16.75,16.3,15.85,15.6,15.37,87.698,87.333,87.75,87.25,0.42%,73.7,72.43,74.0,72.31,1.76%,70.78,68.88,71.05,68.8,2.76%,64.456,61.913,64.7,61.696,3.96%,52.46,50.1,52.55,49.8,4.96%,314.0,154.6,7676.0,577.85,737.0,127.26,1313.6,150.32,1277.2,250.8,3025.63,3040.72,3059.35,3020.6,1013.46,993.16,1014.19,993.16,75.18000030517578,96.47132873535156,99.98529815673828
1078,2025-02-13,20.85,20.25,19.67,19.17,18.74,17.52,16.8,16.07,15.69,15.35,15.02,14.85,14.74,88.243,87.627,89.498,87.627,0.62%,74.53,73.9,74.8,73.01,1.12%,71.8,69.66,72.29,69.66,1.44%,65.2,64.699,65.984,63.001,1.15%,53.95,52.6,54.1,52.24,2.84%,310.1,166.32,7534.0,573.3,711.6,128.1,1325.0,151.6,1255.8,250.05,3206.97,3226.02,3247.68,3144.12,1109.8,1051.01,1115.14,1051.01,75.0199966430664,93.99623107910156,97.67430114746094
1079,2025-02-14,20.98,19.85,19.51,19.2,18.91,18.01,17.41,16.69,16.29,15.93,15.57,15.37,15.19,87.652,88.127,88.6,87.101,-0.67%,73.65,74.53,75.4,73.3,-1.17%,70.54,72.0,73.94,70.0,-1.75%,63.679,65.2,66.598,63.107,-2.33%,52.11,54.0,54.99,51.7,-3.41%,309.87,168.1,7492.5,561.95,716.9,131.5,1307.6,148.58,1218.8,251.45,3185.0,3265.12,3288.32,3150.82,1111.0,1123.03,1137.95,1090.37,74.73999786376953,89.4957504272461,93.62239837646484
1080,2025-02-17,20.97,20.0,19.64,19.32,19.02,18.08,17.41,16.62,16.19,15.8,15.46,15.28,15.11,87.761,87.949,88.267,87.5,0.12%,73.99,73.65,74.68,72.32,0.47%,71.0,71.68,71.68,70.2,0.64%,64.14,64.238,65.281,63.501,0.72%,52.53,52.41,52.73,51.99,0.80%,319.5,180.05,7784.5,585.2,748.9,138.2,1371.4,156.92,1292.8,253.85,3308.41,3255.81,3316.76,3244.8,1139.85,1125.25,1150.62,1125.25,74.73999786376953,90.09052276611328,94.5
1081,2025-02-18,20.97,19.77,19.42,19.1,18.82,17.91,17.28,16.53,16.13,15.79,15.49,15.33,15.2,87.551,87.761,88.025,87.521,-0.24%,73.3,73.99,73.99,73.0,-0.93%,70.75,71.0,71.4,70.55,-0.35%,63.865,64.13,64.512,63.75,-0.43%,52.18,52.53,52.53,52.04,-0.66%,312.95,171.2,7644.5,574.2,737.5,134.6,1313.4,153.94,1254.6,246.0,3258.76,3314.88,3333.38,3252.74,1123.91,1142.17,1148.46,1120.67,75.83999633789062,91.49703979492188,95.92870330810547
1082,2025-02-19,20.97,19.78,19.44,19.14,18.86,17.96,17.33,16.57,16.15,15.8,15.46,15.28,15.13,87.665,87.63,87.701,87.5,0.13%,73.92,73.69,74.36,73.2,0.84%,71.3,70.93,71.52,70.33,0.77%,64.421,63.939,64.699,63.82,0.87%,52.9,52.19,53.0,52.07,1.37%,315.91,176.25,7714.5,575.95,744.5,138.52,1340.8,155.9,1280.0,251.3,3270.64,3273.05,3287.75,3221.53,1139.4,1126.23,1145.36,1111.07,76.04000091552734,91.5439224243164,95.6427993774414
1083,2025-02-20,21.0,19.74,19.39,19.07,18.77,17.85,17.21,16.45,16.04,15.69,15.36,15.19,15.03,87.846,87.669,87.978,87.527,0.21%,74.1,74.57,74.58,73.61,0.24%,71.52,71.57,72.19,71.0,0.31%,64.966,64.428,65.25,64.338,0.85%,53.13,52.91,53.21,52.41,0.44%,315.05,173.0,7720.0,577.95,745.3,137.74,1345.2,157.84,1308.4,251.9,3292.62,3294.54,3325.5,3277.51,1171.89,1143.98,1180.94,1141.79,76.4800033569336,89.6190185546875,93.38749694824219
1084,2025-02-21,21.12,19.71,19.39,19.1,18.83,17.94,17.3,16.5,16.05,15.67,15.32,15.14,14.99,87.933,87.846,87.968,87.75,0.10%,73.96,74.1,74.5,73.65,-0.18%,71.61,71.91,71.97,71.0,0.13%,65.028,64.966,65.549,64.759,0.10%,53.24,53.14,53.5,53.0,0.21%,314.74,171.09,7709.5,572.55,754.4,137.18,1385.8,160.4,1326.4,253.8,3283.29,3310.03,3320.05,3258.82,1173.12,1175.64,1181.66,1159.87,74.43000030517578,88.67111206054688,93.10600280761719
1085,2025-02-24,21.07,19.75,19.44,19.15,18.88,18.0,17.36,16.54,16.07,15.63,15.23,15.03,14.85,87.925,87.933,87.933,87.764,-0.01%,73.96,74.1,74.29,73.74,0.00%,71.68,71.61,71.7,71.15,0.09%,64.901,65.1,65.695,64.645,-0.20%,53.62,53.24,53.69,53.22,0.72%,316.03,177.16,7737.5,569.45,752.8,146.94,1442.2,165.16,1342.8,254.3,3303.63,3310.75,3316.42,3272.99,1179.86,1174.52,1184.95,1169.44,74.77999877929688,87.92698669433594,92.0999984741211
1086,2025-02-25,21.16,19.77,19.45,19.14,18.87,17.95,17.29,16.48,16.03,15.63,15.24,15.04,14.87,88.094,87.932,88.15,87.814,0.19%,74.5,73.96,74.5,73.85,0.72%,72.14,71.79,72.25,71.4,0.64%,65.649,64.901,65.649,64.674,1.15%,53.79,53.63,54.25,53.52,0.32%,316.97,175.1,7729.0,582.8,764.3,143.04,1416.2,164.02,1327.8,253.05,3326.14,3362.15,3371.06,3320.24,1209.49,1190.34,1216.97,1190.34,73.0199966430664,87.73686981201172,91.7885971069336
1087,2025-02-26,21.17,19.84,19.47,19.13,18.82,17.82,17.13,16.32,15.89,15.5,15.15,14.97,14.82,88.144,88.1,88.3,88.0,0.06%,74.48,74.45,74.65,74.15,-0.03%,71.93,72.27,72.45,71.21,-0.29%,65.064,65.649,65.9,65.0,-0.89%,53.5,53.79,54.25,53.2,-0.54%,310.22,169.26,7555.0,569.25,737.3,138.02,1363.6,158.0,1266.8,248.8,3276.0,3338.4,3339.41,3233.39,1201.02,1210.81,1214.32,1175.77,72.52999877929688,86.59569549560547,91.10299682617188
1088,2025-02-27,21.16,19.75,19.4,19.07,18.77,17.78,17.13,16.34,15.91,15.52,15.15,14.97,14.83,88.206,88.286,88.286,87.98,0.07%,74.46,74.48,74.48,73.85,-0.02%,72.39,72.11,72.45,71.34,0.64%,65.471,65.108,65.563,65.003,0.63%,53.8,53.53,54.0,53.39,0.56%,307.1,166.7,7497.0,552.85,713.0,134.34,1351.0,156.72,1254.4,241.45,3232.65,3249.63,3261.13,3190.72,1161.23,1195.98,1195.98,1159.3,74.04000091552734,86.82077026367188,91.06109619140625
1089,2025-02-28,21.17,19.94,19.57,19.24,18.93,17.94,17.25,16.41,15.94,15.52,15.13,14.93,14.76,88.548,88.206,88.548,88.028,0.39%,74.85,74.46,74.87,74.1,0.52%,72.32,72.45,72.54,72.07,-0.10%,65.497,65.291,65.6,65.227,0.04%,54.2,53.8,54.2,53.66,0.74%,309.63,170.87,7546.5,556.05,732.4,140.32,1350.2,158.3,1285.2,249.05,3200.48,3199.93,3210.07,3149.37,1142.37,1159.58,1159.58,1131.31,73.18000030517578,87.69821166992188,91.15270233154297
1090,2025-03-03,21.14,19.82,19.41,19.04,18.71,17.69,17.05,16.31,15.91,15.55,15.21,15.03,14.88,88.55,88.548,88.794,88.172,0.00%,75.0,74.75,75.55,74.44,0.20%,72.5,72.54,72.55,72.0,0.25%,65.539,65.497,65.599,65.101,0.06%,53.9,53.7,54.2,53.5,-0.56%,305.5,169.26,7341.5,539.0,711.3,135.92,1325.4,156.58,1255.2,239.3,3145.73,3189.81,3191.13,3127.69,1110.34,1142.41,1142.41,1110.34,71.62000274658203,87.48175811767578,91.0999984741211
1091,2025-03-04,21.24,19.56,19.13,18.75,18.42,17.41,16.79,16.1,15.76,15.46,15.17,15.02,14.91,88.81,88.5,88.9,88.181,0.29%,76.49,75.37,76.5,74.7,1.99%,73.28,72.55,73.8,72.25,1.07%,66.59,65.599,66.598,65.501,1.60%,54.78,53.95,54.79,53.9,1.65%,316.4,173.92,7393.0,540.1,714.7,140.92,1370.0,163.18,1319.0,248.7,3241.63,3201.83,3246.09,3194.28,1144.25,1112.73,1145.76,1112.73,71.04000091552734,89.69569396972656,94.03700256347656
1092,2025-03-05,21.29,20.65,19.58,18.76,18.12,16.66,16.06,15.62,15.44,15.29,15.11,15.02,14.97,88.905,88.81,88.98,88.66,0.11%,76.73,76.49,76.86,76.07,0.31%,73.6,73.29,73.7,72.72,0.44%,66.799,66.6,66.981,65.88,0.31%,54.85,54.78,55.23,54.3,0.11%,313.56,170.95,7241.0,530.5,705.0,136.98,1334.8,158.72,1286.4,245.55,3263.62,3242.44,3282.15,3231.3,1145.05,1143.7,1158.55,1140.6,69.30000305175781,89.74787902832031,95.34590148925781
1093,2025-03-06,21.37,20.81,19.57,18.61,17.88,16.24,15.64,15.3,15.19,15.1,14.98,14.93,14.9,89.022,88.952,89.096,88.51,0.13%,76.91,76.6,77.14,75.88,0.24%,74.09,73.79,74.24,73.59,0.67%,67.091,66.799,67.2,66.516,0.44%,55.81,55.0,55.95,54.85,1.75%,315.18,172.93,7175.0,529.55,700.5,136.46,1370.0,160.64,1269.6,243.15,3207.7,3230.89,3234.26,3188.78,1128.13,1140.16,1140.16,1118.79,69.45999908447266,90.38959503173828,97.57779693603516
1094,2025-03-07,21.4,21.3,19.75,18.62,17.79,16.11,15.55,15.22,15.12,15.04,14.94,14.87,14.83,89.228,89.0,89.4,89.0,0.23%,77.14,76.91,77.5,76.73,0.29%,74.96,74.09,75.7,73.91,1.17%,67.654,67.199,68.0,66.967,0.84%,55.77,55.81,56.4,55.01,-0.06%,316.92,171.56,7225.0,528.8,693.0,135.7,1357.2,159.4,1287.0,242.0,3166.88,3229.51,3249.0,3160.45,1119.23,1131.17,1143.36,1116.95,70.36000061035156,89.00328826904297,95.99720001220703
1095,2025-03-10,21.45,21.05,19.7,18.65,17.82,15.96,15.27,14.91,14.86,14.84,14.81,14.8,14.81,89.344,89.228,89.499,89.0,0.13%,77.18,77.15,77.5,77.14,0.06%,74.77,74.98,75.7,74.6,-0.25%,67.675,67.654,68.398,67.24,0.03%,55.34,55.77,56.28,55.2,-0.76%,317.57,171.09,7185.0,527.3,683.6,137.14,1340.0,159.06,1285.0,239.75,3200.81,3224.63,3226.58,3195.24,1140.8,1123.22,1144.67,1123.22,69.27999877929688,87.95074462890625,95.5
1096,2025-03-11,21.16,21.15,19.8,18.77,17.97,16.22,15.57,15.18,15.07,14.97,14.88,14.83,14.81,89.05,89.397,89.598,89.03,-0.33%,76.71,77.2,77.29,76.18,-0.61%,74.53,74.7,75.01,74.01,-0.32%,67.381,68.025,68.026,67.047,-0.43%,55.14,55.71,55.92,54.94,-0.37%,319.69,170.42,7248.5,527.35,694.7,135.72,1342.6,158.22,1265.8,240.8,3200.95,3193.02,3215.06,3178.42,1164.84,1139.14,1165.54,1132.83,69.55999755859375,87.62010955810547,94.96739959716797
1097,2025-03-12,21.21,21.13,19.8,18.77,17.97,16.2,15.51,15.07,14.92,14.81,14.7,14.64,14.6,89.145,89.344,89.344,89.05,0.11%,77.06,76.56,77.19,76.05,0.46%,74.92,74.49,74.98,74.0,0.52%,68.031,67.381,68.18,67.067,0.96%,55.67,55.14,55.84,54.96,0.97%,318.39,168.29,7205.0,533.7,694.1,134.0,1330.2,156.96,1255.0,240.35,3183.97,3185.44,3194.93,3160.01,1157.95,1164.12,1164.12,1149.95,70.94999694824219,85.62406921386719,93.44450378417969
1098,2025-03-13,21.18,21.53,20.01,18.88,18.03,16.24,15.6,15.18,15.03,14.91,14.79,14.72,14.67,89.223,89.159,89.55,89.05,0.09%,77.58,77.2,78.0,76.5,0.68%,74.74,74.8,74.92,74.0,-0.23%,67.908,68.031,68.382,67.2,-0.18%,55.5,55.81,55.84,55.15,-0.31%,316.37,168.11,7130.0,528.15,710.3,131.9,1316.2,156.16,1263.8,244.7,3121.57,3149.33,3160.37,3100.06,1135.27,1154.86,1154.86,1127.43,69.87999725341797,87.1458511352539,94.86000061035156
1099,2025-03-14,21.5,21.35,19.82,18.66,17.77,15.88,15.24,14.92,14.85,14.78,14.72,14.68,14.65,89.769,89.399,89.88,89.071,0.61%,77.79,77.81,77.81,77.27,0.26%,74.97,74.74,74.99,74.01,0.31%,68.482,67.908,68.584,67.635,0.85%,55.63,55.6,55.75,55.26,0.23%,320.51,170.45,7149.5,530.6,715.8,130.54,1301.0,155.56,1276.2,246.45,3195.08,3158.4,3200.36,3135.0,1176.26,1144.24,1176.26,1140.16,70.58000183105469,86.24547576904297,93.61859893798828
1100,2025-03-17,21.41,21.26,19.67,18.48,17.58,15.69,15.07,14.75,14.67,14.61,14.54,14.51,14.48,89.853,89.822,89.949,89.399,0.09%,78.14,77.79,78.8,77.18,0.46%,75.63,74.97,75.7,74.71,0.87%,68.666,68.484,69.626,67.804,0.27%,56.3,55.67,56.5,55.63,1.20%,326.02,172.73,7222.5,539.55,714.8,134.06,1349.0,161.4,1290.0,247.6,3245.19,3249.15,3257.33,3213.42,1212.61,1185.84,1213.69,1183.01,71.06999969482422,84.54794311523438,92.0
1101,2025-03-18,21.4,21.61,19.68,18.29,17.28,15.34,14.8,14.61,14.58,14.53,14.49,14.48,14.47,90.071,89.853,90.1,89.551,0.24%,78.11,78.14,78.46,77.9,-0.04%,75.67,75.63,76.05,75.46,0.05%,68.724,68.71,68.99,68.501,0.08%,56.45,56.3,56.69,56.2,0.27%,324.06,168.52,7183.0,535.45,705.0,132.08,1336.2,158.08,1302.2,243.2,3257.49,3263.17,3280.09,3227.47,1259.09,1213.62,1267.16,1212.3,70.55999755859375,83.44552612304688,91.11000061035156
1102,2025-03-19,21.45,21.68,19.8,18.43,17.44,15.52,14.94,14.68,14.6,14.52,14.45,14.42,14.42,90.158,89.999,90.2,89.355,0.10%,78.2,78.0,78.32,77.87,0.12%,76.1,75.76,76.26,75.52,0.57%,69.113,68.766,69.2,68.5,0.57%,56.95,56.49,57.06,56.31,0.89%,325.3,168.33,7221.0,535.9,699.9,132.04,1332.0,159.14,1322.2,242.75,3229.79,3213.51,3236.47,3192.85,1228.09,1257.4,1257.4,1226.89,70.77999877929688,81.74739837646484,89.42430114746094
1103,2025-03-20,21.45,21.16,19.26,17.96,17.07,15.49,15.04,14.77,14.67,14.57,14.47,14.42,14.4,90.035,90.172,90.19,89.77,-0.14%,77.93,78.11,78.7,77.82,-0.34%,75.62,76.1,76.89,75.56,-0.63%,68.931,69.199,69.397,68.75,-0.26%,56.85,56.95,57.38,56.8,-0.18%,324.05,168.09,7293.5,536.85,688.6,131.16,1322.8,159.36,1316.0,240.4,3223.14,3238.0,3240.5,3180.46,1203.1,1228.57,1232.16,1201.94,72.0,83.98011779785156,91.65170288085938
1104,2025-03-21,21.48,21.01,19.38,18.22,17.4,15.8,15.27,14.93,14.78,14.65,14.51,14.46,14.43,89.85,90.035,90.189,89.75,-0.21%,77.78,78.0,78.0,77.4,-0.20%,75.17,75.92,76.09,75.1,-0.60%,68.418,68.85,69.192,68.2,-0.74%,56.25,56.84,57.02,56.17,-1.06%,323.26,166.61,7346.5,534.6,693.9,129.8,1311.0,157.02,1305.8,239.1,3191.61,3218.29,3237.19,3191.61,1187.89,1202.27,1208.34,1187.89,72.16000366210938,84.92083740234375,92.19770050048828
1105,2025-03-24,21.58,20.88,19.44,18.4,17.63,16.09,15.56,15.2,15.02,14.86,14.72,14.66,14.63,89.702,89.861,89.999,89.701,-0.16%,76.99,78.2,78.2,76.88,-1.02%,74.35,75.68,75.9,74.27,-1.09%,67.6,68.518,68.987,67.4,-1.20%,55.58,56.25,57.11,55.46,-1.19%,319.47,164.56,7291.0,521.4,686.6,125.88,1259.8,154.44,1283.4,237.5,3178.66,3201.66,3202.62,3171.13,1193.88,1187.75,1195.2,1180.26,73.0,84.31856536865234,90.8499984741211
1106,2025-03-25,21.54,21.07,19.65,18.6,17.83,16.25,15.68,15.26,15.06,14.87,14.71,14.65,14.62,89.762,89.702,89.837,89.571,0.07%,76.93,77.43,77.43,76.81,-0.06%,74.7,74.43,74.94,74.02,0.47%,67.83,67.699,67.996,67.3,0.34%,55.9,55.84,55.99,55.12,0.58%,319.8,164.46,7265.0,521.7,697.9,129.58,1279.6,154.46,1315.8,238.65,3164.62,3186.87,3194.43,3122.61,1184.1,1193.93,1199.8,1168.38,73.0199966430664,83.87203979492188,90.60780334472656
1107,2025-03-26,21.53,21.09,19.61,18.57,17.82,16.35,15.82,15.39,15.19,15.01,14.87,14.82,14.79,89.514,89.84,89.84,89.5,-0.28%,76.48,77.58,77.58,76.48,-0.59%,73.88,74.7,75.0,73.72,-1.09%,67.198,67.981,67.981,67.0,-0.93%,55.26,55.9,56.04,55.23,-1.15%,315.23,161.85,7185.0,513.75,684.5,125.8,1245.8,149.1,1286.8,235.0,3146.31,3195.03,3200.02,3143.65,1177.05,1184.57,1197.34,1176.06,73.79000091552734,84.62159729003906,91.2791976928711
1108,2025-03-27,21.47,21.25,19.74,18.67,17.91,16.41,15.89,15.51,15.31,15.1,14.91,14.83,14.81,89.45,89.406,89.507,89.2,-0.07%,76.47,76.62,76.85,75.9,-0.02%,73.86,74.5,74.6,73.42,-0.03%,66.904,67.198,67.698,66.541,-0.44%,54.53,55.25,55.3,54.52,-1.30%,311.96,155.25,7108.5,502.4,675.9,122.98,1199.2,143.1,1277.6,231.0,3083.99,3120.47,3124.32,3076.04,1158.86,1176.73,1176.73,1150.81,74.02999877929688,84.07198333740234,90.30509948730469
1109,2025-03-28,21.06,21.47,19.92,18.83,18.07,16.56,16.0,15.55,15.36,15.2,15.08,15.03,14.98,89.323,89.514,89.514,89.2,-0.14%,76.5,76.82,76.9,75.73,0.04%,73.51,73.45,74.16,73.12,-0.48%,66.633,66.754,66.997,66.5,-0.41%,54.65,54.53,54.88,54.25,0.20%,308.04,145.43,7064.5,496.75,687.6,121.56,1153.2,142.26,1240.2,224.3,3025.65,3055.81,3082.26,3001.62,1139.02,1156.44,1158.21,1127.91,73.62999725341797,84.49272155761719,91.26529693603516
1110,2025-03-31,21.45,21.52,20.04,18.98,18.2,16.66,16.11,15.72,15.53,15.33,15.14,15.07,15.05,89.6,89.325,89.6,88.808,0.31%,76.37,76.55,76.55,76.06,-0.17%,73.18,73.5,73.73,72.89,-0.45%,66.355,66.633,66.893,66.006,-0.42%,54.16,54.65,55.0,53.86,-0.89%,309.72,145.69,7026.5,490.5,673.3,123.3,1188.0,144.58,1216.6,227.2,3013.36,3008.6,3031.6,2970.94,1110.31,1134.67,1141.26,1106.91,74.73999786376953,82.61974334716797,89.44000244140625
1111,2025-04-01,21.49,21.5,20.17,19.15,18.37,16.62,15.97,15.54,15.38,15.22,15.09,15.03,14.99,89.3,89.6,89.6,89.279,-0.33%,76.14,76.37,76.51,76.14,-0.30%,72.96,73.18,73.5,72.9,-0.29%,66.302,66.369,66.658,66.25,-0.08%,54.24,54.16,54.6,54.16,0.15%,303.24,137.5,6905.0,474.6,653.5,120.8,1137.0,140.24,1160.4,221.15,2964.43,3032.41,3044.23,2952.04,1100.33,1112.31,1121.68,1087.71,74.48999786376953,82.99401092529297,89.78790283203125
1112,2025-04-02,21.54,21.59,20.17,19.11,18.31,16.63,16.06,15.67,15.48,15.32,15.18,15.13,15.09,89.567,89.106,89.65,89.106,0.30%,76.0,76.16,76.43,75.79,-0.18%,72.98,72.96,73.18,72.85,0.03%,66.1,66.838,66.838,65.65,-0.30%,54.23,54.24,54.55,53.92,-0.02%,306.11,139.23,6978.0,477.9,673.2,120.1,1161.2,143.58,1225.8,222.15,2926.39,2919.67,2958.4,2917.94,1090.31,1095.78,1098.1,1083.08,74.94999694824219,84.49504089355469,91.21620178222656
1113,2025-04-03,21.55,21.66,20.22,19.17,18.39,16.84,16.36,16.01,15.78,15.56,15.4,15.34,15.33,89.339,89.567,89.698,89.208,-0.25%,75.25,76.1,76.5,75.11,-0.98%,72.34,72.95,73.16,72.12,-0.87%,65.66,66.297,66.539,65.512,-0.67%,53.5,54.23,54.43,53.3,-1.33%,302.09,134.54,6802.0,462.8,649.4,116.42,1122.2,138.2,1223.8,219.75,2859.58,2957.64,2972.49,2853.76,1067.55,1095.87,1107.48,1065.38,70.13999938964844,84.25365447998047,91.87650299072266
1114,2025-04-04,21.55,21.57,20.28,19.3,18.57,17.04,16.54,16.18,15.96,15.76,15.6,15.55,15.53,89.354,89.339,89.39,89.205,0.02%,75.26,75.25,75.68,74.8,0.01%,71.74,72.35,72.75,71.5,-0.83%,65.004,65.697,65.921,64.8,-1.00%,52.78,53.55,53.9,52.62,-1.35%,285.35,126.7,6445.5,441.3,618.2,110.9,1081.4,129.28,1145.4,209.05,2781.97,2886.61,2902.62,2778.43,1039.88,1069.78,1083.62,1038.55,65.58000183105469,83.9219741821289,92.67420196533203
1115,2025-04-07,21.66,21.27,20.22,19.4,18.74,17.24,16.7,16.36,16.2,16.04,15.9,15.84,15.81,89.104,89.3,89.354,89.007,-0.28%,75.2,75.26,75.37,73.63,-0.08%,71.19,71.74,71.74,70.07,-0.77%,64.181,65.0,65.0,63.25,-1.27%,51.88,52.7,52.75,51.4,-1.72%,287.56,125.57,6349.5,450.7,636.3,111.32,1053.4,124.64,1112.6,204.6,2729.89,2648.09,2791.28,2646.7,997.78,1004.47,1043.36,989.32,64.20999908447266,83.73799133300781,92.0
1116,2025-04-08,21.29,21.47,20.04,19.03,18.3,16.9,16.47,16.16,15.98,15.79,15.63,15.58,15.57,89.222,89.05,89.55,88.826,0.13%,75.09,75.2,76.11,74.76,-0.14%,71.5,71.27,72.15,71.2,0.44%,64.29,64.222,65.1,63.804,0.17%,52.3,52.1,52.93,51.9,0.81%,282.03,121.91,6283.5,429.0,621.1,106.8,992.8,121.0,1048.8,202.1,2746.41,2775.78,2780.46,2727.98,1012.33,999.9,1018.77,997.08,62.81999969482422,86.14550018310547,94.02519989013672
1117,2025-04-09,21.5,21.25,20.12,19.29,18.67,17.38,16.91,16.54,16.34,16.13,15.95,15.88,15.87,89.39,89.2,89.39,88.91,0.19%,75.19,75.26,76.08,74.4,0.13%,71.58,71.4,71.91,70.1,0.11%,64.6,64.249,64.6,63.405,0.48%,52.4,52.3,52.56,51.4,0.20%,293.4,127.76,6507.0,446.0,638.2,116.08,1058.6,128.08,1102.0,216.05,2650.69,2689.77,2707.15,2598.85,969.92,1002.61,1002.61,957.94,65.4800033569336,85.84398651123047,94.25669860839844
1118,2025-04-10,21.53,21.18,20.07,19.24,18.61,17.25,16.72,16.26,16.02,15.78,15.59,15.53,15.5,89.065,89.279,89.426,88.825,-0.36%,75.15,75.2,75.77,74.95,-0.06%,71.51,71.88,72.83,71.08,-0.10%,64.602,64.695,64.9,64.1,0.00%,52.45,52.5,52.64,51.95,0.09%,292.46,127.77,6375.5,438.0,655.8,114.04,1022.4,128.12,1062.0,217.8,2764.28,2790.31,2801.19,2742.48,1024.29,997.69,1029.23,997.69,63.33000183105469,86.12574768066406,94.31759643554688
1119,2025-04-11,21.54,21.18,19.99,19.1,18.44,17.03,16.45,15.96,15.73,15.52,15.35,15.27,15.21,89.32,88.944,89.55,88.831,0.29%,75.65,75.22,75.8,74.66,0.66%,72.62,71.71,72.82,71.26,1.55%,65.75,64.602,65.789,64.602,1.78%,53.44,52.5,53.48,52.45,1.89%,299.81,132.91,6508.0,450.9,686.9,117.1,1058.6,135.06,1115.0,219.8,2829.92,2825.03,2839.28,2800.69,1061.24,1033.26,1063.08,1033.26,64.76000213623047,83.48717498779297,94.01200103759766
1120,2025-04-14,21.5,21.0,19.95,19.14,18.51,17.06,16.42,15.89,15.65,15.45,15.26,15.16,15.1,89.117,89.491,89.548,89.0,-0.23%,75.8,75.65,75.98,75.08,0.20%,72.42,72.78,72.99,72.2,-0.28%,65.609,65.799,66.23,65.405,-0.21%,53.54,53.44,53.8,53.25,0.19%,296.5,132.05,6474.0,449.3,686.4,114.5,1035.0,131.34,1115.6,215.5,2819.69,2848.99,2856.63,2806.95,1073.21,1062.59,1079.22,1052.63,64.87999725341797,83.97508239746094,95.25
1121,2025-04-15,21.28,21.13,19.93,19.05,18.4,17.02,16.47,16.02,15.83,15.66,15.49,15.41,15.37,89.189,89.0,89.486,88.949,0.08%,75.86,75.98,76.22,75.5,0.08%,72.36,72.43,72.85,72.25,-0.08%,65.5,65.788,66.0,65.2,-0.17%,53.49,53.54,53.78,53.41,-0.09%,297.99,131.6,6466.0,452.05,684.1,112.2,1042.0,130.56,1159.0,215.5,2805.55,2824.64,2836.0,2788.26,1073.88,1075.23,1079.42,1061.25,64.66999816894531,82.24932861328125,93.25350189208984
1122,2025-04-16,20.97,21.27,19.92,18.96,18.27,16.86,16.32,15.89,15.7,15.53,15.38,15.3,15.26,88.862,89.189,89.2,88.773,-0.37%,76.4,76.15,76.5,75.62,0.71%,72.96,72.36,73.3,72.3,0.83%,65.743,65.5,65.899,65.2,0.37%,54.2,53.59,54.35,53.28,1.32%,300.8,132.0,6515.0,452.25,685.9,113.04,1041.4,131.8,1190.2,215.75,2861.83,2801.01,2870.39,2790.7,1091.59,1074.29,1094.86,1068.2,65.8499984741211,83.5453872680664,94.3489990234375
1123,2025-04-17,20.66,21.15,19.66,18.66,17.98,16.75,16.28,15.87,15.68,15.54,15.44,15.4,15.39,88.961,88.863,89.19,88.8,0.11%,76.73,76.4,77.11,76.3,0.43%,73.24,72.91,73.61,72.91,0.39%,66.17,65.522,66.23,65.501,0.65%,54.45,54.2,54.6,54.11,0.46%,304.8,136.79,6719.0,478.7,694.0,115.56,1062.0,134.28,1219.8,217.15,2865.32,2863.2,2884.76,2844.33,1100.51,1092.92,1101.09,1087.64,67.95999908447266,82.9946060180664,94.5886001586914
1124,2025-04-18,20.65,20.78,19.77,19.01,18.41,17.07,16.48,16.0,15.79,15.62,15.46,15.38,15.33,88.762,89.172,89.172,88.61,-0.22%,76.3,76.72,77.25,76.1,-0.56%,72.64,73.29,73.57,72.15,-0.82%,65.53,66.17,66.229,65.1,-0.97%,53.9,54.48,54.48,53.47,-1.00%,300.01,134.77,6629.5,476.85,693.4,111.62,1022.4,130.84,1193.0,214.35,2872.77,2881.79,2892.01,2825.41,1115.38,1103.33,1116.48,1085.18,67.95999908447266,82.9946060180664,94.5886001586914
1125,2025-04-21,20.67,20.88,19.83,19.03,18.41,17.02,16.42,15.92,15.7,15.5,15.32,15.23,15.17,88.898,88.999,89.0,88.603,0.15%,76.57,76.3,77.03,76.3,0.35%,72.85,72.64,73.2,72.6,0.29%,65.891,65.942,66.23,65.38,0.55%,54.26,54.0,54.47,53.6,0.67%,308.12,139.53,6732.5,482.0,706.6,113.92,1040.6,131.86,1237.0,216.8,2922.46,2881.23,2929.91,2880.01,1139.97,1117.19,1140.34,1117.19,66.26000213623047,82.9946060180664,94.5886001586914
1126,2025-04-22,20.65,21.04,19.78,18.87,18.21,16.84,16.3,15.88,15.69,15.53,15.37,15.3,15.26,88.938,88.931,89.0,88.812,0.04%,77.25,76.83,77.45,76.38,0.89%,73.3,72.99,73.49,72.75,0.61%,66.198,65.891,66.2,65.682,0.47%,54.51,54.26,54.63,54.01,0.44%,312.25,145.0,6764.0,482.65,703.5,116.7,1093.0,136.02,1244.8,216.4,2954.49,2945.13,2954.49,2914.37,1142.53,1142.4,1151.85,1136.81,67.44000244140625,81.17516326904297,93.4469985961914
1127,2025-04-23,20.69,21.15,19.76,18.81,18.14,16.86,16.35,15.93,15.74,15.59,15.49,15.45,15.42,89.144,88.999,89.196,88.7,0.23%,76.61,77.25,77.25,76.21,-0.83%,73.08,73.29,73.34,72.82,-0.30%,66.0,65.9,66.227,65.663,-0.30%,54.39,54.51,54.7,54.02,-0.22%,310.0,143.38,6743.0,471.4,693.7,114.44,1062.4,133.06,1235.4,215.95,2943.23,2929.78,2946.43,2900.32,1125.72,1138.98,1138.98,1118.96,66.12000274658203,81.51790618896484,92.52690124511719
1128,2025-04-24,20.77,20.88,19.77,18.94,18.32,16.98,16.38,15.86,15.62,15.44,15.28,15.21,15.17,88.915,89.199,89.296,88.898,-0.26%,76.4,76.62,76.84,76.1,-0.28%,73.08,73.06,73.29,72.84,0.00%,66.191,66.198,66.22,65.8,0.29%,54.75,54.39,54.75,54.39,0.67%,310.16,144.29,6683.5,469.9,690.5,113.84,1071.4,133.36,1249.0,216.35,2944.43,2961.81,2973.99,2934.79,1119.49,1130.0,1137.48,1115.85,66.55000305175781,82.99446105957031,94.01820373535156
1129,2025-04-25,20.77,20.83,19.7,18.86,18.24,16.87,16.28,15.77,15.54,15.39,15.27,15.21,15.17,89.285,89.248,89.299,88.921,0.42%,76.54,76.69,77.04,76.1,0.18%,73.38,73.11,73.6,72.9,0.41%,66.352,66.191,66.832,66.001,0.24%,54.5,54.77,56.0,54.22,-0.46%,316.69,150.23,6856.5,480.0,719.5,117.7,1106.4,135.76,1314.6,218.9,3006.14,2962.11,3009.48,2956.8,1145.73,1120.88,1147.0,1120.88,66.87000274658203,83.19823455810547,94.60430145263672
1130,2025-04-28,20.62,20.74,19.44,18.56,17.95,16.79,16.31,15.87,15.67,15.55,15.46,15.42,15.4,88.937,89.28,89.29,88.846,-0.39%,76.24,76.54,76.54,76.05,-0.39%,73.05,73.38,73.59,72.7,-0.46%,66.021,66.352,66.572,65.75,-0.50%,54.32,54.49,54.97,54.1,-0.33%,314.23,153.27,6827.0,473.95,725.4,117.3,1081.2,134.04,1266.2,220.05,3034.3,3009.92,3053.15,2979.14,1157.98,1144.84,1163.64,1135.44,65.86000061035156,82.73937225341797,93.8582992553711
1131,2025-04-29,20.72,20.96,19.78,18.94,18.34,17.1,16.57,16.1,15.88,15.73,15.62,15.57,15.54,88.81,88.946,89.166,88.706,-0.14%,75.91,76.47,76.48,75.59,-0.43%,72.45,73.27,73.27,72.0,-0.82%,65.45,66.021,66.338,65.309,-0.86%,53.88,54.51,54.8,53.74,-0.81%,309.41,149.25,6725.0,457.95,723.1,113.62,1033.6,130.24,1214.6,217.35,2957.66,2994.64,2998.68,2955.18,1142.36,1155.58,1155.58,1132.4,64.25,82.64576721191406,94.28559875488281
1132,2025-04-30,20.74,20.33,19.4,18.71,18.19,17.06,16.53,16.04,15.81,15.63,15.49,15.43,15.41,88.869,88.832,89.029,88.546,0.07%,76.09,75.91,76.25,75.7,0.23%,72.35,72.24,72.51,72.0,-0.14%,65.713,65.425,65.839,65.404,0.40%,54.1,53.88,54.39,53.75,0.41%,307.8,149.89,6684.0,454.5,714.9,114.38,1054.0,130.28,1186.8,216.3,2918.47,2923.86,2954.21,2887.83,1128.17,1139.27,1141.03,1115.39,63.119998931884766,81.99578857421875,93.38089752197266
1133,2025-05-01,20.74,20.33,19.4,18.71,18.19,17.06,16.53,16.04,15.81,15.63,15.49,15.43,15.41,88.869,88.832,89.029,88.546,0.07%,76.09,75.91,76.25,75.7,0.23%,72.35,72.24,72.51,72.0,-0.14%,65.713,65.425,65.839,65.404,0.40%,54.1,53.88,54.39,53.75,0.41%,307.8,149.89,6684.0,454.5,714.9,114.38,1054.0,130.28,1186.8,216.3,2918.47,2923.86,2954.21,2887.83,1128.17,1139.27,1141.03,1115.39,62.130001068115234,82.01812744140625,92.88020324707031
1134,2025-05-02,20.74,20.67,19.53,18.76,18.23,17.28,16.86,16.35,16.03,15.79,15.65,15.64,15.66,88.775,88.987,89.054,88.506,-0.11%,75.29,76.36,76.36,75.15,-1.05%,71.61,72.63,72.63,71.35,-1.02%,65.241,65.711,65.712,65.03,-0.72%,53.67,54.34,54.37,53.67,-0.79%,299.96,138.89,6504.0,435.7,698.9,109.0,1016.0,125.86,1110.8,209.1,2836.7,2872.87,2877.83,2835.04,1096.56,1125.24,1125.24,1095.92,61.290000915527344,82.22724914550781,92.88020324707031
1135,2025-05-05,20.65,20.88,19.9,19.18,18.64,17.52,16.97,16.41,16.12,15.89,15.73,15.68,15.66,88.964,88.974,88.976,88.553,0.21%,74.89,75.29,75.29,74.61,-0.53%,71.19,71.61,72.0,71.09,-0.59%,64.898,65.243,65.609,64.701,-0.53%,53.39,53.66,53.97,53.23,-0.52%,294.64,135.09,6335.5,426.7,680.0,107.26,992.8,123.3,1077.8,208.3,2738.8,2810.36,2821.54,2731.74,1053.28,1094.79,1094.79,1050.57,60.22999954223633,81.91653442382812,92.75
1136,2025-05-06,20.57,20.88,19.7,18.89,18.34,17.33,16.9,16.43,16.16,15.96,15.84,15.82,15.83,88.937,88.964,89.145,88.653,-0.03%,75.35,74.92,75.35,74.7,0.62%,71.76,71.19,71.76,71.11,0.80%,65.016,64.898,65.564,64.45,0.18%,53.43,53.48,53.54,52.96,0.08%,302.02,137.71,6373.5,430.25,685.0,107.7,1007.8,126.18,1124.8,212.85,2820.07,2740.17,2826.61,2738.5,1097.25,1054.44,1099.8,1053.17,62.150001525878906,80.49713897705078,91.06439971923828
1137,2025-05-07,20.67,20.54,19.64,18.95,18.41,17.19,16.62,16.14,15.92,15.75,15.61,15.54,15.49,88.989,89.038,89.14,88.908,0.06%,76.69,75.34,77.23,74.67,1.78%,72.4,71.76,72.78,71.43,0.90%,65.693,65.016,66.02,64.861,1.04%,53.8,53.43,53.84,53.25,0.69%,302.79,139.9,6458.5,438.0,691.6,108.86,1013.0,126.28,1149.0,215.4,2833.09,2807.12,2845.14,2790.14,1103.72,1095.75,1108.42,1085.61,61.119998931884766,81.49191284179688,92.43219757080078
1138,2025-05-08,20.67,20.29,19.04,18.23,17.7,16.81,16.41,16.02,15.83,15.72,15.66,15.64,15.64,89.145,88.989,89.15,88.7,0.18%,76.65,76.36,77.21,76.32,-0.05%,72.68,72.4,72.9,72.12,0.38%,66.002,65.712,66.249,65.698,0.47%,54.13,53.8,54.19,53.7,0.61%,302.15,142.9,6535.0,443.9,696.8,111.6,1015.0,126.88,1160.0,215.1,2850.93,2864.76,2873.66,2834.59,1110.68,1109.83,1119.53,1104.31,62.84000015258789,80.62101745605469,91.14689636230469
1139,2025-05-09,20.67,20.29,19.04,18.23,17.7,16.81,16.41,16.02,15.83,15.72,15.66,15.64,15.64,89.145,88.989,89.15,88.7,0.18%,76.65,76.36,77.21,76.32,-0.05%,72.68,72.4,72.9,72.12,0.38%,66.002,65.712,66.249,65.698,0.47%,54.13,53.8,54.19,53.7,0.61%,302.15,142.9,6535.0,443.9,696.8,111.6,1015.0,126.88,1160.0,215.1,2850.93,2864.76,2873.66,2834.59,1110.68,1109.83,1119.53,1104.31,63.90999984741211,82.49641418457031,92.58159637451172
1140,2025-05-12,20.67,20.54,19.42,18.63,18.06,16.92,16.44,16.02,15.84,15.71,15.62,15.58,15.57,89.14,89.145,89.39,88.956,-0.01%,76.5,76.65,77.57,76.45,-0.20%,72.77,72.65,73.35,72.61,0.13%,66.125,66.002,67.319,65.8,0.19%,54.3,54.13,54.82,54.1,0.33%,310.81,146.73,6775.0,456.4,720.9,114.48,1047.6,130.38,1200.6,220.65,2930.17,2936.83,2947.07,2904.77,1141.16,1122.26,1148.13,1122.26,64.95999908447266,82.63175201416016,92.80000305175781
1141,2025-05-13,20.67,20.53,19.35,18.56,18.02,17.02,16.59,16.19,15.99,15.84,15.75,15.72,15.72,89.031,89.3,89.3,88.954,-0.12%,76.23,76.5,77.32,76.12,-0.36%,72.4,72.81,73.18,72.3,-0.50%,65.525,66.152,66.359,65.11,-0.91%,53.8,54.35,54.73,53.61,-0.93%,311.24,145.64,6773.0,455.85,715.8,112.98,1046.6,128.74,1197.2,219.3,2935.53,2941.74,2941.93,2911.05,1148.05,1143.38,1148.05,1133.72,66.62999725341797,80.99641418457031,89.86509704589844
1142,2025-05-14,20.87,20.76,19.6,18.77,18.17,16.92,16.42,16.02,15.86,15.74,15.62,15.55,15.51,88.868,89.052,89.291,88.851,-0.18%,76.3,76.07,76.8,76.07,0.09%,72.3,72.7,72.7,72.04,-0.14%,65.052,65.525,65.939,65.052,-0.72%,53.93,53.8,54.4,53.7,0.24%,304.21,141.74,6699.5,438.8,700.5,110.6,1029.0,125.48,1144.2,215.65,2924.21,2917.17,2946.37,2909.54,1148.28,1145.6,1152.29,1137.89,66.08999633789062,79.84282684326172,89.30940246582031
1143,2025-05-15,20.93,20.71,19.56,18.75,18.17,17.01,16.54,16.13,15.95,15.83,15.74,15.71,15.69,88.922,88.906,89.248,88.85,0.06%,76.53,76.8,76.86,76.0,0.29%,72.47,72.2,72.72,72.03,0.24%,65.465,65.481,65.692,65.35,0.63%,54.05,54.3,54.3,53.86,0.22%,304.72,139.44,6612.0,442.15,695.7,110.52,1031.2,126.42,1148.4,218.8,2840.05,2875.03,2877.46,2823.19,1113.98,1143.33,1143.33,1108.61,64.52999877929688,80.37244415283203,89.87249755859375
1144,2025-05-16,20.92,20.38,19.32,18.56,18.02,16.93,16.47,16.08,15.9,15.79,15.7,15.67,15.65,88.969,89.229,89.229,88.854,0.05%,76.63,76.53,76.88,76.06,0.13%,72.49,72.66,72.69,72.35,0.02%,65.773,65.062,66.15,65.062,0.47%,54.1,54.0,54.28,53.73,0.10%,306.34,139.1,6605.0,439.85,699.0,110.6,1027.2,126.06,1149.8,216.55,2840.34,2848.05,2876.67,2781.0,1107.81,1114.79,1128.35,1090.82,65.41000366210938,79.99535369873047,89.533203125
1145,2025-05-19,20.9,20.05,18.99,18.27,17.77,16.82,16.38,15.98,15.8,15.69,15.62,15.6,15.6,88.994,88.969,89.342,88.91,0.03%,76.85,76.7,77.25,76.63,0.29%,72.93,72.49,73.1,72.03,0.62%,65.952,65.774,66.38,65.623,0.27%,54.53,54.1,54.86,53.9,0.80%,308.33,139.72,6636.5,439.0,703.9,109.92,1025.4,126.92,1157.2,216.65,2882.63,2879.77,2893.56,2862.6,1129.27,1108.45,1131.62,1108.45,65.54000091552734,80.00536346435547,89.5
1146,2025-05-20,20.87,20.34,19.36,18.62,18.07,16.86,16.37,16.01,15.87,15.77,15.64,15.57,15.53,89.167,89.199,89.2,89.001,0.19%,77.15,76.85,77.35,76.61,0.39%,72.79,72.93,73.11,72.62,-0.20%,65.942,65.952,66.107,65.756,-0.02%,54.2,54.53,54.74,53.92,-0.61%,306.16,137.1,6584.0,432.3,690.9,107.82,1008.2,124.32,1141.0,219.9,2823.42,2859.26,2862.0,2823.42,1107.54,1126.19,1126.19,1107.54,65.37999725341797,80.74639129638672,90.70040130615234
1147,2025-05-21,20.86,20.49,19.62,18.94,18.39,17.05,16.42,15.97,15.84,15.76,15.63,15.55,15.49,89.302,89.167,89.343,89.112,0.15%,77.16,77.3,77.4,76.55,0.02%,72.92,72.79,72.93,72.51,0.18%,65.828,65.996,66.062,65.5,-0.17%,54.07,54.3,54.44,53.91,-0.25%,303.98,136.5,6604.5,429.35,691.4,105.56,1002.6,124.04,1143.8,216.05,2809.58,2833.08,2844.04,2806.38,1109.77,1108.97,1117.97,1104.77,64.91000366210938,80.62069702148438,90.9990005493164
1148,2025-05-22,20.83,20.46,19.45,18.68,18.08,16.73,16.2,15.89,15.83,15.8,15.72,15.67,15.65,89.173,89.302,89.303,89.007,-0.14%,77.55,77.16,77.57,76.52,0.51%,72.82,72.92,72.92,72.5,-0.14%,66.04,65.264,66.113,65.264,0.32%,53.85,54.2,54.3,53.8,-0.39%,302.66,130.87,6528.0,423.85,692.7,105.02,996.0,117.58,1106.6,217.15,2792.16,2784.81,2809.47,2756.04,1103.14,1103.75,1109.73,1088.63,64.44000244140625,79.88544464111328,90.51419830322266
1149,2025-05-23,20.79,20.54,19.66,18.95,18.36,16.86,16.18,15.78,15.75,15.77,15.75,15.73,15.73,89.349,89.2,89.443,89.059,0.20%,78.08,77.55,78.09,77.55,0.68%,72.97,72.82,73.01,72.69,0.21%,66.032,66.04,66.181,65.81,-0.01%,54.14,53.86,54.23,53.8,0.53%,302.22,131.13,6550.0,420.7,690.7,103.68,982.2,116.82,1077.6,214.5,2770.1,2779.56,2790.29,2762.67,1094.76,1101.89,1102.39,1091.48,64.77999877929688,79.6562271118164,89.88009643554688
1150,2025-05-26,20.71,20.4,19.35,18.58,18.01,16.82,16.35,16.05,15.97,15.92,15.86,15.84,15.83,89.173,89.349,89.871,89.051,-0.20%,77.3,78.0,78.0,77.03,-1.00%,72.54,73.01,73.01,72.45,-0.59%,65.526,66.029,66.46,65.35,-0.77%,53.81,54.14,54.3,53.7,-0.62%,297.77,125.52,6440.0,413.9,678.6,100.04,947.6,113.96,1031.8,210.1,2699.84,2735.78,2738.27,2699.84,1067.69,1090.11,1090.11,1067.69,64.77999877929688,78.43033599853516,89.19999694824219
1151,2025-05-27,20.75,20.19,19.21,18.48,17.94,16.79,16.36,16.08,15.99,15.93,15.83,15.78,15.77,89.29,89.299,89.349,89.16,0.13%,77.5,77.46,77.72,77.2,0.25%,72.49,72.54,72.93,72.45,-0.07%,65.559,65.426,65.808,65.3,0.05%,53.73,53.81,53.95,53.4,-0.14%,298.7,127.41,6486.0,413.65,680.1,101.34,951.8,114.62,1040.6,213.0,2736.75,2718.11,2740.05,2705.78,1082.85,1069.57,1084.15,1069.57,64.08999633789062,79.74639129638672,90.8124008178711
1152,2025-05-28,20.89,19.82,18.4,17.52,16.99,16.26,16.06,15.92,15.87,15.85,15.82,15.8,15.78,89.522,89.303,89.691,89.29,0.26%,77.87,77.43,78.2,77.0,0.49%,73.01,72.92,73.01,72.36,0.71%,66.049,65.779,66.065,65.469,0.75%,54.22,53.73,54.29,53.5,0.92%,308.47,131.95,6686.0,428.15,685.8,107.2,988.8,119.36,1113.0,217.1,2785.2,2754.0,2799.5,2747.96,1102.21,1082.97,1107.67,1082.97,64.9000015258789,80.24319458007812,90.972900390625
1153,2025-05-29,20.77,20.07,19.02,18.24,17.65,16.43,16.0,15.77,15.73,15.71,15.64,15.59,15.56,89.815,89.519,89.95,89.519,0.33%,78.16,77.62,78.37,77.61,0.37%,73.41,73.11,73.44,72.84,0.55%,66.33,66.058,66.59,65.901,0.43%,54.44,54.22,54.61,54.01,0.40%,306.65,129.42,6680.5,424.95,687.8,104.84,985.8,115.94,1078.2,214.0,2809.94,2811.66,2839.97,2800.93,1127.68,1109.57,1132.81,1108.43,64.1500015258789,79.8642578125,89.73310089111328
1154,2025-05-30,21.03,20.04,18.84,18.01,17.42,16.27,15.85,15.58,15.53,15.51,15.46,15.41,15.37,90.087,89.999,90.108,89.775,0.30%,78.18,78.16,78.88,77.9,0.02%,73.95,73.67,74.0,73.29,0.73%,66.921,66.1,66.993,66.1,0.89%,54.8,54.44,54.8,54.22,0.66%,309.3,132.26,6749.0,427.15,704.8,106.42,1004.8,117.18,1101.8,216.95,2828.83,2814.06,2837.85,2793.15,1133.52,1128.8,1138.88,1120.94,63.900001525878906,76.89337921142578,87.48660278320312
1155,2025-06-02,21.08,20.09,18.84,17.96,17.33,16.13,15.73,15.51,15.45,15.41,15.33,15.3,15.3,90.245,90.087,90.25,89.939,0.18%,78.59,78.19,78.6,77.64,0.52%,74.45,73.95,74.68,73.48,0.68%,67.31,66.999,67.518,66.697,0.58%,55.13,55.0,55.96,54.6,0.61%,309.63,129.87,6834.0,438.7,656.5,105.68,1008.2,117.44,1113.4,218.9,2829.67,2795.02,2830.55,2770.04,1126.53,1130.09,1130.09,1109.97,64.62999725341797,77.64775085449219,88.1500015258789
1156,2025-06-03,21.11,20.05,18.64,17.68,17.01,15.81,15.47,15.34,15.32,15.3,15.23,15.19,15.17,90.646,90.239,90.65,90.0,0.44%,79.25,78.95,79.25,78.39,0.84%,75.12,74.5,75.24,74.4,0.91%,68.28,67.31,68.309,67.164,1.44%,55.08,55.2,55.38,54.72,-0.10%,313.55,130.56,6473.0,444.15,661.7,110.4,1052.2,120.0,1132.0,227.9,2834.06,2817.23,2835.39,2807.63,1132.19,1119.34,1132.73,1117.76,65.62999725341797,79.2457275390625,90.75659942626953
1157,2025-06-04,20.79,19.98,18.67,17.74,17.06,15.76,15.37,15.2,15.17,15.15,15.07,15.01,15.02,90.742,90.75,90.869,90.491,0.11%,79.36,79.3,80.0,79.04,0.14%,75.93,75.25,75.95,75.0,1.08%,68.874,68.29,69.095,68.29,0.87%,55.15,55.07,55.63,54.9,0.13%,313.23,129.58,6431.5,435.45,656.7,111.38,1052.2,119.34,1105.0,226.35,2836.64,2854.36,2871.78,2825.52,1138.31,1134.17,1147.26,1129.52,64.86000061035156,78.97001647949219,89.89669799804688
1158,2025-06-05,20.79,19.59,18.19,17.28,16.68,15.67,15.39,15.23,15.17,15.09,14.99,14.94,14.94,90.699,90.742,90.959,90.5,-0.05%,79.26,79.36,79.71,78.97,-0.12%,75.68,75.95,76.0,75.51,-0.33%,68.42,69.0,69.1,67.592,-0.66%,55.32,55.24,55.49,54.96,0.32%,317.96,129.48,6453.0,437.9,654.3,109.82,1049.2,120.2,1112.8,231.9,2856.61,2853.2,2858.23,2837.61,1137.28,1139.49,1146.98,1134.87,65.33999633789062,79.24608612060547,90.51290130615234
1159,2025-06-06,20.6,19.28,18.11,17.35,16.84,15.96,15.65,15.43,15.35,15.3,15.22,15.18,15.18,90.471,90.986,90.986,90.149,-0.25%,78.52,79.27,80.28,78.15,-0.94%,74.71,75.85,76.19,74.45,-1.28%,67.677,68.475,69.264,67.5,-1.09%,54.74,55.32,56.17,54.25,-1.05%,313.13,125.56,6344.5,429.2,639.1,108.2,1016.8,117.0,1069.4,225.6,2786.16,2856.63,2910.52,2784.0,1108.63,1137.5,1158.74,1107.76,66.47000122070312,77.2464828491211,88.46920013427734
1160,2025-06-09,19.72,19.46,18.38,17.62,17.08,16.03,15.64,15.35,15.25,15.16,15.06,15.01,14.99,90.299,90.301,90.477,90.15,-0.19%,78.9,78.59,79.0,77.61,0.48%,74.95,74.74,74.95,73.41,0.31%,67.809,67.677,68.174,66.806,0.20%,55.3,54.74,55.5,54.43,1.02%,311.17,123.5,6249.0,425.75,640.2,110.7,987.2,114.04,1043.4,224.05,2737.76,2767.94,2778.4,2733.75,1089.59,1106.44,1106.44,1087.77,67.04000091552734,78.52338409423828,89.6500015258789
1161,2025-06-10,19.8,19.75,18.52,17.63,16.99,15.73,15.33,15.15,15.12,15.1,15.04,15.0,14.99,90.688,90.301,90.832,90.209,0.43%,79.82,78.76,79.84,78.68,1.17%,75.56,75.44,75.92,74.84,0.82%,68.409,67.81,68.468,67.775,0.88%,55.54,55.3,55.65,55.3,0.43%,308.68,122.8,6195.5,411.15,626.0,106.24,983.2,111.74,1009.4,222.7,2722.37,2762.46,2767.14,2702.29,1091.1,1090.8,1101.28,1075.47,66.87000274658203,78.9974594116211,90.2699966430664
1162,2025-06-11,19.88,19.1,18.27,17.61,17.09,15.84,15.32,15.04,15.02,15.04,15.02,14.99,14.99,90.992,90.688,91.169,90.688,0.34%,79.75,79.82,80.14,79.63,-0.09%,75.93,75.6,76.13,75.46,0.49%,68.51,68.458,68.78,68.276,0.15%,55.69,55.54,55.77,55.49,0.26%,312.0,122.84,6173.5,415.4,622.9,106.8,987.0,111.04,1028.0,223.95,2733.2,2719.6,2742.45,2718.98,1089.86,1091.15,1099.14,1086.31,69.7699966430664,78.47003936767578,89.74539947509766
1163,2025-06-12,19.88,19.1,18.27,17.61,17.09,15.84,15.32,15.04,15.02,15.04,15.02,14.99,14.99,90.992,90.688,91.169,90.688,0.34%,79.75,79.82,80.14,79.63,-0.09%,75.93,75.6,76.13,75.46,0.49%,68.51,68.458,68.78,68.276,0.15%,55.69,55.54,55.77,55.49,0.26%,312.0,122.84,6173.5,415.4,622.9,106.8,987.0,111.04,1028.0,223.95,2733.2,2719.6,2742.45,2718.98,1089.86,1091.15,1099.14,1086.31,69.36000061035156,79.49850463867188,91.49009704589844
1164,2025-06-13,19.88,19.52,17.99,17.03,16.41,15.47,15.23,15.07,15.01,14.98,14.93,14.91,14.92,91.232,90.992,91.7,90.617,0.26%,79.55,79.74,80.11,79.53,-0.26%,75.84,75.94,76.2,75.6,-0.11%,68.46,68.51,68.845,68.338,-0.07%,55.84,55.69,56.0,55.62,0.27%,310.2,123.39,6380.0,444.4,654.7,105.5,982.4,111.18,1035.6,223.9,2750.32,2732.21,2762.76,2732.2,1096.68,1092.34,1101.64,1089.57,74.2300033569336,79.99957275390625,92.79350280761719
1165,2025-06-16,19.75,18.49,17.87,17.36,16.95,15.95,15.5,15.21,15.14,15.1,15.04,15.01,15.0,90.884,91.232,91.499,90.8,-0.38%,79.35,79.61,80.0,79.03,-0.25%,75.59,75.86,75.93,75.5,-0.33%,68.23,68.46,68.477,68.13,-0.34%,55.39,55.9,56.02,55.38,-0.81%,311.5,123.05,6269.0,436.15,646.0,104.42,989.2,110.28,1023.8,225.55,2737.83,2758.97,2767.51,2731.24,1098.6,1097.45,1103.54,1089.07,73.2300033569336,79.7751693725586,90.8499984741211
1166,2025-06-17,19.79,19.21,18.34,17.66,17.14,15.99,15.54,15.26,15.18,15.11,15.02,14.97,14.95,90.84,90.964,90.964,90.655,-0.05%,79.55,79.36,79.6,79.24,0.25%,75.21,75.69,75.69,75.1,-0.50%,68.163,68.357,68.357,68.001,-0.10%,55.44,55.39,56.5,55.25,0.09%,313.56,127.17,6408.0,456.95,663.6,107.52,1041.0,111.94,1073.0,226.05,2788.94,2737.85,2791.03,2730.27,1116.17,1098.69,1118.31,1095.57,76.44999694824219,78.61264038085938,90.81330108642578
1167,2025-06-18,19.81,18.85,18.04,17.4,16.89,15.71,15.26,15.05,15.07,15.12,15.12,15.09,15.06,90.997,90.99,91.01,90.45,0.17%,79.7,79.45,79.7,79.14,0.19%,75.76,75.57,75.87,75.25,0.73%,68.633,68.23,68.752,68.002,0.69%,55.66,55.45,55.73,55.4,0.40%,313.38,126.67,6383.5,454.85,660.8,107.28,1021.2,112.44,1061.8,228.45,2791.83,2799.02,2807.34,2779.68,1117.27,1116.87,1123.54,1112.46,76.69999694824219,78.49988555908203,90.12840270996094
1168,2025-06-19,19.73,18.79,17.95,17.3,16.78,15.6,15.16,14.95,14.94,14.97,14.95,14.93,14.92,91.314,91.355,91.5,90.67,0.35%,79.83,79.7,79.99,79.65,0.17%,76.29,75.89,76.4,75.59,0.70%,69.125,68.681,69.3,68.6,0.72%,56.2,55.66,56.3,55.66,0.97%,312.46,125.92,6336.0,455.6,655.5,106.72,1009.8,111.72,1056.6,229.05,2783.81,2793.74,2800.14,2761.76,1117.38,1117.43,1120.6,1105.24,76.69999694824219,78.49607849121094,90.08879852294922
1169,2025-06-20,19.73,19.1,18.13,17.38,16.8,15.54,15.09,14.92,14.94,14.98,14.97,14.95,14.94,91.483,91.29,91.603,91.168,0.19%,80.15,79.75,80.21,79.6,0.40%,76.5,76.29,76.55,75.81,0.28%,69.234,69.124,69.4,68.992,0.16%,56.28,56.2,56.8,56.1,0.14%,309.7,124.27,6281.0,448.75,651.5,104.5,1009.8,110.28,1040.8,228.5,2751.04,2776.11,2781.08,2748.57,1103.97,1116.91,1116.91,1102.98,77.01000213623047,78.3701171875,90.20909881591797
1170,2025-06-23,19.72,17.83,17.24,16.76,16.38,15.48,15.12,14.98,15.02,15.09,15.12,15.12,15.14,91.571,91.5,91.679,91.416,0.10%,79.97,80.15,80.37,79.91,-0.23%,76.16,76.23,76.5,75.96,-0.44%,68.601,69.233,69.3,68.588,-0.91%,56.01,56.28,56.64,55.93,-0.48%,310.17,124.28,6242.0,440.0,642.5,103.9,993.6,108.8,1039.6,227.2,2759.67,2753.6,2768.93,2736.41,1110.4,1104.95,1113.39,1098.1,71.4800033569336,77.64508819580078,89.30000305175781
1171,2025-06-24,19.73,17.54,17.01,16.58,16.23,15.44,15.14,15.01,15.04,15.08,15.09,15.08,15.09,91.658,91.59,91.795,91.303,0.10%,80.42,79.97,80.42,79.51,0.56%,76.22,76.54,76.54,75.7,0.08%,68.745,68.601,69.098,68.302,0.21%,55.97,56.2,56.2,55.8,-0.07%,311.37,125.13,6208.5,436.8,647.0,104.98,996.6,109.12,1046.6,234.95,2744.95,2726.43,2747.9,2715.79,1103.11,1110.06,1110.06,1092.74,67.13999938964844,78.49512481689453,91.03589630126953
1172,2025-06-25,19.73,17.56,16.94,16.45,16.07,15.2,14.89,14.82,14.89,14.97,15.0,15.01,15.03,92.113,91.761,92.3,91.39,0.50%,80.55,80.01,80.69,80.01,0.16%,76.88,76.5,77.02,75.78,0.86%,69.159,68.786,69.271,68.424,0.60%,56.25,55.99,56.75,55.94,0.50%,313.78,126.35,6236.5,435.05,655.3,107.18,1011.8,110.0,1090.8,235.6,2790.78,2762.61,2790.78,2759.92,1124.3,1105.31,1124.3,1105.28,67.68000030517578,78.37149047851562,91.00379943847656
1173,2025-06-26,19.71,17.75,16.84,16.19,15.73,14.9,14.73,14.78,14.87,14.94,14.97,14.97,14.99,91.98,92.15,92.57,91.95,-0.14%,80.62,80.55,80.95,80.42,0.09%,77.11,76.9,77.5,76.88,0.30%,69.549,69.205,69.813,69.191,0.56%,56.3,56.34,56.5,56.2,0.09%,312.84,126.69,6205.5,435.15,653.0,110.4,1013.2,110.36,1078.0,234.0,2797.27,2794.0,2803.45,2780.49,1126.69,1124.38,1129.41,1120.15,67.7300033569336,78.2427978515625,91.42749786376953
1174,2025-06-27,19.86,17.39,16.6,16.01,15.58,14.73,14.53,14.6,14.73,14.85,14.91,14.93,14.96,92.398,92.0,92.5,91.98,0.45%,80.95,80.71,80.95,80.51,0.41%,77.13,77.12,77.44,76.88,0.03%,69.673,69.511,69.85,69.41,0.18%,56.92,56.3,57.0,56.29,1.10%,315.18,127.59,6274.0,438.75,670.2,111.58,1033.0,110.14,1091.0,234.5,2806.11,2790.67,2814.29,2778.57,1126.55,1125.38,1130.87,1119.15,67.7699966430664,78.74858093261719,92.06490325927734
1175,2025-06-30,20.23,17.3,16.45,15.84,15.4,14.62,14.46,14.52,14.6,14.67,14.7,14.71,14.72,92.723,92.398,92.75,92.3,0.35%,81.13,80.95,81.2,80.72,0.22%,77.71,77.36,78.0,77.0,0.75%,70.315,69.672,70.5,69.534,0.92%,57.6,56.92,57.85,56.8,1.20%,316.15,129.89,6307.5,442.3,670.1,111.22,1055.6,112.8,1097.6,237.9,2847.38,2818.98,2847.38,2806.49,1142.24,1127.1,1142.36,1126.7,67.61000061035156,77.72760772705078,91.1500015258789
1176,2025-07-01,19.96,17.24,16.4,15.81,15.38,14.62,14.47,14.53,14.62,14.7,14.71,14.7,14.7,92.793,92.69,92.8,92.516,0.08%,81.14,81.15,81.4,80.97,0.01%,77.65,77.81,77.86,76.81,-0.08%,70.293,70.619,70.619,70.002,-0.03%,57.39,57.6,58.25,57.21,-0.36%,318.42,128.26,6306.0,439.75,653.9,110.48,1047.6,115.3,1111.0,236.45,2848.44,2854.04,2858.55,2837.12,1144.28,1143.1,1147.68,1138.13,67.11000061035156,78.19686889648438,92.16790008544922
1177,2025-07-02,20.06,16.54,15.99,15.57,15.26,14.63,14.43,14.44,14.54,14.63,14.66,14.67,14.69,92.624,92.788,92.8,92.45,-0.18%,81.49,80.81,81.75,80.81,0.44%,78.06,77.6,78.19,77.34,0.53%,70.654,70.255,70.754,70.136,0.51%,57.51,57.39,57.56,57.1,0.21%,319.43,127.11,6234.0,435.0,646.3,112.02,1042.0,113.7,1093.8,234.1,2815.26,2838.45,2840.66,2810.0,1127.56,1144.28,1144.28,1125.45,69.11000061035156,78.49253845214844,92.66790008544922
1178,2025-07-03,19.99,16.44,15.88,15.46,15.16,14.56,14.42,14.48,14.58,14.66,14.69,14.69,14.71,92.659,92.625,92.832,92.515,0.04%,81.3,81.8,81.8,81.1,-0.23%,77.88,78.46,78.46,77.63,-0.23%,70.439,70.654,70.847,70.327,-0.30%,57.29,57.6,57.7,57.14,-0.39%,319.17,127.85,6138.0,427.3,637.2,109.4,1063.0,114.46,1073.4,228.5,2823.34,2821.21,2840.13,2812.07,1128.94,1127.69,1137.52,1126.28,68.80000305175781,78.92086029052734,93.12779998779297
1179,2025-07-04,20.0,16.52,15.99,15.59,15.28,14.65,14.47,14.49,14.58,14.66,14.67,14.66,14.67,92.686,92.659,92.905,92.55,0.03%,81.45,81.35,81.48,81.1,0.18%,77.64,77.95,78.25,77.45,-0.31%,70.562,70.439,70.75,70.288,0.17%,57.11,57.29,57.31,56.85,-0.31%,319.44,127.83,6151.5,426.7,642.0,109.48,1040.0,115.02,1050.2,225.5,2801.65,2808.3,2821.15,2788.9,1119.52,1127.49,1128.06,1115.17,68.29000091552734,79.06613159179688,93.07589721679688
1180,2025-07-07,20.0,16.26,15.73,15.35,15.08,14.58,14.48,14.55,14.63,14.7,14.71,14.71,14.72,92.713,92.686,93.1,92.55,0.03%,81.28,81.58,81.73,81.13,-0.21%,77.57,77.64,77.84,77.29,-0.08%,70.266,70.2,70.654,70.045,-0.42%,57.05,57.11,57.4,56.81,-0.10%,313.5,124.02,6110.5,426.6,639.2,106.4,1011.8,111.6,1030.2,193.8,2756.14,2786.06,2788.67,2753.69,1102.97,1115.97,1115.97,1101.97,69.58000183105469,77.9681625366211,91.8499984741211
1181,2025-07-08,19.95,16.21,15.72,15.36,15.1,14.59,14.48,14.53,14.62,14.69,14.71,14.71,14.72,92.852,92.753,92.991,92.752,0.15%,81.18,81.4,81.53,81.13,-0.13%,77.51,77.68,77.86,77.25,-0.08%,70.262,70.19,70.607,69.541,-0.01%,56.88,57.05,57.1,56.7,-0.29%,309.71,121.03,6013.0,415.25,621.2,103.72,998.2,108.68,1016.4,195.95,2755.58,2748.19,2764.75,2738.75,1110.51,1102.34,1110.75,1096.01,70.1500015258789,78.6965103149414,92.35780334472656
1182,2025-07-09,19.66,16.25,15.69,15.34,15.11,14.77,14.71,14.72,14.76,14.78,14.74,14.72,14.72,92.948,92.8,92.991,92.8,0.10%,81.22,81.18,81.33,80.9,0.06%,77.31,77.49,77.69,77.23,-0.27%,70.245,70.21,70.357,70.012,-0.02%,56.8,56.88,56.9,56.65,-0.15%,310.09,119.67,5934.0,410.25,614.2,104.16,1010.2,109.22,1032.8,193.95,2696.45,2733.01,2735.07,2684.87,1086.62,1105.4,1105.4,1081.96,70.19000244140625,78.49620056152344,92.0270004272461
1183,2025-07-10,19.37,15.98,15.44,15.1,14.89,14.6,14.58,14.62,14.67,14.69,14.66,14.64,14.65,93.082,92.853,93.151,92.651,0.14%,81.49,81.22,81.49,81.22,0.32%,77.79,77.31,77.82,76.99,0.63%,70.358,70.245,70.558,69.79,0.16%,57.07,56.8,57.4,56.75,0.48%,314.01,120.32,5932.5,413.2,623.8,104.42,1002.6,109.06,1037.0,197.0,2732.45,2724.64,2735.15,2705.98,1104.94,1089.46,1105.58,1089.46,68.63999938964844,78.19583129882812,91.72920227050781
1184,2025-07-11,19.25,16.13,15.62,15.27,15.03,14.65,14.59,14.63,14.68,14.71,14.69,14.68,14.69,93.095,93.058,93.35,92.71,0.01%,81.18,81.49,81.51,81.06,-0.38%,77.57,77.83,77.84,77.47,-0.28%,70.053,70.357,70.55,70.048,-0.43%,57.0,57.08,57.35,56.85,-0.13%,309.88,116.24,5737.5,402.25,608.1,101.5,983.6,105.68,991.4,193.65,2642.02,2705.46,2707.82,2638.08,1068.61,1098.81,1098.81,1067.02,70.36000061035156,77.7971420288086,91.0280990600586
1185,2025-07-14,19.22,15.88,15.37,15.05,14.85,14.59,14.56,14.58,14.61,14.64,14.62,14.59,14.58,93.175,93.095,93.444,93.0,0.09%,81.46,81.21,81.52,80.89,0.35%,77.86,77.57,77.89,77.45,0.38%,70.678,70.036,70.8,69.391,0.89%,57.28,57.02,57.4,56.45,0.50%,317.97,122.3,5933.0,422.25,624.6,109.26,1016.4,110.08,1031.2,194.4,2714.14,2616.31,2722.53,2616.03,1090.96,1065.51,1094.34,1058.24,69.20999908447266,77.25990295410156,90.25
1186,2025-07-15,19.24,15.73,15.21,14.89,14.68,14.38,14.33,14.34,14.36,14.37,14.34,14.31,14.3,93.52,93.4,93.653,93.197,0.37%,81.55,81.53,81.67,81.33,0.11%,78.4,77.69,78.75,77.69,0.70%,71.098,70.625,71.44,70.181,0.59%,58.39,57.4,58.4,57.06,1.93%,319.99,121.63,5913.5,419.15,628.1,110.1,1030.4,111.08,1046.8,200.75,2756.95,2750.37,2761.82,2734.8,1114.06,1099.57,1115.84,1099.27,68.70999908447266,78.08441925048828,91.10700225830078
1187,2025-07-16,19.17,14.73,14.41,14.23,14.14,14.08,14.13,14.21,14.26,14.3,14.29,14.27,14.27,93.95,93.52,93.95,93.285,0.46%,82.02,81.56,82.2,81.4,0.58%,78.9,78.4,79.14,78.32,0.63%,71.903,71.098,72.01,71.0,1.13%,59.06,58.4,59.39,58.4,1.15%,321.58,122.83,5943.0,422.0,628.8,110.04,1034.0,111.32,1044.2,202.15,2777.16,2758.65,2784.82,2747.82,1122.22,1114.42,1125.32,1110.36,68.5199966430664,78.07186126708984,90.62229919433594
1188,2025-07-17,19.21,14.27,14.1,14.02,13.99,14.02,14.09,14.18,14.22,14.26,14.24,14.23,14.24,94.2,94.0,94.2,94.0,0.27%,82.15,82.02,82.4,81.86,0.15%,79.25,78.9,79.4,78.87,0.44%,71.945,71.9,72.246,71.701,0.06%,59.29,59.14,59.7,59.1,0.38%,327.05,120.8,5925.5,420.7,632.9,108.68,1020.2,110.0,1034.0,202.2,2761.48,2787.8,2788.3,2754.86,1112.64,1123.61,1126.72,1111.52,69.5199966430664,78.24713897705078,91.03820037841797
1189,2025-07-18,19.13,14.04,13.91,13.84,13.82,13.86,13.95,14.08,14.16,14.21,14.21,14.2,14.23,94.4,94.181,94.4,94.162,0.21%,82.51,82.29,82.59,82.15,0.44%,79.28,79.25,79.44,79.05,0.04%,72.317,72.111,72.398,71.914,0.52%,59.38,59.32,59.65,59.0,0.15%,309.0,126.75,6114.5,414.35,659.9,115.36,1040.6,113.66,1082.0,208.65,2784.63,2758.28,2789.39,2715.11,1120.15,1113.02,1122.06,1093.96,69.27999877929688,78.01062774658203,90.61090087890625
1190,2025-07-21,19.1,14.21,13.95,13.82,13.77,13.83,13.94,14.08,14.15,14.17,14.15,14.14,14.14,94.443,94.4,94.599,94.4,0.05%,82.3,82.51,82.69,82.01,-0.25%,79.26,79.3,79.58,79.15,-0.02%,72.33,72.36,72.775,72.0,0.02%,59.55,59.4,59.9,59.26,0.28%,310.4,128.34,6170.0,417.6,660.9,116.54,1042.6,116.78,1091.6,209.45,2821.78,2816.11,2827.94,2804.14,1134.88,1121.46,1137.36,1121.46,69.20999908447266,77.75179290771484,90.43000030517578
1191,2025-07-22,19.1,14.94,14.39,14.09,13.93,13.86,13.97,14.11,14.18,14.23,14.22,14.21,14.23,94.386,94.443,94.595,94.21,-0.06%,82.24,82.45,82.56,81.13,-0.07%,79.14,79.26,79.8,78.81,-0.16%,72.121,72.331,72.486,71.902,-0.29%,59.34,59.55,59.7,59.09,-0.35%,310.67,129.07,6196.5,419.6,666.5,119.5,1061.2,117.16,1085.0,210.0,2825.61,2811.64,2833.84,2801.11,1139.9,1133.51,1141.88,1126.57,68.58999633789062,78.19585418701172,91.44380187988281
1192,2025-07-23,19.1,15.06,14.44,14.1,13.92,13.83,13.93,14.08,14.15,14.17,14.14,14.13,14.16,94.396,94.386,94.65,94.2,0.01%,82.61,82.24,82.69,81.74,0.45%,79.51,79.26,79.72,79.1,0.47%,72.328,72.122,72.677,71.95,0.29%,59.8,59.38,59.9,59.0,0.78%,313.08,129.2,6190.0,424.7,671.6,118.24,1040.0,115.4,1071.4,210.85,2841.16,2839.41,2849.8,2829.25,1140.92,1141.17,1149.66,1136.14,68.51000213623047,78.49857330322266,92.1427993774414
1193,2025-07-24,19.11,15.15,14.5,14.12,13.91,13.77,13.87,14.04,14.12,14.13,14.07,14.05,14.09,94.505,94.516,94.6,94.176,0.12%,82.41,82.56,82.66,81.82,-0.24%,79.46,79.57,79.9,78.95,-0.07%,72.341,72.343,72.773,72.02,0.02%,59.78,59.8,60.0,59.47,-0.04%,310.83,128.04,6169.0,422.5,669.6,118.26,1031.8,114.0,1073.2,211.05,2807.69,2837.72,2838.22,2806.64,1121.55,1140.72,1140.73,1121.13,69.18000030517578,78.3905029296875,92.3009033203125
1194,2025-07-25,19.12,15.22,14.58,14.22,14.01,13.82,13.87,13.97,14.01,14.02,13.98,13.96,13.97,94.467,94.558,94.65,94.163,-0.04%,82.59,82.45,82.6,82.25,0.22%,79.86,79.5,79.9,79.06,0.51%,72.743,72.34,72.916,72.045,0.56%,60.05,59.89,60.05,59.39,0.45%,308.93,126.5,6074.5,418.0,664.0,114.68,1008.6,112.3,1052.8,209.35,2772.39,2819.07,2827.03,2767.44,1097.84,1122.27,1129.28,1095.88,68.44000244140625,79.24684143066406,93.15910339355469
1195,2025-07-28,18.48,14.88,14.33,14.03,13.87,13.77,13.84,13.97,14.04,14.08,14.07,14.06,14.08,94.35,94.467,94.7,94.296,-0.12%,82.75,82.59,83.53,82.31,0.19%,79.85,79.86,80.9,79.58,-0.02%,72.857,72.74,73.3,72.48,0.16%,60.05,60.06,60.6,59.85,0.01%,303.97,122.86,5981.5,415.05,650.3,117.0,1003.2,111.14,1024.8,206.75,2730.98,2760.9,2783.82,2726.61,1081.1,1097.64,1102.37,1079.71,70.04000091552734,78.29944610595703,92.05000305175781
1196,2025-07-29,18.58,14.94,14.25,13.85,13.62,13.48,13.62,13.86,14.0,14.09,14.1,14.09,14.09,94.75,94.5,95.0,94.5,0.42%,83.21,82.82,83.49,82.75,0.56%,79.85,79.91,80.09,79.72,0.00%,72.666,72.871,73.099,72.62,-0.26%,59.9,60.08,60.25,59.85,-0.26%,305.26,122.69,6005.0,425.95,644.2,122.9,1001.4,110.26,1028.0,206.8,2758.28,2739.49,2764.03,2728.97,1056.83,1082.7,1092.62,1055.7,72.51000213623047,81.3310317993164,94.33180236816406
1197,2025-07-30,18.5,14.93,14.26,13.89,13.71,13.62,13.73,13.9,13.97,14.0,14.0,14.0,14.02,94.758,94.52,94.8,94.52,0.01%,83.53,83.2,83.62,83.2,0.38%,80.29,79.89,80.31,79.89,0.55%,72.943,72.769,72.949,72.495,0.38%,60.19,60.0,60.25,59.78,0.49%,303.3,121.34,5925.5,419.4,646.0,119.46,993.0,108.96,1018.8,205.35,2726.24,2751.92,2754.35,2718.65,1049.46,1056.96,1056.96,1041.64,73.23999786376953,81.24903106689453,93.8405990600586
1198,2025-07-31,18.23,14.99,14.27,13.88,13.69,13.6,13.72,13.89,13.99,14.05,14.04,14.02,14.04,94.798,94.757,94.844,94.603,0.04%,83.4,83.58,84.1,83.21,-0.16%,80.13,80.33,80.52,80.07,-0.19%,73.017,72.964,73.25,72.943,0.10%,59.94,60.19,60.38,59.8,-0.42%,304.95,122.57,5922.0,419.65,647.0,120.86,998.2,110.34,1014.2,209.75,2732.12,2737.13,2741.14,2713.68,1071.61,1050.92,1071.63,1044.63,72.52999877929688,81.24861907958984,92.856201171875
1199,2025-08-01,18.09,15.03,14.3,13.91,13.71,13.63,13.76,13.94,14.03,14.1,14.1,14.09,14.12,94.867,94.798,95.15,94.611,0.07%,83.35,83.47,83.5,83.2,-0.06%,79.97,80.17,80.35,79.86,-0.20%,73.006,73.089,73.233,72.919,-0.02%,59.65,59.95,60.05,59.55,-0.48%,304.22,121.63,5910.5,416.85,651.1,120.12,996.4,110.94,1014.0,208.0,2727.98,2749.41,2755.95,2724.54,1069.82,1072.03,1080.96,1068.64,69.66999816894531,81.097900390625,92.63610076904297
1200,2025-08-04,17.93,14.79,13.96,13.52,13.3,13.3,13.56,13.91,14.09,14.19,14.21,14.2,14.21,95.134,95.017,95.142,94.7,0.28%,83.58,83.35,83.58,83.17,0.27%,79.93,80.01,80.2,79.83,-0.06%,72.665,72.99,73.315,72.488,-0.47%,59.76,59.65,59.82,59.5,0.19%,307.95,125.94,6097.5,429.1,658.6,120.68,1003.6,111.74,1058.2,208.2,2773.85,2733.23,2776.99,2727.86,1096.75,1070.14,1097.99,1069.77,68.76000213623047,78.27940368652344,90.69999694824219
1201,2025-08-05,17.75,14.78,13.92,13.44,13.19,13.16,13.45,13.85,14.04,14.15,14.19,14.21,14.24,95.341,95.231,95.399,94.91,0.22%,83.66,83.59,83.7,83.27,0.10%,80.06,80.0,80.3,79.9,0.17%,72.795,72.738,72.888,72.242,0.18%,59.71,59.79,59.83,59.51,-0.08%,307.38,125.98,6081.0,435.75,668.7,122.16,1013.8,111.58,1058.6,212.2,2786.37,2784.71,2792.51,2764.77,1096.54,1097.15,1104.13,1093.16,67.63999938964844,79.82319641113281,92.46199798583984
1202,2025-08-06,17.77,15.26,14.12,13.54,13.26,13.26,13.55,13.91,14.07,14.16,14.19,14.21,14.27,95.429,95.341,95.478,95.17,0.09%,84.05,83.67,84.48,83.36,0.46%,80.3,80.17,80.3,79.9,0.30%,73.083,72.795,73.13,72.571,0.40%,59.92,59.8,59.92,59.53,0.35%,310.22,130.11,6170.0,438.4,688.6,123.7,1027.4,114.02,1083.8,213.0,2764.62,2791.29,2798.21,2754.51,1086.05,1096.68,1101.2,1082.07,66.88999938964844,79.99654388427734,92.62470245361328
1203,2025-08-07,17.77,14.99,13.87,13.29,13.0,12.99,13.29,13.66,13.84,13.98,14.05,14.08,14.13,95.437,95.48,95.5,95.253,0.01%,83.86,84.07,84.2,83.75,-0.23%,81.02,80.3,81.2,80.29,0.90%,73.22,73.084,73.5,72.7,0.19%,60.09,59.92,60.25,59.81,0.28%,313.43,134.24,6202.5,445.05,703.0,125.5,1039.2,116.46,1138.0,217.05,2876.43,2836.05,2915.43,2824.78,1141.45,1097.16,1154.12,1097.16,66.43000030517578,79.99819946289062,93.29840087890625
1204,2025-08-08,17.75,15.12,13.94,13.28,12.94,12.8,13.1,13.53,13.76,13.93,14.04,14.08,14.12,95.455,95.3,95.6,95.248,0.02%,84.2,83.86,84.2,83.79,0.41%,81.93,81.03,82.2,80.95,1.12%,73.829,73.219,74.4,73.219,0.83%,60.37,60.09,60.38,59.9,0.47%,317.97,141.16,6320.0,455.2,728.7,128.3,1073.8,122.86,1195.8,221.95,2924.63,2894.58,2926.98,2872.12,1154.84,1143.17,1155.76,1139.74,66.58999633789062,79.23939514160156,92.52660369873047
1205,2025-08-11,17.59,14.98,13.79,13.17,12.87,12.83,13.11,13.48,13.67,13.81,13.87,13.88,13.92,95.321,95.455,95.65,95.15,-0.14%,84.55,84.2,85.0,83.99,0.42%,81.81,81.93,83.2,81.29,-0.15%,73.878,73.81,74.863,73.478,0.07%,60.98,60.41,61.0,60.41,1.01%,317.82,140.0,6336.5,461.55,721.2,128.1,1129.0,128.12,1222.0,220.35,2964.15,2991.68,2996.4,2956.94,1172.08,1168.77,1183.17,1168.77,66.62999725341797,78.90477752685547,91.9000015258789
1206,2025-08-12,17.09,14.91,13.8,13.2,12.9,12.81,13.08,13.44,13.64,13.78,13.82,13.82,13.85,95.398,95.32,95.6,95.292,0.08%,84.42,84.56,84.7,84.28,-0.15%,81.87,81.84,82.25,81.65,0.08%,73.84,73.989,74.3,73.757,-0.05%,61.24,60.99,61.29,60.95,0.42%,318.0,140.8,6385.0,461.5,723.2,128.2,1105.2,128.1,1244.0,221.8,2977.18,2959.97,2980.01,2952.34,1174.23,1171.9,1175.44,1167.42,66.12000274658203,79.49446868896484,92.35269927978516
1207,2025-08-13,17.73,15.03,13.97,13.41,13.13,13.04,13.25,13.53,13.67,13.77,13.77,13.77,13.82,95.419,95.368,95.573,95.279,0.02%,84.39,84.48,84.59,84.25,-0.03%,82.0,81.9,82.3,81.64,0.15%,73.83,73.965,74.268,73.699,-0.01%,60.99,61.29,61.4,60.96,-0.39%,317.51,139.39,6336.0,456.6,712.5,128.2,1092.0,127.26,1241.2,222.1,2973.02,2987.6,2988.06,2959.75,1176.54,1174.79,1178.5,1167.36,65.62999725341797,79.44583892822266,92.76930236816406
1208,2025-08-14,17.77,15.1,14.12,13.59,13.31,13.15,13.3,13.51,13.62,13.7,13.7,13.69,13.72,95.25,95.41,95.569,95.25,-0.18%,84.5,84.43,84.62,84.0,0.13%,81.86,82.0,82.18,81.7,-0.16%,73.885,73.83,74.03,73.6,0.07%,61.13,61.0,61.13,60.7,0.23%,318.73,140.26,6387.0,474.75,721.6,131.46,1118.0,130.4,1264.4,222.75,2977.34,2945.01,2985.27,2933.82,1175.86,1174.81,1181.39,1161.03,66.83999633789062,79.4472427368164,93.05020141601562
1209,2025-08-15,17.81,14.96,13.89,13.31,13.01,12.86,13.04,13.31,13.44,13.53,13.51,13.48,13.51,95.538,95.432,95.55,95.251,0.30%,84.63,84.5,84.65,84.46,0.15%,82.12,82.0,82.2,81.88,0.32%,74.178,73.885,74.405,73.885,0.40%,61.88,61.13,62.0,61.13,1.22%,319.4,142.53,6444.0,487.35,725.4,130.58,1120.2,132.12,1278.8,224.6,3012.09,2987.67,3014.21,2978.69,1185.76,1176.46,1190.42,1176.39,65.8499984741211,79.74620056152344,92.90550231933594
1210,2025-08-18,17.68,15.15,14.17,13.62,13.32,13.09,13.2,13.38,13.46,13.47,13.42,13.41,13.45,95.321,95.538,95.903,95.3,-0.23%,84.43,84.8,84.93,84.23,-0.23%,82.18,82.12,82.66,82.12,0.07%,74.279,74.178,74.47,74.01,0.14%,61.94,61.87,62.45,61.67,0.09%,318.38,139.5,6420.0,475.2,706.2,129.88,1114.0,130.8,1269.8,225.1,2951.26,2949.46,2972.97,2941.7,1155.99,1171.23,1171.23,1154.66,66.5999984741211,78.84575653076172,92.30000305175781
1211,2025-08-19,17.74,15.3,14.37,13.82,13.5,13.15,13.18,13.29,13.33,13.3,13.21,13.17,13.2,95.329,95.519,95.55,95.27,0.01%,84.6,84.59,85.0,84.44,0.20%,82.05,82.19,82.35,82.0,-0.16%,74.24,74.279,74.933,74.0,-0.05%,61.98,62.0,62.39,61.79,0.08%,316.5,137.81,6365.0,466.8,698.3,128.34,1116.4,128.58,1250.6,225.6,2965.66,3000.75,3006.13,2962.37,1162.77,1165.14,1177.48,1161.48,65.79000091552734,80.49098205566406,93.9208984375
1212,2025-08-20,17.72,14.83,14.04,13.6,13.35,13.18,13.29,13.49,13.58,13.59,13.53,13.48,13.48,95.286,95.329,95.482,95.273,-0.05%,84.57,84.7,84.72,84.5,-0.04%,81.18,82.05,82.2,80.8,-1.06%,73.657,74.24,74.367,73.395,-0.79%,61.3,62.01,62.1,60.7,-1.10%,314.17,135.31,6311.5,463.25,694.3,125.72,1105.0,126.58,1215.0,226.25,2940.78,2974.56,2977.26,2928.85,1156.5,1163.93,1167.32,1148.78,66.83999633789062,80.77119445800781,94.03500366210938
1213,2025-08-21,17.76,14.88,14.16,13.75,13.54,13.38,13.48,13.65,13.72,13.72,13.66,13.63,13.65,95.288,95.26,95.483,95.16,0.00%,84.1,84.65,84.65,82.51,-0.55%,80.62,81.2,81.39,80.06,-0.69%,73.169,73.719,73.86,73.03,-0.66%,60.84,61.37,61.37,60.5,-0.75%,309.98,131.13,6249.0,454.75,681.2,121.8,1065.0,121.5,1164.0,223.8,2883.5,2933.1,2935.48,2879.36,1131.85,1156.43,1156.43,1130.23,67.66999816894531,80.49651336669922,93.78810119628906
1214,2025-08-22,17.74,14.64,13.91,13.5,13.29,13.19,13.35,13.59,13.7,13.75,13.72,13.69,13.7,95.472,95.287,95.531,95.15,0.19%,84.3,84.1,84.37,83.69,0.24%,80.88,80.61,81.06,80.44,0.33%,73.388,73.169,73.57,73.165,0.30%,60.91,60.84,61.11,60.72,0.11%,312.05,132.57,6326.0,456.35,675.0,122.94,1066.6,122.2,1184.8,224.9,2896.76,2882.95,2903.48,2876.26,1130.09,1131.16,1139.69,1125.25,67.7300033569336,80.57979583740234,93.56529998779297
1215,2025-08-25,17.74,14.77,13.95,13.51,13.3,13.25,13.43,13.66,13.77,13.81,13.78,13.78,13.82,95.44,95.471,95.649,95.242,-0.03%,84.35,84.34,84.54,83.99,0.05%,80.35,80.9,81.0,80.21,-0.66%,73.343,73.388,73.706,73.171,-0.06%,60.82,61.0,61.36,60.55,-0.14%,311.42,132.38,6275.5,458.4,665.5,123.42,1068.0,120.3,1171.2,220.3,2887.24,2886.35,2890.83,2857.97,1127.29,1129.05,1129.05,1114.95,68.80000305175781,79.08953094482422,92.5999984741211
1216,2025-08-26,17.75,15.04,14.18,13.72,13.49,13.39,13.55,13.78,13.88,13.89,13.84,13.82,13.87,95.102,95.44,95.531,95.064,-0.35%,84.2,84.39,84.56,84.04,-0.18%,80.43,80.46,80.69,80.21,0.10%,73.336,73.368,73.664,73.128,-0.01%,60.67,60.82,60.99,60.54,-0.25%,311.79,133.69,6280.0,461.65,660.2,122.96,1077.0,120.7,1172.0,224.0,2885.87,2906.96,2915.46,2878.74,1128.95,1127.59,1138.3,1125.22,67.22000122070312,80.69578552246094,93.7217025756836
1217,2025-08-27,17.72,15.06,14.24,13.79,13.56,13.42,13.55,13.74,13.82,13.84,13.81,13.79,13.83,95.1,95.196,95.327,95.1,0.00%,83.71,84.21,84.22,83.64,-0.58%,80.4,80.43,80.65,80.1,-0.04%,73.0,73.337,73.495,72.981,-0.46%,60.56,60.72,60.79,60.4,-0.18%,312.78,135.51,6323.0,465.6,653.7,127.1,1100.2,123.2,1225.2,224.0,2911.48,2892.32,2916.92,2888.1,1140.17,1129.61,1141.1,1129.61,68.05000305175781,80.49474334716797,93.69229888916016
1218,2025-08-28,17.75,14.98,14.23,13.81,13.59,13.47,13.6,13.79,13.88,13.9,13.88,13.87,13.9,94.961,95.287,95.287,94.85,-0.15%,83.46,84.15,84.15,83.46,-0.30%,80.08,80.61,80.64,79.55,-0.40%,72.707,73.002,73.335,72.5,-0.40%,60.32,60.56,60.82,60.21,-0.40%,310.82,133.25,6273.5,456.15,647.7,124.32,1070.6,119.28,1217.0,219.9,2912.72,2918.92,2919.01,2900.33,1142.79,1141.29,1143.11,1135.81,68.62000274658203,80.347900390625,93.58200073242188
1219,2025-08-29,17.75,15.5,14.75,14.31,14.06,13.78,13.8,13.88,13.91,13.9,13.84,13.82,13.86,94.702,94.869,95.114,94.7,-0.27%,83.17,83.63,83.63,83.15,-0.35%,79.63,80.08,80.3,79.4,-0.55%,72.547,72.707,72.898,72.459,-0.22%,60.3,60.32,60.5,60.04,-0.04%,310.04,135.88,6430.5,459.75,651.3,125.44,1061.0,118.8,1238.4,217.95,2899.38,2893.99,2904.14,2882.55,1137.0,1142.42,1142.42,1130.96,68.12000274658203,80.49620819091797,94.02880096435547
1220,2025-09-01,17.75,15.27,14.67,14.3,14.08,13.79,13.79,13.84,13.87,13.85,13.8,13.78,13.8,94.798,94.746,95.01,94.414,0.10%,83.42,83.33,83.5,82.67,0.30%,79.85,79.81,79.99,79.1,0.27%,72.821,72.547,73.2,72.01,0.38%,60.4,60.3,60.51,60.04,0.17%,309.2,134.91,6370.0,461.1,651.0,123.2,1057.6,116.62,1225.6,218.45,2886.97,2923.49,2925.02,2886.97,1130.8,1138.1,1147.05,1130.8,68.12000274658203,78.8982162475586,92.23280334472656
1221,2025-09-02,17.75,15.25,14.64,14.28,14.07,13.83,13.83,13.89,13.92,13.91,13.85,13.83,13.84,94.814,94.801,94.919,94.65,0.02%,83.5,83.42,83.53,83.21,0.09%,79.97,79.85,80.0,79.78,0.16%,72.995,72.821,73.09,72.65,0.24%,60.29,60.4,60.64,60.24,-0.17%,308.44,132.18,6336.5,451.8,647.0,123.36,1046.8,115.88,1220.0,218.35,2845.39,2878.37,2883.35,2842.8,1112.18,1130.79,1130.79,1111.17,69.13999938964844,80.57393646240234,94.39320373535156
1222,2025-09-03,17.74,15.01,14.33,13.94,13.73,13.54,13.6,13.72,13.79,13.81,13.78,13.75,13.75,95.115,94.815,95.15,94.8,0.32%,84.12,83.5,84.25,83.33,0.74%,80.86,79.99,80.86,79.71,1.11%,74.024,72.876,74.03,72.83,1.41%,61.28,60.29,61.68,60.2,1.63%,309.49,132.18,6393.0,447.95,653.9,124.88,1066.0,118.2,1226.8,220.0,2867.55,2863.12,2875.01,2846.87,1117.32,1112.79,1123.76,1112.76,67.5999984741211,80.54789733886719,93.70539855957031
1223,2025-09-04,17.75,15.28,14.45,13.97,13.7,13.44,13.48,13.57,13.63,13.68,13.67,13.65,13.65,95.124,95.154,95.2,95.0,0.01%,83.97,84.18,84.63,83.77,-0.17%,81.32,80.86,81.95,80.86,0.57%,74.362,73.918,74.581,73.688,0.46%,61.44,61.28,61.55,61.13,0.27%,308.74,130.8,6464.0,449.55,655.4,124.7,1064.6,118.1,1226.6,222.15,2873.7,2883.86,2894.49,2864.62,1113.54,1118.57,1127.82,1110.01,66.98999786376953,80.9971923828125,94.44270324707031
1224,2025-09-05,17.73,14.94,14.25,13.86,13.64,13.44,13.48,13.58,13.63,13.67,13.66,13.64,13.64,95.28,95.132,95.28,95.1,0.16%,83.91,83.97,84.12,83.42,-0.08%,81.23,81.2,81.42,80.9,-0.11%,74.563,74.342,74.8,73.753,0.27%,61.0,61.46,61.56,60.96,-0.72%,310.5,131.87,6472.0,459.4,664.3,126.0,1072.6,118.82,1239.8,224.5,2901.45,2891.09,2906.7,2885.92,1120.73,1114.15,1125.49,1114.15,65.5,81.29374694824219,94.76290130615234
1225,2025-09-08,17.72,14.96,14.19,13.75,13.51,13.31,13.37,13.49,13.57,13.62,13.62,13.6,13.6,95.161,95.23,95.449,95.121,-0.12%,84.2,83.92,84.2,83.58,0.34%,81.42,81.24,81.8,81.15,0.23%,74.734,74.563,75.0,74.5,0.23%,61.08,61.09,61.3,60.93,0.13%,312.83,133.48,6465.0,458.0,658.7,129.18,1080.2,120.42,1237.4,224.15,2921.62,2914.28,2921.62,2906.62,1117.78,1121.21,1128.36,1115.66,66.0199966430664,81.24029541015625,94.47000122070312
1226,2025-09-09,17.75,15.03,14.37,13.99,13.77,13.53,13.55,13.62,13.67,13.71,13.69,13.66,13.65,95.089,95.161,95.322,95.02,-0.08%,83.75,84.2,84.64,83.37,-0.53%,80.74,81.43,81.5,80.6,-0.84%,74.18,74.735,75.184,74.0,-0.74%,60.7,61.08,61.18,60.6,-0.62%,313.06,133.52,6484.5,467.7,657.3,130.2,1105.6,123.66,1250.8,223.5,2935.96,2926.02,2939.2,2919.84,1111.08,1117.97,1124.5,1108.25,66.38999938964844,82.47158813476562,97.0604019165039
1227,2025-09-10,17.07,14.7,14.07,13.71,13.52,13.39,13.49,13.65,13.72,13.74,13.7,13.68,13.7,95.159,95.089,95.286,95.05,0.07%,83.92,83.83,83.97,83.44,0.21%,80.2,80.85,80.89,79.99,-0.66%,73.586,74.2,74.216,73.511,-0.80%,60.65,60.7,60.79,60.57,-0.09%,309.76,130.73,6537.5,461.65,650.1,129.66,1081.8,120.5,1231.0,220.0,2914.26,2919.56,2938.36,2912.5,1081.07,1110.16,1111.99,1080.42,67.48999786376953,83.69512939453125,97.94129943847656
1228,2025-09-11,17.05,15.1,14.39,13.97,13.74,13.53,13.6,13.73,13.8,13.81,13.76,13.72,13.71,95.095,95.159,95.2,94.9,-0.07%,83.93,83.92,84.18,83.36,0.01%,80.49,80.32,80.57,80.05,0.36%,73.7,73.586,73.815,72.701,0.15%,60.52,60.74,60.78,60.02,-0.20%,307.11,130.02,6626.5,464.55,655.1,129.44,1063.0,118.1,1219.4,219.9,2908.14,2916.27,2916.35,2890.68,1069.43,1081.06,1082.17,1068.47,66.37000274658203,84.4939956665039,98.88289642333984
1229,2025-09-12,17.06,15.5,14.75,14.31,14.06,13.8,13.84,13.94,13.98,13.97,13.92,13.89,13.91,94.872,95.159,95.159,94.65,-0.23%,83.39,83.93,83.95,83.0,-0.65%,79.92,80.49,80.85,79.6,-0.72%,72.656,73.83,73.98,72.5,-1.42%,59.82,60.59,60.59,59.6,-1.16%,303.5,125.44,6448.0,448.4,645.5,124.04,1052.4,115.62,1201.0,213.6,2839.73,2904.03,2905.68,2837.01,1060.18,1068.75,1068.75,1043.78,66.98999786376953,84.48434448242188,99.14659881591797
1230,2025-09-15,16.76,14.91,14.29,13.96,13.79,13.72,13.83,14.0,14.07,14.09,14.06,14.05,14.08,95.39,94.872,95.39,94.872,0.55%,83.39,83.39,83.79,82.71,0.00%,79.91,79.92,80.4,79.1,0.00%,72.4,72.709,73.42,72.054,-0.35%,59.22,59.9,60.2,58.8,-1.00%,302.48,124.07,6420.0,440.8,641.9,123.56,1030.2,114.66,1198.8,211.75,2809.85,2826.86,2834.6,2801.03,1065.54,1058.83,1068.86,1045.73,67.44000244140625,82.52635955810547,96.7699966430664
1231,2025-09-16,16.79,15.2,14.6,14.26,14.07,13.9,13.95,14.07,14.12,14.14,14.1,14.07,14.07,95.088,95.389,95.389,94.881,-0.32%,83.0,83.53,83.53,82.83,-0.47%,79.88,79.91,79.97,79.52,-0.04%,71.996,72.4,72.541,71.775,-0.56%,59.06,59.22,59.35,58.85,-0.28%,301.8,122.58,6370.5,436.85,631.7,124.12,1019.2,113.5,1207.2,212.35,2802.77,2822.85,2831.8,2778.51,1065.88,1065.97,1073.87,1053.66,68.47000122070312,82.99762725830078,97.63259887695312
1232,2025-09-17,16.83,14.84,14.34,14.07,13.92,13.82,13.9,14.01,14.07,14.08,14.05,14.04,14.05,95.131,95.297,95.297,94.86,0.05%,83.42,83.16,83.44,82.72,0.51%,80.36,79.94,80.36,79.7,0.60%,72.5,71.996,72.5,71.61,0.70%,59.28,59.06,59.33,58.65,0.39%,304.5,125.0,6380.0,441.0,629.3,126.3,1016.6,114.24,1228.0,214.15,2814.04,2793.24,2823.75,2784.37,1068.07,1065.74,1071.75,1058.89,67.94999694824219,83.1961898803711,98.76219940185547
1233,2025-09-18,16.88,14.85,14.39,14.14,14.01,13.93,14.0,14.11,14.18,14.23,14.2,14.17,14.18,94.913,95.15,95.192,94.792,-0.23%,83.15,83.46,83.46,82.95,-0.33%,79.7,80.36,80.6,79.6,-0.82%,71.671,72.5,72.875,71.401,-1.14%,58.42,59.29,59.5,58.19,-1.46%,301.68,122.77,6325.5,435.55,620.4,122.88,1016.8,112.4,1207.2,212.2,2793.58,2814.63,2816.84,2776.12,1058.09,1067.9,1069.13,1053.68,67.44000244140625,84.00404357910156,99.33270263671875
1234,2025-09-19,16.96,14.84,14.46,14.23,14.1,14.03,14.14,14.33,14.43,14.45,14.4,14.37,14.41,94.811,95.013,95.013,94.811,-0.11%,82.94,83.19,83.2,82.71,-0.25%,78.94,79.97,80.05,78.8,-0.95%,70.949,71.685,71.769,70.62,-1.01%,57.82,58.45,58.45,57.7,-1.02%,294.84,120.44,6239.0,428.9,616.5,119.28,980.8,108.5,1167.2,208.1,2748.06,2787.39,2794.33,2745.4,1035.64,1057.81,1058.37,1034.64,66.68000030517578,83.23562622070312,98.12439727783203
1235,2025-09-22,16.96,14.73,14.38,14.18,14.08,14.06,14.16,14.32,14.4,14.42,14.39,14.36,14.35,94.834,94.82,95.059,94.1,0.02%,83.07,83.14,83.18,81.67,0.16%,78.91,78.7,79.2,78.7,-0.04%,70.935,70.949,71.129,70.1,-0.02%,57.97,57.82,58.07,57.6,0.25%,298.05,119.5,6268.5,431.45,623.9,121.8,988.0,109.64,1156.0,208.45,2741.06,2735.8,2748.52,2702.52,1027.74,1034.39,1034.39,1018.48,66.56999969482422,82.80157470703125,97.19000244140625
1236,2025-09-23,16.92,14.3,14.01,13.88,13.84,13.97,14.13,14.34,14.43,14.48,14.47,14.45,14.46,94.92,94.775,95.099,94.7,0.09%,82.74,83.14,83.46,82.5,-0.39%,78.79,79.2,79.51,78.79,-0.16%,70.345,70.935,71.768,70.22,-0.83%,57.5,57.96,58.07,57.49,-0.81%,291.6,117.11,6140.0,421.9,610.3,119.34,965.2,108.14,1117.2,207.5,2758.65,2755.98,2769.88,2733.36,1042.63,1030.41,1045.26,1024.86,67.62999725341797,83.61876678466797,98.6760025024414
1237,2025-09-24,16.91,14.12,13.9,13.83,13.82,14.03,14.24,14.48,14.58,14.61,14.59,14.58,14.59,95.043,94.999,95.1,94.806,0.13%,83.09,82.74,83.2,82.3,0.42%,79.1,78.79,79.4,78.3,0.40%,70.728,70.415,70.96,70.001,0.54%,57.53,57.5,57.75,57.31,0.05%,293.31,118.9,6189.0,427.7,627.2,123.7,974.4,108.56,1127.6,209.25,2723.58,2683.53,2745.14,2675.62,1021.52,1031.47,1037.52,1011.24,69.30999755859375,83.64659118652344,98.8196029663086
1238,2025-09-25,17.0,14.29,14.09,14.02,14.01,14.18,14.36,14.56,14.68,14.76,14.76,14.75,14.76,94.977,95.046,95.124,94.706,-0.07%,82.74,83.1,83.11,82.21,-0.43%,78.45,79.0,79.15,78.2,-0.82%,70.21,70.729,70.919,69.5,-0.73%,56.82,57.53,57.63,56.8,-1.24%,289.9,117.66,6123.0,422.2,627.3,120.56,967.0,106.74,1119.4,205.95,2708.68,2733.53,2738.58,2699.42,1020.6,1022.05,1027.15,1017.11,69.41999816894531,83.75614929199219,98.35359954833984
1239,2025-09-26,17.0,14.01,13.86,13.81,13.82,14.06,14.3,14.58,14.72,14.8,14.82,14.82,14.84,95.096,94.977,95.127,94.6,0.13%,83.1,82.98,83.11,82.74,0.44%,78.73,78.76,78.79,77.8,0.36%,70.218,70.246,70.4,69.989,0.01%,57.0,56.87,57.21,56.82,0.32%,291.33,120.15,6228.0,424.25,645.9,122.78,977.8,107.6,1114.2,207.8,2725.97,2701.97,2725.97,2686.68,1027.06,1020.18,1027.06,1012.31,70.12999725341797,83.94759368896484,97.9021987915039
1240,2025-09-29,17.0,14.2,14.05,14.01,14.03,14.29,14.5,14.76,14.88,14.93,14.92,14.92,14.96,94.815,95.096,95.127,94.8,-0.30%,82.8,83.09,83.09,81.89,-0.36%,77.92,78.73,79.1,77.71,-1.02%,69.599,70.218,70.614,69.498,-0.88%,56.69,57.0,57.2,56.53,-0.55%,287.57,117.05,6093.0,416.9,632.1,125.96,960.6,105.82,1099.4,207.55,2684.09,2713.14,2744.8,2680.53,1020.36,1026.92,1034.15,1019.01,67.97000122070312,82.46550750732422,96.52999877929688
1241,2025-09-30,16.99,14.47,14.31,14.25,14.25,14.42,14.59,14.8,14.9,14.93,14.92,14.9,14.92,94.714,94.705,94.99,94.606,-0.11%,82.16,82.72,82.8,81.9,-0.77%,77.65,77.92,77.97,76.94,-0.36%,69.356,69.673,69.799,69.2,-0.35%,56.53,56.77,56.77,56.22,-0.28%,288.36,118.19,6082.5,411.4,630.0,123.88,943.2,104.12,1101.8,205.05,2684.6,2681.81,2689.6,2651.13,1023.75,1020.29,1025.66,1007.83,67.0199966430664,83.0694580078125,97.45210266113281
1242,2025-10-01,16.8,14.15,14.15,14.19,14.25,14.48,14.65,14.83,14.92,14.95,14.93,14.92,14.93,94.915,94.807,95.093,94.63,0.21%,82.3,82.43,82.75,82.0,0.17%,77.65,77.54,78.09,77.4,0.00%,69.582,69.25,69.8,69.0,0.33%,56.63,56.6,56.94,56.46,0.18%,286.4,116.43,6048.5,406.8,614.6,121.1,922.2,102.58,1116.8,204.35,2647.25,2690.14,2692.19,2640.56,1023.28,1024.02,1027.9,1006.96,65.3499984741211,82.89227294921875,97.27739715576172
1243,2025-10-02,16.76,14.49,14.49,14.52,14.55,14.7,14.81,14.94,14.99,15.01,14.99,14.98,14.99,94.499,94.932,95.095,94.4,-0.44%,81.91,82.69,82.69,81.78,-0.47%,77.15,77.44,77.9,76.96,-0.64%,69.341,69.7,69.87,69.004,-0.35%,56.39,56.6,56.8,56.0,-0.43%,285.22,116.07,6026.5,408.0,600.0,121.4,928.8,102.1,1114.8,202.5,2632.07,2629.36,2648.67,2623.1,1023.54,1021.11,1030.0,1013.95,64.11000061035156,82.50117492675781,96.80110168457031
1244,2025-10-03,16.79,14.63,14.61,14.6,14.6,14.67,14.77,14.9,14.96,14.98,14.94,14.93,14.94,94.76,94.321,94.795,94.301,0.28%,82.14,81.76,82.45,81.75,0.28%,77.29,77.09,77.54,77.0,0.17%,69.373,69.341,69.6,69.205,0.05%,56.49,56.39,56.61,56.32,0.18%,282.91,115.09,5914.0,404.4,581.8,120.08,907.8,100.6,1084.0,201.0,2604.55,2639.88,2649.57,2600.85,1001.86,1024.25,1030.35,1001.62,64.52999877929688,82.54900360107422,96.785400390625
1245,2025-10-06,16.83,15.03,14.77,14.64,14.59,14.65,14.77,14.92,14.98,15.0,14.97,14.96,14.99,94.478,94.763,94.8,94.201,-0.30%,82.52,82.22,83.05,81.7,0.45%,77.22,77.29,77.95,77.0,-0.09%,69.579,69.373,69.9,69.111,0.30%,56.6,56.49,56.81,56.24,0.19%,290.56,119.17,6110.0,411.65,591.9,124.02,932.8,102.8,1083.2,202.75,2648.5,2594.38,2651.14,2579.19,1005.22,1000.79,1015.55,992.1,65.47000122070312,81.56487274169922,95.52999877929688
1246,2025-10-07,16.83,15.3,14.97,14.8,14.71,14.71,14.8,14.92,14.97,14.98,14.96,14.94,14.97,94.637,94.468,94.78,94.288,0.17%,82.43,82.52,83.0,82.28,-0.11%,77.3,77.59,77.87,77.1,0.11%,69.678,69.584,69.9,69.115,0.14%,56.67,56.62,56.8,56.5,0.12%,293.89,118.74,6134.0,411.95,598.0,125.96,948.2,105.62,1073.6,208.65,2668.6,2645.04,2673.27,2635.79,1026.02,1003.88,1026.02,1000.4,65.44999694824219,82.99972534179688,97.18730163574219
1247,2025-10-08,16.75,15.41,15.14,14.99,14.93,14.93,15.01,15.12,15.16,15.15,15.11,15.1,15.13,94.267,94.635,94.85,94.267,-0.39%,81.22,82.5,82.86,81.1,-1.47%,75.97,77.41,77.6,75.95,-1.72%,68.571,69.678,69.8,68.401,-1.59%,55.96,56.8,56.8,55.79,-1.25%,281.9,114.22,5952.0,403.85,578.0,121.86,907.2,100.48,1022.2,204.7,2562.51,2669.75,2677.75,2548.37,989.91,1025.93,1029.54,984.44,66.25,82.07256317138672,95.64289855957031
1248,2025-10-09,16.75,14.87,14.84,14.83,14.84,14.9,14.95,15.02,15.04,15.02,14.97,14.96,14.99,94.656,94.499,94.69,94.26,0.41%,81.99,81.22,82.18,80.11,0.94%,76.64,75.95,76.8,75.23,0.87%,69.042,68.879,69.049,67.925,0.69%,56.16,56.13,56.27,55.41,0.36%,289.37,116.83,6096.0,417.6,607.7,128.68,927.0,104.02,1056.6,205.2,2638.37,2559.14,2645.81,2521.43,1020.93,988.99,1023.81,974.04,65.22000122070312,81.44542694091797,94.71369934082031
1249,2025-10-10,16.35,14.93,14.95,14.96,14.98,15.02,15.06,15.11,15.12,15.09,15.03,15.02,15.04,94.609,94.66,94.799,94.268,-0.05%,82.55,81.99,82.6,81.4,0.69%,76.2,76.8,77.19,76.0,-0.57%,68.932,69.041,69.042,68.6,-0.16%,56.11,56.17,56.25,55.9,-0.09%,285.12,115.18,5964.0,406.5,581.9,125.64,904.8,100.96,1035.6,201.2,2588.56,2635.45,2640.07,2572.91,1004.38,1021.41,1021.59,996.73,62.72999954223633,81.16867065429688,93.88369750976562
1250,2025-10-13,16.35,14.88,14.93,14.97,15.0,15.1,15.16,15.19,15.17,15.1,15.0,14.95,14.93,94.615,94.609,94.849,94.501,0.01%,81.82,82.55,82.62,81.4,-0.89%,76.04,76.2,76.77,75.81,-0.21%,68.789,68.932,69.464,68.016,-0.21%,56.03,56.11,56.75,55.95,-0.14%,285.39,115.84,5950.0,402.8,595.3,129.04,905.0,100.0,1033.8,200.65,2576.38,2602.37,2611.54,2549.77,1003.79,1006.65,1013.29,989.33,63.31999969482422,80.07654571533203,92.9000015258789
1251,2025-10-14,16.35,14.56,14.73,14.88,15.0,15.3,15.42,15.42,15.31,15.13,14.9,14.77,14.64,94.517,94.599,94.609,94.404,-0.10%,81.31,81.82,81.82,80.35,-0.62%,75.81,76.28,76.9,75.7,-0.31%,68.573,68.8,68.931,68.358,-0.31%,56.01,56.03,56.22,55.8,-0.03%,283.3,115.27,5888.0,401.35,557.5,126.56,885.0,97.94,1049.6,200.2,2541.49,2571.87,2575.76,2530.17,1001.3,1002.99,1004.09,985.79,62.38999938964844,81.14334869384766,93.85769653320312
1252,2025-10-15,16.35,14.48,14.67,14.83,14.97,15.31,15.45,15.44,15.31,15.08,14.81,14.66,14.54,94.698,94.599,94.847,94.261,0.19%,81.51,81.34,81.95,80.85,0.24%,76.09,76.58,76.67,75.7,0.38%,68.742,68.608,69.154,68.43,0.25%,56.25,56.03,56.47,55.8,0.42%,283.74,115.13,5835.0,400.85,542.2,125.22,874.8,97.08,1076.4,200.25,2545.22,2537.12,2564.83,2521.87,1017.01,1000.38,1017.92,993.56,61.90999984741211,79.49613952636719,92.23419952392578
1253,2025-10-16,16.39,14.16,14.35,14.52,14.65,14.97,15.09,15.09,14.99,14.79,14.52,14.36,14.2,94.641,94.7,94.729,94.35,-0.06%,82.76,81.51,82.79,81.3,1.53%,77.7,76.8,77.7,76.13,2.11%,71.21,68.742,71.21,68.503,3.59%,57.6,56.26,57.6,56.18,2.40%,302.91,124.36,6185.0,423.75,589.1,134.34,929.0,104.32,1162.0,210.3,2607.78,2534.12,2617.18,2528.86,1038.78,1015.59,1045.76,1010.47,61.060001373291016,78.6495590209961,91.58930206298828
1254,2025-10-17,16.45,13.9,14.11,14.28,14.42,14.75,14.88,14.91,14.82,14.63,14.36,14.19,14.03,94.899,94.709,94.9,94.582,0.27%,82.45,83.0,83.0,81.53,-0.37%,77.9,77.77,78.02,77.03,0.26%,70.891,70.908,71.2,70.157,-0.45%,57.91,57.6,58.0,57.24,0.54%,300.91,124.74,6312.5,418.0,606.6,131.52,939.2,105.08,1158.4,211.3,2721.14,2695.86,2734.79,2688.36,1058.51,1052.09,1089.37,1052.09,61.290000915527344,80.49652862548828,94.17530059814453
1255,2025-10-20,16.44,12.77,13.35,13.81,14.18,14.98,15.17,15.04,14.83,14.59,14.36,14.24,14.12,95.183,94.951,95.3,94.9,0.30%,81.96,82.5,83.23,81.3,-0.60%,77.12,77.92,78.38,77.0,-1.00%,70.157,70.894,71.998,69.932,-1.04%,57.51,57.91,58.3,57.4,-0.69%,304.0,126.02,6374.0,421.0,607.6,133.54,928.8,104.34,1159.6,210.5,2744.83,2736.9,2757.39,2726.99,1062.81,1058.86,1072.61,1058.86,61.0099983215332,80.55245971679688,93.9000015258789
1256,2025-10-21,16.37,13.15,13.54,13.88,14.16,14.91,15.25,15.34,15.16,14.81,14.4,14.17,13.97,95.34,95.247,95.424,94.965,0.16%,81.65,82.11,82.11,81.0,-0.38%,76.77,77.29,77.29,76.5,-0.45%,69.758,70.158,70.158,69.052,-0.57%,57.05,57.62,57.66,56.83,-0.80%,295.47,120.9,6266.0,411.95,596.5,128.0,914.0,101.68,1116.4,206.95,2632.42,2694.35,2715.78,2608.42,1019.41,1054.6,1054.6,1010.12,61.31999969482422,80.8450927734375,94.1332015991211
1257,2025-10-22,16.43,12.86,13.27,13.62,13.92,14.68,15.05,15.21,15.07,14.79,14.41,14.19,13.97,95.337,95.34,95.427,95.177,0.00%,82.04,81.85,82.05,81.52,0.48%,76.52,76.78,77.5,75.9,-0.32%,69.469,69.758,69.948,69.171,-0.41%,56.81,57.5,57.5,56.64,-0.42%,290.02,119.14,6052.0,401.95,580.4,127.3,905.0,99.66,1084.4,206.4,2653.0,2659.13,2678.25,2636.48,1023.52,1023.34,1037.16,1020.99,62.59000015258789,81.3714599609375,94.39129638671875
1258,2025-10-23,16.39,12.86,13.27,13.62,13.91,14.71,15.1,15.28,15.17,14.91,14.56,14.36,14.17,95.25,95.337,95.398,95.102,-0.09%,82.04,81.54,82.04,81.54,0.00%,76.6,76.86,76.86,75.8,0.09%,69.586,69.111,69.711,68.9,0.17%,57.02,56.9,57.1,56.18,0.37%,291.8,117.8,5761.0,389.85,565.5,127.36,895.2,99.38,1077.2,205.45,2570.67,2568.42,2582.67,2546.26,996.47,1006.93,1006.93,982.34,65.98999786376953,81.49440002441406,94.59339904785156
1259,2025-10-24,16.42,12.64,13.08,13.46,13.79,14.67,15.12,15.35,15.24,14.97,14.62,14.42,14.24,95.591,95.4,95.648,95.117,0.36%,82.06,82.04,83.38,81.74,0.02%,76.67,76.66,77.4,76.0,0.09%,69.494,69.748,70.59,69.002,-0.13%,56.64,57.1,57.53,56.5,-0.66%,287.55,116.94,5636.0,389.8,557.1,126.18,875.8,97.18,1057.6,200.65,2543.93,2580.2,2606.81,2530.37,989.72,997.56,1010.48,980.84,65.94000244140625,81.41976165771484,94.58899688720703
1260,2025-10-27,16.25,12.72,13.19,13.59,13.92,14.76,15.2,15.46,15.4,15.15,14.81,14.6,14.4,95.53,95.592,95.625,95.25,-0.06%,81.82,82.23,82.23,81.6,-0.30%,75.86,76.7,77.03,75.84,-1.06%,68.6,69.4,70.5,68.3,-1.29%,56.04,56.64,56.77,55.9,-1.06%,283.17,115.16,5237.0,370.15,517.1,118.5,850.8,95.04,1026.6,199.0,2476.79,2500.63,2506.3,2457.87,987.84,979.1,989.62,956.25,65.62000274658203,79.82564544677734,92.8499984741211
1261,2025-10-28,16.4,12.54,12.99,13.38,13.71,14.6,15.07,15.36,15.29,15.04,14.71,14.52,14.35,95.545,95.587,95.638,95.171,0.02%,82.14,81.95,82.25,81.67,0.40%,76.17,75.84,76.66,75.8,0.42%,69.092,69.416,69.493,68.6,0.72%,56.53,56.0,56.7,55.91,0.87%,289.46,116.43,5461.0,376.5,519.8,122.6,864.4,98.64,1052.2,200.3,2495.09,2480.3,2515.91,2475.24,984.76,986.48,1003.44,983.06,64.4000015258789,79.24275970458984,92.33049774169922
1262,2025-10-29,16.37,12.48,12.95,13.34,13.65,14.42,14.83,15.11,15.08,14.86,14.52,14.31,14.09,95.702,95.55,95.914,95.45,0.16%,82.75,82.22,83.0,82.14,0.74%,76.63,76.17,76.78,75.86,0.60%,69.698,69.0,69.698,68.9,0.88%,57.14,56.56,57.14,56.46,1.07%,290.5,116.37,5387.5,377.95,536.9,125.3,853.2,98.12,1057.6,201.65,2523.35,2502.84,2531.25,2500.89,1000.24,984.84,1000.24,984.84,64.91999816894531,79.23696899414062,92.37010192871094
1263,2025-10-30,16.27,12.39,12.84,13.22,13.55,14.41,14.83,15.04,14.94,14.68,14.33,14.13,13.94,95.917,95.927,95.95,95.714,0.22%,83.03,82.92,83.29,82.7,0.34%,77.25,76.63,77.5,76.6,0.82%,70.215,69.699,70.299,69.466,0.74%,57.65,57.14,57.81,57.03,0.90%,296.12,117.25,5508.0,387.5,544.5,126.7,878.0,99.54,1067.2,204.6,2557.48,2531.72,2567.79,2528.01,1000.78,1000.48,1017.86,999.15,65.0,79.99542999267578,92.80950164794922
1264,2025-10-31,16.29,12.3,12.76,13.15,13.48,14.38,14.84,15.11,15.02,14.77,14.41,14.2,14.02,95.965,95.91,95.988,95.825,0.05%,82.62,82.86,83.2,82.14,-0.50%,76.9,77.27,77.3,76.72,-0.46%,69.887,70.215,70.246,69.75,-0.47%,57.28,57.65,57.84,57.1,-0.65%,291.89,116.11,5443.0,382.45,531.9,123.94,853.4,97.84,1044.8,202.55,2525.2,2555.63,2556.72,2522.73,982.39,1000.65,1000.65,981.43,65.06999969482422,79.94754028320312,92.51249694824219
1265,2025-11-01,16.33,12.03,12.58,13.05,13.44,14.43,14.86,15.06,14.96,14.71,14.4,14.21,14.02,96.101,95.917,96.23,95.905,0.14%,82.82,82.59,82.82,82.31,0.25%,77.06,76.94,77.13,76.67,0.20%,70.093,70.243,70.243,69.466,0.29%,57.45,57.31,57.5,57.2,0.30%,293.7,116.2,5475.0,384.8,537.4,125.12,855.2,98.26,1044.8,202.95,2532.66,2524.01,2534.73,2520.57,986.38,982.61,986.38,980.58,65.06999969482422,79.94754028320312,92.51249694824219
1266,2025-11-03,16.33,11.73,12.38,12.92,13.36,14.44,14.82,14.91,14.78,14.58,14.34,14.21,14.08,96.159,96.084,96.496,95.903,0.06%,82.86,82.82,83.03,82.61,0.04%,77.36,77.08,77.5,76.9,0.39%,70.373,70.1,70.477,70.005,0.40%,57.8,57.45,57.8,57.37,0.60%,298.04,117.52,5580.0,394.2,553.0,127.0,862.4,100.14,1066.0,204.7,2570.96,2566.11,2579.91,2561.91,1001.3,988.47,1004.78,988.47,64.88999938964844,80.89276885986328,92.68000030517578
1267,2025-11-04,16.33,11.73,12.38,12.92,13.36,14.44,14.82,14.91,14.78,14.58,14.34,14.21,14.08,96.159,96.084,96.496,95.903,0.06%,82.86,82.82,83.03,82.61,0.04%,77.36,77.08,77.5,76.9,0.39%,70.373,70.1,70.477,70.005,0.40%,57.8,57.45,57.8,57.37,0.60%,298.04,117.52,5580.0,394.2,553.0,127.0,862.4,100.14,1066.0,204.7,2570.96,2566.11,2579.91,2561.91,1001.3,988.47,1004.78,988.47,64.44000244140625,80.98277282714844,93.29940032958984
1268,2025-11-05,16.33,12.14,12.59,12.98,13.31,14.22,14.69,14.96,14.9,14.65,14.32,14.12,13.95,96.081,96.159,96.187,95.941,-0.08%,83.15,83.03,83.3,82.64,0.35%,77.43,77.36,77.65,76.8,0.10%,70.32,70.467,70.488,70.058,-0.08%,57.9,57.8,57.94,57.58,0.17%,295.7,116.46,5490.5,389.4,546.8,125.02,859.4,99.4,1055.4,204.5,2546.62,2552.75,2579.16,2537.65,988.12,1001.17,1004.49,985.92,63.52000045776367,80.9957275390625,93.02400207519531
1269,2025-11-06,16.38,11.86,12.38,12.83,13.22,14.26,14.78,15.06,14.96,14.68,14.3,14.09,13.9,96.136,96.17,96.25,96.0,0.06%,83.08,83.19,83.34,83.02,-0.08%,77.35,77.43,77.65,77.13,-0.10%,70.102,70.354,70.68,70.018,-0.31%,57.64,57.93,57.94,57.56,-0.44%,294.27,117.12,5453.5,389.95,541.6,124.74,852.6,98.86,1060.2,203.1,2542.7,2558.87,2560.25,2532.02,984.32,989.72,993.4,981.81,63.380001068115234,81.3468246459961,93.52159881591797
1270,2025-11-07,16.44,11.98,12.46,12.88,13.24,14.2,14.68,14.97,14.91,14.66,14.32,14.12,13.95,96.197,96.242,96.242,96.006,0.06%,83.19,83.25,83.3,83.0,0.13%,77.67,77.41,77.83,77.27,0.41%,70.588,70.293,70.589,69.994,0.69%,57.76,57.64,57.85,57.56,0.21%,296.84,120.45,5324.0,394.85,562.5,126.52,864.4,100.26,1077.8,205.75,2566.42,2545.05,2573.84,2544.48,995.35,985.82,998.22,983.24,63.630001068115234,81.24295043945312,93.82710266113281
1271,2025-11-10,16.41,11.98,12.45,12.85,13.2,14.13,14.6,14.86,14.78,14.52,14.17,13.97,13.78,96.211,96.19,96.243,95.978,0.01%,83.25,82.82,83.26,82.82,0.07%,77.8,77.75,78.36,77.56,0.17%,70.74,70.588,70.992,69.88,0.22%,58.22,57.76,58.24,57.65,0.79%,300.46,119.34,5140.5,389.45,557.0,126.56,870.2,99.88,1075.8,205.6,2558.6,2590.59,2600.19,2552.16,994.92,995.7,1008.45,991.08,64.05999755859375,80.30562591552734,92.69999694824219
1272,2025-11-11,16.18,11.88,12.35,12.76,13.1,14.04,14.49,14.76,14.68,14.42,14.05,13.84,13.64,96.311,96.242,96.4,96.06,0.10%,83.28,83.26,83.31,83.01,0.04%,77.91,77.82,78.17,77.18,0.13%,71.111,70.792,71.305,70.274,0.52%,58.69,58.22,58.85,58.16,0.81%,301.12,121.53,5156.5,390.15,561.2,126.82,892.6,102.46,1088.8,204.75,2566.17,2562.13,2576.62,2550.85,993.65,994.95,1001.92,991.9,65.16000366210938,81.2486343383789,93.89289855957031
1273,2025-11-12,16.36,11.63,12.15,12.59,12.97,13.97,14.45,14.72,14.63,14.36,13.98,13.75,13.54,96.58,96.313,96.6,96.161,0.28%,83.5,83.39,83.5,83.2,0.26%,78.35,77.75,78.35,77.75,0.57%,71.326,71.199,71.438,71.0,0.30%,58.89,58.69,59.12,58.65,0.35%,299.09,119.14,4918.0,383.9,550.3,124.7,886.2,101.36,1075.0,204.0,2536.22,2573.61,2576.65,2529.06,982.92,994.67,997.71,979.28,62.709999084472656,80.92765045166016,93.79029846191406
1274,2025-11-13,16.46,11.31,11.85,12.32,12.71,13.79,14.33,14.67,14.61,14.35,13.98,13.77,13.57,96.568,96.6,96.998,96.4,-0.01%,83.6,83.5,83.95,83.41,0.12%,78.42,78.38,78.9,78.23,0.09%,71.213,71.406,71.597,70.899,-0.16%,59.07,58.9,59.09,58.8,0.30%,299.09,119.28,4954.5,383.15,549.0,125.38,875.4,100.26,1086.4,204.6,2543.36,2542.57,2550.96,2528.64,994.05,982.92,994.05,979.98,63.0099983215332,81.27145385742188,94.20539855957031
1275,2025-11-14,16.49,11.33,11.88,12.36,12.76,13.85,14.39,14.73,14.66,14.36,13.94,13.7,13.49,96.5,96.569,96.967,96.45,-0.07%,83.4,83.64,83.91,83.23,-0.24%,78.45,78.45,78.65,77.95,0.04%,71.115,71.223,71.349,70.755,-0.14%,58.93,59.1,59.13,58.49,-0.24%,297.44,118.16,5114.5,382.2,547.3,123.9,861.6,99.34,1077.4,204.4,2525.68,2548.74,2550.93,2514.92,980.73,995.78,997.01,976.78,64.38999938964844,80.69581604003906,93.84559631347656
1276,2025-11-17,16.41,11.31,11.89,12.39,12.82,13.97,14.54,14.83,14.71,14.38,13.95,13.71,13.48,96.549,96.502,96.959,96.502,0.05%,83.28,83.4,83.81,83.27,-0.14%,78.16,78.64,78.71,78.15,-0.36%,70.932,71.115,71.378,70.855,-0.26%,58.76,58.93,59.11,58.68,-0.29%,294.68,118.14,4886.0,379.8,544.5,123.02,851.2,97.0,1049.6,203.45,2510.64,2509.55,2521.49,2501.71,974.86,979.99,979.99,971.42,64.19999694824219,80.08954620361328,93.0199966430664
1277,2025-11-18,16.41,11.84,12.32,12.73,13.08,14.03,14.5,14.78,14.69,14.38,13.96,13.72,13.52,96.455,96.888,96.888,96.02,-0.10%,83.3,83.4,83.55,82.94,0.02%,78.22,78.38,78.49,77.95,0.07%,70.94,71.117,71.3,70.724,0.01%,58.82,58.8,58.94,58.51,0.11%,299.44,121.06,5058.5,387.25,564.9,127.0,876.0,99.5,1073.0,205.45,2563.07,2506.61,2574.49,2492.2,996.14,974.29,999.65,967.7,64.88999938964844,81.24616241455078,94.16429901123047
1278,2025-11-19,16.29,11.91,12.38,12.78,13.12,14.02,14.46,14.7,14.61,14.31,13.92,13.68,13.48,96.123,96.3,96.43,96.05,-0.34%,83.27,83.35,83.7,83.0,-0.04%,78.47,78.23,78.7,77.92,0.32%,71.093,71.098,71.297,70.9,0.22%,58.85,58.82,59.09,58.6,0.05%,304.75,124.0,5275.0,402.6,598.3,129.8,913.0,101.5,1117.8,209.65,2646.02,2576.51,2669.85,2558.51,1029.78,997.55,1037.65,994.37,63.5099983215332,81.06904602050781,93.88159942626953
1279,2025-11-20,16.25,12.11,12.55,12.92,13.23,14.07,14.47,14.7,14.62,14.35,13.97,13.75,13.56,96.25,96.198,96.389,96.15,0.13%,83.33,83.25,83.38,82.8,0.08%,78.72,78.5,78.82,77.9,0.32%,71.14,71.146,71.478,70.868,0.07%,58.9,58.85,59.13,58.77,0.09%,307.89,128.11,5470.0,412.95,628.8,133.38,942.2,105.34,1162.0,213.4,2628.31,2635.22,2661.12,2617.57,1025.58,1028.36,1035.66,1018.71,63.380001068115234,80.54329681396484,92.94139862060547
1280,2025-11-21,16.24,12.66,13.01,13.3,13.54,14.16,14.44,14.6,14.52,14.27,13.91,13.7,13.52,95.957,96.278,96.499,95.85,-0.30%,83.3,83.16,83.45,83.12,-0.04%,78.79,78.81,78.9,78.55,0.08%,71.285,71.199,71.536,70.706,0.20%,59.07,58.9,59.1,58.81,0.29%,306.7,127.06,5503.0,407.95,626.0,132.62,931.6,105.06,1159.4,210.7,2685.03,2679.54,2695.26,2650.06,1070.35,1033.23,1074.43,1033.23,62.560001373291016,80.04438781738281,92.32599639892578
1281,2025-11-24,16.24,12.62,12.98,13.29,13.55,14.23,14.54,14.68,14.56,14.27,13.88,13.66,13.48,96.183,96.122,96.3,95.9,0.24%,83.26,83.38,83.44,83.12,-0.05%,78.5,78.9,78.96,78.5,-0.36%,71.232,71.308,71.512,70.933,-0.07%,59.05,59.07,59.45,58.64,-0.04%,305.87,126.0,5505.0,409.55,601.0,129.8,918.0,103.62,1147.0,208.95,2654.84,2703.18,2713.02,2645.91,1059.72,1074.31,1081.51,1054.76,63.369998931884766,78.18549346923828,89.97000122070312
1282,2025-11-25,16.24,12.82,13.16,13.44,13.68,14.28,14.54,14.68,14.6,14.34,13.97,13.75,13.58,96.173,96.176,96.176,95.942,-0.01%,83.32,83.3,83.5,83.11,0.08%,78.38,78.74,78.77,78.2,-0.16%,70.913,71.246,71.283,70.73,-0.45%,58.92,59.05,59.5,58.81,-0.21%,306.6,127.6,5520.0,410.2,600.4,132.34,937.8,106.0,1158.8,211.55,2685.95,2672.67,2695.04,2639.72,1071.57,1063.04,1075.77,1053.68,62.47999954223633,78.49854278564453,90.42639923095703
1283,2025-11-26,16.23,13.16,13.49,13.77,13.99,14.54,14.76,14.81,14.67,14.37,13.94,13.69,13.5,95.701,96.183,96.186,95.6,-0.49%,83.28,83.31,83.5,83.11,-0.05%,78.0,78.25,78.49,77.85,-0.48%,70.8,70.913,71.2,70.612,-0.16%,58.74,58.93,59.05,58.6,-0.31%,304.96,126.6,5471.0,407.4,592.8,131.36,926.2,105.6,1145.4,212.2,2668.38,2676.81,2679.97,2660.88,1069.54,1071.52,1071.52,1061.57,63.130001068115234,78.8697738647461,91.2125015258789
1284,2025-11-27,16.21,13.06,13.41,13.7,13.95,14.57,14.83,14.88,14.72,14.41,14.01,13.78,13.59,95.703,95.857,95.913,95.624,0.00%,83.04,83.4,83.4,83.0,-0.29%,77.9,78.12,78.2,77.81,-0.13%,70.616,70.801,71.114,70.44,-0.26%,58.43,58.74,59.0,58.27,-0.53%,299.53,124.06,5409.5,400.7,576.6,127.86,919.0,103.76,1119.2,209.85,2621.37,2672.82,2674.23,2605.13,1055.32,1069.61,1071.89,1046.55,63.130001068115234,78.49583435058594,91.06929779052734
1285,2025-11-28,16.25,13.23,13.55,13.81,14.03,14.57,14.78,14.82,14.65,14.33,13.91,13.67,13.48,95.799,95.798,95.928,95.652,0.10%,83.4,82.91,83.4,82.71,0.43%,78.2,78.08,78.5,77.82,0.39%,70.85,70.431,71.044,70.25,0.33%,58.6,58.43,58.75,58.25,0.28%,304.17,127.7,5531.5,405.0,602.5,130.96,938.2,105.66,1166.4,212.3,2676.42,2627.9,2685.88,2623.38,1077.78,1056.4,1081.59,1056.13,63.20000076293945,77.94819641113281,90.41639709472656
1286,2025-12-01,16.23,13.18,13.53,13.83,14.07,14.69,14.94,14.95,14.73,14.35,13.86,13.59,13.37,95.748,95.801,96.06,95.67,-0.05%,83.23,83.4,83.4,82.81,-0.20%,78.0,78.2,78.57,77.5,-0.26%,70.897,70.85,71.055,70.481,0.07%,58.5,58.6,58.85,58.24,-0.17%,305.2,127.8,5529.5,406.3,595.4,131.1,944.4,108.0,1183.0,215.0,2686.93,2674.51,2698.41,2662.86,1089.33,1077.85,1091.63,1072.32,63.16999816894531,76.83787536621094,89.13999938964844
1287,2025-12-02,16.23,13.22,13.55,13.83,14.05,14.6,14.82,14.86,14.68,14.33,13.87,13.61,13.39,95.757,95.799,95.939,95.721,0.01%,83.5,83.31,83.55,83.15,0.32%,78.17,78.23,78.35,77.8,0.22%,70.789,70.9,70.998,70.62,-0.15%,58.53,58.55,58.59,58.2,0.06%,303.77,127.02,5504.5,404.25,598.4,130.96,936.2,106.5,1178.0,216.55,2667.2,2683.76,2692.22,2657.52,1084.68,1089.08,1091.6,1080.74,62.45000076293945,77.72452545166016,90.21289825439453
1288,2025-12-03,16.2,13.47,13.74,13.96,14.13,14.54,14.7,14.74,14.61,14.31,13.89,13.65,13.46,95.785,95.8,95.9,95.707,0.03%,83.9,83.5,83.91,83.3,0.48%,78.5,78.2,78.5,77.71,0.41%,71.02,70.708,71.2,70.457,0.33%,59.03,58.5,59.08,58.21,0.86%,302.85,125.01,5449.0,399.8,588.4,129.96,923.4,105.08,1149.2,212.3,2651.71,2640.22,2651.71,2619.88,1071.57,1080.69,1080.69,1065.44,62.66999816894531,77.45410919189453,90.05860137939453
1289,2025-12-04,16.39,13.1,13.41,13.66,13.87,14.39,14.61,14.67,14.54,14.25,13.82,13.58,13.4,95.956,95.939,95.97,95.702,0.18%,83.65,83.69,83.9,83.3,-0.29%,78.76,78.57,78.78,78.37,0.34%,71.425,71.101,71.526,70.929,0.57%,59.17,59.08,59.25,58.77,0.22%,301.76,125.32,5443.5,400.0,588.3,128.94,932.0,105.02,1153.6,213.25,2657.13,2661.39,2668.09,2653.99,1087.5,1071.68,1087.69,1071.68,63.2599983215332,76.99481964111328,89.8313980102539
1290,2025-12-05,16.48,13.35,13.59,13.79,13.96,14.37,14.54,14.55,14.4,14.14,13.78,13.57,13.41,95.886,95.96,96.1,95.754,-0.07%,83.96,83.7,84.03,83.51,0.37%,79.1,78.78,79.4,78.67,0.43%,71.885,71.4,72.273,71.379,0.64%,59.75,59.12,59.79,59.12,0.98%,307.22,128.67,5555.0,410.0,605.8,134.02,945.2,107.08,1194.4,214.8,2711.3,2662.05,2718.32,2656.92,1122.46,1088.31,1125.36,1087.41,63.75,75.99678802490234,88.47850036621094
1291,2025-12-08,16.49,13.34,13.6,13.81,13.98,14.41,14.57,14.58,14.44,14.15,13.78,13.56,13.36,95.879,96.097,96.097,95.71,-0.01%,83.99,84.04,84.08,83.7,0.04%,78.9,79.1,79.28,78.7,-0.26%,71.762,71.92,72.017,71.29,-0.17%,59.58,59.75,60.0,59.44,-0.27%,304.95,127.12,5526.5,403.0,590.3,133.02,938.2,106.52,1171.6,211.85,2705.17,2727.14,2739.74,2699.79,1102.82,1124.09,1134.23,1101.42,62.4900016784668,75.99091339111328,88.44999694824219
1292,2025-12-09,16.37,13.09,13.38,13.62,13.82,14.33,14.54,14.59,14.46,14.21,13.89,13.7,13.52,95.98,95.973,96.078,95.855,0.11%,83.95,84.05,84.05,83.85,-0.05%,78.96,79.0,79.1,78.7,0.08%,71.828,71.731,71.856,71.606,0.09%,59.49,59.66,59.7,59.32,-0.16%,306.39,129.28,5556.0,408.05,598.4,137.8,952.8,108.04,1199.6,213.8,2702.72,2693.36,2721.82,2686.32,1108.49,1101.97,1112.9,1095.14,61.939998626708984,76.54546356201172,89.10160064697266
1293,2025-12-10,16.08,13.19,13.47,13.7,13.9,14.39,14.59,14.63,14.48,14.21,13.87,13.67,13.51,96.045,95.941,96.09,95.9,0.07%,84.24,83.81,84.25,83.81,0.35%,79.01,79.04,79.29,78.81,0.07%,72.2,71.721,72.334,71.65,0.52%,59.68,59.57,59.7,59.25,0.32%,306.73,128.32,5550.0,407.6,597.3,136.9,949.2,107.52,1194.8,214.05,2720.66,2720.42,2730.6,2713.19,1100.22,1110.37,1119.93,1097.2,62.209999084472656,77.18621063232422,89.76370239257812
1294,2025-12-11,15.99,13.3,13.57,13.78,13.95,14.35,14.5,14.52,14.39,14.11,13.73,13.51,13.34,95.904,96.1,96.174,95.854,-0.15%,84.19,84.21,84.6,83.83,-0.06%,79.49,79.02,79.54,79.0,0.60%,72.45,71.884,72.697,71.7,0.35%,59.8,59.7,59.95,59.3,0.20%,307.19,130.3,5705.5,411.65,607.0,136.36,960.8,108.56,1223.0,215.7,2748.93,2733.58,2761.94,2733.29,1091.47,1102.52,1116.91,1086.83,61.279998779296875,78.24519348144531,91.55470275878906
1295,2025-12-12,15.91,13.63,13.79,13.91,14.0,14.22,14.34,14.38,14.3,14.12,13.82,13.64,13.5,95.922,96.1,96.102,95.701,0.02%,84.45,84.19,84.45,84.02,0.31%,79.69,79.49,79.7,78.9,0.26%,72.536,72.45,72.599,72.363,0.12%,59.77,59.8,59.97,59.75,-0.05%,303.86,127.44,5643.5,402.25,597.1,136.78,953.6,106.12,1196.4,212.05,2739.49,2761.36,2769.35,2731.98,1082.41,1092.84,1099.58,1079.44,61.119998931884766,80.26023864746094,94.22029876708984
1296,2025-12-15,15.85,13.47,13.66,13.82,13.96,14.29,14.44,14.46,14.36,14.15,13.81,13.62,13.52,95.993,95.921,96.21,95.86,0.07%,84.48,84.46,84.55,84.3,0.03%,79.99,79.7,80.1,79.38,0.36%,72.62,72.537,72.62,72.478,0.12%,60.02,59.77,60.1,59.46,0.42%,305.08,129.12,5697.0,409.65,608.7,139.0,967.4,107.98,1216.0,217.6,2748.93,2734.06,2751.7,2723.8,1089.97,1081.7,1089.97,1076.21,60.560001373291016,79.72608184814453,92.30000305175781
1297,2025-12-16,15.84,13.34,13.55,13.72,13.86,14.17,14.33,14.42,14.38,14.2,13.87,13.66,13.5,95.971,95.998,96.168,95.91,-0.02%,84.5,84.5,84.6,84.32,0.03%,79.92,79.96,80.26,79.77,-0.08%,72.478,72.62,73.008,72.4,-0.20%,60.0,60.02,60.37,59.65,-0.04%,304.78,130.51,5742.5,413.0,608.3,140.48,987.0,109.8,1224.4,217.9,2774.23,2749.87,2779.73,2746.77,1100.27,1090.35,1102.45,1089.11,58.91999816894531,79.49618530273438,93.44259643554688
1298,2025-12-17,15.84,13.48,13.68,13.84,13.96,14.24,14.41,14.51,14.42,14.15,13.76,13.55,13.41,96.002,96.0,96.098,95.87,0.03%,84.65,84.54,84.65,83.67,0.17%,80.42,79.92,80.5,79.5,0.62%,72.938,72.62,73.05,72.4,0.63%,60.03,60.04,60.09,59.66,0.05%,303.5,129.11,5730.5,411.45,604.2,140.44,983.8,108.88,1215.8,218.25,2759.73,2780.86,2781.97,2740.18,1081.57,1100.93,1103.33,1074.91,59.68000030517578,79.03944396972656,92.87529754638672
1299,2025-12-18,15.84,13.4,13.6,13.77,13.91,14.22,14.35,14.41,14.34,14.12,13.76,13.54,13.38,95.991,96.069,96.07,95.913,-0.01%,84.6,84.34,84.67,84.06,-0.06%,80.24,80.42,80.5,79.9,-0.22%,72.808,72.743,73.08,72.548,-0.18%,60.1,60.05,60.3,59.88,0.12%,301.96,128.76,5888.0,409.25,589.0,142.68,992.4,108.56,1206.0,216.4,2753.07,2764.09,2772.87,2752.06,1083.69,1081.89,1086.72,1079.03,59.81999969482422,80.49685668945312,94.5177993774414
1300,2025-12-19,15.85,13.25,13.52,13.74,13.92,14.33,14.5,14.56,14.46,14.21,13.79,13.54,13.34,96.1,95.959,96.147,95.959,0.11%,84.26,84.66,84.67,83.58,-0.40%,79.5,80.34,80.5,79.02,-0.92%,72.368,72.809,72.9,71.71,-0.60%,59.88,60.1,60.35,59.7,-0.36%,299.87,127.46,5897.5,410.0,585.9,142.2,994.2,107.8,1205.0,215.5,2743.09,2779.21,2791.25,2739.55,1070.5,1087.06,1098.72,1069.24,60.470001220703125,79.91411590576172,93.70210266113281
1301,2025-12-22,15.77,12.94,13.29,13.57,13.81,14.4,14.64,14.71,14.57,14.27,13.85,13.6,13.41,96.049,96.07,96.301,95.902,-0.05%,84.08,84.09,84.26,83.97,-0.21%,79.11,79.68,79.68,79.0,-0.49%,71.856,72.368,72.982,71.66,-0.71%,59.63,59.88,60.11,59.51,-0.43%,297.72,124.6,5810.0,406.25,575.1,143.42,971.0,105.02,1154.6,213.7,2715.98,2741.24,2741.34,2712.64,1078.73,1070.9,1078.92,1059.04,62.06999969482422,79.65387725830078,93.25
1302,2025-12-23,16.07,13.03,13.36,13.63,13.85,14.4,14.62,14.7,14.59,14.31,13.89,13.64,13.43,96.28,96.188,96.388,96.049,0.24%,84.1,84.15,84.2,83.9,0.02%,78.7,79.1,79.11,78.62,-0.53%,72.133,71.854,72.289,71.551,0.39%,59.5,59.64,59.8,59.47,-0.21%,300.65,125.32,5744.5,404.95,576.5,148.08,973.2,105.22,1165.0,213.05,2725.38,2717.92,2733.17,2704.27,1092.52,1078.75,1093.98,1074.08,62.380001068115234,78.7951889038086,92.70490264892578
1303,2025-12-24,15.88,12.86,13.21,13.51,13.75,14.35,14.6,14.69,14.6,14.37,13.95,13.68,13.44,96.317,96.296,96.35,96.061,0.04%,84.0,84.19,84.24,83.97,-0.12%,78.62,78.9,79.06,78.33,-0.10%,71.78,72.148,72.198,71.672,-0.49%,59.27,59.5,59.62,59.15,-0.38%,302.03,125.04,5677.5,405.75,572.9,145.72,965.8,104.3,1161.2,211.75,2720.02,2723.31,2733.38,2709.96,1092.43,1091.9,1095.72,1086.33,62.2400016784668,77.99622344970703,91.99459838867188
1304,2025-12-25,15.83,12.84,13.21,13.52,13.78,14.39,14.66,14.79,14.7,14.45,14.06,13.82,13.61,96.307,96.28,96.347,96.107,-0.01%,84.0,84.1,84.15,83.71,0.00%,78.55,78.64,78.89,78.33,-0.09%,71.297,71.687,71.895,71.1,-0.67%,58.76,59.32,59.35,58.4,-0.86%,300.26,124.2,5673.5,402.8,568.8,147.16,964.2,103.92,1153.8,210.55,2714.12,2717.9,2722.91,2708.39,1097.79,1092.45,1097.79,1087.76,62.2400016784668,77.99622344970703,91.99459838867188
1305,2025-12-26,15.85,12.72,13.09,13.4,13.66,14.34,14.66,14.8,14.7,14.44,14.07,13.85,13.68,96.37,96.307,96.37,96.26,0.07%,84.41,84.15,84.44,84.0,0.48%,78.76,78.55,78.85,78.46,0.27%,71.35,71.298,71.564,71.229,0.07%,58.74,58.8,58.89,58.57,-0.05%,302.51,127.37,5790.0,408.5,584.3,152.0,980.0,105.94,1198.2,212.25,2754.89,2737.19,2760.53,2735.31,1117.04,1099.4,1118.74,1099.4,60.63999938964844,78.9462890625,93.01409912109375
1306,2025-12-29,15.85,12.72,13.06,13.35,13.6,14.25,14.55,14.72,14.65,14.44,14.12,13.93,13.76,96.499,96.37,96.54,96.1,0.13%,84.32,84.41,84.68,84.0,-0.10%,79.53,78.8,79.63,78.79,0.97%,71.642,71.4,72.339,71.112,0.41%,58.83,58.74,58.98,58.6,0.16%,299.7,125.29,5832.5,408.65,572.3,148.7,967.6,107.1,1187.0,212.35,2742.03,2775.62,2819.33,2738.95,1115.35,1121.58,1143.16,1114.1,61.939998626708984,79.02978515625,93.01409912109375
1307,2025-12-30,15.85,12.1,12.5,12.84,13.14,13.92,14.3,14.58,14.59,14.44,14.11,13.91,13.79,97.0,96.499,97.098,96.373,0.52%,84.54,84.39,84.87,83.8,0.27%,79.3,79.63,79.79,79.02,-0.28%,72.031,71.682,72.769,71.356,0.54%,59.49,58.83,59.51,58.8,1.14%,299.9,125.36,5908.5,409.0,580.7,149.46,962.2,106.72,1188.0,213.9,2766.62,2758.42,2775.2,2749.53,1114.13,1117.77,1128.84,1113.05,61.91999816894531,78.50053405761719,92.40689849853516
1308,2025-12-31,15.85,12.1,12.5,12.84,13.14,13.92,14.3,14.58,14.59,14.44,14.11,13.91,13.79,97.0,96.499,97.098,96.373,0.52%,84.54,84.39,84.87,83.8,0.27%,79.3,79.63,79.79,79.02,-0.28%,72.031,71.682,72.769,71.356,0.54%,59.49,58.83,59.51,58.8,1.14%,299.9,125.36,5908.5,409.0,580.7,149.46,962.2,106.72,1188.0,213.9,2766.62,2758.42,2775.2,2749.53,1114.13,1117.77,1128.84,1113.05,60.849998474121094,79.49620056152344,93.38140106201172
