stocks,fx,bonds,total
215921.0453834366,-133555.47260838747,-436882.7045236379,-354517.13174858876
60767.73898693919,-5809622.609874964,449538.5897696316,-5299316.281118393
-98413.98930756003,5335327.300528407,-312027.6717804596,4924885.6394403875
333706.6150796097,-1410942.7300269008,-187395.8631585315,-1264631.9781058226
-676155.3984005209,-5591630.074368715,-203152.86190997064,-6470938.334679207
-253448.93914325908,-10805377.096786797,-1195329.0647891536,-12254155.10071921
138333.43241398782,8586637.473511219,-433407.26970583946,8291563.636219367
-70431.3688234184,-2230615.036544025,5916.125656478107,-2295130.279710965
312274.5676032901,6010822.608685911,-288625.4356750101,6034471.740614191
4375.578414302319,2632697.614297986,154220.90155035257,2791294.094262641
-767576.2700281758,6054818.85835892,-1213306.308835432,4073936.279495312
14336.07242311351,5826020.43457818,277441.54375624657,6117798.05075754
14624.73561513424,-3043928.380537063,-174182.38234126568,-3203486.0272631943
-93843.79978619143,3352534.5364168286,-443357.5150272548,2815333.2216033824
426572.32498478144,-10298751.28529641,-185484.7636436969,-10057663.723955326
180372.58216335997,-168530.77828258276,53215.7358212471,65057.53970202431
-271867.15399665944,5389845.011766851,-271161.53240425885,4846816.325365933
687298.5663861651,-8212306.031369984,744898.2054757774,-6780109.259508042
-826481.2496299371,3236882.016810596,-699886.5716629848,1710514.195517674
-522019.3099137712,-4823362.937431425,-311831.075202398,-5657213.322547594
-117347.1327038277,-1836069.4864341617,88699.31353147328,-1864717.305606516
188507.19433922693,11605930.584914327,-369227.6012320593,11425210.178021494
-226455.43412714452,-6024143.600945413,316244.84118487686,-5934354.193887681
-39064.8691453021,-2771166.827979237,-53819.69314189255,-2864051.3902664315
-163948.93692926876,5191139.040625513,10663.531770952046,5037853.635467196
-190419.39037586004,23556136.599576533,221397.03976131976,23587114.248961993
85865.93791199289,1935761.8778087795,408939.92419309914,2430567.7399138715
-433786.9967822153,215121.87853205204,-794281.1026263684,-1012946.2208765317
-6028.584866302088,11581220.123262644,-674447.892624706,10900743.645771636
-267136.077349402,5838728.840343058,-581205.2852870077,4990387.477706648
-267533.448181754,9114090.571109533,-496912.3172433302,8349644.805684449
141893.59336293302,-11085024.629653037,33316.991289414465,-10909814.04500069
140561.15660649166,-1690716.7123516202,522905.0814356506,-1027250.474309478
-168464.55009434558,-2709308.7819330394,30997.956161133945,-2846775.375866251
-778997.522524057,-2001749.7529985607,-915449.1613050848,-3696196.4368277024
-31685.3447649125,-4997566.348418236,-639922.5512718037,-5669174.244454952
-50907.569568416104,-65005.887773156166,-385891.3082520291,-501804.7655936014
-11309.120120447129,1017201.3912450969,-881312.8791109324,124579.39201371744
-458504.09489036165,2858320.974551767,-491549.7580605149,1908267.1216008905
-138115.32448245212,-4236203.624609113,352508.5200318396,-4021810.4290597253
174147.95669624023,997189.216296047,-276093.2973629087,895243.8756293785
-36339.65428518504,938023.8578529358,270273.72458329797,1171957.9281510487
-517813.315102024,10751577.657133937,-304987.311594218,9928777.030437695
201421.26982723176,2508524.75345847,-280552.3149423227,2429393.708343379
-1078396.8209340684,2026935.8233083487,-927644.9859275222,20894.01644675806
-658236.6612668764,3674794.872526288,-523743.8237692714,2492814.3874901403
1876.978739419952,-2739492.7780776024,565087.2394348085,-2172528.559903374
181654.37207472138,2818762.928867638,-767414.4839854836,2233002.816956876
250818.95251237415,1717959.1162985861,-441909.4583317563,1526868.610479204
112785.39557741024,-488994.2006624937,324769.8880802393,-51438.917004844174
-390431.4916444719,-2689683.5949121118,-495823.8142808303,-3575938.900837414
659771.5815754365,-198624.93201601505,237866.13942717016,699012.7889865916
-480724.8246855084,-2783057.0152665973,-237389.09356449544,-3501170.933516601
320828.4685980771,-4532824.819127381,468482.99529542774,-3743513.355233876
380965.34808444977,-8113448.80678767,-197301.51854925603,-7929784.977252476
-442621.45739524625,-6086610.550676703,3899.4027586579323,-6525332.605313292
-466235.773817379,-4593694.7846413255,-230229.33165305853,-5290159.890111763
-387771.55204438046,1635532.5582172275,-613560.0023380667,634201.0038347803
357954.70117741637,1655259.2775263786,337848.1880340427,2351062.1667378377
-576957.21067046,-7945722.89252919,-610903.9004933238,-9133584.003692973
-338595.2595640011,3842417.2539109588,-1013631.668204233,2490190.3261427246
-1123007.1049392521,-9049491.33466053,10848.86197951436,-10161649.577620268
134573.34803023934,5683537.155204296,-153754.8917555362,5664355.611478999
-291753.6701597646,493569.29738920927,-1317639.0015086457,-1115823.374279201
37791.61970798299,6405650.796041787,-465730.0386236608,5977712.377126109
447028.3696602341,5630384.803809583,171541.44662038982,6248954.620090207
-132238.78016091324,-1433703.8618068993,699565.3401605263,-866377.3018072862
329185.8314074669,1827137.548421204,-697820.4609438479,1458502.918884823
-887392.7456585187,-4608170.471226633,-28732.955352693796,-5524296.172237845
619211.8330115955,1569442.4741619527,248275.57685671002,2436929.8840302583
-250156.6369490344,9222352.230005443,27870.32856119424,9000065.921617603
-28552.316708968952,-5753317.43884185,-544606.7806655839,-6326476.536216402
131327.2978739962,-3084711.4837665856,1181052.0438417196,-1772332.1420508698
-314365.5748277232,4604894.428619146,-433626.3259360343,3856902.527855389
98241.01438774355,-4016068.4050588906,355334.5533061549,-3562492.837364992
531037.2178720664,-6279626.011400282,413917.7122573927,-5334671.081270823
197203.02070684358,4354276.042394906,-363138.3380258158,4188340.725075934
539781.1394257303,6039684.773205042,-882258.5779249221,5697207.33470585
-673280.1944536585,7746459.129787266,-1106338.9644250497,5966839.970908558
708517.9455521386,-11122860.073037744,731884.4646545127,-9682457.662831092
-665905.0608738717,-8459400.87100795,-72170.06436438859,-9197475.99624621
-451858.51064297743,-1441359.822799176,298181.8649053052,-1595036.4685368482
84938.7068624422,-5513313.5365742445,191931.1708832085,-5236443.658828594
99623.18562464043,-1786508.1431562603,7636.767084054649,-1679248.1904475652
-311762.9174364675,1768916.117866367,33902.58341820538,1491055.783848105
210137.60295785964,1655475.234385848,181762.26879113913,2047375.1061348468
276312.7141006775,4441841.171602935,870183.7498079166,5588337.635511529
-508935.32901639305,-6998995.462055504,535155.3807590902,-6972775.410312807
-234818.0971805267,-7105807.171710193,-863752.7120874301,-8204377.98097815
-508389.1402547918,-4447556.116844773,9342.615571253002,-4946602.641528312
-437108.3835269064,-7934211.438390374,-320010.6863213107,-8691330.508238591
1321451.550541941,13579147.24138534,-716050.8284140825,14184547.9635132
-430203.8992633838,794013.3547232151,-821736.5939115882,-457927.1384517569
122214.40077511035,6310976.13007915,834475.0534675196,7267665.58432178
121885.44580749981,223388.61492577195,-167503.26044283807,177770.8002904337
156186.67504025437,4081904.484457135,-224552.0387751311,4013539.1207222585
-143219.73711559176,589771.6984774768,-150692.33714172244,295859.62422016263
-109453.48490673676,588493.6444895267,-698716.2478169501,-219676.0882341601
-277595.984754879,2480156.877445936,-1167293.956124477,1035266.9365665801
-248576.7092713751,1086262.908305198,-646986.6809587553,190699.51807506755
409438.26404928975,-1589964.4338076115,520052.28634780645,-660473.8834105153
186085.71190809645,3833462.7621414065,-170774.50751247257,3848773.9665370304
84220.39093296044,-1173660.4481658638,-912874.5182135254,-2002314.5754464287
408089.5394294821,-6132774.500061989,37911.51622183621,-5686773.444410671
-209629.01684818044,3936377.927012384,-127988.10468944907,3598760.8054747544
-446123.53135430254,186150.48624128103,-318784.01896139234,-578757.0640744139
631284.348341411,-1969932.510255307,-264644.04990226775,-1603292.2118161637
248601.80465622433,-7789126.068554878,-28221.647860981524,-7568745.911759635
-741132.1511244178,-3377981.629343629,282942.5714486018,-3836171.209019445
229376.85538979806,-1131459.8815740347,300214.5776583329,-601868.4485259037
134364.43468816392,2356916.7052445114,50746.0335778594,2542027.1735105347
-436019.2240410466,-2350005.0646508336,260116.41208802164,-2525907.8766038585
-323936.6459536478,-4938207.117071658,-362552.28767668456,-5624696.050701991
-136935.5775338374,-6614729.374423325,670772.7301343009,-6080892.221822862
227977.30448979326,38702.27991369367,134991.23186602443,401670.81626951136
-760870.5228076894,-5112170.159229577,-228957.9014648795,-6101998.5835021455
-329332.3232362643,6078440.562230766,103614.5548934415,5852722.793887943
-367522.4286667742,-3758091.1382765174,-124904.51878961921,-4250518.085732911
-789794.6856638007,9598740.219896138,-952942.7310284004,7856002.803203937
-835692.3449538313,8199225.89857471,-1238374.2696304545,6125159.283990424
-285153.5678393077,4886459.700443149,224073.58177428693,4825379.714378128
168658.093448814,2570730.114421785,386322.5159091726,3125710.7237797715
318288.6451613605,8753490.049961746,93344.53882429004,9165123.233947396
213084.1865658518,-3686163.300938666,441627.5362582803,-3031451.578114534
-372960.19823062606,4924283.732515395,-169197.01387099922,4382126.520413769
144589.41138645262,3065333.663908124,405879.6228878647,3615802.6981824413
476900.26164196245,2312626.85938555,1252850.6221667528,4042377.7431942653
23760.3574741818,-2157396.2416828573,-321871.715817377,-2455507.6000260524
-246599.6591789499,3846169.612553656,-91533.47459290177,3508036.4787818044
9732.378875331953,13369329.699784726,-153734.7089145854,13225327.369745472
-425685.70594990253,-5869454.012872636,-230102.68119329214,-6525242.400015831
62848.52516937442,13684290.713802338,-1363551.9191094264,12383587.319862286
-257949.72910538502,-2173658.1703222394,297442.729511559,-2134165.1699160654
-185441.5041962564,6775752.793563902,-265403.61090084165,6324907.678466804
11621.533263264224,-6490166.692690015,86157.00903976709,-6392388.1503869835
121119.37547531165,-2754767.8383107483,-440237.8783136681,-3073886.3411491048
543662.3708818071,598539.1840403676,387300.0247236192,1529501.579645794
-546607.65983079,-688306.1460374594,-824666.6958695054,-2059580.5017377548
-726692.686441157,10968287.930097103,-543100.3115794361,9698494.93207651
355645.3625321686,3834657.368101716,778189.8628425896,4968492.593476474
545309.862840727,-147409.0102019906,163643.67216344178,561544.5248021781
240788.03859205544,-617789.8576206565,-361516.5040772855,-738518.3231058866
-609177.8942107055,-8564972.706990719,-805844.5640849695,-9979995.165286394
-527802.8211741485,-1681183.7623188794,-1094561.086013347,-3303547.6695063747
-372014.51532739215,-5271096.623795062,-106238.04645258188,-5749349.185575036
-265623.8671753071,4469724.298777342,-346822.26133979857,3857278.170262236
680774.7338379845,-3068183.4731331468,25413.489212468266,-2361995.250082694
782156.9876126796,3957513.315804124,-467266.176071316,4272404.1273454875
898849.4330566116,4805744.251440585,-385406.13440193236,5319187.550095264
208942.34828207642,-1201173.5093964934,308027.741655536,-684203.419458881
19789.288606006652,564032.4051155448,174960.75189867616,758782.4456202276
-806626.762875041,1630398.6159976125,241214.03894375265,1064985.8920663241
-511491.1370417215,-7772379.222410858,-107681.9888266623,-8391552.348279241
13932.166497875005,-485463.94192144275,-454882.6028752923,-926414.37829886
-368845.5245855227,-391870.40362372994,-45181.36835631728,-805897.2965655699
240660.76493716985,5486431.94228515,871051.1337444335,6598143.840966754
-137736.72011249885,-2272782.661345333,154867.45828160644,-2255651.9231762253
572190.6192350928,4127789.9880796075,-163735.0793904066,4536245.527924294
-350997.13387954794,7665987.855073869,-167344.77971892804,7147645.941475393
-438483.98613090813,-877084.8042663336,433065.9167912081,-882502.8736060336
-688421.5333854016,734747.4460738897,-1040319.236401327,-993993.3237128388
470613.38113879226,2564520.1273297668,-741165.1317210197,2293968.3767475393
260801.36289777607,-2069065.8079033494,642635.6217319518,-1165628.8232736215
-391079.4646830298,-3721557.054941714,-223138.78699015826,-4335775.306614902
-26228.09426573105,2661757.6201075315,-117473.6677531153,2518055.858088685
-147523.1458173953,5980374.165382862,-89365.75310257077,5743485.266462896
331688.17323418893,-1728453.2993613482,284525.5432370901,-1112239.582890069
105235.53006321378,-583621.0562749505,513489.2660530582,35103.73984132148
661260.7679950297,-2584604.9576463103,1283744.6986372098,-639599.4910140708
-838031.8990502153,1814838.1149196625,-857452.1576613411,119354.05820810609
-169696.35576474108,-17939550.363463342,-888199.5541893765,-18997446.273417458
298107.90410437435,-2387825.2897108495,-245542.4572839439,-2335259.842890419
545919.9311884902,2465463.1336138844,489820.8080194071,3501203.872821782
5752.5905191116035,1020570.9680897892,750177.0831286237,1776500.6417375244
-178969.47301354446,-3323415.891473055,-150541.27937939763,-3652926.643865997
-794997.0363164581,2636769.356755495,306136.6990762502,2147909.019515287
-68201.41318389401,-2413913.3511184454,254311.7874801159,-2227802.9768222235
-173673.993059095,4878327.293996632,-35423.26000786573,4669230.040929671
-224077.10709059797,698060.8301950097,-616499.6617995799,-142515.93869516812
-174062.94005566277,-8866057.811201274,-209016.34637794644,-9249137.097634884
-534446.0346418153,14863885.097934306,-458657.48128869385,13870781.582003796
302181.8800109308,-8498747.248102248,-56422.90307213366,-8252988.271163451
-97665.50859984383,-14611343.47134602,-1209503.911360234,-15918512.891306099
-409423.3215075433,3933697.5378086865,534821.665482521,4059095.881783664
-314181.136682,-44583.018937408924,-1077574.2912427485,-1436338.4468621574
421413.6613588687,4488362.011633486,468923.1454859376,5378698.818478292
62569.70031301677,-1842936.8714277744,-243140.56585381925,-2023507.736968577
-224198.22521233372,4992646.378001213,-939799.3392650485,3828648.813523831
218807.9614592623,-637879.3702472448,305199.4514764324,-113871.95731155016
-306822.28385059536,-1500604.604861945,-684619.0712063164,-2492045.9599188566
20805.30610015616,-8049677.191971153,28133.46033858508,-8000738.425532412
331847.77420371026,-4857293.4134988785,1057266.9350907803,-3468178.704204388
526600.025396701,-3343656.0238028765,-353383.7658291608,-3170439.7642353363
650093.4622664265,4249720.971737593,202026.802811414,5101841.236815434
3270.919558694586,1008053.4787546396,-420791.4989863336,590532.8993270006
-162372.23306157067,6146383.088467866,-387060.4677039981,5596950.387702297
-44534.202481353655,-3568206.636431724,767565.2032994106,-2845175.635613667
-373380.1372988131,5892437.243250281,-291710.007871218,5227347.0980802495
-813486.6465419643,-9416797.234727383,863420.018114537,-9366863.86315481
-77519.30905081704,-11993342.988164306,-463594.20045283437,-12534456.497667957
229003.3616667241,-9694990.911391377,189193.3932506591,-9276794.156473994
224121.42421181872,5566745.075468004,-239047.10753685236,5551819.39214297
-343974.59419388697,8887388.73407501,-1000750.6377324536,7542663.502148669
-458697.4743495416,8641871.444599599,-554831.4567759037,7628342.513474153
-27718.988531645387,-614318.9653578997,436694.41548137367,-205343.5384081714
-89886.10190236568,-7364611.524271607,-118077.60678515583,-7572575.232959129
-173533.70587266982,-3123067.924105525,-219712.78425723314,-3516314.414235428
-382878.37535456195,4707564.524677426,685317.5678755715,5010003.717198435
-120953.28923358768,63783.5691306591,351090.7302143872,293921.0101114586
-270941.9569043368,-3471722.8454177976,-726989.7426045239,-4469654.544926658
-132100.46891441382,-9028309.718802005,950557.0821535513,-8209853.105562868
-312785.76107345894,1015882.067745477,-565097.2593721896,137999.04729982838
-762294.2476121113,4906220.8062567115,-179374.434469752,3964552.124174848
-130170.97843702696,-10918538.364647865,-187071.3103870675,-11235780.65347196
452051.7738114707,-8754531.814780414,804165.6452212408,-7498314.395747703
16050.825920008123,967352.722558558,1105653.6738055348,2089057.222284101
249539.34130415134,1824275.8155758977,-285566.45065014064,1788248.7062299084
356261.0968952738,4159972.958574146,-491120.96162553877,4025113.093843881
-154723.90976907685,812978.573739469,-40150.877671800554,618103.7862985916
-264795.6692917589,2912333.5164366364,495200.5572484955,3142738.404393373
135171.96936908364,1716689.7727006376,644056.7147382796,2495918.456808001
537192.8585520219,-987778.412332058,422915.3607696295,-27670.19301040657
389151.3161441162,1325312.5178325772,-137799.74705973268,1576664.0869169608
147478.45904217847,2618705.394631386,-299564.0703032911,2466619.783370273
681135.3458459899,-2057559.513426721,344036.1316019222,-1032388.035978809
166933.59243761376,444186.1774441302,179628.08819916844,790747.8580809124
-190768.094988646,4600252.35236156,-114785.63551072031,4294698.621862194
-31573.30551849678,-2992535.896451175,77410.8314172253,-2946698.3705524467
625153.9896809049,-6878106.318796217,430476.8688394949,-5822475.460275818
-954525.9513281267,-3394879.8725252748,-1081999.2225912437,-5431405.046444645
65422.5902213119,-1259319.7458226085,589319.3722397983,-604577.7833614983
-623251.5746867899,-2714578.035092354,-753635.5157338828,-4091465.1255130265
834255.357544275,-12001369.841144025,-92253.15090300888,-11259367.63450276
576956.3861650825,16400235.682600856,-257415.42709299177,16719776.641672947
-129762.44248151034,7598208.381707966,-1615768.9323063344,5852677.006920122
-225978.01047051325,3351690.653731942,-285851.95924441516,2839860.6840170138
-299712.06301988475,-934934.4925890565,258663.41030124575,-975983.1453076955
-222716.94177740626,-3837305.723989308,305557.098403275,-3754465.567363439
-15838.84133933112,-4972287.819123745,-189797.6460153982,-5177924.306478474
23980.881016952917,-1227100.083178699,-148886.37277389318,-1352005.5749356393
2878.929702743888,-4031651.491792232,-1057583.3585784882,-5086355.920667976
213481.71234656498,-4144774.145662546,333097.4844108671,-3598194.948905114
-454751.4260021057,-5940633.567258,-180699.67261677235,-6576084.665876878
421855.45669342205,1292455.2288028598,424.85000751912594,1714735.535503801
196485.77799043246,390779.54190033674,-456011.02782954276,131254.29206122644
-341829.08929964155,5640989.149646997,300997.94461967796,5600158.004967034
235752.5979114808,-3087087.081384331,8624.648489892483,-2842709.8349829577
-27387.94052697718,56240.39063948393,-647842.533916831,-618990.0838043243
375829.69355998747,9344732.582459956,-456605.26043890417,9263957.01558104
204286.4389583487,-4095416.8691839576,-168973.77480891347,-4060104.2050345223
-386861.95699315704,-3941051.4832345545,-586409.8863369972,-4914323.326564709
-414581.6774883978,8554731.926455408,-294325.33484750986,7845824.914119501
-340574.4524069261,-799094.5549117625,-261330.89602325112,-1400999.9033419397
465390.23986052163,-7775916.859911948,361233.40263684094,-6949293.217414586
530391.6631156281,1268597.4612628222,-540529.321594134,1258459.8027843162
-340951.2298117317,3539719.608770311,22894.421830385923,3221662.800788965
-158013.62792214006,3347478.793471217,236937.24942807853,3426402.4149771556
-376333.97610318847,-3264147.804886371,-733760.9862719774,-4374242.767261537
-43880.20076950081,-1606401.614214182,-269270.6161529422,-1919552.431136625
299932.30845109746,-6414737.291522086,-12979.140753634274,-6127784.1238246225
-511517.74099129625,9048380.05353427,115433.07190948725,8652295.38445246
3574.0599690414965,-1780359.0452173948,-916742.2777970284,-2693527.2630453818
773010.0588707849,1421772.9237049818,1032394.3194899037,3227177.3020656705
-89198.32312509976,-4432945.044341803,-1385381.8077948317,-5907525.175261734
-165803.93980050832,3231393.061970055,-340179.5610284507,2725409.561141096
-229130.06468243524,7940907.161544025,-716437.4462297857,6995339.650631804
103624.88333048299,3972210.9966892004,30419.3855683133,4106255.2655879967
-454658.74755462445,5785687.738034576,-401066.31643494964,4929962.674045002
214750.90701798163,-1172648.5861581862,653021.893669419,-304875.7854707856
-345656.84440731816,-909861.2581099868,-339095.74827783555,-1594613.8507951405
-60900.17991803214,3893818.0648257136,630035.9342209995,4462953.819128681
-19237.689619027078,4935023.533499062,430553.347623229,5346339.191503264
898802.096300045,6699274.257234216,448286.38315197825,8046362.736686239
116347.92247623205,5889294.203653693,-204346.32593555748,5801295.800194368
812507.9939452298,953038.2531374693,-308947.32999079674,1456598.9170919023
984611.9434016105,17763211.13756165,569980.8175817057,19317803.898544967
48492.118429321796,-937269.4619399309,-415610.3295052126,-1304387.6730158217
-352542.71480768546,-4123747.356654346,-59749.04032767564,-4536039.111789707
566443.6476855297,-2211396.434231937,225742.54848718643,-1419210.2380592208
-114271.00648112781,788053.5098695755,-563380.033679761,110402.4697086867
-24515.838627537712,-7663980.155400217,-584206.9559687153,-8272702.94999647
784988.0151775815,9768332.281900257,547478.7964127734,11100799.093490612
-152549.2999472916,-6445276.605582893,-59322.72365398705,-6657148.629184172
1204948.6072604433,2353641.1794089675,187401.22301267087,3745991.0096820816
-665193.4559265226,3422336.654372275,-1172411.2283496857,1584731.9700960666
87600.87437011302,2764474.7377603054,-493053.41050359607,2359022.2016268224
-546302.3832494747,-8665842.003309727,-1005269.4419500306,-10217413.828509232
-323225.8967733383,1006466.1443532705,71193.90625304729,754434.1538329795
186578.36432474665,1762724.8071098328,-781122.0926378071,1168181.0787967723
-61832.211010435596,1844774.7093742192,-9640.333815403283,1773302.1645483803
359472.4658824876,-5858455.693485737,26340.09077516198,-5472643.136828087
217641.87500252575,-7608424.547655106,-195262.99170789123,-7586045.664360471
354806.3497707192,6694130.124296635,24017.352053821087,7072953.826121176
-160177.5884235073,-1361138.9910990596,379235.93681046367,-1142080.6427121032
-413155.72642964125,-7280517.012815326,-719972.059151642,-8413644.79839661
-1342721.3388439734,2329156.325737715,-1093560.856988959,-107125.8700952176
-203017.37206593528,-2026637.69749856,299394.77616714686,-1930260.2933973484
735315.5771435536,-2216128.856829554,154241.13286011666,-1326572.1468258835
441756.35131263547,-465056.62047457695,298186.81924133,274886.55007938854
-56694.03460600786,4899084.739382565,563703.4507243559,5406094.155500913
-209998.67034559324,-6493939.582097679,108542.16651088744,-6595396.085932385
1230946.7919436097,1285389.3219991326,-835086.7276733518,1681249.3862693906
445724.8240433559,-5590366.342323184,477323.02486893535,-4667318.493410893
150001.72720563598,516787.6090695262,340068.0911155194,1006857.4273906816
437136.75604663044,-1715862.7249346972,969005.1650684625,-309720.8038196042
-539713.836816214,4643067.669944167,-1303761.881801039,2799591.951326914
-310537.3694697432,-4099309.724303007,96859.18376661092,-4312987.910006139
193906.66614709608,-657768.6515617073,-541989.0867166072,-1005851.0721312184
-367790.0331796836,4265896.640386492,154002.9755313173,4052109.5827381257
547667.1364907343,-5256247.616650552,-493450.05282123387,-5202030.532981051
95193.31835259125,3956154.1382918656,-486810.28044722974,3564537.176197227
82671.89944299683,7863779.062814534,300303.798721686,8246754.760979217
-74274.75779528357,4173276.222997546,-930001.1858148202,3169000.2793874424
513792.8264957778,-3613738.24793607,-105193.11161286384,-3205138.533053156
-397427.98486698046,167942.1100268364,-168021.06913937628,-397506.94397952035
369125.3681466989,9418749.752453327,-621946.3621034622,9165928.758496564
1130712.904902609,6415824.024605632,249891.85154607892,7796428.78105432
203069.4313274864,-966893.650426656,-532109.7106110454,-1295933.929710215
-409440.6709603928,-6178863.979021668,-225972.24421800673,-6814276.894200068
602811.6909817234,10751131.009123802,-537043.5562348664,10816899.14387066
692618.9511261731,-1365382.6244737208,671840.9305347502,-922.7428127974272
-450866.53824007884,-1558186.9233479798,-996290.1926839501,-3005343.6542720087
263403.92037746124,5798563.909612268,92250.36174452305,6154218.1917342525
-475530.96269072406,1843388.2213042378,1212182.0537255704,2580039.312339084
-78676.65814046934,7695937.288957059,-962111.1558758467,6655149.474940743
-337868.4249957707,2965820.2698153555,-91989.82292255759,2535962.0218970273
235063.0772070177,-2989790.734894812,444818.2514103502,-2309909.406277444
-823861.7269676477,5661798.32581985,-1911054.188007027,2926882.4108451754
-198181.10021201894,-6263778.260912627,-426433.88972614706,-6888393.250850793
243768.02051264606,-1993787.2552327216,461850.3116323352,-1288168.9230877403
245408.29106859118,-4968782.282853663,346751.5244514644,-4376622.467333607
-239981.273555696,3766572.3794435263,-400073.2639266178,3126517.8419612125
-773700.6243128031,-3492347.9119199514,-487322.5166493356,-4753371.05288209
279746.36115463264,-4918276.711057842,76664.73173508048,-4561865.618168129
56410.3049132023,2695418.7605751157,-927781.4522872493,1824047.6132010687
-659443.9884124584,-198680.2628956139,-417487.47355183214,-1275611.7248599045
317932.4174664747,2215273.7218486667,-477773.0999982357,2055433.0393169057
308458.9694835935,1246823.7511245012,502250.3342664987,2057533.0548745934
-502070.6247486714,4682209.075884908,-519917.0274816379,3660221.423654599
-96242.41951444559,-8193906.428628147,127751.4176993072,-8162397.430443285
-343471.3011495117,-5029535.649173468,-611755.0116581917,-5984761.961981172
-726154.2095775492,-473478.58408236504,-662983.4600775093,-1862616.2537374236
-135799.1153983865,2726670.224274695,-552678.6337088645,2038192.475167444
-76331.07612109184,-13980234.331729174,-410866.1578107625,-14467431.565661028
-178642.19969538413,3081468.6626244187,358732.03356157243,3261558.496490607
-210006.15254522674,-6482727.568909258,41631.12484169006,-6651102.596612794
-600240.9279591199,4878691.462685764,314787.253511101,4593237.788237745
320430.63567931764,-5163475.476407349,-72678.0496904999,-4915722.890418531
-15956.098164338619,1027004.3273534775,369119.674703598,1380167.9038927369
198357.83505443297,-4721771.157807618,-253625.6504696384,-4777038.973222824
549046.8025546949,-1057814.6922104955,563.0818136110902,-508204.80784218945
164772.75425966084,-5624714.034327745,-557929.0721927509,-6017870.3522608355
-91006.48486892693,-2402615.505866289,-512690.24644253403,-3006312.23717775
-7660.69230892323,1899380.7634808123,647783.7735525072,2539503.8447243962
44313.85616119765,-195873.8300449252,-893614.4450057372,-1045174.4188894648
-317761.20703968406,-3885490.541590005,-212294.48586946726,-4415546.2344991565
-348219.2981399093,5108697.334417522,-286401.01301699877,4474077.023260614
297320.69900224917,5096340.802853316,-108129.84574478865,5285531.656110777
-20105.688401069492,5998085.556960285,-440403.10358896106,5537576.764970254
135760.49986861832,5649339.529405296,398820.3061436415,6183920.335417556
-676956.3330630567,-2148369.352321565,-302457.0334284976,-3127782.7188131195
715493.2671206873,-419710.72319227457,-569727.4325508922,-273944.8886224795
-563003.5752403568,-6868281.297296226,-962241.3061903566,-8393526.17872694
-279666.0712387096,5761114.600212842,-157396.47037884593,5324052.058595287
-125268.10097471438,-2020375.4512432218,222555.94888955355,-1923087.6033283826
-370922.34765615873,3445118.3327398896,-334514.67636717856,2739681.3087165523
333923.94411534443,-1919725.7230834365,523429.2583244145,-1062372.5206436776
351407.41270530596,7774221.114335537,-233659.35474008322,7891969.17230076
-361023.5423961207,323521.9059727192,-113279.2507404983,-150780.88716389984
-643092.6466237586,1784991.685371697,-985128.4099920839,156770.62875585444
-674701.6782955453,-2163629.9742636383,-735016.8095098734,-3573348.462069057
-93897.95805539191,-17466459.905003875,-118147.24582982808,-17678505.108889095
-289683.20615659095,-6115411.283918202,83056.20814161003,-6322038.281933183
136921.51856137812,6277222.703287035,-418350.7483447045,5995793.473503709
308763.32736330107,-3423172.9618269205,-284657.1802746728,-3399066.8147382922
678697.4658879582,8299349.849985778,-359.6466938853264,8977687.669179851
-171328.2649000585,-7677390.894168794,252239.98373787105,-7596479.175330982
646719.495785987,7324701.373900682,-32946.10000204295,7938474.769684626
858140.0655667894,-6509084.457577229,58076.96040222049,-5592867.431608219
-82407.21468462795,-6462322.2058651745,-551864.0106784403,-7096593.431228243
470274.77773317136,862329.5487768054,507794.26898524165,1840398.5954952184
316903.1559251081,-824751.7554123402,153860.06517142057,-353988.53431581147
-5586.790842324495,-1871985.303421408,174234.18403106928,-1703337.9102326632
-659172.0445054285,8865418.506713867,-1895291.6582480147,6310954.803960424
-167499.20801132172,2545896.8039590716,206943.2329903245,2585340.8289380744
-444916.9463388417,5262456.074949741,-419531.16950659454,4398007.959104305
-310414.3396056816,-3944677.7279990613,679800.6480079144,-3575291.4195968285
-293266.4914423786,-1560959.8367992043,-1005961.7557721883,-2860188.0840137713
-88655.52200849913,6485253.264130056,122976.21477410942,6519573.956895666
377496.11264962703,-1832831.1569077075,999222.6161006242,-456112.4281574562
53798.234565947205,3031719.0275583863,223305.15568584204,3308822.4178101756
-327020.7644546535,4073328.5855383277,-1009281.1727986485,2737026.6482850257
-169770.91113124974,856100.6648550034,-191603.55810329318,494726.19562046044
-118457.36142000929,5833649.175853342,-423506.93846049905,5291684.8759728335
204854.0047127679,-873739.5208537579,-514349.3665487021,-1183234.882689692
-73967.55784804001,2186212.204689324,79716.14074362814,2191960.787584912
-256935.09844099171,-5715247.388736486,952858.8967317194,-5019323.590445759
360759.3184232805,-3434006.503068149,-595276.0890855342,-3668523.273730403
968790.4764647689,11044979.167815953,946402.5732913539,12960172.217572076
142254.1631094478,-6125323.791848779,370682.5652333498,-5612387.063505981
-380737.17909189686,8709201.59055239,-1029162.3279706016,7299302.083489891
275734.48023679666,10263490.147538185,2056.161306232214,10541280.789081214
191181.72278938442,-763102.9265727997,-1117554.7321739793,-1689475.9359573945
-3874.562529850751,-3369482.4106754065,219571.67517405003,-3153785.298031207
120254.90708823875,3191157.96960032,379442.2563456148,3690855.1330341734
-261078.5751275923,9084091.767077684,-485646.9605278075,8337366.231422285
748993.3583264202,5169851.32550782,-239205.28646021336,5679639.3973740265
369375.40297768265,6450667.120984018,2136235.7926152945,8956278.316576995
764895.6301497836,1117944.148183763,1545410.6750006601,3428250.4533342067
210560.6890714001,-790908.0920259953,-634395.7496464849,-1214743.15260108
-250516.0232552979,5454719.305695057,-1525594.414325133,3678608.868114626
-30737.49946149066,5931831.748243809,-157183.23295482993,5743911.015827488
-212454.7637003716,508618.93728229403,332731.63061959296,628895.8042015154
-85958.89441804774,2955129.150363177,408431.12338165194,3277601.3793267813
25127.622495297343,734706.9783434272,707608.6799721718,1467443.2808108963
-248021.81416965649,-3590945.823279381,-184384.34160722047,-4023351.9790562578
368320.7523837164,-1884260.8923903704,307242.1007175669,-1208698.039289087
-108652.88003673777,311008.7157149315,-71928.59732256085,130427.23835563287
-138512.1451394353,1531122.8654159307,489585.06713432074,1882195.7874108162
-176205.11901309714,-9666412.644334078,-573198.0767677128,-10415815.840114888
-396911.6311396435,14521046.575671077,144803.4442563206,14268938.388787754
-1225299.9429044388,-11957546.818410546,-919067.6226137131,-14101914.383928698
201883.40658355132,-2073400.056265086,228301.82412679493,-1643214.8255547397
148966.76176107675,-978474.8040775657,525342.8702390492,-304165.1720774397
150263.133944273,-12856144.545604885,-871425.4510824978,-13577306.86274311
158469.84982196987,2782119.250026673,-62342.19364775717,2878246.906200886
1028017.1613170169,-2520545.886947632,-190755.12703774124,-1683283.8526683562
-530712.9505387619,2042078.3253380954,-820496.0642289221,690869.3105704114
-275128.49699181877,-2117328.185323775,-274822.99519996345,-2667279.677515557
-257332.01466408372,2712888.2101412416,92380.63020469993,2547936.8256818578
632905.0914864223,-17127456.351002574,-54342.31231229752,-16548893.57182845
578791.4212657288,11071422.600352168,2190.642891474068,11652404.66450937
670442.9215430506,-238068.8525673747,1129807.396972634,1562181.4659483097
574005.7256567366,-540069.206674099,293643.2049683258,327579.72395096347
797373.5598340705,7743878.483648568,-75212.99553469568,8466039.047947943
-656493.0154680628,4663265.5800661445,-1119249.2871566191,2887523.2774414625
-721319.5404779874,6628804.660462797,-501820.70772333443,5405664.412261475
-325935.31700493954,1458888.577287227,39124.50676557422,1172077.7670478616
156292.83920409158,14983171.323602289,-80362.87352864444,15059101.289277736
-71963.61300602742,472137.7800190449,116455.67069537938,516629.83770839684
-49402.015424095094,9051739.277221829,283934.39211171865,9286271.653909452
-456526.76730976254,1256348.5055111349,144947.32404174656,944769.0622431189
496272.88900261745,-5741768.356825948,-63065.40152063966,-5308560.86934397
-169414.5364670828,1399122.316202402,-589584.5573458225,640123.2223894969
-864749.9337421115,-2511526.2492458224,-563886.6980179548,-3940162.881005889
-665223.603486646,-84028.18844512105,-608211.5294546634,-1357463.3213864304
-490975.3211688474,-2367959.8911608458,-334488.2748290524,-3193423.4871587455
-294775.82523665763,5076052.062570959,-286947.6726809591,4494328.564653343
-578690.6937338896,-5845500.672509074,-869853.2526423186,-7294044.618885282
-250723.17183551006,2634030.684484929,360737.7695892006,2744045.2822386194
829724.8537755255,-4757520.690790445,260500.71333891898,-3667295.123676
402603.04779130965,-179470.5820516944,-78812.1055734232,144320.36016619205
37631.943623246625,-5331101.52921927,-140242.72702145576,-5433712.312617479
-274513.13911553845,215596.4242888391,-779265.8932092488,-838182.6080359481
263381.8414917346,-2200180.3648300767,-1058750.155437775,-2995548.678776117
-1023772.9190287385,7532169.86136049,-907937.9303250164,5600459.012006735
114707.82013116032,6581802.590315044,-436496.2399380654,6260014.170508139
273070.6175939273,-1962940.641135037,-127523.46472805738,-1817393.488269167
444230.7466939725,-3412704.8083339334,-390685.7028000206,-3359159.7644399814
-10006.93934873119,-7549366.889925092,938795.9687667191,-6620577.860507105
-181434.36299492046,5758431.248071194,137004.40318580717,5714001.28826208
-261656.38643174432,442790.77500861883,-1269047.8556680232,-1087913.4670911487
434262.2856732402,2312592.7872359455,252646.0360570401,2999501.1089662258
1342529.942002289,2509734.097827196,-219350.863911286,3632913.175918199
417826.8474717736,16228547.69608751,444558.45399945974,17090932.997558743
-114170.42181029916,-4078738.2897489667,1724.6272373050451,-4191184.084321961
-353545.3801852446,297600.6071868539,226476.17987238616,170531.40687399544
-49422.38627465069,-1162734.1723034382,16210.872224852443,-1195945.6863532364
-4351.920794112608,2833674.8624148965,-270284.65080920607,2559038.290811578
-318625.6544476822,-659530.5364510715,64561.2373925969,-913594.9535061568
-67538.07982300408,-1153634.5318216681,740815.474391818,-480357.1372528542
-480913.982421387,18974461.607341886,438093.26761195064,18931640.89253245
-193873.14136053994,1961174.3156211376,-375403.85473394394,1391897.3195266537
38712.96978804283,5554377.394517958,-451800.980736658,5141289.383569343
194465.57138613425,-1093562.7016745806,-752448.3885059357,-1651545.518794382
193993.95111361332,5983392.351705849,344125.4525953755,6521511.755414838
191078.3679888863,-1390106.3500896394,-76511.6997699216,-1275539.6818706747
-95215.00447236747,-4716018.016547561,2909.9798503518105,-4808323.041169576
277188.52505272254,-586654.4302785993,-774356.9733276665,-1083822.8785535432
-400645.93139568344,2403449.1388247013,29608.00522620976,2032411.2126552276
181907.76001803204,-7471842.862243146,-593247.5367574543,-7883182.638982568
-704793.3119684346,2813412.576174617,-1150928.2911238745,957690.9730823077
-634719.2665459123,-1336836.2762790322,-128439.83850812167,-2099995.381333066
221603.48755678535,3867818.4144364,114288.95525623858,4203710.857249424
552336.6551446225,8992234.362519622,-183568.23320527375,9361002.78445897
-571626.7220826335,-9328363.308221519,-776602.267756246,-10676592.298060399
-6053.413676818833,-5889254.435503125,-703340.9195512384,-6598648.768731182
559294.0807234682,-4492653.187972963,786794.1148035079,-3146564.9924459867
-570587.4547743537,8965133.841855258,-1402208.931600608,6992337.455480296
-296600.656448219,13539006.181838036,-254278.23146224767,12988127.293927569
-554810.7400528342,1992097.545016706,-1135657.4354734346,301629.3694904372
587958.522249857,-3608341.275019288,-172370.96473430097,-3192753.717503732
167094.67747859657,9235189.764215529,691134.9771117419,10093419.418805867
127950.93975091167,4904560.048478723,-93145.82594937086,4939365.162280263
83978.14072267897,-1367098.7638115585,-140311.8493462652,-1423432.4724351447
1816001.5251875874,-1879417.1847137809,392652.34925569594,329236.6897295024
-41449.80894684233,6514374.992305815,-344580.1668957621,6128345.016463211
-143825.44676433504,-7302688.539226413,-225577.3916928321,-7672091.37768358
31215.6134740524,-3371603.1703632474,485965.747945942,-2854421.808943253
1005724.0852986667,3010892.002224028,526628.8264380991,4543244.913960794
38884.821326162666,2402051.9986998737,111340.50405484438,2552277.3240808807
151250.33979188465,-1939148.4342846274,-107004.80870176852,-1894902.9031945113
-358831.62080479227,128847.79116672277,68561.86222995818,-161421.96740811132
57070.317583717406,13141724.847607613,-945631.5961583108,12253163.56903302
-925260.2989525665,4789497.065731585,-1852063.4940387756,2012173.272740243
115696.04374423623,-3796815.2632364333,552208.0413339958,-3128911.1781582013
103798.2023873236,-3963696.3174420893,-447932.5100903511,-4307830.625145117
-251886.13786924072,1083346.3648167849,417919.87157435715,1249380.0985219013
-85270.1426445432,14558545.054781944,-1436027.0856536701,13037247.82648373
421585.79438297823,-3446488.7833861113,189115.3527071178,-2835787.636296015
143528.0645723939,-32164.927102148533,-547349.2672478333,-435986.12977758795
263934.93097748235,1933498.2391341627,-167315.64970245212,2030117.520409193
-636430.0022706557,9381135.337447703,-992321.6072624698,7752383.727914577
624130.0411786456,12267549.348976046,1081392.573837474,13973071.963992165
-78001.60848682374,2153524.0844572783,-222193.45999510586,1853329.0159753487
-140614.58045917377,-7480654.389166236,173738.12988983095,-7447530.839735579
-349686.76191031,-6945192.332058549,296767.01970046014,-6998112.074268399
-297873.02879913896,1112971.3920193315,-534824.2592699453,280274.10395024717
765666.326106038,-3206108.1276934445,500214.8342117667,-1940226.9673756398
220355.80906624347,-645893.7123904824,387756.3645258099,-37781.53879842907
-28843.866229899228,-2501828.654774308,-584648.2034238428,-3115320.72442805
586494.9042845424,3568504.4078578353,814786.1151238009,4969785.427266179
-483527.81220150925,-3453775.9276936054,176509.47898295522,-3760794.2609121595
-508871.060648296,6224192.506772041,-550965.5437155217,5164355.902408224
149974.32752060518,-4840143.327267528,-445031.3298017308,-5135200.329548653
20512.571940068156,-3461045.515218556,-333359.78534481674,-3773892.7286233045
-370741.1529407557,4346747.946898043,20811.233129039407,3996818.027086327
-188676.87261082046,10488020.13098383,192169.43540742248,10491512.693780432
102064.76630035043,-8982554.818555236,-200262.67371976376,-9080752.72597465
-240239.1212010365,5961791.649552405,-323405.28868989646,5398147.239661472
-217357.87276264094,93786.82634228468,-184319.37594556063,-307890.4223659169
-1409271.6820081696,-4883889.848664701,-607375.5972809345,-6900537.127953805
869221.6492061708,-3146545.607407272,108763.12813019753,-2168560.8300709035
-609576.3484001365,-4727636.902416587,281473.9616872594,-5055739.289129464
41270.39268188551,-1546115.6675782502,-448450.53273836523,-1953295.80763473
-395702.21925607324,1848872.287603408,-315610.496194765,1137559.57215257
1171188.2647014558,-8556329.011041164,-386830.36228883266,-7771971.108628541
-10323.757172256708,4187927.890015304,20835.135114490986,4198439.267957538
-67825.31899654865,-641789.4645457864,-150024.46829867363,-859639.2518410087
370834.28724917956,8513488.003581285,-409299.10582656413,8475023.1850039
-408075.62765742466,1604738.534177661,-968597.9224139452,228064.9841062911
-611207.3383883499,3336929.440986395,282373.28063973784,3008095.383237783
220481.97230220772,-1758569.134910196,517695.3636871502,-1020391.7989208382
714120.7018622048,9049531.764327079,147658.39197470248,9911310.858163986
199986.1981007848,-1391932.166930139,40806.094587020576,-1151139.8742423337
153194.05688785948,11948883.37748447,-113692.5358479619,11988384.898524368
80029.16543551348,1286160.7224929333,-475196.38422039896,890993.5037080478
-664176.7371154819,3376694.2279880643,-1008394.8005301207,1704122.6903424617
-120333.19545137696,-3183375.049477488,-271731.9861348495,-3575440.2310637143
245935.55503538996,11173797.500553787,12158.136304147542,11431891.191893324
353782.2198887523,-11349390.368724227,708507.0761336088,-10287101.072701866
227129.26230025478,402970.8921549916,522450.9138954729,1152551.0683507193
649637.2670938056,6317420.108520031,491535.39157412946,7458592.767187966
-270291.5089279283,-2144419.285584748,-10908.121883019805,-2425618.916395696
66146.75128130987,-6615340.875472963,-439963.4144334495,-6989157.5386251025
239639.83872551098,-8598356.703023612,-834281.0273281783,-9192997.89162628
-117600.3332554251,-4929291.601068497,224072.30217449367,-4822819.632149428
61502.14106240682,-7199727.331901312,951141.9263624027,-6187083.264476502
162966.99159588479,237132.25124537945,-10861.788827300072,389237.45401396416
-729549.3266431447,-1488722.3338419795,-141220.69251967967,-2359492.353004804
681926.4612032548,-2596407.341810107,663864.608843945,-1250616.2717629075
132193.21050621942,3966713.7133571506,-809946.884778291,3288960.039085079
952510.2214527279,-6564125.702863991,-382105.1964622289,-5993720.677873492
559579.6719405092,-6714430.176816851,-776170.6647902578,-6931021.1696665995
-191562.08671136387,2442280.443019688,-1136251.2612112984,1114467.0950970259
645791.162399035,-4865266.531843185,939352.654458195,-3280122.7149859555
258254.65871611796,804852.1519890428,-147770.93377538025,915335.8769297805
476299.12421606854,-17997.466074228287,-222358.9173052311,235942.74083660915
76508.06358723529,12084336.756430477,454103.63622143865,12614948.45623915
-301265.7841714099,4608280.352534026,-1301607.625626117,3005406.942736499
1764.429964121431,-3840979.9626267552,203596.06889861822,-3635619.4637640156
646760.2767053116,-9834056.84218204,77566.06101434678,-9109730.504462382
-239102.86255696788,-14853.911358892918,-504643.74525775015,-758600.519173611
244293.80897244439,9878314.626146734,-112039.6975934729,10010568.737525705
183683.1264766045,5239381.845552206,-479452.6930127293,4943612.279016081
-1156493.3442582786,11334680.608798653,-490130.64220660925,9688056.622333765
-130577.27566715702,-9454209.117056996,-419679.73299895227,-10004466.125723105
81606.74640835822,3154218.7949204445,-35175.14347143471,3200650.397857368
52914.70049475506,-1630339.0898340344,-339887.51297445595,-1917311.9023137353
-454575.1440517716,1476888.2723786235,-428412.3338069543,593900.7945198976
-189967.19450994395,-376057.68238705397,283217.2961464897,-282807.58075050823
159056.64364293963,245438.73673918843,-480422.5499032289,-75927.16952110082
-181282.96788116544,-9385164.835098803,86600.4463866353,-9479847.356593333
-687204.9668288324,570449.3099639416,-501347.1848144382,-618102.841679329
-641973.2277488969,7611768.152929604,-274866.7632686496,6694928.161912058
615808.7157138418,-2386367.392002344,11696.7407316342,-1758861.935556868
69532.24198619649,-4856763.890920043,-401587.08413243294,-5188818.733066279
-831114.8699969761,10761520.52383548,-1267214.889870435,8663190.76396807
-517214.60729680955,5013039.056688845,-475243.1265361309,4020581.3228559047
-222465.00375190563,8813317.06036532,-379853.02166841924,8210999.034944994
-592590.1529798899,1786334.4193997383,-108377.92175257206,1085366.3446672764
981500.2093670927,628018.7266948223,884464.7633050159,2493983.699366931
495583.0711278729,-3575458.8988692462,295968.441097036,-2783907.3866443373
-88537.43571216054,-2950761.296344757,-21162.606228530407,-3060461.338285448
-446429.2282355856,-1267363.7375331223,-1127898.3530464545,-2841691.3188151624
902084.4067910593,13904966.970475376,752379.2196852714,15559430.596951706
-307144.2147800755,14988.434408783913,-1018853.9122511074,-1311009.692622399
-623919.0257351045,-1290977.3563672304,-1562889.6300260648,-3477786.0121283997
-117466.31190364808,-3541889.138664305,186998.1806762293,-3472357.269891724
-174942.81909859553,2621377.1075467467,569970.0111156777,3016404.299563829
-406160.12750479765,8149644.267108113,-359651.0723650232,7383833.067238292
-69145.07417971268,-4993285.61244452,-1255362.358351469,-6317793.044975702
273953.093725428,7144625.153214306,375114.89259028435,7793693.139530018
214160.9113077037,1135680.5318372846,-363118.3026341051,986723.1405108832
62087.01134691201,-8406048.2401973,-210010.72031769902,-8553971.949168088
422276.9172818903,6715691.015084773,346628.5991984159,7484596.531565079
-496728.7167517599,8349733.402394265,-314522.48077283055,7538482.2048696745
-44033.848556645215,-13538471.23999831,43762.61572441459,-13538742.472830541
-73122.21154443547,194968.90159618855,-93658.23141400516,28188.458637747914
-125167.65121406317,-2495222.8378573656,74554.79921589792,-2545835.689855531
-629087.5647392999,2945585.1115069687,-1220182.3265997022,1096315.2201679666
460231.68882650696,-7790616.764526546,254470.1223576069,-7075914.953342432
-172425.9673175905,818412.8105345368,-795619.548154138,-149632.70493719168
105881.0370756872,1491364.7541881204,712091.3874318078,2309337.1786956154
-650939.7587076221,2329861.357026398,-1138399.15143919,540522.4468795862
-459675.45849489607,-4081609.1390569806,116995.71474769711,-4424288.88280418
232778.60797940567,-2567552.5594705343,-767480.5479524434,-3102254.499443572
135667.81795890257,-2662202.1347777545,-149801.89764917642,-2676336.2144680284
384958.9871876873,2630050.2896678746,-261377.14211586118,2753632.1347397007
-3111.410763869062,-10866821.844305038,-99471.16502548754,-10969404.420094395
28301.749222716317,-5780019.216574699,728901.2216594517,-5022816.245692531
71998.01634487323,1671065.0316752493,-592544.2998399734,1150518.7481801491
-253907.6886084117,-2418847.8297889233,-352146.23119019717,-3024901.749587532
-426107.83457271755,378964.9662849307,186659.10957489908,139516.24128711224
369953.4694520291,-1997201.9983220398,-410046.5085517019,-2037295.0374217127
737827.8675828874,9476701.71697265,894356.7202011943,11108886.30475673
996154.785719851,1527913.1416147351,334867.06666211784,2858934.993996704
49213.484148716554,-6373995.205038637,-75991.69496975094,-6400773.415859671
-630240.8872354124,3632601.866393864,-948881.6942389011,2053479.2849195506
246545.3291413989,6044556.587148368,-968389.8583288044,5322712.057960963
267659.016375605,4125789.341333866,314183.1236705631,4707631.481380034
9928.298761075363,-2116163.7674827278,-1045962.3814131021,-3152197.8501347546
680971.2102858555,-2298914.355201125,487311.66960770637,-1130631.4753075633
-755761.6705342568,-1551049.4797125757,-580219.4510441497,-2887030.601290982
-121.76042922772467,8419140.003842115,-131078.87715820223,8287939.366254685
-296658.5298692696,6551954.258403838,-106746.44017188251,6148549.288362686
125587.05086575821,-3684676.179047048,-195656.25465606898,-3754745.382837359
-1070633.5650875606,8519608.968293011,-47571.79173134267,7401403.611474108
367350.1208751034,-235723.55003523827,-131318.94875596464,307.62208390049636
-643399.1240576692,-4897933.714674503,-466446.76341780275,-6007779.602149975
88145.50733095966,-2212930.340533614,-13600.690940208733,-2138385.524142863
-18386.52273323573,-9782284.578885615,-191377.39631955326,-9992048.497938404
247262.94309745356,243176.52835792303,-162717.04518116266,327722.42627421394
424635.62618681043,-6268210.646194547,-181483.5180299878,-6025058.538037725
75233.90839946829,471439.08075279,-761229.6581422538,-214556.6689899955
492863.9311315231,1303543.458701849,5509.622609093785,1801917.0124424659
-71260.17487421446,8676216.611605883,-294665.39146223664,8310291.045269432
539259.4207669068,1969719.4841780066,416473.1132026091,2925452.0181475226
540149.1546879653,476318.84960609674,241729.68758580834,1258197.6918798704
-742646.8092424255,-3629585.4804494977,806576.5060566068,-3565655.7836353164
-269116.3280415237,-3606648.641762495,201811.5625248775,-3673953.4072791412
189776.1419131048,194526.30737382174,-12333.449561163783,371968.99972576275
81680.21296884306,-7598083.998021126,482890.4360913038,-7033513.348960979
827565.4950509444,4518022.324049294,62089.211212188005,5407677.030312426
51025.47234578617,-4246547.068305433,416802.4274645969,-3778719.1684950497
43700.3933124952,-5259953.593585312,114075.37662848085,-5102177.823644336
-130024.03621285036,-8307452.7553367615,-270451.6243591234,-8707928.415908735
208445.9511782024,2805079.515662104,886648.4649093747,3900173.931749681
-123762.56888763048,1947539.0544614196,-17786.062059640884,1805990.4235141482
15725.86609474197,-4670669.0568140745,538350.4596818164,-4116592.731037516
-199427.22930804268,-3585820.907168865,275839.59125323594,-3509408.545223672
176810.79971317388,-1597366.720740229,1792543.5230940655,371987.6020670105
257446.15161685646,9053997.10529834,87483.34251736104,9398926.599432558
864028.6579317283,13605865.154298246,1422519.5311726108,15892413.343402585
-268445.03828301094,-3866855.488969505,-257660.34789070487,-4392960.875143221
-673552.0638403483,3138777.9484978616,-769986.2328390107,1695239.6518185027
312460.1950554941,3723658.8108151555,-36751.21215427667,3999367.793716373
-57145.380384026095,-9549225.561521858,-163255.36162625253,-9769626.303532137
-846311.1557425149,-3032260.689135939,329180.43123761564,-3549391.413640838
297902.80888815783,-1523947.5046318173,1037125.286880359,-188919.40886330046
-873.7628914192319,6411190.94403252,34249.40126980841,6444566.582410909
-6934.526433348656,-11093206.64490667,-491794.75005164,-11591935.921391658
-423906.2683068551,-7985368.465790719,101035.77755206823,-8308238.956545506
-211587.34486256726,2393374.299069524,-440167.56279577315,1741619.3914111834
-933870.0466003716,7542375.579764485,-254741.68808539212,6353763.845078722
267421.36689000204,1033133.662493825,316487.21126641333,1617042.2406502403
17363.28221304156,-28119.863398969173,158741.90161655098,147985.32043062337
-409782.59639485367,6422885.919963419,-1145615.7058947384,4867487.617673827
-561447.7722972464,1318985.7224311829,-450418.41432081163,307119.53581312485
566442.7454564348,-4464429.935710013,266045.0170550719,-3631942.1731985062
-32505.085486529395,4722240.682311624,-631056.4323977455,4058679.1644273493
-469028.8176138513,11316835.33911252,-1322767.7098821774,9525038.811616492
-546731.0849506911,3159043.8776934743,-716993.2059910893,1895319.5867516939
-330815.1964679081,1990638.132049203,3146.8949102014303,1662969.8304914963
-492290.8289274331,5770129.205348313,-341365.24721097946,4936473.1292099
-18231.62209857069,-1450776.5185815692,-1358407.3864137903,-2827415.52709393
3436.59181759879,-11801980.45992592,208799.1126947999,-11589744.755413521
-121643.55504242703,-4290046.686748594,539787.823995769,-3871902.417795252
33863.05162064545,-83277.49192497134,58750.67780955136,9336.237505225465
-386122.708631916,1518038.8546025157,-613458.6906110421,518457.45535955764
179489.25676553883,-1346051.6927799582,1206424.574234657,39862.13822023757
41544.67901351489,-16345164.76862228,-301044.8185175359,-16604664.9081263
711617.8592058327,1761394.1325012445,228159.74501402676,2701171.736721104
351236.7786507867,3032333.289542407,-356610.08659628034,3026959.981596913
-115339.16428278387,-78782.00550675392,-294607.3602417782,-488728.530031316
348523.0985144861,-1603349.7901715338,687086.2528739646,-567740.4387830831
301518.5852463469,-6868133.52625531,719379.6141239926,-5847235.32688497
13194.48619632423,2466124.0468612313,963588.5992339253,3442907.132291481
387441.9716689866,-15723474.905110955,52562.2151536122,-15283470.718288356
-56520.88075871952,4713798.619485676,-102703.8351509273,4554573.903576029
-94004.8215275649,1102503.9605888724,231102.92323930562,1239602.0623006132
-127049.57102950476,-1272847.6879614592,21310.59395442903,-1378586.665036535
82091.88792706281,-10318874.795211494,866703.5681450889,-9370079.339139342
-306226.49458727427,1790639.8571500182,-1099050.303982176,385363.05858056806
-63171.217985115945,4334609.721457362,164732.1974082291,4436170.700880475
-236174.55489044264,-1977420.2331949174,-685972.8007754683,-2899567.5888608284
-607092.8757174816,-1666652.0824417472,-63604.22324454039,-2337349.181403769
42309.68222568557,2741659.073339522,-871630.2104405835,1912338.545124624
-7650.7285613399,-6502977.8185658455,-248544.38472572714,-6759172.9318529125
289886.81705226004,5568206.350111365,360533.72445777804,6218626.891621403
-42540.07731481269,284917.38968747854,-80813.4940104112,161563.81836225465
302759.9941187445,13773755.73694405,-917485.3407757878,13159030.390287006
32507.630282949656,867616.1546900868,-11700.315546423197,888423.4694266133
728344.8675211389,9279031.658268183,692270.2144018337,10699646.740191156
-59224.73815091513,-2650904.4535015523,-30543.046591088176,-2740672.2382435557
-187467.2467975039,836765.2870289683,215503.84775163233,864801.8879830968
-708999.3934613727,-178929.91954934597,-476821.03972221166,-1364750.3527329303
266791.9705862012,5471996.229332507,83254.84393177181,5822043.04385048
-154629.46274927445,-1244535.135365367,222329.56372576207,-1176835.0343888793
-353853.37810845114,-434011.5365871787,-146956.3535931483,-934821.2682887781
122640.63623721525,2847003.5423264503,708455.6246732622,3678099.803236928
-494297.08087296225,-275462.51685640216,-927370.3644498885,-1697129.9621792529
288747.95110561326,-14694582.672329366,568229.6279915944,-13837605.093232159
-237274.91409233958,-603695.2721903026,-114854.05121138692,-955824.2374940291
-320840.6408941224,-11033934.44076553,265035.8947917074,-11089739.186867945
223502.88298569247,-2512381.7178358436,286805.27702308446,-2002073.5578270666
-850271.8460582439,-2411308.892758161,-686923.3172814324,-3948504.056097837
148420.96526037157,840190.751075685,397730.7796303481,1386342.4959664047
819383.8480630238,7609742.24387899,199934.86117406934,8629060.953116084
198104.81132906117,-3791560.1961524487,-295778.7744352743,-3889234.159258662
-594594.4183104411,4345819.886559427,-1395208.0083530098,2356017.459895976
32394.892229162157,3330983.0529057384,-258502.20050437003,3104875.7446305305
444286.88782527857,-2554356.112808585,43787.5974021256,-2066281.627581181
-285728.74846390635,5223727.909057796,-266289.9659255445,4671709.194668345
-225582.33808921836,-227484.74994578958,-905223.6675934419,-1358290.7556284498
204215.83901072852,2628493.207283318,-324170.76963397115,2508538.2766600754
-167522.86776068062,1024386.5302679539,-87376.15768811107,769487.5048191622
803644.0067330357,-1323687.344467342,-114160.39864801615,-634203.7363823224
-291814.91109989025,-292339.3419726491,59095.49495367706,-525058.7581188623
-511937.56255881116,483758.91698125005,193710.85235837847,165532.20678081736
-635835.0087678358,-3764368.1034679413,-768023.2878395095,-5168226.400075287
41326.94311268628,10697620.974818349,306522.95024288446,11045470.86817392
551439.2479980998,-3196670.4502426386,579667.2365110293,-2065563.9657335095
282040.57145313174,-6803271.414434195,270824.4695189148,-6250406.373462148
-806065.5931103434,-6233669.078507304,-480238.45356272906,-7519973.125180377
-11686.450672321022,-16174092.245471507,-16576.699824161828,-16202355.39596799
-140530.96936438978,-1638913.2687145472,333119.71311314404,-1446324.524965793
351238.21005763486,801607.484793663,-403518.1613678485,749327.5334834494
-41548.82716796361,-7250237.908492267,635157.9413550347,-6656628.794305196
-2432.448815960437,3536251.5817438364,228345.66447891295,3762164.797406789
-526879.4966031313,5876505.171598852,46764.70994094759,5396390.384936668
-170435.11961395293,1525839.8167316318,-604262.3889349252,751142.3081827536
207108.83639831282,589235.973860085,203503.95677097142,999848.7670293692
144729.02181027457,-2911029.5776800513,421536.9378762543,-2344763.6179935224
-269205.2827231549,6111451.367000639,-579348.2665585428,5262897.817718942
619606.381299736,-3533077.3420692086,-191426.03954201192,-3104897.0003114846
273683.7572700642,16720393.827667713,183093.78269719332,17177171.36763497
568009.642636938,1943074.3263347745,724454.5065799803,3235538.475551693
624370.3911737688,7623219.317503214,-70671.77951710671,8176917.929159876
-444141.0919935964,3388312.754405737,-776820.0889510214,2167351.573461119
430626.67921101116,-3364337.6358538866,563631.4175201058,-2370079.5391227696
91770.09991115332,2282099.773535311,936828.7128931582,3310698.5863396227
-158466.86700096354,-190938.07605677843,-188317.30450952053,-537722.2475672625
297590.7263879962,12857851.043217719,-568118.1404986307,12587323.629107084
588559.0694443826,819479.9223016798,-17066.79519043863,1390972.1965556238
-479777.8517494071,5598047.936242372,-1209430.7541337758,3908839.330359189
-280715.9561474677,-1859893.9787265658,-1013531.1897175908,-3154141.1245916244
224920.27763856016,5944889.473108321,-68321.91740424931,6101487.833342632
-506562.4804152809,2301213.7300618887,363258.17753633857,2157909.4271829464
352403.6006861683,5978445.995425701,-49005.81189420819,6281843.784217661
666131.8764655329,-2088034.3692745864,1300504.0106036067,-121398.48220544681
-208444.820635397,-3807551.2202557325,-778109.0893607289,-4794105.130251858
-446173.5878280848,-1615736.3633655608,-605437.1099708825,-2667347.061164528
-167183.96917504258,1949799.8580724597,1181517.610314548,2964133.499211965
-341017.8452344984,-3161882.2610243857,-128370.78355977684,-3631270.889818661
-196004.1914536599,-5230218.098208576,131598.87482233346,-5294623.414839903
-409346.07014996745,138417.21866703033,-1260969.7466889024,-1531898.5981718395
357206.5685748495,-6798462.735708892,293421.8489899114,-6147834.318144131
-700101.0817178078,3012216.988557458,-1322469.6223240122,989646.2845156379
-51987.281589739025,2499444.635605097,-652285.446585305,1795171.9074300528
631327.8058491554,3145874.635856062,693099.0177789032,4470301.459484121
-42589.78870398179,-487687.0021086335,1904398.6204112768,1374121.8295986615
-218037.20983817615,-1912756.542131424,382460.1771694049,-1748333.5748001952
-801372.4043039177,6883401.612954646,-338265.7908591926,5743763.417791536
83287.33696249872,-998295.0543783903,-352800.530828394,-1267808.2482442856
-76789.95020363852,-3806385.920459211,-506931.8034169972,-4390107.674079847
-369170.70854379795,-6714947.498657227,-310317.7209002003,-7394435.928101225
135178.80968132056,-4681120.488640308,-927202.0907363147,-5473143.7696953025
578064.7428762298,-4052017.120758772,-59451.98339879513,-3533404.361281337
190312.14728740603,1381923.6183974147,28237.525781579316,1600473.2914664
-462803.5950220302,-1387144.814745903,-495558.4678363055,-2345506.8776042387
144491.96125811338,-1721824.7344002128,-704004.7457055226,-2281337.518847622
5729.705053597689,1007619.1327037811,-373093.16838953644,640255.6693678424
383485.73380496725,2059096.8575116396,135116.45241566002,2577699.043732267
-216594.09166853502,1779988.7712159455,-606150.60226015,957244.0772872604
350202.9489123598,-1414866.5584790707,642346.2413211316,-422317.3682455793
-10007.807603340596,-6804456.828891784,66991.47911320627,-6747473.157381918
2196.8114844188094,4721860.582179964,-166553.264277637,4557504.129386745
418859.5584419258,1013691.1238497794,357843.72338940203,1790394.4056811072
-45422.297530554235,-1050820.2069423497,-672614.1807435751,-1768856.685216479
310697.5506641902,-1169393.1832976341,-321580.2023268193,-1180275.8349602632
-34216.60106226057,-2688890.8319586217,-535441.0039762482,-3258548.4369971305
-855820.1677633077,-5460993.170405984,242331.62261221558,-6074481.715557076
377604.06854948774,-7434628.349983215,22161.10849453509,-7034863.1729391925
-95563.24055721797,-2703640.2902510166,45449.08514102548,-2753754.445667209
-830480.0440310556,974594.0074094534,-910815.217039533,-766701.2536611352
-495640.62130576186,-1488490.689282477,-309711.68053292483,-2293842.9911211636
-145449.1678833589,-7768205.141986787,-163913.33076694608,-8077567.640637092
-332638.28131850064,-1952749.1464518309,-398585.73588237166,-2683973.163652703
266842.8292184118,1568476.9969768822,204417.34706182778,2039737.1732571218
-599236.4807929862,4641670.297786683,-252951.50055366755,3789482.316440029
-241902.7694549039,-528032.1207985878,-481896.9455310106,-1251831.8357845023
-675952.3332392722,3185166.787141025,99040.58590574563,2608255.0398074985
-195207.46453852206,10092931.204807758,-526200.374102205,9371523.366167031
82848.72735734284,-3803314.9472146034,-228572.7548699975,-3949038.974727258
-170709.93447048217,5395852.511742711,-314860.8772685006,4910281.700003728
-698922.9423095938,3923447.6306490004,-309371.89544326067,2915152.792896146
-49729.064165819436,-717400.2225154638,-311230.9755792171,-1078360.2622605003
288132.1855176911,8064236.139923036,91727.73377150297,8444096.05921223
-147896.42547275312,7478134.369036913,-689379.5314296484,6640858.412134511
-281944.4266665969,-2191030.5256116986,181268.6646605283,-2291706.287617767
-431466.44912969135,-1593518.9740543962,586529.7255795896,-1438455.697604498
133623.77836091444,-9951730.324948102,409116.0777534023,-9408990.468833786
-444111.54638220556,13892523.070626408,-467450.376244396,12980961.147999806
-118988.50627507642,2846077.3839634657,-698766.9694086313,2028321.908279758
-140540.7456601616,191211.4873289466,474139.7741743699,524810.5158431549
-226236.07143062353,-1623600.9873381257,-938280.8705228716,-2788117.929291621
-717388.1176075339,-9029916.629696995,-826260.683673881,-10573565.43097841
596654.4428591244,6598329.545575082,862628.5294409022,8057612.517875109
-330246.089269083,-4077378.557038188,323657.9370442629,-4083966.709263008
-223366.93936736137,-12331710.602738708,-324795.1428223476,-12879872.684928417
371976.2492493149,-4196177.170462608,-17806.208048716187,-3842007.1292620096
311892.6396748945,-7394519.388650894,353564.9788109213,-6729061.770165078
-344939.15821238793,4715638.939537168,-637274.5849604383,3733425.1963643413
114333.38294021599,3389139.130922258,-438257.7900508344,3065214.7238116395
360806.0214335006,-5218475.623815894,45835.06991331279,-4811834.532469081
198685.7301025726,-2792133.7553999424,687787.1107777953,-1905660.9145195745
272123.3090989236,-6855625.773393571,-394862.0503835082,-6978364.514678156
949121.1313299667,-3131794.69683522,626606.8627433926,-1556066.7027618606
449361.6409037933,-7540588.614379883,254970.06331028044,-6836256.910165809
513021.0544235781,3835494.334531486,-192193.35191202164,4156322.0370430425
-160905.52690375783,960804.5203079283,-287117.1347165778,512781.85868759267
77058.06967614964,-6901037.040471315,-515405.88244725764,-7339384.853242423
-606511.3984028995,-8499263.640696466,-828129.7625985965,-9933904.801697962
-309135.50305970013,-10379659.762832224,-451052.74417862296,-11139848.010070547
-154564.80186111107,2206384.0735574663,377662.7274749577,2429481.999171313
-4838.933759020641,-2843973.819220245,358227.7741013244,-2490584.978877941
-569364.0068469848,-4438763.9577797055,-226881.20072947443,-5235009.165356165
431077.1203386951,750495.3695246577,-109744.35994502902,1071828.1299183238
-269833.0879530739,3569983.1920906007,-958638.934527792,2341511.169609735
-284576.9041822739,8854030.860772014,-624347.3369150162,7945106.619674724
-165369.7700083945,-775828.6530083418,-1116616.0371748656,-2057814.460191602
-481507.1719056219,8988930.84361121,70467.55780415237,8577891.229509741
129615.88120949268,315530.8524978757,-238016.61445264518,207130.1192547232
-145963.37209783494,2867604.74692598,-98545.5353486836,2623095.8394794613
714616.6412709039,4568854.022419155,-420745.7843185961,4862724.879371462
354685.7443804648,5818677.65186131,-100436.77567793429,6072926.6205638405
748089.6788663305,1028056.9747008979,2952.8089616000652,1779099.4625288285
433101.3291343637,-8629968.04839632,792143.096250318,-7404723.6230116375
-206064.9890806023,-1968355.8054576814,-1056526.083132945,-3230946.8776712287
54047.76749075577,-820465.1266549826,-735308.3330626562,-1501725.692226883
-310598.0123749152,-8024990.176470041,-47887.26771543175,-8383475.456560388
-215403.39759129286,-984920.5002699494,-185757.28561736643,-1386081.1834786087
-129897.08134152368,411416.9238510728,180734.83677271008,462254.6792822592
288157.23713903315,2135239.3282622993,587044.6609805152,3010441.2263818476
-144737.6830390226,1566695.4073103964,-279606.8225996196,1142350.9016717542
171085.95990504883,7087698.198544562,246936.7032387033,7505720.861688314
193694.8329370655,-2524168.3840028048,-82238.25838782638,-2412711.8094535656
-184179.91591247357,-8643182.76112622,161396.10889511555,-8665966.568143578
-147358.4473191183,3608524.361940503,-370906.2502880767,3090259.664333308
370710.68166838214,-6075584.874758273,-744858.0860375464,-6449732.279127438
-349524.2616548855,5774954.065177053,-202110.8838493824,5223318.919672785
-75654.4793189317,2154959.3429247737,-401013.0013951361,1678291.8622107059
-52217.27528328262,-124818.19461345673,191174.32450642437,14138.854609685019
450373.51309213974,5426653.639609367,238242.76031457633,6115269.913016083
91847.77357236296,-6460990.189557731,95905.61758621037,-6273236.798399158
-64447.5367501881,-6742082.463451564,321827.00386285037,-6484702.996338902
442256.5819289647,709354.3089133203,-585410.4845367372,566200.4063055478
-653244.2175757904,8383552.5000578165,-958928.5390301347,6771379.7434518915
-460823.3707872238,7225440.452451706,-742917.0212753415,6021700.060389141
-181942.18490215763,7956676.677842319,-444809.4121231437,7329925.080817018
226563.19308965653,-1606324.2844919264,-22087.6387347579,-1401848.7301370278
61461.28827703558,2307044.6963317394,239156.38422814012,2607662.368836915
-399796.31755333766,-1059079.9456287026,-143560.43198125064,-1602436.695163291
113335.7213378977,-805294.2044553757,95739.0924698636,-596219.3906476144
140818.68081223778,3883840.8641373217,-783462.3850693405,3241197.159880219
-277148.2266088426,-2126591.4344689846,132176.63245905936,-2271563.028618768
-524938.0440258682,-8166713.445983171,-622727.8270185739,-9314379.317027614
-360951.3729139976,-5112776.256454289,-695520.99323643,-6169248.622604717
-5249.456305710599,-2652265.427458763,98299.9982579872,-2559214.8855064865
-126122.89299482666,5094695.512651563,380869.05110984296,5349441.670766579
-385886.0181633383,-6113660.1774665415,-358717.26585651934,-6858263.461486399
69324.10659546033,-6181440.207782328,77139.3136278987,-6034976.787558969
788501.0349061042,-2950167.600355029,182583.21237968653,-1979083.3530692384
-434333.68136362545,-848856.2698005438,-402847.29265347123,-1686037.2438176405
595076.9028232247,9121856.280699342,-92022.68641332537,9624910.497109242
-165103.50780926645,4347127.969519496,-146194.76009835303,4035829.7016118765
-354738.4702157248,460057.8823803067,514466.7900784835,619786.2022430655
-154441.7918821182,-5571443.543418229,-490286.56414464116,-6216171.899444988
-135160.0080506988,-7520451.642293453,-1085794.2774034888,-8741405.92774764
-283921.38062718324,-2701961.0117611587,964700.4879742116,-2021181.9044141304
-272204.1981002949,-1770601.9545365572,-303856.98109101504,-2346663.133727867
222908.09642133117,-5799867.255500495,1103883.3255829737,-4473075.833496191
-313816.5233362578,-1003734.3802708983,-950009.3525898382,-2267560.2561969943
952037.3911900017,-1222616.017028302,1804389.634465456,1533811.0086271558
773341.1057597771,-4862657.852938175,-54336.34055297822,-4143653.0877313763
-358150.1066477075,2866609.7063838243,-1992055.78795816,516403.8117779568
561214.1715955734,-790325.8916931748,-283489.3241277486,-512601.04422535
352733.50338409655,12404258.18972236,-1103606.906337753,11653384.786768703
-670667.1132671498,2905974.5554890037,-704472.1760139093,1530835.2662079446
1077636.7628356759,-4493841.2241292,-221885.15598008782,-3638089.617273612
-62158.36416658014,-4211376.958513588,113384.55591963232,-4160150.7667605355
-194855.9078633655,2209340.851464927,-120070.31736119092,1894414.6262403708
-207705.71030794084,-1763285.4674002528,-320320.804284513,-2291311.9819927067
-896209.9709306695,4872212.378236532,-162012.23381575197,3813990.173490111
-827198.1868876815,-7958294.378085017,-270496.52767356485,-9055989.092646264
469705.3134933412,4932352.824290037,96934.87766900659,5498993.015452385
125071.52264461853,-4788168.342946947,447050.99229782075,-4216045.828004507
495238.1514487993,-2656561.884530276,-148669.8733421564,-2309993.606423633
-1288101.0809928533,-499032.158136189,-1391162.070956342,-3178295.310085384
-616250.7575315218,1299368.0243982673,291163.16214968264,974280.4290164281
620603.0418123007,4255644.449663043,-502980.75943776965,4373266.732037574
60994.878373997286,5392499.153524756,223145.00430295616,5676639.03620171
-318969.778129112,-2638.6751686930656,-214685.85033935308,-536294.3036371581
283589.3209399618,-136148.3290283382,-15630.810548454523,131810.1813631691
-483319.67690048553,9609173.508866787,-1229902.684618473,7895951.147347828
112764.4417992644,7817136.462554932,-373682.0302197933,7556218.874134403
39881.32004892826,1200190.8067786396,235553.78083395958,1475625.9076615274
138109.44155025668,-3211312.218180597,541969.9106427059,-2531232.8659876343
-130753.9714996852,1458040.3082789779,-299832.32419234514,1027454.0125869475
329336.2075190209,-2716582.200186223,698629.201202482,-1688616.79146472
142963.78926497325,742343.9255846441,-154077.9280993417,731229.7867502756
76991.4556205254,-3180140.3318408728,-251338.85829901695,-3354487.7345193643
-647173.4981723912,-1042687.2154101133,-608875.6600739509,-2298736.3736564554
-102210.09429107234,-2717761.453855753,575104.1723297536,-2244867.3758170716
199282.9920054339,2725840.710788548,-394316.20135997236,2530807.5014340095
-387396.01537671685,-3496216.7518216968,-167144.08797849715,-4050756.8551769108
-346480.0330407992,4738927.170920104,-1289718.730839476,3102728.4070398286
-482894.82250249386,-12114087.992442846,-223818.36178389192,-12820801.176729232
-167944.30152035505,-1123867.056457758,-19773.873543143272,-1311585.2315212563
66041.9099340681,-7993223.023623824,-807637.0872072577,-8734818.200897014
-446393.3171067126,5164149.712798148,-116102.91940981895,4601653.476281617
-137432.15685393848,-334247.7482253313,-617490.8343552202,-1089170.73943449
480296.2998912744,12039373.856856227,-969217.4251021147,11550452.731645387
642681.911511844,2186987.2635977864,-192054.30035745353,2637614.874752177
1064222.9498875178,591334.4957872331,1247454.3917177916,2903011.8373925425
122381.93920030631,800413.6197490394,-80953.04164502025,841842.5173043255
759659.2011958435,1176772.5959569216,462830.5991596058,2399262.396312371
376450.9286040347,-837513.6698777676,-72354.51106459647,-533417.2523383293
-525401.6193132438,-1079277.7626027465,68232.78479225934,-1536446.597123731
-780653.9257506505,1648649.3973701596,-277951.56482058764,590043.9067989215
73617.46736063808,5850405.996353149,528686.5000243261,6452709.963738114
-492296.3714576755,3687728.593240261,-528708.3698484227,2666723.851934163
-406391.94243256934,-815942.1176034808,7046.245386064053,-1215287.814649986
-95456.12639904208,3407610.6961779594,-1222065.2788497508,2090089.2909291666
367316.2985184863,1771946.6391752958,-54491.1584623456,2084771.7792314366
54812.10086919367,-837700.307729125,51402.238480612636,-731485.9683793187
-112953.94271386415,5799238.895150185,-159767.35670104623,5526517.595735274
167760.24944855273,-1681871.4112547636,-77352.31158491969,-1591463.4733911306
-255570.85929334536,2996351.170884192,76842.22301802784,2817622.5346088745
-720465.8220838793,6048597.922318101,-1053835.9057401046,4274296.194494117
1366806.9325561617,7239872.385391653,309067.002841793,8915746.320789607
-863077.3410295136,2783332.6931917667,-9952.321641974151,1910303.030520279
-340393.8420269694,16039009.636982352,-810989.0681318641,14887626.726823518
-597108.6947619431,-2002981.934198767,-871643.9461175799,-3471734.57507829
-637274.6658128276,-6129332.079520106,-965073.2026221976,-7731679.9479551315
-540488.1932263449,-6640015.94040966,474568.0816267133,-6705936.052009292
-698675.1508691628,-1589945.1639228463,-391375.53835093975,-2679995.853142949
614208.5542905722,-1656885.63578403,402809.27779981494,-639867.8036936428
250778.4013673719,2743454.638586819,538252.1029243916,3532485.1428785827
370389.95358638465,-11125046.4558478,-42373.27157513052,-10797029.773836546
-110516.75323050283,-5304357.266134381,-24590.90134191513,-5439464.920706799
-321941.2777303662,-1582402.3559058309,-313117.4186811298,-2217461.052317327
1351091.1536975484,6000178.51641649,-185629.3871671483,7165640.28294689
631570.7999432944,1931030.4678811133,-435311.41672073305,2127289.8511036746
347784.7461233754,-11129387.235672474,531769.1957685947,-10249833.293780504
430179.53744040243,-5256723.553004533,21864.404857873917,-4804679.610706257
291257.10990450904,-13043236.965185076,1483160.017733246,-11268819.83754732
275881.7945334017,-12637112.942677379,780086.5527785271,-11581144.59536545
497518.60712682083,9787340.524130344,1295613.4913007692,11580472.622557934
-481897.22140513733,-11938573.342042148,-3609.291057728231,-12424079.854505014
78180.08590482362,-8933152.946522534,-54566.07716475427,-8909538.937782465
-176534.26931289025,15350732.219662368,31281.742961905897,15205479.693311384
-409460.1946069747,-1755048.5222625732,-1404820.2155553252,-3569328.932424873
-69965.08653404936,2175459.9646160007,-395986.0708806738,1709508.8072012775
-444831.0797214806,5689920.972205818,-286531.41284955293,4958558.479634784
-263677.99401041865,-3926621.932328075,259043.80273799598,-3931256.123600498
133341.90088078007,-942018.0460852087,668064.7206321508,-140611.4245722778
-241966.89486876875,-974588.2895929813,-425117.8673960194,-1641673.0518577695
126040.65380869992,3379168.6303961575,-845145.1130978763,2660064.171106981
-518256.70572272316,4068729.315608442,-569645.6790530235,2980826.930832695
-170240.39607417956,-3675530.1628375053,-772894.7026002929,-4618665.261511978
-25765.620213879272,-6766171.0028733015,-104706.2975789085,-6896642.920666089
800919.5603314936,6630043.691785455,-488568.0500203967,6942395.202096552
104583.10978604667,-2967971.4214794934,-329408.09577824175,-3192796.4074716885
-169828.6262071468,-2153324.2172142863,-386040.5745928213,-2709193.4180142544
33697.3100927677,2414417.93673867,-79794.07633274049,2368321.170498697
419070.6908830125,-19765222.275357425,680553.6765269786,-18665597.907947436
268279.980939053,2680615.80414325,355974.8648277521,3304870.649910055
-305093.29094601795,-1676846.8350236416,-699954.1979836076,-2681894.323953267
-570756.2770547513,3547244.981021583,-398572.2839567512,2577916.4200100806
-450741.0710622668,1498416.217349708,-1032173.7830631435,15501.363224297762
-217378.7647771053,937253.9320215285,403241.7584256083,1123116.9256700315
106207.56787420437,2324343.800186783,-600402.8823262602,1830148.4857347272
157564.31387322024,3476254.600218922,127612.75260129571,3761431.666693438
-394446.1257389821,823343.249256134,77784.40937682986,506681.5328939818
92553.84809464589,6282459.529270589,989934.1092699915,7364947.486635227
-420209.085938083,-4165059.125055045,-309533.281193465,-4894801.492186593
368376.5162968561,-11182117.441597909,1252573.710756041,-9561167.214545012
-326542.8381474372,-9809871.020665795,-406838.81475776434,-10543252.673570996
-1231.6505845934153,2907080.387844771,-361394.4220722765,2544454.3151879013
-357034.8784676995,-337288.56550839543,-1539659.412953198,-2233982.856929293
-772573.4591724798,4018243.366958797,-133187.80212275684,3112482.1056635603
111417.80020415038,6711711.521144211,-735026.7289600745,6088102.592388287
-261716.56362636387,1278678.6775994897,323557.14973565936,1340519.2637087852
-60162.334055894986,1520570.6816114783,142421.95657147467,1602830.304127058
-303075.80222849175,1132008.8602692485,150616.1719840765,979549.2300248332
58354.08620748483,22796.099386096,196910.78505958617,278060.970653167
-62746.87640012428,-2390368.9904642403,170536.47229411453,-2282579.39457025
300067.72985326126,5331634.194709092,-85221.46855851263,5546480.456003841
972459.2160124481,-5064586.0431137085,1675093.5076056272,-2417033.3194956332
-56960.9658182282,-5805666.373957604,-479146.77694530785,-6341774.11672114
216922.69143077545,2129513.2367659807,488114.3079145774,2834550.2361113336
-248041.7298640944,-2296369.0904025137,-1136667.5892825574,-3681078.4095491655
210173.55132654868,250881.81645837426,-14250.110617376864,446805.2571675461
-117297.16684748791,-2259143.293897718,-1077096.3707187623,-3453536.8314639684
-407079.50592714176,8675511.988779902,-495985.0602450222,7772447.4226077385
-76183.86416838318,-6543765.836518317,413474.93393057585,-6206474.766756125
442550.0046861265,4995645.497667283,-116787.6073230058,5321407.8950304035
411564.0992771536,-2152485.7404786944,402741.82292726636,-1338179.8182742745
2310.968005599454,1648405.4898130298,211272.32197754085,1861988.77979617
192009.73619672284,-7054769.834259748,-991669.3612826914,-7854429.459345717
1044545.7322386857,9163673.014488816,699828.706290111,10908047.453017613
-63931.09675236978,3374530.594805002,-624155.7132589743,2686443.784793658
482556.9526455123,2525517.1003457606,300485.92376063764,3308559.9767519105
59989.839336460456,-1193386.2319762409,-208248.35860228539,-1341644.7512420658
20918.890590060502,-5383272.025203556,447287.003100723,-4915066.131512772
-388821.7271493077,-3934676.5238628685,-294530.71383549273,-4618028.964847669
418733.83650528453,-7524418.230063021,-59469.1395663321,-7165153.533124069
76003.93250093423,1603999.3132032752,-116841.80540466309,1563161.4402995463
853324.9525264148,3321672.433017522,257361.24960448593,4432358.635148423
-455989.180580046,2307638.3971720934,-97306.40210653841,1754342.814485509
1032684.446238799,-5752040.5778570175,1223564.1177656427,-3495792.013852576
393944.7582158968,8595490.728720188,-212633.24398998916,8776802.242946096
-29078.703054860234,-5706768.097856045,-1054671.8723803759,-6790518.673291281
124967.51169494353,-586554.6029083133,883558.4028853998,421971.31167203
352453.5630714204,-6837646.924862266,-517532.8623030484,-7002726.224093894
-187814.25749811716,4910234.954910696,-705147.558276467,4017273.1391361114
-569071.1608289108,-6838907.578660488,-172500.12873985618,-7580478.868229255
53045.1593478173,9545326.560796618,-452211.2040438056,9146160.51610063
-419218.0654142257,7247647.09382844,-389890.49556303024,6438538.532851184
164173.1991093047,15966226.711181581,-819350.188503407,15311049.721787479
-354121.33478304185,-1187408.171868354,-802220.3887827247,-2343749.8954341207
-369062.1428852193,1075982.3175793886,-314668.3560868129,392251.8186073564
-1500314.4662015345,3738137.392900288,620232.7252127528,2858055.6519115064
-439401.98495119624,3609196.9334596097,-343150.41547288746,2826644.533035526
-716554.1946356017,-1676351.558818519,-637883.8999153674,-3030789.653369488
-178746.6223350037,13324285.86534959,492074.4011995718,13637613.644214159
-62448.47540405393,5513990.794815302,-860993.3658031523,4590548.953608096
-222570.03160261735,-5836955.1790626645,-407166.3530780971,-6466691.563743379
-396542.0944268741,-3866544.815429032,-433856.20262942463,-4696943.112485331
103244.70156671293,-2958448.563813269,-773310.1700445935,-3628514.0322911497
434747.8911351301,2425676.8252933025,839139.6107398197,3699564.3271682523
-1240706.6456351168,13892619.1103428,-569605.4377358556,12082307.026971828
-321243.392520247,8721697.29006803,1022741.1629990935,9423195.060546877
-277924.2409576569,-2021823.4783714414,538363.3983600736,-1761384.3209690247
299235.4039785098,-7483551.750973523,941417.1079113334,-6242899.239083679
22593.167550303042,-4727389.901677102,-183087.3024026975,-4887884.036529496
1138330.6264723241,5741561.565077186,2655585.2007275373,9535477.392277047
-55512.14245551638,5013001.183652043,331770.6835042238,5289259.724700751
-584827.5104213152,-4219154.334884465,-886990.5648864359,-5690972.410192216
-4703.376926435158,5970927.0517065525,-687444.6787274405,5278778.996052677
-218426.87524193525,-4064911.296266794,-94931.14549084008,-4378269.31699957
-165887.9860559851,-3852614.982691407,150362.47030879557,-3868140.4984385967
115323.27472794615,7368070.248641431,-521322.4385751784,6962071.084794199
11788.923830440268,-1699793.2684479654,210181.31370401382,-1477823.0309135113
385786.0917233825,-2529344.5330157876,1247520.7155917808,-896037.7257006243
145024.2199143991,-1317697.2511829138,341256.39270699024,-831416.6385615245
-7278.080935012549,697798.286750257,-522134.2730680406,168385.93274720386
-339698.74352017604,-4187938.3056128323,-76914.64445658773,-4604551.693589596
-132844.89943605848,-2541323.473119825,-513945.166743055,-3188113.5392989386
-703029.1543068755,-869720.691909492,-1457005.2429319248,-3029755.0891482923
484228.0899214018,8060428.393912733,428624.74413009733,8973281.227964232
-375729.81233074144,-3587230.401022494,-738089.2690807134,-4701049.482433949
-558923.1341394689,7048768.672932148,-984744.3773750216,5505101.1614176575
-735375.4931974467,805861.5235740542,-664971.6206626818,-594485.5902860742
448438.82386494055,1103687.7638134956,-111454.9215632379,1440671.6661151983
-376579.0432663765,2580974.7768243253,-298630.21564563364,1905765.5179123152
33361.66731956415,-2328123.6858914495,87065.7263976559,-2207696.2921742294
-75283.06032061204,-2687774.3521062136,-1341857.1553101689,-4104914.5677369945
-89675.46953943186,-1187960.4376918077,21655.20842460543,-1255980.6988066342
357698.5076320004,-4378051.9573658705,-61401.987584128976,-4081755.437317999
131631.150654478,-1593401.0895381272,-178608.10933657736,-1640378.0482202265
-736176.9830430765,-2757113.0489254594,-545230.8285057843,-4038520.86047432
-201118.36917274818,1041955.0993471742,-782814.3433060348,58022.386868391186
291605.95449035056,-5677320.98126477,140829.79809036106,-5244885.228684058
-180312.0926245544,-1518397.440974772,-717330.8063281849,-2416040.3399275113
296943.822142493,-6096533.392425984,871751.0988530517,-4927838.4714304395
479304.38808184117,-5037504.385364652,-175129.13114860654,-4733329.128431417
599855.4020925164,-2551150.7498728037,-186631.94556242973,-2137927.293342717
-178461.61677707918,-7330098.15735817,-1207886.2899633497,-8716446.064098598
-3441.143565095961,3786152.1393663883,-56775.799654237926,3725935.1961470544
434419.16943682916,2353371.258359611,175903.967716448,2963694.395512888
115216.21583234146,772424.825748384,-317250.69247964025,570390.3491010852
299043.90820848197,-179765.4879913628,79816.1948659718,199094.61508309096
-248242.3783372324,-4964827.293599129,-368301.9401558563,-5581371.612092217
-1089406.032513965,7947274.291184694,-963901.418652527,5893966.840018202
292468.9168558698,-49882.09262806177,446597.1189932823,689183.9432210904
-444660.39952389896,-1170225.9988853931,36744.245315119624,-1578142.1530941725
-446823.51642723754,-7259563.6406779885,290681.2109196782,-7415705.946185548
870361.4337974675,-2838918.045188099,328771.26238653064,-1639785.349004101
278567.5698569603,11954672.571523309,-744214.7648798972,11489025.376500372
-16165.824039893225,7813414.119009793,121023.00071451068,7918271.29568441
-81832.63486593217,-1163575.9167889357,-1250933.177942045,-2496341.729596913
-297245.9423789233,502257.2600027919,-83284.8701249361,121726.44749893248
1077271.451739151,-12163525.09130624,716869.1179084629,-10369384.521658625
-185344.79588655196,2456998.9128587544,377495.8481056541,2649149.9650778566
406190.5904646069,-9787380.20559442,52588.36241129041,-9328601.252718523
1035516.300479291,2780387.0249301195,93468.20534167439,3909371.530751085
626778.8353706002,2151076.8319033086,-402129.9810514003,2375725.6862225085
-148253.1110216938,5578580.159668118,-76869.53777217865,5353457.510874245
-407700.86375448294,-12466942.371783733,1206258.1577244997,-11668385.077813717
93191.03178391792,-959409.924513042,-907764.3201040924,-1773983.2128332164
-365572.26712417416,-532138.4581763744,-151382.14381545037,-1049092.869115999
620212.3725147564,3458564.7147211432,555476.7134663537,4634253.800702253
-280706.86971074156,1013476.9262238443,-1037062.904265672,-304292.84775256924
-879450.1860235166,-8641052.946396172,-955072.5193819106,-10475575.6518016
296915.6016374156,-3198016.59198308,238523.71098927408,-2662577.2793563902
-61461.465003171936,6215899.691092312,509165.9688480273,6663604.194937168
-425457.2594568115,14820336.54295367,-1365580.408409439,13029298.87508742
-964841.4120023381,12282609.143317938,-934892.8205506876,10382874.910764912
-328343.94991704635,1283010.2661952674,418199.92112048715,1372866.2373987082
31802.987261017784,-4545613.288644254,925735.3608206138,-3588074.9405626226
135606.3452317603,4892826.033591747,-147532.3991415128,4880899.979681995
-168192.2720362153,-6897114.1714734435,166402.8487290144,-6898903.594780644
705786.6030938495,-550766.9826920033,936917.0249147564,1091936.6453166027
365036.6205900591,-3851222.221919656,-245026.27000502497,-3731211.8713346217
136783.92820169777,575169.8262212873,-65183.41497977078,646770.3394432142
-553801.8285189904,1323702.5924984217,-693983.4179115146,75917.3460679166
-366184.7276233882,-182504.46468883753,159182.8112053275,-389506.3811068982
-99183.69341663085,-4678394.65476805,52256.92302059382,-4725321.425164087
-950095.0887153521,5455410.445175171,86058.21882298589,4591373.575282805
1514082.5949932095,3015191.191399455,40655.094875857234,4569928.881268522
827751.0515764728,-3880.3096712827682,1148697.9677700847,1972568.7096752748
353906.82101208344,860004.31375283,270345.99206240475,1484257.1268273182
-82913.21103919484,6275229.126015574,-487416.7994160801,5704899.115560299
164329.05915504135,2558588.9797044694,525168.8637195602,3248086.902579071
2819.6449483036995,4545513.715628326,-355986.2998370603,4192347.0607395694
763891.4202438183,2085727.5933034718,-1802.6282364800572,2847816.38531081
-664272.0281272978,698230.6532981694,-978329.5023248196,-944370.877153948
-835495.444282785,-3361224.828377545,700944.0649160296,-3495776.2077443004
973998.2777722385,2418122.5860934258,-56087.38815058768,3336033.4757150766
-239396.57265708223,6458476.1985167265,119898.6710428074,6338978.296902452
402844.68269144,-5043818.202420592,475291.38665115833,-4165682.133077994
104384.97610855848,10172636.300158441,368938.35133915395,10645959.627606153
-369882.8467887491,11637439.372834146,114397.80000825226,11381954.32605365
-78086.19088936225,-7317830.142044485,403000.66793066263,-6992915.665003184
67028.92999438755,4347845.706349224,-63777.64890202135,4351096.98744159
96115.63586002216,-6353507.732657194,872983.402826257,-5384408.693970915
-1078643.1252523102,6999220.176310897,-566202.2685525119,5354374.782506075
305306.8055984266,-5147323.89180854,525452.7445400134,-4316564.3416701
200143.03141836263,-562265.6599241495,48.23422445356846,-362074.3942813333
-319361.11107266136,-2258709.764766246,-653993.9622897059,-3232064.8381286133
41511.49182143435,-1256289.3362163305,429455.6328324154,-785322.2115624808
-1449786.148728745,-5408019.047342122,-1331648.3775355518,-8189453.573606418
-557037.4951696713,-1245224.0076399148,-1296929.319286257,-3099190.822095843
287705.2874320373,-3920962.19901222,618724.9602295682,-3014531.9513506144
110367.79553524591,-10300560.232209474,-410091.415855743,-10600283.85252997
-166108.95039425418,1935982.174901992,-236986.18876105547,1532887.0357466824
-563889.375436021,1529737.0721934438,-798166.0097759217,167681.68698150106
1018506.7126946487,-2593556.1753006577,1361467.1560642347,-213582.30654177442
501798.87229367346,-8646374.131159157,179057.78794769943,-7965517.470917784
246746.9673382733,-463738.19704145193,-328371.2339170873,-545362.463620266
-193170.27662244998,529882.7038924098,70791.50214019418,407503.929410154
-269207.0781027656,69643.74501940608,-326718.81568051875,-526282.1487638783
-243864.52077947743,7294733.6039536,-80613.70042654127,6970255.382747581
-159926.44685483724,-3119067.44227311,-95989.83929531276,-3374983.72842326
-728046.5366818383,338800.12116608024,15900.75458484888,-373345.6609309092
1306504.2483682819,5288286.680695474,-120796.61645551771,6473994.312608238
-1078573.4951832574,-1666775.976458788,42928.37992917001,-2702421.0917128753
769484.7616182622,10004153.471649319,1085690.4462364241,11859328.679504005
247642.25747748837,3756079.9630821347,445309.41651538014,4449031.637075003
-410579.9070627447,-16385198.73929298,-730975.1712377518,-17526753.817593478
-626097.3378473744,2031924.6798180938,207625.40497285128,1613452.7469435707
-20269.424397699535,-3734976.8702708483,-572594.022507757,-4327840.317176305
-265187.2592031602,14718567.711397111,468022.1361345053,14921402.588328457
357388.92694351263,5163021.696798623,-302517.3685070947,5217893.255235041
556808.3010809347,111158.01836949587,-502335.5806002468,165630.73885018378
68762.80800868571,1033928.5551379323,458355.0101409629,1561046.373287581
43377.546019369736,-11569057.178869665,165892.91659203917,-11359786.716258256
-544555.727802515,-9987970.811207235,132097.1254105419,-10400429.413599208
-338193.25712725706,-4945527.2788179815,560048.6230565012,-4723671.912888737
-909151.6447491199,-10074779.883584917,-812163.247986801,-11796094.776320837
30022.28722536005,10013819.95521772,-760278.2231487185,9283564.01929436
-307302.4718318898,4721311.669506878,157584.05813199282,4571593.255806981
220078.80212749727,-3464682.4819054008,-322867.9537209198,-3567471.6334988233
-392088.00273275,-1679960.826223731,455242.1558909416,-1616806.6730655394
828618.9798554536,-7444914.87600714,1098644.2884411067,-5517651.607710579
-263788.9870261792,-3173040.0293394327,256720.2619940415,-3180108.7543715704
439861.38847032376,-7424466.552688777,637567.8861539662,-6347037.2780644875
360462.24096556194,54340.74866840243,-592792.777741611,-177989.78810764663
189427.30547244847,5747022.517701983,-55314.199232243,5881135.623942189
-408359.09926533327,14570100.308948815,-861969.221946314,13299771.987737168
1026683.7614589073,7050722.759362936,660208.0619924441,8737614.582814287
-660667.9734087382,4217064.132562757,-531470.0137300417,3024926.1454239767
-434020.72198674455,-8889201.447253168,-856005.2302428931,-10179227.399482805
-159593.23858210817,-5072368.407696217,-306093.0081134364,-5538054.654391762
610721.4311701562,-2659604.249202937,103014.57965311408,-1945868.2383796666
58708.112768037245,-1107586.9086848795,560101.1139379218,-488777.6819789205
-136042.40228809044,-881623.4848219752,-713227.3063133061,-1730893.1934233718
775189.065865973,3391629.3617890477,-238282.05381806195,3928536.373836959
-182868.27538509667,-1689978.0078940392,-93176.73944680393,-1966023.0227259398
378936.3246281445,12871262.765628338,-175348.08413413912,13074851.006122343
-497228.2703936752,-3943239.8442516327,609466.0063490123,-3831002.1082962956
158727.5066277515,-1866445.5152276456,304812.41433093697,-1402905.5942689572
-25669.216739550233,-319387.8882306218,-467290.72841079533,-812347.8333809674
-27267.72804163024,7329763.776742458,237880.06181138754,7540376.110512216
5187.282031645998,2221501.637711823,-121587.69088852406,2105101.228854945
102892.40820109844,8384620.404995561,-249541.98485028744,8237970.828346372
29578.52767088078,926887.7872956991,-199544.70837177336,756921.6065948065
49757.036061026156,-9906687.019049466,149561.88533072174,-9707368.097657718
642622.1315521114,-2363890.2789316773,4330.841583915055,-1716937.305795651
-153139.30422908254,6566297.00210911,66829.34255297482,6479987.040433003
-642655.3880595583,13973620.804905117,-691986.1382221952,12638979.278623363
410631.8134212103,6281715.294989288,-58052.644325479865,6634294.464085018
56027.315863961354,4393001.39411968,-478937.93739780784,3970090.7725858334
-589517.4742220435,1241584.0309070647,-876569.5200427771,-224502.9633577559
-136389.3946699407,10337679.395534694,700329.3000831679,10901619.300947921
-304877.48936374113,4173898.8939636946,-436403.7123649046,3432617.692235049
-233232.56893692166,-1234840.624386847,-445465.3337507099,-1913538.5270744786
-178051.60108734667,5764808.623784363,-169044.13593383133,5417712.886763185
772478.4798519704,888509.4082098603,287380.2604612708,1948368.1485231016
855205.7019359395,8566373.27776289,631185.5018077493,10052764.481506579
-385242.2454585936,-5313943.282036722,68602.69716948271,-5630582.830325833
-244956.61592957936,4408025.448607326,448685.3863068223,4611754.2189845685
-58450.31300031021,4713198.758309305,-568601.393633604,4086147.0516753905
109419.3252224531,3040603.0503254533,-136708.4409852177,3013313.9345626887
-386066.96886923537,4332729.115850478,347398.6138577834,4294060.760839026
-208234.29398162663,-4185393.6531193554,-199230.31041669846,-4592858.2575176805
88788.08261190169,751190.9000463188,-21939.540338352323,818039.4423198681
340752.2527815681,-1561771.4619464278,-289027.5675082803,-1510046.77667314
324987.20521477796,10736253.68927151,-199664.46755363047,10861576.426932657
-99032.26411251165,-13547684.913000077,-151603.83326630294,-13798321.010378892
459099.2759485133,673296.1019883156,577500.8510761335,1709896.2290129624
-924237.9340193607,4180879.853019297,-1457082.542439878,1799559.3765600584
-277899.2864010427,-1145466.969651401,229683.96639958024,-1193682.2896528635
563007.3309955522,9004297.722055465,349951.5746774003,9917256.627728418
-348111.68586796895,3204397.5909563303,-362918.2108860761,2493367.6942022853
-378091.35072802193,7717003.268820107,-530072.3916748688,6808839.526417216
-391164.06744623,-158341.5986200571,1076567.6125218347,527061.9464555476
-779829.8458194099,14367293.155491114,-703104.1210788339,12884359.18859287
306762.27002508193,4471517.17988205,-64327.508042410016,4713951.9418647215
-385778.4201559648,1158921.1267362535,-110374.50801160187,662768.1985686868
612005.5448001735,11138442.391019762,932114.1816342324,12682562.117454167
-316531.5083479788,-8275581.672498107,-464540.12626162916,-9056653.307107715
386958.34370734356,-9323629.517815292,-674570.2856854796,-9611241.459793428
217777.26230208017,-6116825.3461051285,-46280.87740135938,-5945328.961204408
-314720.7884936575,-7293416.370125204,-678691.5671028495,-8286828.725721711
495409.8931863252,-2454845.264385402,614647.2096316665,-1344788.1615674105
30037.465331625193,-1446224.937902987,83553.7588531375,-1332633.7137182243
267323.3118506186,78335.6580004096,417747.36570453644,763406.3355555646
-230938.68318723142,-3958241.6781743765,-309961.2581253797,-4499141.619486988
-185722.7724994067,11879817.241826952,-976148.9646539986,10717945.504673546
15369.59291423671,3856697.37007311,-149684.3479622081,3722382.6150251385
-188480.17763174698,-4180843.762886226,-107563.18866109848,-4476887.129179072
215101.75071812235,2297838.056582272,72677.82945731282,2585617.636757707
453542.93281863444,-4543233.799935639,-64504.442598223686,-4154195.309715228
-429369.1830297429,6067854.464456916,523334.1086335927,6161819.390060766
568584.813059004,-133153.9930807054,1286677.5422255397,1722108.3622038383
-12347.988890280947,7903824.720169604,1042853.6588151455,8934330.390094468
-208383.49057778344,-3793507.8091908693,-425943.8839931786,-4427835.183761831
467729.9329670686,-841538.0655695498,-182951.1278885007,-556759.2604909819
307341.0119779818,-8361582.368266702,455048.5173513442,-7599192.838937376
550768.779483065,-4938660.780408114,369558.4607716501,-4018333.540153399
-435329.0139991585,-5346393.907707334,-419013.9125793353,-6200736.834285827
-371228.1324950438,-3779921.8264178038,-277837.8479818702,-4428987.806894718
-791832.6956760436,7559152.856754512,-440928.91871174425,6326391.242366724
-69591.87124940194,-317883.6452957988,-390620.09162801504,-778095.6081732158
-119496.98766770959,-1426758.921446234,-288567.3875943199,-1834823.2967082635
-410882.53866905905,3813642.546805799,-694205.9352448657,2708554.0728918742
-568455.4295163378,-15593156.62082243,-987858.662013866,-17149470.712352633
409457.9785173964,-4922683.589512527,-326018.15479011834,-4839243.765785249
62629.80113121122,10683868.864371836,-523692.48928657174,10222806.176216476
-370261.07367616333,6367990.847406387,-347889.5973232761,5649840.176406948
-234552.70987135917,-2704541.294699192,277066.7312334031,-2662027.273337148
-88353.54448104836,-11996500.678799778,-602187.732546784,-12687041.95582761
-300105.7796149943,3391313.4570297003,261581.35910466313,3352789.036519369
-950416.9638581462,-3022808.9157861173,-658758.421116665,-4631984.300760929
384765.90957478806,7715051.521965027,-1197213.9379563257,6902603.493583489
316479.8787147701,-2923319.608423114,347862.6644010097,-2258977.065307334
-243661.58704630472,430403.23881834745,-518456.9996821359,-331715.34791009314
-14363.03877845779,-4095993.707957804,-1749132.9006225243,-5859489.647358786
159968.51269143634,4899505.581432641,-280856.92224381864,4778617.171880258
-717336.1468891427,5087897.568355858,-246724.66184051335,4123836.7596262023
293126.76787221804,6560889.063533425,-386758.13316392154,6467257.698241722
133595.3171316143,-287762.499114275,-67137.50660707802,-221304.68858973868
-506417.80066869594,3006795.7649415433,-418846.1236932203,2081531.840579627
18185.073151670396,-147877.97127485275,-892707.42825602,-1022400.3263792023
-88172.79581216536,3393862.2393205166,1072198.2971537113,4377887.740662063
-142431.50310631655,-1779670.100197792,-38369.16993943602,-1960470.7732435446
-50901.21217741817,11583556.844425917,553318.004268378,12085973.636516877
-47704.48343265429,-450200.7529500723,-752476.3493070602,-1250381.5856897868
116709.99178949371,-1605475.4329413474,-309880.93989892304,-1798646.3810507767
-56465.51081255078,-2486723.2023364305,343504.36466650665,-2199684.3484824747
-167072.26552819833,539282.8411373496,-595277.1898406744,-223066.61423152313
-290678.56139968894,-3321631.5517596602,-509740.16168272495,-4122050.274842074
-853641.7570642419,1829632.3714549541,-96017.70953726023,879972.904853452
-514059.7766443081,424788.5422528088,-519333.5357153639,-608604.7701068632
421825.9594362844,-12210550.735134691,-29161.888086423278,-11817886.66378483
-35916.67442782223,-1309033.9738750756,6057.417219281197,-1338893.2310836166
-214580.46869398095,6275998.764546275,-229513.37455163896,5831904.921300655
589626.7707867771,8252.492269217968,20677.75459317118,618557.0176491663
-273029.5895989444,7641820.218524605,396486.79912771285,7765277.4280533735
-1206076.811786456,12825342.400960296,-1204517.1401890144,10414748.448984826
305387.0146542676,3096188.5873245895,97982.63968388736,3499558.2416627444
-249642.57674318366,-2758886.081386924,-530877.043303147,-3539405.7014332544
-150826.95391678996,3397437.037270069,-652905.4386552423,2593704.644698037
-62653.73588075116,1168208.0179061592,376208.4108707607,1481762.6928961687
-207727.15115002543,-5330887.054070473,-151994.34888461232,-5690608.5541051105
-274235.79646032304,936587.0846829414,342423.45158211887,1004774.7398047373
232514.80184563063,4458391.181305945,540742.0249800086,5231648.008131584
712372.570275899,-2958206.896716386,537720.8644119501,-1708113.462028537
804509.2838597968,-2992427.5702857077,844709.0543634817,-1343209.2320624292
96175.65259277448,9985295.058067173,-582219.5427493677,9499251.16791058
53830.56911150925,1104559.37673074,576909.1331675351,1735299.0790097844
-286754.2986732889,1175665.7006429732,-426188.71963714063,462722.68233254366
177263.8119084686,-4968322.200179279,243296.93113210052,-4547761.45713871
113382.27742861398,999138.2452911139,-155622.3311828673,956898.1915368605
263652.432249086,5310353.825329423,-226285.27344430238,5347720.984134207
149941.43532634526,754430.4552105665,-686792.9138230756,217578.9767138362
212034.642062027,-6498170.387332201,169816.7181231305,-6116319.0271470435
-121067.06422867998,4727753.910030246,-171086.62431480736,4435600.221486758
56186.09033310413,2569765.4024764895,-36829.79515996575,2589121.697649628
226317.43762015924,-2358258.6131299436,-615365.3145571798,-2747306.490066964
160610.9674359653,7715178.860168755,-276295.6383477375,7599494.189256983
287859.8129440453,-15947578.898210824,806264.1469317079,-14853454.93833507
-199245.651996769,4486598.758247584,-25545.14004702121,4261807.966203794
-379494.11711867526,4274246.6584998965,-498756.19753214717,3395996.343849074
-153613.1423058696,-10800735.433277875,-366783.45809037983,-11321132.033674125
234821.5681491159,-6274703.765461266,-324336.65714274347,-6364218.854454894
118615.68168133497,-178881.16569456458,-327405.6345216185,-387671.1185348481
-443759.79009175487,2345544.9005566835,-1077871.3490264565,823913.7614384722
-341216.85151972994,3620778.3715177774,111960.5911450535,3391522.111143101
400021.20095728524,-9775606.127235532,1157030.9158367962,-8218554.01044145
381729.74774691276,5569034.904157579,-312143.3071360737,5638621.344768418
396714.2358734645,1823524.2145406306,868713.5637964755,3088952.0142105706
181229.4299423676,1390206.2943556309,673138.7176602334,2244574.441958232
-359856.6666409038,2971923.207225412,-146219.15948849916,2465847.381096009
-450154.7049564533,-2404237.090566933,119553.5925482586,-2734838.202975128
-437864.8811680209,1354780.5341742039,-95323.8343744129,821591.8186317701
-197427.77999518253,-1868020.4933196604,137496.36084350944,-1927951.9124713335
-767365.1836606357,436072.7611955404,-690374.413138099,-1021666.8356031943
-128128.87126432359,2967263.5113165975,-651390.3979808837,2187744.24207139
-279624.4332985189,3057466.9536509216,94895.14761909842,2872737.667971501
97461.7763461601,5338983.731167346,-230893.79835366458,5205551.709159842
164625.6976399757,-5453480.925649196,-172043.19738312066,-5460898.425392341
-224556.610190982,-3006212.840906441,287972.7917061001,-2942796.659391323
56442.87556212209,3304951.6617192626,-674781.457146138,2686613.0801352467
353428.5608599391,3953197.0409108996,320970.8645651415,4627596.46633598
-377338.5787549056,-2095547.7880971432,-89406.30978786945,-2562292.6766399182
5034.8675436377525,1011725.4275370836,-110629.08953692764,906131.2055437937
-92201.0344150234,11404228.569114685,-869803.6895728111,10442223.84512685
571671.9879258741,-8302590.657533318,-379654.1613177061,-8110572.83092515
136367.78866552748,2900639.38869828,-754740.8397144899,2282266.3376493175
-588172.0664959103,-3527651.1522724926,-394979.35164405406,-4510802.570412457
-412534.3897842169,4984868.776586294,14943.746261395514,4587278.133063473
267162.78090391494,1862118.3933934867,552454.2078974843,2681735.382194886
269684.75627315976,3656087.869214207,501347.9685136974,4427120.594001064
150195.56183469668,-677277.0866983235,891918.6572999731,364837.13243634626
-118579.60966121592,9916686.133592188,452966.0399747342,10251072.563905707
-275188.5252379142,-685310.5419603586,-818386.8434064239,-1778885.9106046967
70069.16379780881,423550.15665230155,-118552.41434919834,375066.906100912
84412.1245859284,-18940639.664162427,1041364.5153623074,-17814863.024214193
-425651.6802154165,-2665422.523668468,-657874.8541632071,-3748949.0580470916
-269818.281998124,-4561732.724426985,-382281.17488964647,-5213832.181314755
1945.9512777533382,4010164.9351089597,735171.3472652733,4747282.233651986
-413051.44198004715,1442085.6117477417,-674253.971254237,354780.19851345755
1201.5831084605306,-1284548.662614435,-460827.1812297255,-1744174.2607357
-304306.03747171164,-8300833.367110372,-238836.08507404476,-8843975.489656128
41681.24902880564,-4815901.879311264,-705277.5994352177,-5479498.229717676
-48710.89911898598,-14791849.982610047,651204.4497394115,-14189356.431989621
-52499.39201852307,-2105666.932331264,-241331.86083795875,-2399498.185187746
-482515.9203335326,9756225.370937258,-641072.8087514117,8632636.641852314
219305.5127681382,-5938545.403128028,-242488.56372596323,-5961728.454085853
46191.218331547454,720680.3545823693,113734.56062066555,880606.1335345823
322021.89572897553,12445309.360316902,-241692.77488268912,12525638.481163189
941579.8335239533,-7048323.750383973,750289.69796215,-5356454.21889787
83038.30333678983,531211.1771212816,557048.1762561798,1171297.6567142513
1018210.621011408,-15522780.970540673,-414280.4240886569,-14918850.773617921
-529927.9991874155,856359.7450721264,-892013.5567044988,-565581.8108197879
717627.9293263108,15325635.491455048,222625.2649453357,16265888.685726695
22616.989721395075,12800916.176829994,96431.57393888384,12919964.740490273
339794.6321862489,1578246.0271369219,873866.0992766395,2791906.7585998103
-355891.23193120956,-702649.0510008335,-882546.28362187,-1941086.566553913
-170407.56760230102,-7788656.684309423,661933.9780377224,-7297130.273874002
120279.45070169494,-966002.8971292973,-411841.20717433095,-1257564.6536019333
79997.86688908748,8591571.887683392,-612942.5362657532,8058627.218306726
101982.77948436141,8072546.681895554,-1076333.9888385087,7098195.472541407
-463471.85392671824,1129792.2431540787,288774.8181349635,955095.207362324
-289123.9094480518,4891604.217579722,-640569.1790827662,3961911.1290489044
169697.12568902224,16615152.79570067,1231553.6508007273,18016403.57219042
428809.236572545,-7550355.212416947,-243591.29241846502,-7365137.268262867
51853.353093257174,-4806502.291399479,218204.240921475,-4536444.697384747
51962.483080422506,-1223105.6650262475,-530401.4215251058,-1701544.6034709308
-244835.07448164746,-553828.1734587252,257303.83044978976,-541359.4174905829
-216095.99390023015,-7081952.797144055,141644.60695007443,-7156404.184094211
-651666.8776542768,4611981.9025861025,-499700.74966397136,3460614.2752678543
-19723.364196376875,6738977.4895632565,-454127.68769338727,6265126.437673492
-136462.844458865,-2688323.114141226,588445.9907056615,-2236339.9678944293
-99743.3249606546,-1045941.0484723151,122940.45941671729,-1022743.9140162524
246400.38501987047,-5330289.363273919,-484342.32179973274,-5568231.300053781
411060.1205616053,6293680.773062706,-1491928.8925590664,5212812.001065245
394653.10546411015,2164966.0224209726,-196870.2171832919,2362748.910701791
-357809.52391753346,2246152.620111406,311131.754230544,2199474.8504244164
-510984.7618383616,10711214.499903679,-598323.7885112762,9601905.949554041
507438.9022027496,-1811548.586353898,682918.3891471475,-621191.2950040009
310184.13361461647,-593895.1376700401,-658295.7089946643,-942006.7130500879
-250788.24917981774,1738688.081425488,334702.23533441126,1822602.0675800815
-7680.142847592011,2429078.517842591,-376157.48971036077,2045240.885284638
972640.8559334278,5177010.124561071,148785.4545264989,6298436.435020998
-521706.71190592647,344507.9778650701,-392808.3878290504,-570007.1218699068
-14740.265834013,8029206.902949423,-813147.1242528483,7201319.512862561
-178672.96520717815,5758958.372473747,-362145.38197250664,5218140.025294062
625837.4716799147,-391238.52735325694,439038.2150858268,673637.1594124846
394252.7801115662,-6358302.646928549,32279.70063573867,-5931770.166181244
417097.45076405816,4147548.279955983,1065726.72216402,5630372.452884061
-308140.88848753646,7283013.684939921,-703687.0259432942,6271185.77050909
-61195.98785733059,496736.3114617169,-18894.2719367221,416646.0516676642
627169.6955995839,3111207.8713669777,-218511.4352964759,3519866.1316700857
121354.40805014782,-1278076.1528142393,157992.62850357592,-998729.1162605155
182345.7441925276,-5236950.267131746,73528.29238573462,-4981076.230553484
149843.65214510076,-705309.575958401,-623424.074732855,-1178889.9985461552
-205595.77716402337,-2866492.651068151,684281.4128439948,-2387807.0153881796
254061.48135652393,4208854.957186103,156108.0527497232,4619024.49129235
943539.1995608695,-3020987.754400015,225655.53496091068,-1851793.0198782347
-440528.02508270554,1700779.8910112977,-535641.3582295775,724610.5076990146
-805301.2423356976,6637388.897209853,-485768.53533758223,5346319.119536573
-522131.9050536826,-2697038.627323687,-531514.6015258357,-3750685.1339032054
-252361.64482051693,-373475.7798252404,-841328.1772148907,-1467165.601860648
93094.80503021367,-6718210.776686966,223824.55973335356,-6401291.411923399
725145.3799906559,-12287305.845102012,472620.7656610608,-11089539.699450295
586077.9348778166,3992491.2413561344,103897.63125761598,4682466.807491567
162312.94000313804,-4049017.5546022058,607493.901967153,-3279210.7126319148
71924.94605987519,2766289.503398627,-112245.68952982873,2725968.7599286735
-211536.45759597607,9140486.02640298,-2969.5767474770546,8925979.992059527
212710.37679948844,-1049478.3973879218,-847060.7721789926,-1683828.792767426
-709224.9146321006,5325119.588307738,-1464372.710828729,3151521.9628469087
76303.58762813732,-5934068.530850828,-886614.379277058,-6744379.322499748
246148.5868625883,-2124648.1504437923,249123.67886006832,-1629375.8847211357
-233409.29501826502,-3101921.548083961,-204750.47259860486,-3540081.315700831
-338506.94485376216,-4044835.1241378784,-535159.5706364661,-4918501.639628107
21649.8800502941,-1592535.6975619793,-43049.96190547943,-1613935.7794171646
74395.09594484419,2663536.0298271775,436402.8733550012,3174333.999127023
-305993.6131190993,3773220.725997925,-381299.57418929785,3085927.5386895277
1176002.3545688,-8517721.998771697,85166.0048172772,-7256553.63938562
-473107.93339006975,2641940.270032525,-1246668.8589867055,922163.4776557498
-990429.6720099635,3311171.27906245,-632724.614584893,1688016.9924675934
91249.60678084195,-8000252.102790356,-247211.69872750342,-8156214.194737017
-397333.3833595589,-2987407.722966492,-1332546.3197899833,-4717287.426116034
200341.47907001153,2367963.596658349,1760120.3241257668,4328425.399854127
280048.7902260404,-1150627.041080445,91178.67907224596,-779399.5717821587
-242889.17527069338,-4004449.11781317,41988.82714980841,-4205349.465934055
22155.46286978945,3971252.4033061564,210695.9321880117,4204103.798363958
33365.06522457674,-4893388.868986905,133905.7591611147,-4726118.044601213
-424542.5992732588,3392274.502150446,-481865.88108140975,2485866.0217957776
170933.95530338585,1151927.5940136313,96681.17408581078,1419542.723402828
-930693.7643571813,10279039.970552057,-660033.5082334727,8688312.697961403
-663720.9091775455,-537833.9250423312,46483.50671118498,-1155071.3275086917
-72280.41957631893,-10103975.830346853,-418501.13339839876,-10594757.38332157
-455805.2003130615,7564036.445680171,112020.55763030797,7220251.802997418
1455147.7093470115,15449801.011930436,-849934.4196062014,16055014.301671244
289323.10113427043,-2483108.0199917853,-212873.68719930947,-2406658.6060568243
-224990.27722249366,4591739.090423822,-877109.2779066712,3489639.5352946576
259623.03240710124,-8674525.743733078,966158.4434203953,-7448744.267905582
13032.263909636065,4669433.728029966,-285024.86351177096,4397441.128427831
-269667.56035826355,-5832415.817756802,63609.59549115598,-6038473.782623909
278519.4509193264,-8391832.099538028,-812945.7583762184,-8926258.40699492
220867.18540245667,958082.4054664075,102658.70197336376,1281608.292842228
-3180.455977661535,3561604.790074706,-129136.85565731674,3429287.478439728
-821726.4150757827,1895671.6990129948,-341168.39914091676,732776.8847962953
93857.68557846732,-7801325.972514987,404627.43382798135,-7302840.853108538
-534858.1320225578,-11133284.965103447,-274653.2458574027,-11942796.342983408
427753.3093761727,-3227192.5181758106,-270605.6633024886,-3070044.8721021265
164222.59412364848,2840160.861844629,905119.4945473596,3909502.950515637
1113321.7500334661,-3968898.4088142514,757780.638664946,-2097796.0201158393
92986.97930059582,7097491.305559754,-673167.8328274712,6517310.452032879
-92924.9006133452,-3044234.410048723,-398764.2072719857,-3535923.517934054
-305437.06035944447,-1762159.3330611289,-906746.659802042,-2974343.0532226153
279605.78273439594,8002366.690488189,316123.7215439752,8598096.19476656
-117484.65577565134,8966732.484567344,-612475.700629361,8236772.128162332
158994.9849981945,4492871.498538971,158860.77873922884,4810727.262276394
-34351.54741733149,4965523.708607256,-572962.217894569,4358209.943295356
260354.34733697027,-7323518.890928984,283866.4195900932,-6779298.12400192
162994.9641324114,4812922.559824705,-452518.358518973,4523399.165438144
-365803.78802286834,3743679.914565444,778775.7435653508,4156651.8701079264
-31244.834682628512,5100897.007707894,-174353.2640594989,4895298.908965766
88920.53370684385,-6168175.11110574,211321.6923801303,-5867932.885018766
82743.20260939188,6696392.828338683,-15373.76442053914,6763762.266527535
326691.7182471808,8531076.789536297,-971923.3992236257,7885845.1085598525
314216.9894112982,5222327.221629798,-76060.63973401487,5460483.571307082
-53792.99690951966,8807577.612160683,-606471.7225704342,8147312.892680729
173092.871432323,-8377728.47920841,-638.6700058877468,-8205274.2777819745
-475759.180003928,-561852.8254377842,-782141.549249664,-1819753.5546913762
-30688.44354104437,3479261.278163314,-439990.2280806601,3008582.6065416094
574631.9464049153,2860200.3789584637,49410.957820139825,3484243.283183519
-369806.6996957399,-13446829.244655252,-84576.043239519,-13901211.98759051
-251809.1548076775,3586986.300669372,252813.54582735896,3587990.6916890536
-203822.2768379096,-1079103.6057991683,286776.55775176734,-996149.3248853106
466299.5273261536,6020110.592900187,218054.22896035016,6704464.3491866905
-671481.8852249254,-11458654.703912616,-613269.2393190041,-12743405.828456545
-995482.3561610226,-1983438.9478484392,-751227.8357480913,-3730149.139757553
818296.5703327172,9003960.824563682,864139.7803138942,10686397.175210293
-62791.35836893506,-1167718.2964764237,52463.2878760919,-1178046.366969267
-181403.7201343216,-3234850.9195254445,-634403.7949401662,-4050658.4345999323
260856.00803291425,2799976.482973844,-221974.47836797684,2838858.012638781
323092.941726245,11090911.766532063,630938.0164531395,12044942.724711448
-286024.14566828497,4325292.431222618,375971.30682085454,4415239.592375187
597550.4507394377,5521958.8328529,-464704.04360060394,5654805.239991734
25988.978824401274,2668256.348914385,11835.834707506001,2706081.162446292
598881.6605979316,-8289253.064639717,-674612.1032388285,-8364983.507280614
-195672.98499324173,-3338608.6813785136,-1756429.1892440394,-5290710.855615795
150345.43760458007,-982213.4441208243,-703513.0003778413,-1535381.0068940856
-384826.4648139756,411634.041331023,50467.18195942789,77274.75847647525
181239.13740936853,-8683154.703219205,-605146.2733920589,-9107061.839201896
432683.26323189214,3955690.3830430806,-687402.4719216228,3700971.17435335
452432.93990936317,1354870.4709595442,923435.4836701453,2730738.8945390526
-238865.00095858984,1711640.3535557985,-2296.7362840771675,1470478.6163131315
385342.766677117,8804016.90072307,-128827.85738094151,9060531.810019245
-238519.00726770423,-2735968.8488033414,-459099.71200504154,-3433587.568076087
68348.96392486803,7990718.6144375205,-1115186.1804519296,6943881.397910459
-324574.43401486054,8126612.903602034,-39282.57499422878,7762755.8945929445
-333164.7701333873,8565911.404079854,281608.5543897003,8514355.188336167
-761520.9375646468,2040817.9066930413,55093.450365021825,1334390.4194934163
-475496.90773577616,-6287051.474711955,972589.8783460706,-5789958.50410166
104034.22668344155,-4644092.33458516,-34579.09816318005,-4574637.2060648985
-610474.2695848495,-4444566.696656853,-190566.2433377728,-5245607.209579475
76968.63070114143,7163489.7231814265,-40718.716234728694,7199739.637647839
-274616.3120704647,4097027.5171502233,547883.087033093,4370294.2921128515
26387.1062345542,900213.1171272695,-251072.4534562379,675527.7699055858
-442112.4332289696,-2064920.2828347683,334912.5641580671,-2172120.1519056708
489144.7700757049,-463739.1868433356,533334.7780573443,558740.3612897135
48110.42962414026,-207533.41335350275,-560524.9876450747,-719947.9713744372
-278744.1928030122,-5193237.65106833,91707.09009420872,-5380274.753777133
-146205.14072874188,-4373534.989085257,271735.37024816126,-4248004.759565838
-326585.3168646693,1946047.3014869988,137156.25230953097,1756618.2369318604
-521416.3412053026,5250513.576868206,-764557.4435513765,3964539.792111527
142887.37339001521,-5963619.490744591,152578.74997711182,-5668153.367377464
-16987.6546836067,6559982.628818333,48387.96344988048,6591382.937584607
-678266.0008160453,-2979207.2963970304,-407055.5419270843,-4064528.83914016
-156192.52963833697,6784837.20163393,-589357.5089576468,6039287.163037946
-595396.363505926,3270769.4636929035,196463.98688407242,2871837.08707105
-39681.12231471017,-7098796.13701725,-288226.12004638463,-7426703.379378345
-288668.6575121619,-4714132.212855399,-305277.91023503244,-5308078.780602593
331403.5448702499,5512461.600476533,-284191.4255967885,5559673.719749995
-144152.17291635275,-8108815.54368639,391746.8198443055,-7861220.896758437
-326085.84544350393,-2265593.7255978584,880335.8451731727,-1711343.7258681897
-112425.7513534613,-8019346.766560465,-179424.55612754822,-8311197.074041475
-488321.8038868159,3028511.0109195113,613050.0694002062,3153239.2764329016
705007.2496302184,-2386674.319426179,325447.1171473786,-1356219.952648582
-349378.02078987844,4195551.826159418,-472694.9995687902,3373478.805800749
-417468.06508555263,-3424208.297896266,-1137882.9586293027,-4979559.321611121
332238.03598004393,-3571672.095021218,715212.083337836,-2524221.975703338
-425345.1041338034,2908923.489002168,-571708.9978683591,1911869.3870000057
49210.408567300066,-9595221.651372224,254570.20601202548,-9291441.036792899
-199368.6558331456,2301683.9430627227,-133946.92925532907,1968368.357974248
-171653.68233415484,-5569404.782189488,-693969.2839287221,-6435027.748452365
157483.95286280662,-1668760.203738451,905859.2686001733,-605416.9822754711
-299129.68717672676,6981385.094600081,-343073.75570673496,6339181.65171662
-13921.33865047805,1091057.5467932224,-603065.0421008319,474071.1660419125
-20374.29056938365,-6470285.065871358,-596319.7282359973,-7086979.084676739
138577.73216527142,-178909.72379854321,307989.9063262269,267657.9146929551
310224.21934768744,-2864592.6841343045,29926.707082659006,-2524441.757703958
907446.1199246645,1263037.9678853154,420436.99063797295,2590921.078447953
48907.432873588055,4804670.129571199,-55745.588955082,4797831.9734897055
-466404.1920677945,839794.6821017265,-831548.1670184359,-458157.67698450387
290335.34005421586,-638339.4816064239,721687.9178655595,373683.77631335147
-329623.2839446515,2910137.044571221,174792.23548907042,2755305.99611564
-521670.1040451657,-6309465.120576769,-402651.25717422366,-7233786.4817961585
282278.52906804904,376685.53449580073,-413230.4380276352,245733.62553621456
94866.86043990031,-1816536.5681667328,-842209.5622588992,-2563879.2699857317
94834.32181588933,-159483.51804319024,35939.4309476614,-28709.765279639512
342875.7715462744,531748.86941275,6233.421955168247,880858.0629141927
384451.9248372428,5380765.842008293,-785560.3764707074,4979657.390374828
-84588.5929494556,6487865.821403027,-176592.72349381447,6226684.5049597565
886152.728680566,-1726912.8535612226,-662820.7037571743,-1503580.828637831
-990337.7432364803,2446065.7825093567,-546099.6633927003,909628.3758801762
-73785.78997086547,-2705066.0765684247,172307.96994753182,-2606543.8965917584
-525118.9972621351,1408001.832465291,-343022.75426225364,539860.0809409022
495991.46970660426,9118861.131094396,-56949.25513751805,9557903.345663482
306218.1331895422,11989491.610620141,195252.86085900664,12490962.60466869
-35235.46714827046,8736020.40870449,160210.25372567773,8860995.195281897
-156057.24906751513,-2753349.2510374784,-469023.22534359246,-3378429.725448586
544997.8180065975,1649882.9851574004,-254736.92892812937,1940143.8742358685
520264.3904357068,1863942.5271246135,1058524.959315993,3442731.8768763132
337020.4375766311,-9016666.00329566,-41987.63533595204,-8721633.201054981
609690.0992110297,2639024.2834471464,221803.34356375784,3470517.726221934
590486.4145311601,13745694.748438746,792870.0174254328,15129051.180395339
-366356.82331671007,2375473.481386602,314116.9927571267,2323233.6508270185
-186235.94024256617,-2710261.0241853595,-983116.699484311,-3879613.6639122367
-782966.8834243901,1521569.1106385589,-1601562.57138139,-862960.3441672213
306771.11438796856,-5292381.341264904,397741.9804318398,-4587868.246445095
-559339.8835833371,133338.2367761433,-1188692.0182526037,-1614693.6650597975
-673932.9769561402,-2715164.18723464,-587363.1288506612,-3976460.2930414416
-190518.3033757247,-4639768.897434235,-222746.73498235643,-5053033.935792316
-672859.8705807943,2877417.586951703,-852994.3672724962,1351563.3490984123
-378845.03744849935,-3988918.9724009037,-608163.6318653375,-4975927.641714741
-80443.76847325079,-8858703.66362822,-85278.10492300987,-9024425.537024481
-213606.42674182728,-2128364.7048897743,645474.329217717,-1696496.8024138846
-200367.3664765954,5799137.036907643,-358202.4210572764,5240567.249373771
-474642.07517775334,1359146.3375741243,-421699.8460941613,462804.4163022097
504844.78939409554,-645359.0059318542,671285.7955835238,530771.5790457651
54334.31452854909,6328886.469353646,-866222.6477537379,5516998.136128457
-105249.07370087504,-4327535.409134269,72719.97936368734,-4360064.5034714565
1309769.7223674096,-1457142.5491766632,511652.39883627,364279.57202701643
135282.643419493,7418443.033458084,591809.7770920843,8145535.453969661
-343146.9594653081,-122188.52614620328,-599506.6246863455,-1064842.1102978569
469411.5131671019,416782.72741001844,-270146.86893206835,616047.371645052
364282.5504735466,782749.7514785528,-583188.0262465328,563844.2757055666
273492.06924562715,-5175752.627478719,-16017.47211381793,-4918278.03034691
342537.61547948234,1828635.2095466256,-740262.3096659705,1430910.5153601374
-672423.5444878712,11547815.679131985,-1526459.5570206642,9348932.57762345
-67412.03754538484,3452240.2296964824,65260.80536855012,3450088.9975196477
-133026.46886712313,5001872.904841602,309751.822242938,5178598.258217417
-252.0340429469943,3211052.892449349,-571101.9993767738,2639698.8590296283
-121828.58368154801,-2387345.348047048,403373.7522952482,-2105800.1794333477
-120460.14804396406,2573072.389003277,596016.9962856993,3048629.237245012
273190.37580855563,-976863.2851035893,-932267.7680808306,-1635940.6773758642
-276550.5767136719,-9955889.408603668,234326.82697463036,-9998113.15834271
3989.926785552874,-9124125.318716407,-288356.46235109866,-9408491.854281953
868782.8826660141,4041911.05068627,396749.7246780172,5307443.658030301
-59650.92026701383,4371183.079099536,-173805.7108681947,4137726.4479643274
-201584.82974449545,277306.48450905085,-261936.8861990571,-186215.2314345017
10616.380753239617,-2465164.2525275946,-145787.47423812747,-2600335.3460124824
70525.78747645952,5598666.736658812,823240.780052945,6492433.304188216
500357.9961680509,-11232670.127366543,-542128.1302237585,-11274440.26142225
-117287.18576484732,140240.98875045776,398295.8927520588,421249.69573766924
-344481.7028554119,2214548.1098588407,-365440.71565786004,1504625.6913455687
-876529.2609886937,10017271.923457116,-830219.1334498525,8310523.52901857
-461875.8348900657,2761535.6897780597,66180.07304894179,2365839.927936936
335555.96803866513,1336095.7492082715,417442.7916509658,2089094.5088979024
498165.99348855205,4459790.510469198,-285820.0498574227,4672136.454100328
133490.50073002838,-6331788.82697314,249199.964574188,-5949098.361668924
144577.46759874374,17786393.0848608,-195200.72280950844,17735769.829650037
-334328.8418304268,-10296117.935498327,-546633.636826098,-11177080.414154852
289892.0029779654,-5925805.82248947,870100.9149720967,-4765812.904539408
-710657.6568934955,-2065132.2846084237,-728789.9243597314,-3504579.8658616506
-483396.52450822294,-3092391.8525873423,-787702.0133693516,-4363490.390464917
-765579.6643426213,-5993883.267560244,-1036851.2788927406,-7796314.210795606
-54672.18079149164,5238719.562357038,-545375.350848347,4638672.0307172
107059.13127579167,-5347547.574826598,-348899.08213211596,-5589387.525682922
-95463.44193560258,-67972.97883144021,287670.5754027143,124234.15463567153
-629776.0006167088,-3428575.520127982,-194680.46101731807,-4253031.981762009
951855.2493067086,-10789968.484300613,-729894.9992057383,-10568008.234199643
482199.65773287974,-8835540.939628601,-147940.93650028855,-8501282.21839601
95212.05133566074,3396034.4641385674,-521333.84453415126,2969912.670940077
-153119.54157845676,-6616397.924160659,-485671.94909599423,-7255189.41483511
-774615.8275984451,14766056.483255655,-727435.370031409,13264005.2856258
236286.57918896154,3700924.959145248,239431.86491577327,4176643.4032499827
-319716.1372821424,1918450.9573538303,-85684.61474517733,1513050.2053265106
-412276.73231307603,1803886.696953237,-326749.292412892,1064860.672227269
-541302.1548669096,-1199308.1461092234,-433115.6702424437,-2173725.9712185767
-730216.0727704354,2109050.15159294,103721.95443361998,1482556.0332561247
-244154.33294050768,7288906.3275568485,-1184540.148663506,5860211.845952835
475203.7316322755,1839229.6787901819,-1313153.66483403,1001279.7455884274
336581.4578843992,3100508.5771490335,-317984.2976940647,3119105.737339368
-289512.2915592715,1829041.4488492608,-1024765.8302598149,514763.32703017443
519184.4525620062,-5999432.671015501,472047.2227992043,-5008200.995654291
-38850.410050852224,-5380343.606204301,659749.919107601,-4759444.097147552
-388495.1785581503,-2320541.591201365,199151.62755824625,-2509885.142201269
-780059.7956575435,-95135.81939965487,-1255273.6974472404,-2130469.3125044387
-328395.5084915459,-721814.7376956344,46991.41005735099,-1003218.8361298293
18054.674691621214,1106877.9776097536,-221657.5363357365,903275.1159656383
91335.80565797165,2380158.131709039,483129.11207666993,2954623.049443681
298490.67395701073,711375.761362195,-87402.43997120112,922463.9953480046
-253487.38159285672,6445476.25182265,-1046171.4032052606,5145817.467024533
97354.48260392994,-1788298.7033383846,-197028.0193321705,-1887972.2400666252
295329.71127490327,3060794.5294721127,-150197.92793376744,3205926.3128132485
449609.7693769075,3721409.154943824,794517.0674874038,4965535.991808135
-473557.0576053951,-5525776.363615334,307386.01440022886,-5691947.4068205
174010.03143610805,2012657.2966488004,270516.2314678654,2457183.559552774
621155.3165339604,-11582.596205830574,513336.2216666937,1122908.9419948235
81608.54051965661,2874062.751280844,-409912.8064651191,2545758.4853353817
695450.9003409967,-1024031.8337699771,-299494.52476298064,-628075.458191961
219332.4640016742,-2306518.7134135365,216241.48108104616,-1870944.7683308162
-28693.326443275437,5436587.11181891,-882221.3481820524,4525672.437193582
517095.99643209204,1495061.7939394116,-58618.68980387598,1953539.1005676277
203196.20294757187,10556714.035119355,-968350.963426128,9791559.274640799
234805.9983491283,-12441122.418819606,-339576.0448032245,-12545892.465273703
-389990.9661860708,6564297.999135762,-1124667.6963692605,5049639.336580431
-215221.49501456693,-5459046.215912312,-289518.7863559127,-5963786.497282792
-72811.59607635252,8346667.263588697,220842.637964651,8494698.305476995
26497.1051474642,148129.5267521739,-36827.90017350018,137798.73172613792
113222.6327400636,10435331.111749768,-670162.4490221888,9878391.295467643
409286.3736187853,6101460.94232285,156146.85836964846,6666894.174311284
67639.47667193227,17888622.47615066,98691.14353682101,18054953.096359417
449699.1871110443,-3923913.0721303225,308173.4308129698,-3166040.4542063083
545904.5733171459,2536729.6244711876,-910099.0132107362,2172535.1845775973
563524.117870424,-10384859.207464397,829410.3117738068,-8991924.777820166
-263476.21969701536,8375578.973878443,625675.4597250223,8737778.21390645
122144.50792277604,3589606.6936362386,-416443.6982218474,3295307.503337167
375002.4870052822,2145894.94861266,704672.67966488,3225570.1152828224
-960823.5561421514,2301566.653300494,-1089361.490294464,251381.60686387867
-46455.50031984225,894043.2789718807,313361.3107664138,1160949.0894184522
-524002.89639975876,-3611708.3363384604,-217211.8005007729,-4352923.033238992
-89422.1399179399,2787854.479427576,-973406.1528707817,1725026.1866388544
-394648.3851136286,-4191944.4592519403,-529147.0471479669,-5115739.891513536
263070.0457557272,3568295.161016971,-225728.5209222585,3605636.6858504396
210675.27376087382,3005367.153401166,32310.302435562015,3248352.729597602
17754.179491927847,6633283.274390012,-36448.19962095469,6614589.254260985
146676.14998937212,-797492.6575275064,-334340.5269126445,-985157.0344507787
235851.12138830498,-3924330.5773088336,451430.254515402,-3237049.2014051266
-603076.6969576254,-378775.4661246538,-123420.04217151552,-1105272.2052537948
-776718.7913914304,9633272.186979204,-783315.8112384304,8073237.584349344
-59751.8422617726,1273384.0313326716,-255659.4041879624,957972.7848829366
-27985.532937508076,7488185.923108578,-747061.0831793994,6713139.30699167
-214932.27438673005,3850925.9838740826,-162669.6145710945,3473324.094916258
-282100.6734414827,6402394.144606352,-1429796.9207713902,4690496.550393479
-402767.631595362,-266178.7474505305,88945.94781451672,-580000.4312313758
323052.5735920444,734816.4552969337,-119252.61754054576,938616.4113484323
489848.1455940977,4473290.001182854,-408704.2709578723,4554433.87581908
-127286.3934907522,-2235800.56943506,-373897.1102150604,-2736984.0731408726
-379023.9801738933,1012727.2644649148,56469.692633770406,690172.9769247919
110155.56966392323,628953.2106561363,991.2009709998965,740099.9812910594
417858.39358418994,3673818.073261708,113807.65260220319,4205484.119448101
-292168.0050990209,2933057.417041242,-623507.3324165866,2017382.0795256346
-209040.13354421966,7245193.822176933,-937206.7929518297,6098946.895680884
218619.90242568217,-2193717.7644134164,-249659.31204541773,-2224757.174033152
297612.86932706647,33697.47968161106,-1082981.7488511056,-751671.399842428
317707.2139499299,5104684.159293056,563565.858750023,5985957.231993008
287620.695634827,-7182750.287689924,179798.0940215215,-6715331.498033576
-625325.1062561739,-1062547.0983110666,559483.6147425249,-1128388.5898247156
254971.43692111596,2875090.3793343306,705142.900696829,3835204.7169522755
349855.504878493,9077443.436758578,457217.6279878542,9884516.569624925
-206130.10234846175,-4714173.187144995,73572.05874463916,-4846731.230748817
159049.58426825516,10779765.738604516,-485484.6230276972,10453330.699845074
-1857.0219165366143,-2060825.196314603,-224632.29057992995,-2287314.5088110697
-507327.17670521885,5074112.55283308,-249715.6456657797,4317069.730462082
-129268.57622840628,-6297934.366124719,-480061.30622079223,-6907264.248573918
-609397.8966877051,2270073.3350515366,-1261335.8050690368,399339.6332947947
36065.3102640789,1046813.4887962043,685829.8516424224,1768708.6507027056
191345.80246536806,-1238446.6679885685,-328521.5210980028,-1375622.3866212033
659430.9896640033,3057121.821858436,-1314362.4868376702,2402190.324684769
50731.96624200046,-3713969.460560739,160446.09031660855,-3502791.40400213
261754.58302950487,11629888.487966835,-8372.738100841641,11883270.332895499
13521.459208389744,-5653137.98688817,-114181.12858763337,-5753797.656267414
-478790.8303447105,-2516491.164347887,-625823.4375685528,-3621105.4322611503
-744575.8339114953,1457418.7070298195,-659360.4406185821,53482.432499742135
-367269.3942084648,3039175.353515029,-758489.0559682846,1913416.9033382796
-928314.8790668566,1809710.7236286998,495076.3214288652,1376472.1659907084
-554273.7815927658,1309754.568512261,-963288.5922149867,-207807.8052954916
-1378594.0469822865,4791194.996088862,-1399208.7582772374,2013392.1908293385
-297752.87625961564,4928218.455931008,-657161.3754262626,3973304.2042451296
113724.8476041928,4155020.62076658,-217895.8659220338,4050849.602448739
80631.83885404095,4092245.724334359,-372270.95365107805,3800606.609537322
-261996.8459251579,6839698.49429208,276288.809634611,6853990.4580015335
137110.4248069916,-7017981.517136931,-1917.1600993275642,-6882788.252429267
-79504.04258934222,-5964099.427590072,-597220.4011116251,-6640823.8712910395
-600283.5392338224,-4361752.652996838,-526702.2913277745,-5488738.483558435
881475.429404527,1972894.4589814842,1088805.6449214518,3943175.533307463
-365918.89314801805,1245242.2842866778,-4871.413412347436,874451.9777263124
129697.79381194338,9809824.051746756,-634980.8507755622,9304540.994783137
111696.61953411065,-2027807.9122687876,437931.56475165486,-1478179.727983022
-409358.25995300896,6748852.656738579,-164693.72459360957,6174800.672191961
385143.0855783876,3070221.593505025,-77336.36866974086,3378028.3104136717
325180.2638473213,-964520.4782256484,-517907.4831221849,-1157247.697500512
362112.5775480103,7363331.28233248,730105.3530101404,8455549.21289063
152415.52962772176,-6326258.049505442,-509725.7584345713,-6683568.278312292
719318.7198087573,-3604459.3110207915,479921.72348991036,-2405218.867722124
-192152.69615918025,2932074.581002474,365855.9494385272,3105777.834281821
99987.4913347587,1053225.7367221117,-799277.6666973382,353935.5613595322
244492.94028058648,-4333019.774692535,628444.0274086073,-3460082.8070033416
-638955.4674690068,9559428.988143384,-875509.6102821827,8044963.910392195
-533266.8361941054,1834476.1408671737,-445491.2364877239,855718.0681853443
-691476.9435843378,-1724296.3859670162,-237302.34854122996,-2653075.678092584
-410763.02275847644,-8151112.790297866,-103631.92098361254,-8665507.734039955
244729.0328818299,613928.7188336849,-1002550.2102401033,-143892.4585245885
149446.89511634596,3548155.5026833713,38133.58787035942,3735735.9856700767
516376.63429056294,-2307171.4590801597,234443.96459023654,-1556350.8601993602
-418080.5379690714,-1648691.4623107314,-1055953.5855904669,-3122725.5858702697
9072.838208368048,6333186.158525169,-319009.14376499504,6023249.852968542
152553.49674590118,-1334420.472276032,973101.0391144753,-208765.93641565554
53939.11034331843,-1576407.4932838082,-186591.17881516367,-1709059.5617556535
-34597.41858503409,-4257331.906854093,437535.2292066142,-3854394.096232513
-319169.3574178945,-4257895.635464221,-254318.20665678382,-4831383.1995389
142396.07898008265,5729326.382820427,775768.5024648011,6647490.964265311
-538976.6851681098,1216914.9436133206,-124513.4453446418,553424.813100569
-272302.29495130107,2117625.6134028733,103481.32533974946,1948804.6437913217
-236234.97373020835,1942060.080250442,-760604.3622638062,945220.7442564275
-136128.16681430116,525097.6831626892,-459996.4590732008,-71026.94272481278
-392492.81127148494,9837934.482745945,-487518.90758822113,8957922.76388624
-184273.4583189506,5666030.203052223,-1132767.805213116,4348988.939520156
268853.2558855545,3263991.87349388,537370.3001001999,4070215.4294796344
-1000687.5884368941,-2989303.526332557,-1873097.485129565,-5863088.599899016
47839.31964362785,-7505130.9004047215,-33723.64291448146,-7491015.223675575
502142.0739456974,54327.725424706936,-42165.764432400465,514304.03493800387
529975.3241377342,14288966.361977637,-191924.9861767441,14627016.699938627
1662165.3279074803,14022082.730469525,878338.4625540972,16562586.520931102
-72307.17319890484,1995102.4491337538,-128012.83618503809,1794782.4397498108
663353.314917896,6252380.178897351,103147.75081010163,7018881.244625349
14266.544097494334,-4240984.2814002335,329354.33733054996,-3897363.399972189
106807.48764520139,-4781831.674588323,112056.94052115828,-4562967.246421963
102382.8481606599,1901228.0820082426,-82213.28782188147,1921397.642347021
615925.6478140838,-2710507.597979456,-428142.866037108,-2522724.8162024803
-382703.94715017267,-14340751.09333682,-499152.07384005934,-15222607.114327053
54375.32025946304,-2600552.3039579988,-145602.09144367278,-2691779.0751422085
-434914.34807748534,2094563.0820672512,-456985.67617303133,1202663.0578167345
-638408.6372129321,-3942948.9044008255,-62912.103913635015,-4644269.645527393
-307333.38660041057,6594420.994123042,358769.30604439974,6645856.913567031
-568783.8888297714,-2432603.5498550534,-218231.89417680353,-3219619.3328616284
-514177.70451321825,-845500.2397222519,403974.4365447685,-955703.5076907016
112220.31680551171,258094.92051553726,-127515.70054639876,242799.53677465022
461112.7698067948,-5641548.894539952,-54330.03734475374,-5234766.162077911
262539.0025619641,2142918.8377452493,713765.7646182626,3119223.604925476
141973.33106422238,11443147.591064632,-516316.87369624525,11068804.048432609
12952.72727003321,-9284844.244989932,757785.8116840199,-8514105.706035879
-162868.52480222844,292152.7715296149,115613.54930408299,244897.79603146948
131510.24613857828,-546841.0431550443,-714004.4120760784,-1129335.2090925444
31172.69574328512,-2959378.1657117605,442049.5304091349,-2486155.9395593405
-394128.62713670544,-1113533.9752826095,-679088.4094666466,-2186751.0118859615
-155642.6024544146,7991140.412735581,1167057.6246068254,9002555.434887992
-362826.7461540941,-106987.41296768188,-128894.27918559313,-598708.4383073691
351983.4141287897,9070687.180193782,63287.38942067325,9485957.983743245
402389.2595558278,-7342376.595315039,219452.25692151487,-6720535.078837696
27748.80489382334,13794624.077450514,348194.7488469854,14170567.631191323
294017.22920002043,-3251414.2482125163,220593.892177701,-2736803.126834795
487370.20388944633,-4724504.314746439,403200.3125619665,-3833933.7982950266
-186199.13156125508,1135385.37335819,1145349.4129259735,2094535.6547229085
495496.02267942764,-4065446.7201723456,-647645.5448559672,-4217596.242348885
-153618.4132873416,-4023833.657754123,61453.74226118624,-4115998.3287802786
-142120.88849688508,546265.4203342795,-771128.1527812406,-366983.6209438462
287766.5643427018,-927866.3237814903,347465.0646021962,-292634.6948365923
-361702.85587580875,2689494.59300375,-1094736.9835962728,1233054.7535316683
506514.85555920005,-5381884.739775956,-317790.209196724,-5193160.09341348
-478912.5186446775,7735489.459153771,-415452.83214942366,6841124.10835967
-226348.96800464392,-4533695.455514431,-1127636.6674408838,-5887681.090959959
562211.5350629743,-3121253.3690267503,522891.39513492584,-2036150.4388288502
-206349.3436147645,1076131.5056639314,-1329714.7862703502,-459932.62422118336
401800.0287632756,-8738704.63628155,590946.9511181638,-7745957.656400111
395444.1912956536,-3081482.700310737,845585.5523830056,-1840452.9566320777
-563655.9704358615,-1951868.0927041173,-318292.12432198226,-2833816.187461961
438646.20510296524,-1957577.590332359,-347364.6626137793,-1866296.0478431731
-48069.92024601996,-2054825.214214921,-23061.02009817958,-2125956.1545591205
-297189.6088293828,5834318.539862752,-418629.2329484001,5118499.698084969
-342707.25672710314,6612058.204639733,-446888.4275902808,5822462.520322349
-34852.05070414208,3361643.2229918838,-965825.2862856016,2360965.88600214
388551.6692938693,-1261023.6022521257,182792.24372678995,-689679.6892314665
-643657.1726997681,-141065.97265288234,-583756.7129607052,-1368479.8583133556
69450.09053545073,-3675842.594760895,127551.56125371158,-3478840.9429717325
-842203.5182458479,-5360756.827541262,-1057383.8393709958,-7260344.185158106
-272310.7352713477,5865777.688885719,-1389591.1771816313,4203875.77643274
-145752.68531724252,-2931179.6011384428,-742271.4610079974,-3819203.7474636827
485846.8579186741,10001508.573764026,-1223773.7399806604,9263581.69170204
-156373.78132985346,-2956182.0165379643,-540342.9829874933,-3652898.780855311
-280837.3681497704,-3192183.0600357056,396657.3326264173,-3076363.0955590587
-128342.815812001,-3492571.5456419587,-297342.4368397817,-3918256.7982937414
-49358.40661202371,-9078510.235236108,936860.2585307956,-8191008.383317336
-397721.67747243494,4873607.498757452,-1225052.4691247195,3250833.3521602973
-284875.576148374,-13106475.872659415,782041.6400370598,-12609309.80877073
-1044593.4035459999,-7899834.318022728,-236275.3789513111,-9180703.100520039
-744226.3145414181,452406.79467856884,-114528.59920669347,-406348.11906954274
250084.7518190667,6692851.982989609,369542.5023275092,7312479.237136185
608655.1000448018,1951915.5426658988,-142849.60088826716,2417721.0418224335
199822.18502365425,-807481.8126859665,349121.837742351,-258537.78991996124
-122471.92931171134,-5392544.815209508,-202318.96964517236,-5717335.714166392
-103746.61938265897,7626091.954337776,106929.11045207828,7629274.445407195
835476.6723614894,5975610.869468808,315142.98543283343,7126230.527263131
-291494.70266702026,637307.1908179522,-278593.0492476672,67219.4389032647
166838.44341265224,-1161857.6044394374,164370.61597581953,-830648.5450509656
-421721.13153321855,4395514.729438901,-744886.3525878713,3228907.245317811
-393021.2459197361,-2365872.519224584,187256.17014297843,-2571637.595001342
-374402.81128968485,10875068.484320521,-834682.1818541735,9665983.491176663
268676.52361464873,-11474398.829681754,722684.1127839461,-10483038.19328316
-397297.5358343087,-5971610.434716016,-548214.867863372,-6917122.838413697
-296750.1121067293,7181406.314145267,-954471.3496752605,5930184.852363277
-290697.87578727864,-4476373.468331009,355270.19257298857,-4411801.151545299
-18169.162826690823,7095493.426406324,586062.9044747129,7663387.168054346
-327826.75703395717,-6039655.3555980325,240794.56447324157,-6126687.548158748
-132151.91815374047,2842463.939771086,-188036.2739044577,2522275.747712888
-389012.1682900991,-5754757.831038624,-540215.6867076233,-6683985.6860363465
-350476.81550919637,3612049.96453622,1254411.2074801847,4515984.356507208
-583397.3630227316,-8663479.444352776,-1041201.045256272,-10288077.85263178
-272357.232964728,9541714.297733665,12716.151082739234,9282073.215851676
-80779.07817131281,6455769.03839463,-72675.14278711379,6302314.817436203
9136.880005281419,-9818370.985592604,355515.14657975733,-9453718.959007565
-57124.56381011754,-6028432.910478383,-143555.19398106635,-6229112.668269567
12659.267098320648,-1786679.047390908,-207573.02260195464,-1981592.802894542
-471925.0441494435,-11194485.831214398,-745150.2010732368,-12411561.076437078
-531852.6545761432,-8609978.501675993,-270093.2404471189,-9411924.396699255
-547600.1590667348,2219869.460106194,61940.98534678668,1734210.2863862459
-302310.11342506483,8530639.89990002,-409378.1231119633,7818951.663362991
-76439.4641633518,4940982.633380413,-342975.7608524412,4521567.40836462
-276967.4244474787,2292755.058592528,-492838.772241883,1522948.8619031664
-205606.7462061718,2808666.5099917054,-148037.27515991032,2455022.4886256233
451679.38385902904,-4741678.3780347705,-54749.153079114854,-4344748.147254856
-494771.4066511374,3464584.5701276064,-717897.6821099371,2251915.481366532
-397506.034585651,31247.201270759106,-791890.088392511,-1158148.921707403
-180223.56934337877,2264197.870449245,14123.936474174261,2098098.2375800405
-652210.8212046921,3077625.7779364884,212489.5912526399,2637904.547984436
-382943.69576726295,3762542.958303213,-850450.4278384745,2529148.8346974757
131515.98040561192,6979274.0297572315,-66249.54716742039,7044540.462995423
-329709.0023944471,4693248.29825449,151940.49332026392,4515479.789180307
-239530.83176635578,-1732752.8590959907,-167229.12646745145,-2139512.817329798
-791222.4819650967,-13003052.210173368,-683152.0218722075,-14477426.714010673
47675.95447380096,-1774926.0576214492,623304.5902415365,-1103945.5129061118
99260.7195050437,3130787.704448998,293683.5513469875,3523731.975301029
-695488.8522605412,865413.6219500899,-74124.3440040052,95800.42568554357
234425.9869014658,-6712973.958413124,45576.92759555578,-6432971.0439161025
569877.7914924305,-12289727.977503538,310387.189284876,-11409462.996726232
-494459.84651372395,1471722.7610524297,-325661.7355368361,651601.1790018696
-2119827.382319621,-6300324.452644348,-1275743.3800466955,-9695895.215010665
-578908.4503478035,-1349345.0690318942,825920.8116710037,-1102332.707708694
41753.15603376739,8283549.720349312,396910.2074184865,8722213.083801566
40980.22166408226,-5217339.196295023,-165290.6072421223,-5341649.581873063
208530.519547401,4577179.542498827,-228789.8184313774,4556920.243614851
-128158.86687803641,3120558.756822288,-29681.79778292775,2962718.092161324
-88816.30401375704,2726252.306829095,-606668.7044980079,2030767.29831733
-163445.68801038899,1530148.3969900608,-21175.423106737435,1345527.2858729344
271695.5211186819,4908105.314821303,-612212.0408224985,4567588.795117486
412070.2535883747,-1655879.3830150962,76184.57804751396,-1167624.5513792075
-118807.10811884515,-1145565.0791266859,72992.32739640772,-1191379.8598491233
70856.87165070884,-11557807.919480413,-472773.607754454,-11959724.655584158
-369792.3654868975,9653405.043944836,-346219.39284767956,8937393.285610259
-27649.970189742744,748141.3477438986,65321.964163661,785813.3417178169
-206568.68258917145,37050.80166774988,-750090.6124318391,-919608.4933532607
-571232.2070432696,-3705831.6746537685,-1144578.564079225,-5421642.445776263
157802.03103983402,955682.672367096,-326965.4529963508,786519.2504105791
231994.13544022292,4895653.751149893,-737379.677635029,4390268.208955087
262395.26604980044,8512060.474669695,414011.43297526985,9188467.173694765
-1119658.6401146036,495671.7033470273,-1426500.849734947,-2050487.7865025233
-287107.37704640813,8423656.513358057,376471.68923844397,8513020.825550092
-309876.25970127434,9279853.098932028,-95173.9809877947,8874802.858242959
-766451.5522349682,3902445.9538064003,-249325.49783023447,2886668.9037411977
-197005.2109074965,-2069641.7462659478,266505.6237834692,-2000141.3333899751
64302.80170409009,4639685.353145719,-371955.7454684675,4332032.409381341
-726568.1134479791,7080337.413455367,-586945.1806060895,5766824.119401298
20485.453912403435,3487456.7924644053,327451.7314798236,3835393.9778566323
-223041.38420532085,-8215483.511654943,219086.56019100547,-8219438.335669259
594439.6529097613,-5322138.566004157,13080.19859649241,-4714618.714497903
182851.2228091061,-5779064.7055823505,-25827.593295015395,-5622041.07606826
225617.96998119727,4666315.361884654,-1608777.6182692572,3283155.7135965936
-352445.752416566,-5018464.065185487,-44360.07853836566,-5415269.896140419
330696.71218676865,500743.42928791046,-799004.0905635655,32436.05091111362
1017772.543686077,458822.5942442119,593058.2564627901,2069653.394393079
-14774.522891733795,11731073.350517571,334031.2791991234,12050330.10682496
-135127.41885574162,-520341.5608304739,-146233.44276013225,-801702.4224463478
-774340.9123726543,3040387.9382211864,-279402.16261173785,1986644.8632367942
251749.43683101982,3381185.4436484575,448328.0313802436,4081262.911859721
17792.813425723463,-1847078.132849425,-795582.4453053176,-2624867.7647290193
37184.96305315755,4270119.997985482,258834.1898568347,4566139.1508954745
81934.60892684385,427021.28520309925,91759.24179941416,600715.1359293573
-128936.31505005993,10800716.020355582,-81529.71329431236,10590249.99201121
24946.766265850514,285230.9406386018,-348227.4284168035,-38049.721512351185
311301.01997624524,-4063510.793473065,-237726.64808683842,-3989936.421583658
4218.523702125996,3440540.021902591,-737124.7715062201,2707633.774098497
329278.59314762615,-3069708.0117590427,624213.0001662299,-2116216.4184451867
279811.0315554291,5163469.681824982,-140680.79663886875,5302599.9167415425
4158.225081982091,-1111218.3937077522,117421.91991437227,-989638.2487113979
-640497.9654347058,90830.71964073181,-1118087.1634790897,-1667754.4092730638
334334.5380884595,8068941.778190315,412571.0907393247,8815847.407018099
-197267.54010528512,-3731727.1308635473,326889.303215459,-3602105.3677533735
250115.95179989748,-2022428.0388695002,451533.16620080173,-1320778.920868801
102732.13621518947,-1424346.0070160031,197443.9424625039,-1124169.9283383097
-586167.000940185,-3451118.2242636383,520743.7286574766,-3516541.4965463467
137617.17961059883,-5955706.196828812,928063.6888113096,-4890025.328406904
-283076.1007605791,-1068832.8543732762,-323886.9907237664,-1675795.9458576217
826.122588802129,-10559223.184503049,611457.5468223393,-9946939.515091907
-318394.15567403845,-3588517.2165493965,-1182875.9549223483,-5089787.327145783
180464.92093648762,5162134.3378480375,-179111.70156498253,5163487.557219543
253923.5142402295,-770490.5881027579,898.8726738989353,-515668.2011886295
-165566.21901532263,3053445.345947206,-156336.03923232108,2731543.0876995623
164278.46797856875,7288729.23684448,-1097123.6232118309,6355884.081611218
572245.9731508475,-12079311.802693486,-83524.22671082616,-11590590.056253465
-610008.1307974122,-6944572.585855842,-409197.2496905625,-7963777.966343816
256020.50430165976,-433942.5351779163,85417.24562835693,-92504.78524789959
516764.04726791754,-3896966.868053913,546784.3017640859,-2833418.5190219097
270498.7125340104,5395746.126184404,40400.42497112602,5706645.26368954
287705.73015414923,6712478.192357659,-915307.8996084854,6084876.022903323
-974272.5520825014,10833509.26304254,-565139.9632077217,9294096.747752316
-677416.7863653246,9857736.768906683,-664245.553617686,8516074.428923672
-318234.77514880523,-5321357.123049736,74661.05108966678,-5564930.8471088745
-426644.79884060286,-11456941.843610525,-844366.7242332399,-12727953.366684368
132933.96818131953,-2813602.146870613,-111164.260801889,-2791832.4394911826
580024.7953099012,7549048.417192638,6618.472988024354,8135691.6854905635
-424481.2825696729,-196127.54570159316,419300.5529583916,-201308.27531287447
-566193.0591657367,5949682.195222795,-1331387.7493950874,4052101.386661971
274276.25915600173,-4096385.479485333,1138574.6105246767,-2683534.6098046545
-337717.7634221893,-398968.7746796012,-405684.7540194094,-1142371.2921212
-537650.1008482203,-626342.841143012,-9402.414371162653,-1173395.356362395
204925.47886759974,1939886.4455624819,126764.11559517682,2271576.0400252584
-650914.7730775457,-4781780.491075933,124078.45020270348,-5308616.813950775
202845.64843328297,7537718.93067953,-427035.87283459306,7313528.70627822
-361921.83139019646,3269490.5683652163,-985111.2456400394,1922457.4913349804
-33045.436654945835,-1609297.4719498754,-184985.7938426435,-1827328.7024474647
-28009.41611592844,6960521.109154165,-331494.29901485145,6601017.394023385
-552434.3226201888,1091628.195129633,-202499.7351627797,336694.13734666444
-294266.8223966975,-12820345.564965904,47432.735287219286,-13067179.652075382
-377044.25269217044,-3255597.4233796597,-436240.752709195,-4068882.428781025
96513.1470469106,2647897.056371331,-449489.8224936053,2294920.3809246365
-352130.29340130277,-1926117.5320279598,-629116.3069796562,-2907364.132408919
-122310.44302831218,8908035.7549268,-316515.3572410047,8469209.954657484
101872.52943494171,1612480.196252346,559344.9273581058,2273697.6530453935
91492.58131996356,1068929.9135724604,619344.8215626031,1779767.316455027
-436018.51179143414,377987.871768713,-128836.1654534936,-186866.80547621474
819439.134012416,-3210080.0815207064,303620.18107795715,-2087020.7664303333
63845.13194395974,2755417.2733046412,-417898.84355019033,2401363.5616984107
-553387.1282148734,-3007006.61821121,-641154.5407158509,-4201548.287141934
-658484.9518512152,-3922891.1958462,378193.20179156214,-4203182.945905853
170568.0732360743,2161153.8622041345,-63199.59288047999,2268522.342559729
-73117.05391088873,-5882215.22640717,11518.165014721453,-5943814.115303338
-783100.0780012645,8434564.35393262,549396.4519316703,8200860.727863025
652929.8692362662,-7254058.895401508,-290529.51088418067,-6891658.537049422
-925889.9152350482,-13021877.779727697,-736117.489550665,-14683885.18451341
-233716.81429488398,-12639299.95091182,-560365.3359153569,-13433382.10112206
725497.1246300116,8130756.478488445,-1187506.3114741445,7668747.291644312
-214684.02647878788,-7289571.750416756,192173.3171029985,-7312082.459792545
-238900.22156229243,541979.1375893354,558657.0323654115,861735.9483924545
-69274.10801490955,-5030066.790264577,-673837.8303314149,-5773178.728610901
-575200.841557987,1401710.813614428,-122935.13695305586,703574.8351033852
-597763.8652803954,-8386166.763630152,-65823.51684446633,-9049754.145755013
-382056.7418049183,-13656684.243055284,-410369.92433334887,-14449110.909193551
253693.8804541044,-17630090.596665084,541531.9275821894,-16834864.78862879
-540672.3322748598,-7699139.44207266,-147169.95643495768,-8386981.730782477
338272.266640123,82363.42448782921,-126823.87867981195,293811.81244814023
393904.54840966687,6309323.390581012,-157835.5135741681,6545392.425416511
450435.47593462653,8175086.712004572,-575016.1539004743,8050506.034038724
49781.13895696029,-2082365.7256145477,-248347.73751922697,-2280932.3241768144
-120335.38937287591,-2606889.339314133,-26194.12072096765,-2753418.8494079765
645046.0793685839,3043179.317955196,-293109.47705780715,3395115.9202659726
-575775.7757679373,-502004.7020677328,-680387.9070537686,-1758168.3848894387
-208403.886266876,10641752.318672836,-256412.15557012707,10176936.276835833
-353053.45363435335,-7599542.600205988,-458655.9386786744,-8411251.992519015
378539.21665470116,-7131747.905249685,93567.08497439325,-6659641.603620591
888393.6523373034,-1040800.3539942205,-33654.201336719096,-186060.9029936362
95890.34071247093,-1643045.9627130032,-530586.623952359,-2077742.2459528912
-23145.2286452502,8503253.797966003,-337497.4139607847,8142611.155359969
-258511.71519593894,4782578.0035889745,-408824.0347427875,4115242.253650248
395187.46859622,294037.2832657993,527138.1924696192,1216362.9443316385
309286.6444980018,2540371.2970073223,-284215.7943875268,2565442.1471177973
206086.10552699678,1334673.6146846116,-684453.3593032882,856306.3609083202
33535.290962617844,-2924352.030805886,217263.3204922676,-2673553.4193510003
-304733.9827370271,-4390984.574426889,-1000632.6365065128,-5696351.193670429
-240692.60596727766,908340.0602451861,-747352.2868690491,-79704.83259114064
-391007.1850783676,-11001829.228745788,-1389023.6393976212,-12781860.053221777
-868144.698016353,-10332551.983492255,-631591.8499985188,-11832288.531507127
208628.81708302908,-10237250.466199994,57318.47445476055,-9971303.174662204
187096.12998396158,-9326680.989756703,285164.7564249486,-8854420.103347793
223744.31756255962,7486774.437042117,266373.4292691797,7976892.183873856
-18598.54095684737,-852812.1792209446,-139952.4643138945,-1011363.1844916865
-182655.38789643906,-10114684.100898027,-68341.61515562236,-10365681.103950089
-92337.88523848355,11099168.56251192,-66154.71581927687,10940675.96145416
-162969.82782566547,-9739692.380574763,-256693.65769666433,-10159355.866097093
7894.000210683793,-886336.4512649179,-335887.18751749396,-1214329.638571728
66853.85464501753,644972.6030188799,-449626.8310342878,262199.6266296096
311350.86341713555,-2956853.3001321554,-35523.40689583123,-2681025.843610851
-462279.88765001483,4959621.355194271,-237468.91702686995,4259872.550517386
300690.30647458136,-10787654.934512943,-185665.69164859504,-10672630.319686957
-608682.0718360264,4944564.866159856,-747449.6980778128,3588433.096246017
237209.38260735944,-4036590.5931198597,332566.0231532678,-3466815.1873592325
-2102.907821269706,996001.1800846457,-195533.57830382884,798364.6939595472
80371.3242037911,2964100.503708899,96306.02807559818,3140777.8559882883
-933389.7154374402,1348877.4461244345,-1136210.7994957864,-720723.0688087922
275551.94151733816,58054.16611304879,-456319.84421107173,-122713.73658068478
60476.873374439776,1561295.9489937425,-426598.71750603616,1195174.104862146
-345842.552066898,-1917319.855405271,-185492.16909023374,-2448654.576562403
-201593.11409337074,1405062.568804562,-512727.0351222679,690742.4195889235
33457.39832049981,-1705760.7691909373,-135079.46788685024,-1807382.8387572877
-8304.819061940536,-122153.04501405358,404785.54807715863,274327.6840011645
-479157.04243835434,1484420.8028939962,-625561.6457652301,379702.11469041184
110521.4059637636,6836529.8603390455,-114850.88059738278,6832200.385705426
-207943.76403549872,1938916.6099304557,-170219.3254376948,1560753.5204572622
-1042867.0591138862,-5392555.921343386,-549292.6529452801,-6984715.633402552
-783020.8698936868,1093417.9668316543,-399095.7832149416,-88698.68627697416
970332.7017825544,7762138.083864391,-83733.50359301269,8648737.282053933
228692.0557902772,2834684.0535932183,-1303937.0352671444,1759439.074116351
619191.7647523321,6973506.618926823,-221326.70051334053,7371371.683165815
-196959.00039362162,-204283.16014045477,-619629.1137911975,-1020871.2743252739
-387765.834204372,-3280475.332263291,-588945.3279800788,-4257186.494447742
-385376.7274097074,3216117.9458239675,294770.2952998206,3125511.5137140807
-8456.960507491603,611053.0150356889,612693.2798561081,1215289.3343843054
-255690.98834361136,-4197272.128368139,552537.786129579,-3900425.3305821717
-191589.32099497877,-5699895.538224399,-868438.0597258732,-6759922.918945251
-61984.51189871505,5231114.385469675,-230497.5713371411,4938632.302233819
-239964.12934372947,9005555.673448026,149572.83953277022,8915164.383637067
110520.12515264936,-5070904.5637393,239444.22432167828,-4720940.214264972
484928.20860088244,280586.1528047323,475234.91287156194,1240749.2742771767
-651394.7284231596,-2855868.222389847,-4862.919593684375,-3512125.870406691
-328618.2652628198,-3101273.8302249312,-784600.6570800096,-4214492.752567761
-183927.09176716395,5000785.614933848,124789.54937532544,4941648.07254201
205661.07660193555,-3916760.496686548,698021.2073923498,-3013078.2126922626
199195.2648285143,11835110.153096676,-1080985.1845084503,10953320.23341674
-502997.6259829495,6412691.308377326,-1724806.9501292706,4184886.7322651055
207852.76562105305,1605087.860305667,-35911.829332351685,1777028.7965943683
-222944.71287404932,-3806297.907766223,-476773.65725106746,-4506016.27789134
48238.346621153876,3268133.9136298,657090.3875603229,3973462.647811277
-509329.1046619769,-2319869.424890876,-480632.33966994286,-3309830.8692227956
-1027037.1388823353,5697550.017452359,-78129.75136802346,4592383.1272020005
401233.544940887,-2033672.8476569057,-380244.90555536,-2012684.2082713787
455509.0804492589,9827758.027580738,-163295.06198318303,10119972.046046814
978723.7586753871,-1584215.5531211197,1398586.6907345504,793094.8962888177
-441313.0515316501,5173379.591728449,155302.83869042993,4887369.378887229
253064.0040464308,-578430.5409843624,-53798.60366798937,-379165.1406059209
285323.9365392886,-6407809.670019329,-162115.18261928856,-6284600.916099329
-750801.9974539131,4908069.889547348,-341145.72528360784,3816122.166809827
263114.8865457084,966368.3659139276,102776.20367619395,1332259.45613583
-218481.7159210369,1004533.1589915156,445127.58390416205,1231179.0269746408
-231339.177882988,705868.2025994062,383253.2684792578,857782.2931956761
-555572.0755733587,5173664.6475869715,-238236.673839055,4379855.898174558
-271678.6168450508,1141512.0113817453,134896.25682549924,1004729.6513621937
459634.03877313435,-1435089.51524961,175554.34142625332,-799901.1350502223
-26684.228587917984,-2551919.5584636927,-225915.9922748059,-2804519.7793264166
187157.89770825766,1094309.1485529244,240121.34114473313,1521588.3874059152
76017.33762043342,-3010774.384959221,-310074.7905990109,-3244831.8379377984
482223.5476511456,-5824489.718419611,12232.410095199943,-5330033.760673266
702878.8680321742,3624736.241640419,228450.04586310685,4556065.1555357
17152.186958812177,3177548.9433382154,163331.16914177686,3358032.2994388044
-145436.44176878408,-7898915.383387387,260376.2416503802,-7783975.583505791
631492.9556130264,-1588690.5947085023,-63300.635242924094,-1020498.2743384
178425.5388248358,-1130479.984191835,-72931.31285747886,-1024985.758224478
-351883.42531790957,-16830966.094646275,316773.8033272326,-16866075.716636952
-297181.52381697483,-2509787.3044855297,-392618.3509436399,-3199587.1792461444
-210629.0886511691,8035293.280179262,146619.4680466801,7971283.659574773
200804.77255762368,2682326.003082216,31737.91361503303,2914868.6892548725
304902.3782417588,-6976978.01033023,1203170.661745347,-5468904.970343124
-85025.05321765319,-349448.30615872145,-627879.217519179,-1062352.5768955536
-180195.15722695924,-9419043.782025397,-83111.1653771326,-9682350.104629489
-54651.72656585835,-5316101.135049462,14339.94212988019,-5356412.9194854405
-876053.9913394693,5358416.076476395,-361605.44992634654,4120756.6352105793
136241.7697806973,6289379.696526647,352167.8500599414,6777789.316367285
405701.0086558517,-1580688.1953017712,319265.0594533235,-855722.127192596
-217425.04288934544,12563988.710646868,-488206.4653121829,11858357.20244534
206964.82708582096,-5043863.880248696,400695.93698729575,-4436203.116175579
-306699.7576315701,6571596.681051731,-120934.87383314967,6143962.049587011
569891.4684106,-2700089.207750708,-788264.1142070591,-2918461.853547167
-182985.48011047766,-1801148.6312280297,-811683.2874947339,-2795817.3988332413
670610.0458723344,-9815485.611417204,313336.30804472417,-8831539.257500146
-290538.4647494368,724142.5390157104,-572854.8692324609,-139250.79496618733
399577.94263697416,-6617377.260565281,1107093.2620427236,-5110706.055885583
69010.93433363363,4837726.49629721,-45619.60591862351,4861117.824712221
834820.4477722049,11852339.64708662,-996574.2176440582,11690585.877214767
405462.11178811826,-5227448.786352396,305751.1324390918,-4516235.542125186
224155.5095031783,-2820350.657750368,253516.82812509686,-2342678.320122093
111291.25182519667,-6763603.142665029,71551.61358230561,-6580760.277257526
-45518.19938798994,-6334568.451506317,253616.2610841766,-6126470.38981013
-536362.9390246626,1264551.4693026543,-103681.80530846119,624506.7249695305
350560.3068670593,11028733.700715303,-449904.6704428494,10929389.337139513
-144125.45983296633,11045482.278517604,-709592.815871805,10191764.002812833
-345683.8004489541,3913650.5558112264,265689.39801133424,3833656.1533736065
608839.2068149466,-4834996.4683305025,-586210.4942095056,-4812367.7557250615
-112478.10849567689,-638640.2585228086,-698887.9475742877,-1450006.314592773
198419.97296363488,10697756.896894962,-54548.903731018305,10841627.966127578
-183302.65584764816,-3297480.2554083765,-1557147.3398401886,-5037930.251096213
49504.05828726664,7503714.732509851,19094.546666286886,7572313.337463405
-602852.9298843704,7447583.955150008,-341348.75407245755,6503382.27119318
130146.08147152513,91932.53331035376,46252.929914191365,268331.54469607025
423477.729549326,-2614752.7854466736,822368.372773096,-1368906.6831242517
-793810.8633626327,-1590304.271927148,-729341.151290834,-3113456.2865806147
-382495.624581011,-1827373.8923792243,-528884.8204173967,-2738754.337377632
-667028.8783808891,-6019995.365671903,-143711.8455759287,-6830736.089628721
-667761.9916839525,872324.2386123538,-792251.5393681675,-587689.2924397662
81654.82598623633,4418522.7635034025,-303758.33676825464,4196419.252721384
32278.759022044018,-1576491.2266935408,-445459.3761111051,-1989671.8437826019
-117533.48101814464,2232771.3406248093,-960437.1733996272,1154800.6862070374
-604602.0314513855,2350397.9297558963,-908370.9728443921,837424.9254601188
-49497.08387309313,-9352610.908552468,-23685.561268374324,-9425793.553693935
-25117.29287550226,1870152.8905947804,-908249.383448571,936786.2142707072
226691.69935871474,-6929245.73821792,-567470.6071205735,-7270024.645979779
482780.765141679,-1477205.2740434408,495113.47353073955,-499311.0353710223
855096.8403546307,-12361715.543093711,546813.3666074127,-10959805.336131668
89573.73731389828,-4513310.708262205,-1043720.6178881228,-5467457.58883643
-6530.36351211369,15571026.643409312,671061.2054095715,16235557.48530677
-129305.58793383092,-355220.87549233437,221767.45736512542,-262759.00606103987
30726.32985828817,-1207366.6974923313,162612.8996445611,-1014027.467989482
-103383.03177983314,-10855988.444307625,404185.12471690774,-10555186.35137055
106163.9775773827,-3230916.4420671463,-140271.3960025087,-3265023.8604922723
-234922.99483589455,-129670.39754533768,180388.53227618337,-184204.86010504887
360888.65175247565,673625.704536736,477712.5630095601,1512226.9192987718
482037.23032213,3187691.83345145,-360828.7250856012,3308900.3386879787
-323380.97022079304,6872060.872209251,-39644.000452399254,6509035.901536059
-188725.4555220008,4082120.297734916,-265553.8466284126,3627840.995584503
-668857.407549981,-1509238.0380080342,-997290.2230383158,-3175385.668596331
-449056.9269840028,4791824.949382961,-414214.4707106054,3928553.5516883526
-284753.57649094984,-620259.0990048051,-663683.7169449776,-1568696.3924407326
333297.43134861253,-7529484.828260034,595679.2391454652,-6600508.157765957
600538.9803186618,-9034204.144296348,53433.51667281985,-8380231.647304866
25717.36777317524,-2793815.7126484513,519019.10621377826,-2249079.238661498
384217.74944730476,-1051490.0206848383,135444.844745256,-531827.4264922775
-349619.69400350936,13569329.107260346,-479229.9781471044,12740479.435109733
-343490.52254393324,1827844.3867974877,42172.37397348881,1526526.2382270433
-714655.7686124798,8434346.93800515,-867991.6929219738,6851699.476470696
872579.6340785567,1238222.8186113238,1051174.825040497,3161977.2777303774
284301.0758541804,9590073.842124134,728465.7052642107,10602840.623242525
238004.52818655223,-3312374.3832651377,411411.4918772206,-2662958.363201365
-618984.2671337221,-618479.5598404408,-206438.8941476792,-1443902.721121842
-155810.4679723326,1024321.7052359581,-205548.96919571608,662962.2680679094
865937.3503480703,-4416136.12101537,1039861.2330912948,-2510337.537576005
191731.87724676356,-5375314.129593551,-991953.8274337053,-6175536.079780493
243275.52004562505,3031691.2238776684,-364727.89969367534,2910238.844229618
-93062.98435672,3728507.7733748853,-748339.8350499347,2887104.9539682306
25151.59173821658,1461702.3713682294,545769.3753563464,2032623.3384627923
59863.798537347466,7291501.884081721,238.08554957062006,7351603.768168639
383502.22412887216,-6766362.298746556,981706.4123500735,-5401153.66226761
230184.52945429087,-1323153.4236424267,-252150.46763503551,-1345119.3618231714
-163585.73526561633,-7954348.428281903,301990.68645717204,-7815943.477090348
274718.0447895378,4992645.92715618,-723492.4406764209,4543871.531269297
84240.80654492229,-470772.13802564144,-406122.48414607346,-792653.8156267926
58300.98768864013,-720071.797883153,-675609.820530884,-1337380.6307253968
-231889.51285252906,-10844454.2272062,-252143.36530664563,-11328487.105365375
963431.6114312969,-656262.0100964904,1562311.280939266,1869480.8822740726
61328.75799856149,3363348.0226539075,-199444.7886773795,3225231.9919750895
-559871.541860722,4226349.173427582,-236858.212150909,3429619.419415951
-443386.1370432917,-6817522.319426596,-1116996.5342632458,-8377904.990733134
488708.5198922362,-138808.04003292322,-322397.15391048044,27503.325948832557
8197.120795326307,-6262575.511464,-197450.1032165438,-6451828.493885217
-1134725.9590463825,-4311420.732017815,-534967.9452821761,-5981114.636346374
115118.58658087067,3348135.9274452925,753398.5453133062,4216653.059339469
187367.40562500805,-6855056.949500501,745068.3456462473,-5922621.198229246
-406811.81322579086,5113073.5607767105,-301242.7262120843,4405019.021338835
-71618.12044652551,-3301767.588922739,129137.50452589989,-3244248.2048433647
658108.4390612133,-406241.17824292183,575092.9243034348,826960.1851217262
749214.677226767,7158485.801118612,980904.1127200946,8888604.591065474
-109020.86376337335,-2916255.9899756312,-424782.7873440087,-3450059.6410830133
204357.84595514275,2630939.9838123024,34014.81721126288,2869312.646978708
961080.3351398632,-7429977.295719445,1266688.861395225,-5202208.099184357
-131784.06894904748,-2444699.4922758043,-793787.1318118498,-3370270.6930367015
277417.3379406668,-1871750.515399754,290430.00673458725,-1303903.1707245
-9347.123994987458,-2238768.415364921,-141659.60538884997,-2389775.1447487585
373188.3320104573,-2135908.8271407485,724484.4389600307,-1038236.0561702605
-387247.14575853385,-5470345.445851713,-546004.4366375506,-6403597.028247798
-444677.89223420806,12537907.047676861,-184353.6313516572,11908875.524090996
-319064.37506668456,-8919443.326984644,764436.6523961127,-8474071.049655216
211311.06516833417,-2977882.570107341,-300113.7565980926,-3066685.2615370993
27379.437247838825,8397422.715662003,-674431.132288985,7750371.020620856
-558196.1717645228,12162620.212551206,-18794.57699572295,11585629.46379096
32122.049322592095,-6659502.086952299,942236.6693688333,-5685143.3682608735
704889.9148926325,4884696.711428344,398738.8229306042,5988325.449251581
463983.7561711855,231012.69882529974,823160.2515066192,1518156.7065031044
826495.7731847465,2358982.3005645275,756621.5231077597,3942099.5968570337
241449.60329505056,-1510123.4944098592,637396.2077655643,-631277.6833492443
-166090.77165067382,7181022.015695512,397178.66541549563,7412109.909460334
187678.65850586817,-7663047.689746827,-149757.83439890295,-7625126.865639862
183681.13026181422,12907634.405676067,-554168.6263234317,12537146.90961445
184713.64453843795,892079.6309335232,-212457.0186311677,864336.2568407934
-9055.596586449072,-2877865.7401528955,440610.62952025235,-2446310.707219092
348428.55397886224,9991443.846118957,406315.0244549364,10746187.424552755
-101669.83639496006,-1807587.0231562257,-902533.2591865212,-2811790.118737707
-188714.56094634347,-4899483.738286704,211532.93892802298,-4876665.360305024
-196725.93733727932,3957095.4373678565,974090.399781391,4734459.899811968
-331550.62757077627,-4243064.094237924,183784.96633841097,-4390829.755470289
-432131.1687898785,6511215.324649423,-666158.9645553827,5412925.191304162
-147714.2297995519,-8411818.63962704,-328173.46521595865,-8887706.33464255
-343187.65263518505,-8950957.886812419,385298.82659769803,-8908846.712849906
127534.44031568617,5776285.410713732,-952475.4100349694,4951344.440994449
-62357.852308399975,-3155210.8462798893,-620875.217590794,-3838443.9161790833
38243.29955295473,2614899.5638177395,112753.90722664446,2765896.7705973387
469901.50923777185,5871734.439393163,321806.53665787727,6663442.485288812
411715.35514235124,709581.3999448419,-286486.720114626,834810.0349725671
369574.43005652167,2100432.2423374057,-490835.1649720967,1979171.5074218307
586683.1485564131,4559227.543250203,267463.03832077235,5413373.730127389
186653.20194090344,-2140336.5931982994,-648070.4868144616,-2601753.8780718576
458135.3191024177,6544839.774252713,-587931.2977192104,6415043.79563592
472972.9285184741,581347.9152913392,-373827.28534276783,680493.5584670454
-425580.2411007136,4919010.42395246,5165.976047262549,4498596.158899009
429323.0677370671,-1866036.4879745245,243513.66960950196,-1193199.7506279554
-106161.6213939935,-9928665.100842118,1057298.6468538418,-8977528.07538227
-893742.1699571069,13221551.447591543,-612505.4684843346,11715303.809150102
274832.6786135826,-572370.3782120049,-217836.0940277949,-515373.7936262172
-432606.81066258624,2306690.6691254973,-1030022.4468308389,844061.4116320722
-336148.12837843597,-581690.4114242494,412522.35970220715,-505316.18010047823
52591.80174144544,-8462204.290616572,-872951.7637851983,-9282564.252660325
-479484.9381988384,248802.2103049159,553084.9816000611,322402.2537061386
-129799.69049088284,1558669.2475762963,706459.1335901618,2135328.6906755753
-209457.36781307124,6305383.395544529,820996.4328752309,6916922.460606689
256692.67133769393,-1597115.16514197,-72384.3478884995,-1412806.8416927755
300985.634911038,2445774.1339591146,398134.7323163524,3144894.501186505
472528.5204181429,9651865.123210073,-730808.4216379076,9393585.221990308
-109925.35461243801,738962.4710326791,378923.504760772,1007960.6211810131
138469.36940003186,-2406713.960760653,-94129.5299481377,-2362374.121308759
619763.9184761513,-4371137.855485767,707063.7924938425,-3044310.1445157733
-871876.2325699348,15562268.625100791,-1711869.1341850385,12978523.258345818
855842.6407390945,-715097.9635552764,696339.6864470318,837084.3636308499
-490130.1870447174,3970022.4368880987,197064.92771230638,3676957.1775556877
-29241.59958946891,3920356.5528576374,-787706.358431451,3103408.5948367175
214884.82011037134,-12775477.066175252,68386.13920085877,-12492206.106864022
-137999.3761625979,-975423.4730244279,-499088.9696699828,-1612511.8188570086
-264473.94802943245,-728582.354380548,-489871.77078321576,-1482928.0731931962
354617.5320995748,-4682087.2982138395,978814.921264872,-3348654.844849393
-177144.6219179351,8105215.621889949,-75956.34587410837,7852114.654097905
93629.91108817048,-4354164.8779402375,-45263.040697827935,-4305798.007549895
-690627.5088450164,1979066.8669224977,-151129.48190180212,1137309.8761756793
-598488.8417510521,-3278506.7172011137,357560.73539131135,-3519434.8235608544
406233.1768817697,-764974.364630729,-505126.7347481027,-863867.922497062
189655.92819698714,6446938.027841449,-418447.50568802655,6218146.450350409
-84155.27371197008,2559877.974995494,-103472.3452688232,2372250.3560147006
7048.000132260844,6604239.168873996,423745.374080196,7035032.543086452
-17974.066147081554,-9817420.758375585,302447.07815431803,-9532947.746368349
344886.01038381644,-9076779.454666257,240573.50201016665,-8491319.942272274
-64826.10760952346,8261440.299303889,-567676.2203005776,7628937.971393788
-89877.22556933388,-2171503.963319242,-64649.6393212229,-2326030.828209799
-112170.8299189806,-6523760.908362329,-331599.21823527664,-6967530.956516586
-348531.02511380985,-9217411.583242774,10619.087485693395,-9555323.52087089
-369024.6543041095,2257714.6398304403,-571082.3679865748,1317607.617539756
-110239.82492618822,-6528252.811412632,-648771.4077338278,-7287264.0440726485
235698.32205355167,431529.6320461631,-165495.92052927613,501732.0335704386
845903.8270444218,7851902.227050871,485531.12203879654,9183337.176134089
367986.32720848545,139263.97421625257,995796.6039863452,1503046.9054110833
-39601.14251537062,-1767951.7618881464,-601104.0744875222,-2408656.9788910393
323885.8389469739,3398768.486924976,-89843.57061474025,3632810.7552572098
-157228.8496768307,-4673582.179731786,-1254257.0115315542,-6085068.040940171
-350096.83585621417,3340204.817932129,632336.5939877629,3622444.5760636777
232416.5150211025,-2035993.390144527,-800204.4695587158,-2603781.3446821403
-225810.9181149602,-668272.9869108498,-877995.8356404379,-1772079.740666248
159505.7818344906,5549980.711710751,-361840.8489507511,5347645.6445944905
-229792.02399120666,361796.1159951687,-93136.19181616604,38867.90018779598
-426367.61227495223,3040691.49340418,128688.1714116931,2743012.0525409207
-27280.35401167348,837901.5307480991,43549.974082276225,854171.1508187018
20641.883003167808,4772422.439030528,273785.42952135205,5066849.751555048
-351569.30609807745,6254072.851764321,224737.11479055882,6127240.660456803
-921857.6892840173,5301955.827803224,-1568534.6124781445,2811563.5260410625
564901.545676155,1759763.6978589892,-204249.76239518076,2120415.4811399635
-756054.3312783334,-7597368.66655463,-837407.7427140921,-9190830.740547055
-307479.14590578154,-3135345.3611966968,-235350.7284033522,-3678175.2355058305
-176453.44018589333,3692409.077275872,-942288.4644543976,2573667.1726355813
-620673.4190955013,1404167.7251334786,249791.10210579634,1033285.4081437737
-588030.069260072,2881599.879307449,-532313.7104715258,1761256.099575851
265647.41925420426,2431105.728846103,-124500.31022828817,2572252.837872019
548617.5745767187,1285870.693556726,503624.8122312501,2338113.080364695
-377667.63881581277,-3373087.759092033,122287.49355316162,-3628467.904354684
-170110.67357057706,-2031451.6820349693,-498545.0419277027,-2700107.397533249
-61249.49009991437,-39694.579748392105,722273.3854127526,621329.3155644462
774107.3885127436,-3342556.729759276,673291.5321867839,-1895157.8090597484
654340.3631212302,1304558.920433253,427968.50723297894,2386867.790787462
-438321.0119789224,3775534.179572016,268795.2280103788,3606008.3956034724
-416862.2524098903,-1009706.7189897299,-84570.06240893155,-1511139.0338085517
-544023.6126892734,-6732931.422816932,507128.72444309294,-6769826.311063113
211086.3596004434,5832763.828560829,-107099.97130073607,5936750.2168605365
-113656.23521316797,-1013473.595074892,405561.7836834416,-721568.0466046184
74674.62119658478,6371288.519297361,466522.6734347716,6912485.813928718
425927.10871119983,12394604.084308982,856880.7178400159,13677411.910860198
-159016.80762740038,1569819.703441888,88579.59297373891,1499382.4887882266
-51452.57149753906,-1613272.5963470936,138359.1905996278,-1526365.9772450048
-136248.56513734907,1278648.0582399964,60200.73152624071,1202600.224628888
294100.1166158691,1585081.5395088494,-6748.248913258314,1872433.4072114602
155302.46552474797,-8122955.031155825,363637.13229194283,-7604015.433339134
69429.81979805976,4882681.841738641,25902.183533012867,4978013.845069714
-439786.3038211893,3758314.032403618,-112219.6997159347,3206308.028866494
-495149.9368766546,-8012496.418526411,-585870.9855124131,-9093517.340915479
-88889.38169912994,4576527.3623918,-138183.03324106336,4349454.947451606
-328144.1317169685,502672.6986209154,-130930.54702244699,43598.01988149993
256177.51972683705,1931218.584991455,557849.704669483,2745245.809387775
-360031.8534958549,2346783.839598447,-515094.5575741455,1471657.4285284467
172355.012469057,4320832.495917678,1012224.3590673208,5505411.867454056
416287.0441979263,6638240.771254301,-134371.68313913792,6920156.132313089
300356.87705994956,-4309021.012177229,318048.81115560234,-3690615.323961677
-738177.0297550857,-4737297.572614431,-653268.959735468,-6128743.562104985
-942700.3928742707,9964000.471801102,-152038.48293132335,8869261.595995508
-339368.25023779273,-6878579.4179471135,-552541.5113250092,-7770489.179509915
-87517.06279624999,9645380.473467678,626051.5732623041,10183914.983933732
-147283.93229770847,-5270704.180105507,-87387.97025293112,-5505376.082656147
-118263.28410251625,-2473330.4422283173,-512880.84829607606,-3104474.5746269096
-970379.9202669486,968731.069699347,-64245.69185496122,-65894.54242256284
-84455.10989489593,-9864883.04162994,527881.4884217829,-9421456.663103053
-465196.88988105394,-4454496.291052401,-932476.520684585,-5852169.70161804
17137.975030299276,-1424544.5427838564,-165819.7712891698,-1573226.339042727
182026.7981513478,19655.49429398775,-515551.70571157336,-313869.4132662378
15509.162021756172,-4090181.34912014,-272570.3406938985,-4347242.527792282
397508.49268609285,8494835.895410419,31657.031514540315,8924001.419611052
-158456.63645139523,388401.2109799087,-378102.01370473206,-148157.43917621858
-290898.15635578707,-1827451.5280959606,-96702.95588546991,-2215052.6403372176
199283.1082949508,-10004694.272775948,-293634.6031254083,-10099045.767606406
-493162.9686796069,8397547.572204143,-286526.484371461,7617858.119153075
13766.301354046911,5250805.56586504,348103.7952211797,5612675.662440266
-756796.6676712409,8275639.82725358,-1140718.846737437,6378124.312844902
-302073.60339728,-2289492.8169730306,-592985.5084915906,-3184551.928861901
-862479.8377598077,2635075.08266896,-525796.0512553528,1246799.1936537996
290634.69155679643,2929198.4936683774,436362.0031729862,3656195.18839816
-349300.2332798708,5803044.227760345,-1153307.6893983185,4300436.305082155
-246916.07753314264,6784211.455630094,-249965.27741538733,6287330.100681564
-315271.9305613637,72949.0130277276,-291634.00991084427,-533956.9274444804
-618331.6974231023,-1535232.3124039173,44860.408627167344,-2108703.6011998523
-167693.3092876915,-3479015.8167574704,-486964.97575868666,-4133674.1018038485
-215892.75289850496,8547945.109053433,-502641.8767129183,7829410.47944201
-419579.7237973418,2538975.114212692,-624489.3232280165,1494906.0671873335
-45514.51408870891,-4927017.113777041,-650524.7817081288,-5623056.409573879
-902865.1230600793,-2616516.29194659,-324576.1851226613,-3843957.6001293305
-521248.86387209967,-417628.49101889133,-731571.7189563513,-1670449.0738473423
947112.5603000317,-2631535.663235426,602397.5803316087,-1082025.5226037856
-311717.10644843057,-3632889.891056478,217455.39867135882,-3727151.59883355
117077.32719521411,3032246.5279966295,-1977.4252729192376,3147346.4299189243
-200918.1115552131,3040122.8525764346,424866.2669157237,3264071.007936945
-684871.8291726373,1860220.4256994724,26424.55368809402,1201773.1502149291
-367230.57754795067,-7270230.06310904,-545785.2642307281,-8183245.904887719
698304.9759225827,2671578.1588391066,940667.9392720014,4310551.074033691
-524744.3650876582,5218806.26178658,-689827.0015252829,4004234.895173639
300846.24099405855,1730369.5452494025,-38362.17717272043,1992853.6090707406
4130.000843897462,-3063586.779442787,-1090186.3437004983,-4149643.122299388
-388950.0977061689,-3025245.245724201,-1319375.208729826,-4733570.552160196
256896.84404327907,-6251221.740325928,493076.9135401547,-5501247.982742494
-291057.5450482983,1005955.9757012725,-399738.6744571775,315159.75619579665
198013.8285743501,-2320487.6143732667,687923.0983539745,-1434550.687444942
-4606.709029886872,-8256005.520999432,58448.48650661856,-8202163.7435227
-313185.3996276166,-7005081.223675758,99572.65134044737,-7218693.971962927
771874.6028837599,-2566918.2420392036,503385.2454061508,-1291658.393749293
-311296.8991630338,-2397152.0326129794,401330.74541360885,-2307118.1863624044
724838.4099795856,4529844.162989914,-456311.66889570653,4798370.904073793
-853864.8144019134,-4397660.967878163,-104050.51555356383,-5355576.29783364
267052.53526197,148393.04543095827,-108479.8846296817,306965.6960632466
-485786.6684864368,1368669.2288662195,-377607.1517560631,505275.4086237196
-159859.06256763823,5161073.174455941,-1325761.3577501774,3675452.754138125
-42400.17419739626,3625673.0284324884,14811.138522349298,3598083.9927574415
-1171444.4532489534,-12172593.275957406,-1046650.4447695762,-14390688.173975935
-540687.9544542227,6367736.759029597,-442990.8606772125,5384057.943898162
-958143.905397106,434017.49399217963,-612254.2600880489,-1136380.6714929752
115629.53218365088,2988926.6731401086,-680364.6872100532,2424191.5181137063
-567957.9626488239,1031641.9836227298,-556916.0852079019,-93232.06423399597
112835.29116896354,4323359.944714934,-48299.90937195718,4387895.32651194
-266251.0003220495,-5630210.530477703,-65694.83195590973,-5962156.362755662
89563.58836902305,-4431688.609361172,101808.01979610324,-4240317.001196045
184178.05564534292,5539103.720511496,-6348.444116592407,5716933.332040247
-652440.3507575728,6199317.419045806,-951669.3256338537,4595207.742654379
-86790.35835559294,-5843298.636003315,110033.13097924739,-5820055.863379661
-422984.1814296674,-6063790.599448293,484498.38605737686,-6002276.394820584
676278.9024534058,9112278.637909532,-824606.1818079948,8963951.358554943
-603525.1626182012,-4911401.35271734,42201.86345940828,-5472724.651876133
24458.557070221752,-3966765.582982093,-232927.77930033207,-4175234.8052122034
-808046.6951764785,-536473.1402870417,187661.37806102633,-1156858.4574024938
-233915.9914195072,201677.98707693815,-692861.7091090456,-725099.7134516146
256978.61012064666,139352.25108116865,-73698.01824695617,322632.84295485914
89875.19177790545,-1891725.283900112,-620559.6880780682,-2422409.7802002747
40697.50694515742,-3356609.9786450565,52440.58168091625,-3263471.890018983
374840.7174508367,-2432361.4335609674,-60470.5659404546,-2117991.2820505854
-413632.8527003974,-12323108.142290473,-63108.23784998804,-12799849.232840858
-954715.4141226783,245575.09837400913,-576529.5107953548,-1285669.826544024
-74786.64613071643,-1968381.7684711814,399504.55148908496,-1643663.8631128129
259008.87816105224,-2240678.5837670565,-160419.06177471578,-2142088.76738072
-124730.85756538808,2931938.438857317,-336550.0325935781,2470657.548698351
433804.6935599819,-7746401.62503162,1595805.47291366,-5716791.458557978
534493.1548647489,-3251907.542200923,-395058.46308356524,-3112472.8504197393
450331.510141192,-1228951.7727266848,77585.58693033457,-701034.6756551582
-168284.1811714042,-6725910.661592931,-341309.152528882,-7235503.995293217
-394802.8237049617,9306186.521181017,849326.8281071484,9760710.525583204
-163017.01730259135,-5796576.712619394,394511.88259100914,-5565081.847330976
303132.41365808994,2744036.753837347,-68401.17681650072,2978767.9906789362
-466517.8453196883,2615139.4581258297,53575.42741666734,2202197.0402228087
482596.6351422593,2501409.676043302,512192.19849281013,3496198.5096783713
-92872.75337242335,-8958512.942269325,456054.3479400873,-8595331.347701661
161405.10696645267,3407510.374924034,-83604.4098008573,3485311.0720896292
526985.5749945976,-11888376.35665518,615300.6238304973,-10746090.157830086
507035.49478326365,-243492.19667822123,115032.31754373014,378575.61564877257
554700.0999278892,-7330228.805711508,487755.80255898833,-6287772.90322463
293542.542416919,7938032.422208428,73293.83903096616,8304868.803656314
256275.1386426054,3845084.366570413,-104923.29146763682,3996436.2137453817
164881.5886177644,6718454.107667804,225797.00705845654,7109132.703344025
-414553.673941331,5572472.068925917,125153.49658960104,5283071.891574187
-3830.7282146494836,4786234.179691732,-614353.8610582501,4168049.5904188324
273256.82637212425,-4092286.7717879117,195377.03983962536,-3623652.905576162
386373.5042444244,-3401730.6431957483,-462742.89150346816,-3478100.030454792
417842.82570112124,904811.6452956796,340056.0911549702,1662710.562151771
136834.7122668177,4156144.2348304987,97104.3557113558,4390083.302808672
-768001.5629376639,-5090117.2961883545,-349044.0888033062,-6207162.947929325
-293978.33707741275,15842009.495613813,-999396.4473009855,14548634.711235415
298303.9436898846,2242135.348921716,525325.9292449206,3065765.2218565214
-477297.2668662723,-3265172.9601136744,462196.2804140821,-3280273.9465658646
-261959.0747342147,7627520.710242927,-368430.01223792136,6997131.623270791
194767.39646738768,2067557.9402852654,1117721.464731209,3380046.801483862
64521.8985273093,-11986896.866099656,27999.628670156002,-11894375.33890219
58970.6940308474,-3949308.0046018064,-192243.06190367788,-4082580.372474637
-163755.52100329846,1070646.4900541902,-628797.4958210588,278093.47322983295
-565362.2857639417,3392115.5442601442,-514043.15505255014,2312710.1034436524
127101.24225349352,-8372594.098139703,906108.4781942815,-7339384.377691928
434200.96744007803,3983384.6524448395,-308387.25083321333,4109198.369051704
-121727.07882182673,-2943135.5204273164,122163.8317206353,-2942698.767528508
344841.3205069937,-840824.7902678251,-348324.80799689144,-844308.2777577229
-186224.2236292567,-2054388.8967138529,-1108418.8108502105,-3349031.93119332
-80295.49893067777,-5174821.618640125,79608.2350127846,-5175508.882558018
608264.8748094477,-3495922.706777334,330432.8772672117,-2557224.954700675
177580.34427524917,-9113372.204413772,-482381.00607441366,-9418172.866212936
-492394.3393890783,13120457.582376003,-387498.1866453588,12240565.056341566
287116.86104319245,1179096.6933712661,-83611.70811770856,1382601.84629675
-487192.729913136,-5555815.955889255,-723894.2936188057,-6766902.9794211965
24779.860366972163,238925.7142176032,137367.6263250634,401073.2009096388
-489480.5282243006,272018.44623988867,-2570.057022333145,-220032.13900674507
204583.8672644496,1631595.6878332496,-519587.23809636384,1316592.3170013353
970915.6611373443,-877066.7098284662,-240088.59799297154,-146239.6466840934
-671201.5863454603,4980864.86248821,-1126285.510115929,3183377.766026821
768741.4952997155,1074822.0052384734,490096.575605765,2333660.076143954
-218249.24885730445,6157553.680689216,-480000.8457861841,5459303.586045727
-366474.4355099723,5734701.42802006,1186567.9028592482,6554794.895369336
94734.7748764269,-339818.26603227854,-771813.562105827,-1016897.0532616787
501318.3967424445,1110522.8022620678,-8349.683456346393,1603491.515548166
146088.5960920658,2879546.579396993,-512794.8596086353,2512840.3158804234
-250001.97331139073,3438944.8058151007,-532517.786490269,2656425.046013441
-639605.0357060377,343168.72442534566,-902098.4891050756,-1198534.8003857676
-400158.2555927299,-2809288.970654875,-565805.3681048527,-3775252.5943524577
422483.3002782818,6920849.853232145,739941.4601531923,8083274.613663619
-948742.5094403066,-1513359.726001829,-1099300.5894476324,-3561402.824889768
277337.24305566214,3389849.9913437366,-632141.9764861614,3035045.2579132374
266489.95971312746,-431403.391056478,-472070.68188661337,-636984.1132299639
-156158.35053515993,8025543.62226069,149834.65512423217,8019219.926849762
381318.0971195623,-4371462.788250446,-147634.6925605312,-4137779.383691415
631247.5025566444,8525307.073941201,-426080.8666405305,8730473.709857315
611441.724609904,-1657191.686533749,-534495.9384270608,-1580245.900350906
-425768.3885403555,-5274815.869700521,1418082.057524614,-4282502.200716263
-289679.79189256206,-1088020.001731038,-1129937.9500579163,-2507637.7436815165
-561768.5879152864,4029359.139038086,-673210.7052305713,2794379.845892228
262105.63335589692,-396623.1432674229,-503947.4048675373,-638464.9147790633
-178592.74838292785,3216810.854186982,122224.97158776224,3160443.0773918163
-163839.4548599366,8803749.616208851,-464905.87367014587,8175004.287678769
-416073.03996025026,-1890797.6120091975,-1134099.5512127578,-3440970.2031822056
-863351.9341369551,1034254.1326210797,-262139.08374866098,-91236.88526453637
-153759.96454975568,3746884.205044985,-38518.371411040425,3554605.8690841887
-223114.71048244834,7362157.0004736185,-1247373.1051506624,5891669.184840508
-265400.42352607474,6904046.754629672,91680.49039366841,6730326.821497265
-507615.86989234015,-8037974.263133228,-241195.05877319723,-8786785.191798765
-470635.66460045986,4083948.433098018,-996330.6655650884,2616982.10293247
-79542.18123942986,-10529148.745684922,-727778.0797075555,-11336469.006631907
89616.85667789727,4885999.589541137,170001.2078468129,5145617.654065847
61554.46539056301,-9086997.44478321,25491.46473184973,-8999951.514660798
128481.81918372586,2405909.1253114343,546921.4364338964,3081312.3809290566
-771885.5014202576,-7390770.133218855,495311.6556811854,-7667343.978957927
-665172.419229405,3157200.344214499,-728965.0298733935,1763062.8951117005
885504.0246005002,4134108.1946436763,1992453.8835054114,7012066.102749588
592597.3239249643,-1830082.013239324,-1495913.3362064436,-2733398.0255208034
564956.0830940995,10518244.83682245,-394954.9959355816,10688245.923980968
-245717.60697759315,6721196.97622481,192979.30600869656,6668458.675255913
-175839.90081588924,2266292.0553848743,658712.4202811271,2749164.574850112
-354106.5726346765,-1248676.2537474334,-539001.0650265664,-2141783.8914086763
364649.9963587485,1074148.2503142953,-302458.0625471175,1136340.1841259263
302339.09036937356,-1701845.8186774254,-339961.0775690451,-1739467.805877097
227353.00690051354,-189349.34065681696,920340.6829909831,958344.3492346797
224319.76469493657,133941.3503833413,-922982.7880026847,-564721.6729244068
-42262.54300102033,2895134.858961642,-78910.56917652488,2773961.7467840966
-545768.0719521213,-752244.1542849541,-479045.1715248525,-1777057.397761928
-395198.6871861089,2352717.0393831134,-940569.0007897913,1016949.3514072131
571808.493560126,-1910294.4573238492,-339710.895604752,-1678196.8593684752
122175.6992663499,-94617.56016293168,559052.8094535172,586610.9485569354
61857.969644423574,318136.8216371536,-294603.51082244515,85391.28045913205
-465406.24825381115,-4129322.0900663137,-448543.4803150296,-5043271.8186351545
-532796.2359846048,13267623.525209755,-658886.9375065714,12075940.351718578
513679.09969351627,628721.600841701,-541754.3299696445,600646.3705655728
233743.44717945717,7430531.990534544,157106.9422328472,7821382.379946848
-524917.7101231478,-11498260.412756205,-940373.3688311279,-12963551.49171048
157230.63529282622,-7839941.520797998,234338.51908590645,-7448372.366419265
-127583.91822322458,-3520157.249900311,-363149.13282315433,-4010890.30094669
-1094890.3641102966,3666869.7859228253,290524.8082532212,2862504.23006575
-597206.4097340684,-5470328.246548295,-14135.908563129604,-6081670.564845493
-362334.0617414117,6461207.086107463,-29776.48259408772,6069096.541771963
389301.0847570244,2440718.261034012,237627.22996441275,3067646.575755449
169956.92413143627,4858501.3352018595,-280255.6054942608,4748202.653839035
19759.980049550533,3489358.352401197,160891.62329565734,3670009.955746405
-281261.69739344344,-771601.683146894,-288957.80404660106,-1341821.1845869385
301989.3987523429,1898334.437384069,22103.02475912869,2222426.8608955406
397796.45539213344,3345835.4827769995,-291379.19527507573,3452252.742894057
74318.7231554091,-7559959.165807247,-670834.0111134127,-8156474.453765251
-246220.02230765484,1259828.5859639049,-630665.5329133123,382943.0307429377
-37744.77977960743,-7160349.442186415,-180467.78745583445,-7378562.009421857
294950.7919651512,-2012149.0194180608,365506.8506265953,-1351691.3768263143
-196374.27241225727,-9822394.47334069,-1026091.9603609145,-11044860.706113862
121845.33809538,-28719.283773213625,-307994.4517862722,-214868.39746410586
-577466.5427886061,-2654999.5179572403,-142002.8432457745,-3374468.903991621
-737627.1485828888,5290055.224488616,-1671547.2022856027,2880880.8736201245
241743.5000562109,-364476.46269756556,212052.74582326412,89319.78318190947
771657.3833416868,-1220309.0653444529,-295671.6148972213,-744323.2968999874
123936.95153149776,1712065.123166263,-618254.7480056807,1217747.3266920801
849948.6653467026,6283721.065654308,608467.1683823541,7742136.899383364
347008.22780544497,-12467793.683732688,1157038.7700831667,-10963746.685844077
152492.6498065777,-2248170.1209845245,-414338.63245565444,-2510016.103633601
-86139.52145899273,3704004.156883657,-136174.344877325,3481690.2905473392
-937918.6075462643,580163.0714690685,-533550.8913952932,-891306.427472489
-101201.66148216277,-1311860.5550819635,-124709.83985061944,-1537772.0564147457
375298.968845943,2922493.556080818,521132.5391182676,3818925.0640450288
307027.7325178012,5883344.698972166,-632278.1220918298,5558094.309398137
-644015.4077966027,3793522.2918652296,641798.6929517537,3791305.5770203806
-182778.8822570648,3764527.816906601,109170.2201082632,3690919.1547577996
-119474.77440703101,5929881.874746054,250913.01373460144,6061320.114073625
-60727.89137121476,5322827.926581621,-839989.7062071115,4422110.329003295
147218.97626424953,6394158.509359837,573172.7104152292,7114550.196039315
-451803.02502019145,-362703.6224138737,-652897.4236333072,-1467404.0710673723
-246596.95544346608,-2206660.999102503,573963.3040218949,-1879294.6505240742
4666.3293122481555,-18522.833435714245,1229915.594353877,1216059.090230411
121099.98476523906,13442375.636912227,-334099.9862969965,13229375.63538047
99111.69648800604,10543088.240263283,1181355.3557291105,11823555.2924804
-85426.00298767164,-10579.731088757515,-588199.0452020615,-684204.7792784907
117194.22724907659,-7563369.467030942,102968.91133922338,-7343206.328442642
-207415.66249207407,1227883.8922362328,-785838.7709916905,234629.45875246823
183588.8395984713,-2241923.875498861,-693898.0518258959,-2752233.0877262857
844603.3888769634,-4025962.068907559,61260.506044887006,-3120098.1739857085
22391.788023777306,-1077718.095117867,-975491.7500040829,-2030818.0570981726
307271.6296682246,2718317.4507257044,580.0322024449706,3026169.112596374
-265397.32237469405,-6165499.331256211,503601.73538541794,-5927294.918245487
-416444.61517830007,-443196.13598430157,-194695.01018173248,-1054335.761344334
-12015.409085500985,322391.843770802,471499.96913122386,781876.4038165249
449422.1997527871,-2469802.2655766606,131877.2618610263,-1888502.8039628472
-196182.14057129063,10128954.243853033,-141646.16208295524,9791125.941198787
857061.9457276501,3989065.5911747515,-947209.6998021677,3898917.837100234
434727.8646675013,-1434678.7953227162,176628.55320477486,-823322.3774504401
-220909.130642822,-4561876.530978501,124503.67618729919,-4658281.985434024
652703.8766440619,-3776921.6602000594,731380.5256458446,-2392837.257910153
817287.8550620638,915003.2906915247,849661.0286621675,2581952.174415756
51427.00979784131,-7092317.427854061,-697113.5433718786,-7738003.961428098
-166681.2610184215,3729032.58574605,741441.9759741127,4303793.300701741
306585.4641897809,-345214.78419819474,116946.96290169656,78317.6428932827
245477.53464554437,-7189738.692771941,998014.3560836092,-5946246.802042788
445668.714193169,7267607.085581362,-508448.5013608709,7204827.29841366
19331.393923157826,-5308002.919294924,-447433.0046857223,-5736104.530057488
172531.45051872544,1268794.9569736123,367860.59754760563,1809187.0050399434
701675.9286603965,-3744876.418717563,602195.7694310471,-2441004.7206261195
-442869.5692049768,-1861166.276902467,-1220046.9343129545,-3524082.7804203983
122048.56897129305,9048153.007193565,117925.39255216718,9288126.968717026
-827993.7430337481,1171456.080729574,628722.19170665,972184.5294024758
-26785.57407017611,10085765.314706624,194901.62743831426,10253881.368074762
679366.5639577322,2260327.678106904,169047.13362357765,3108741.375688214
605932.3971877582,-2586871.6142338812,699713.0091222674,-1281226.2079238556
100878.13951726258,9553886.903354168,-1246120.8551426828,8408644.187728748
-518029.8636836428,-703090.5173960924,-162580.06718152016,-1383700.4482612554
127448.27758658491,970804.9151254296,-89186.46412570775,1009066.7285863068
-153739.76973083243,1000011.3789836764,-430062.3503718227,416209.2588810213
245976.3803798277,-1744341.7610799074,335707.922054328,-1162657.4586457517
905318.6437338721,-6651213.750667572,65272.17344264686,-5680622.933491053
289392.0252343938,-8364613.662472367,-313114.57449650764,-8388336.211734481
983953.5329717211,-8711410.40574032,659133.3253574818,-7068323.547411118
995964.2874633744,-4745150.133237243,919717.0607968122,-2829468.784977056
72200.6646827124,-2757784.7146234512,-375434.0298743695,-3061018.0798151083
-218595.78319179267,-3579494.6494349837,372098.8702724278,-3425991.5623543486
508384.3405405842,10296134.876188278,283850.56626489013,11088369.782993753
-277967.36312018894,-6661230.212302417,27570.69090744108,-6911626.884515164
606772.8993344028,-457536.0603989363,106807.42767007649,256044.26660554297
-196839.7262376938,959877.0416770577,332358.3879913762,1095395.7034307402
-35130.2639846392,-234540.96776244044,817050.9458618686,547379.7141147889
-608570.0838425532,-1524384.0841632783,92585.54835696518,-2040368.6196488664
99323.85717161186,-1682947.4721125066,135222.1919938326,-1448401.4229470622
-181167.56653885543,10965006.367138565,228493.08968172967,11012331.890281439
283117.2155141365,1605865.7746967673,749799.9568651766,2638782.9470760804
-221491.23564051837,-2522626.230118811,-341922.3484503478,-3086039.8142096773
-139339.53552822024,-3368241.6526482403,116854.66485361755,-3390726.523322843
-256297.1115106307,-1288992.6100023985,-1088230.26517573,-2633519.986688759
581764.5079500079,-6940877.892072469,375829.10192267597,-5983284.282199785
-133838.6911709532,-19515778.593579322,-145269.847625345,-19794887.13237562
-64670.7489340771,-8371407.777186692,947992.688539125,-7488085.837581644
-152882.79969541915,-8314455.019436538,642291.618373245,-7825046.200758712
306578.3272779994,-196610.94665804505,87222.9977671057,197190.37838706002
205626.18804821558,-2014815.577328056,-446157.66125266254,-2255347.050532503
-409974.39386723936,-1343998.017999798,218147.7684993595,-1535824.643367678
530025.7096612286,10612811.920793891,-470005.4854402393,10672832.14501488
-45479.75026956014,6449862.642032802,582278.1597197652,6986661.051483007
-199224.41854868457,7127423.529114813,132643.9342969656,7060843.044863094
-266475.5940199308,5735673.953889906,-254422.27991893888,5214776.079951037
-88622.26355257817,10881278.91647765,-266809.09678785503,10525847.556137217
7674.5215332098305,-1684323.430948794,-107432.02968201786,-1784080.939097602
256734.04403831065,-979388.1715714633,-199876.5199553445,-922530.6474884972
-354743.21998902224,-4999311.594310939,-530764.5213956833,-5884819.335695645
337218.51373393275,-4119610.6822555065,1089172.2388244644,-2693219.9296971094
-941247.020853186,-2433288.1443152726,-395233.15500192344,-3769768.320170382
222750.03963112086,2022570.76395303,273035.20030801743,2518356.0038921684
-357415.9103432689,-10333158.777645648,-1120708.6809061095,-11811283.368895026
393052.51977364346,10794826.959463745,963923.9202655181,12151803.399502907
896.2074979040772,8404417.820030391,-673703.5499858931,7731610.477542402
733416.253570728,-1447262.3388547301,357869.6624741107,-355976.4228098914
-516996.25262618996,1370423.801615417,164571.61940072477,1017999.1683899518
-44791.93913540244,5793375.095349371,379364.2508011684,6127947.407015137
1637422.1986099035,13651597.858281314,-312424.17569506913,14976595.881196149
-281974.96916684136,-3125425.5167610645,-393797.6582289487,-3801198.1441568546
-238655.3228600584,3881420.39475736,-1046010.7398817614,2596754.3320155405
55545.555238517,-1204107.6268933117,373021.70696884394,-775540.3646859508
54451.356217065826,5306984.499604881,-598680.5753812343,4762755.280440712
-439153.8547241017,-2269043.268138349,47124.80464680493,-2661072.318215646
397239.39294224605,1161141.2767111063,-258580.56877932698,1299800.1008740254
110807.60637361556,-6780311.072380662,-482805.4173576534,-7152308.8833647
-198316.25613749586,-10381995.021428585,-779351.526919812,-11359662.804485893
204399.24177987128,-3658246.4754514694,361897.0611900836,-3091950.1724815145
-61086.92665079236,10052158.956995249,-862171.0697161034,9128900.960628353
982393.0456996448,764276.3085557818,753584.845221974,2500254.1994774006
1918.6180558018386,-1077847.4232767522,-736857.4171837047,-1812786.222404655
-115127.50223431364,5963781.332614392,-91561.85235196352,5757091.978028115
-236017.07357745618,-342342.31415724754,132059.13557620347,-446300.25215850025
-317287.9058573097,1123443.467464149,-386037.13079980016,420118.43080703914
317797.4717085473,-2045631.0269888043,540484.4422398582,-1187349.1130403988
750365.858138945,9721902.609224677,-131082.45259241015,10341186.014771212
-264516.90637485124,-38764.6967086792,68184.59698102623,-235097.0061025042
374644.66854494624,-4665185.870872349,63065.01840406656,-4227476.183923336
186945.28362909332,-3075594.229009509,-93627.03366455436,-2982275.97904497
-694175.1916646156,-6360600.7108952105,-890729.9599089101,-7945505.862468736
-693709.8430744708,-1756391.2384166121,-389734.83109553903,-2839835.912586622
56219.4244839102,10426964.650286436,497230.8554635793,10980414.930233926
-238663.009655755,572671.5986608267,-277404.2434455231,56604.34555954859
196511.41680407897,9896411.62087053,-329634.21452896297,9763288.823145647
-191233.58549253643,9460558.576839745,-319262.7830654308,8950062.208281778
708690.4091752134,6980504.07612136,-1395766.2453554869,6293428.239941087
391615.0940894503,-1844090.1640840173,113961.58919303119,-1338513.4808015358
177404.19798639603,1723376.749430716,-272858.76248180866,1627922.1849353034
694966.8695467077,3650632.839249432,272951.7187331766,4618551.427529316
458352.78371127136,1060526.1773315668,38374.821722112596,1557253.7827649508
-567.3769414369017,-362153.22571358085,114404.33406750858,-248316.26858750917
-337089.4586364664,-1130815.6138281524,244698.24079105258,-1223206.8316735663
21938.213927349076,-1536352.8687608242,-90650.03570535779,-1605064.690538833
-30470.685199283063,1387188.46164155,475364.1342202127,1832081.9106624797
1177956.7467920464,8736465.587501705,624113.6308822334,10538535.965175984
-514653.9493076652,7089085.279502273,321172.3031655401,6895603.6333601475
125304.64120200835,-5919104.7879392505,-556557.661115408,-6350357.80785265
-672104.5271716919,-4829435.275554687,-793239.027718991,-6294778.83044537
-389208.37584890425,-12778049.662290215,-162109.39940720797,-13329367.437546328
127863.82788328081,-1044617.4696139395,-176919.335468404,-1093672.9771990627
909950.9533722792,-4085338.352345258,1347458.2951331437,-1827929.1038398352
273436.8210361395,11165005.226458669,-17620.117933101952,11420821.929561706
-801365.7373878509,4034573.9615345,-1477648.5638450235,1755559.6603016257
188690.95728620887,-1516142.6731652021,127210.80381444097,-1200240.9120645523
222316.8697777707,-4292468.2632523775,-302734.40750680864,-4372885.800981415
-451077.34237906337,-1038144.4199292064,308109.97037638724,-1181111.7919318825
-112775.39481013454,3028831.929855764,-36883.13375341147,2879173.401292218
574081.2705426477,1589966.3648747504,-81751.8172455281,2082295.81817187
-228751.05920010433,-531059.8969301283,-720195.6879940704,-1480006.644124303
206695.07793647237,826678.1993994117,-755568.7123306692,277804.5650052149
-68523.56335968338,675995.1319307685,-150229.97639779747,457241.59217328764
-37804.15407500975,4129012.31670928,-575314.9101397693,3515893.252494501
-127660.09025951661,-1921369.2581528425,473375.8352196738,-1575653.5131926853
-195516.83746673353,-10710209.95909679,155436.24782092124,-10750290.548742602
486365.2283100765,-4067825.284179032,691469.779383421,-2889990.2764855344
435707.984737115,-5568042.566183507,-24960.576170004904,-5157295.157616397
250419.60895354673,-809066.5487432182,283274.5596176535,-275372.38017201796
-282886.353341626,-3238218.31640929,-214152.5642511621,-3735257.234002078
-494146.18338845484,-3727059.62546134,-22239.100868962705,-4243444.9097187575
2317.3489477243274,-6085649.871208668,-227556.3309887275,-6310888.853249671
700006.4064410087,120520.20175650716,840838.2316891477,1661364.8398866635
124282.2944278866,10438108.705049157,631745.7699329853,11194136.769410029
-342693.43928180076,-10835535.057789266,-617567.6064618528,-11795796.10353292
4753.595869569108,-89760.70801872015,-158958.15372981876,-243965.2658789698
76199.20460043289,-891439.466211021,-166664.36726681143,-981904.6288773995
-135071.5899115093,-724949.2597568631,-80313.80211458355,-940334.651782956
125352.5309387967,-4203221.9267783165,1243953.5916687846,-2833915.804170735
197297.78144328855,-9609410.753409982,1297388.595815748,-8114724.376150945
470168.79103634134,6416482.305240989,-262.83844581246376,6886388.257831518
-286273.64116125554,3211293.941673398,222966.81150535494,3147987.1120174974
11228.534577991813,12412998.534441173,-318517.6838635802,12105709.385155585
-166545.25329525396,1158026.9848076701,-406462.98556863517,585018.745943781
-277306.6834645495,5815666.23203665,58736.82216672599,5597096.370738827
-104656.23891422525,6381053.268990517,811991.3346633613,7088388.364739653
-522712.84387533367,-2056842.6526798606,104028.89931979775,-2475526.5972353965
-42298.18852865882,2707819.8326595426,-245079.53839045763,2420442.105740426
272809.19336681627,-3069843.2351514697,795037.1361035928,-2001996.9056810606
-306478.20102137886,3833054.219965428,36961.24952098727,3563537.2684650365
-224375.91352842934,1544984.435353756,-747878.2882312015,572730.2335941251
753992.7031395789,6198978.052123547,-143587.14974941313,6809383.605513712
299170.81760343723,3874662.5221640766,-27443.286084368825,4146390.053683145
458075.68233390525,-8616162.162513375,-128294.57772819698,-8286381.057907667
385802.3913137503,879630.3421572447,295051.95821237564,1560484.6916833706
-673703.9130094778,1625922.113379538,-263076.7480003014,689141.4523697589
-492880.7828343101,958254.092451781,-271243.2858795747,194130.02373789623
401379.9487258345,11468453.376635969,-156032.41542999446,11713800.909931809
-330672.75859854184,-892866.765843749,-802004.3120918423,-2025543.8365341332
-480998.4000269864,-81505.62027877569,-332686.623193495,-895190.643499257
655747.7316590492,3580250.291579902,89664.08810077608,4325662.111339727
-70567.29620978609,-830377.5063313246,-354025.3143793419,-1254970.1169204526
491880.24558590725,-206088.62024083734,-155183.49701204896,130608.12833302096
601798.4037322924,13655097.214714885,258572.02440741658,14515467.642854594
112105.52390973829,9797911.971792221,-312798.74830405414,9597218.747397905
69461.86685907468,-2948692.4747008085,187322.21813639253,-2691908.3897053413
-35024.88737558946,4271501.001478821,298885.0057785213,4535361.119881753
-420327.71269789524,738856.3666262031,-715282.1288119256,-396753.47488361783
19852.335785120726,-12370246.183425993,-465385.21379279345,-12815779.061433665
52159.1565982569,1948272.9156142771,-453399.1656376049,1547032.9065749291
24557.66253684275,4070219.6949383616,230957.86872067302,4325735.226195877
-486589.29904304445,-7609852.971424639,-551364.1655955464,-8647806.43606323
-182189.94589111023,6838888.98714599,-593272.3621146008,6063426.679140279
420328.6912329942,15212804.778737187,-974256.1377199814,14658877.3322502
762821.9804339893,7497422.826722205,-142517.76311526448,8117727.0440409295
-103712.92492599413,-161855.54494678974,74289.62240861356,-191278.8474641703
133911.43197585642,4780129.433975577,48840.44811145961,4962881.314062893
539638.8944980688,10857951.483151019,-299330.17788761854,11098260.199761469
-611404.0468628649,-4913724.725286543,309798.326799728,-5215330.44534968
383897.0091085583,-10802729.374661535,610097.577927351,-9808734.787625626
-213290.6352456268,637533.9030042291,415979.1362458244,840222.4040044267
169567.70239148475,2017560.726740718,547374.8939102143,2734503.323042417
-596390.1253344454,-8322978.7890113,140728.66183946282,-8778640.252506282
-522668.98159094155,-1372334.8574305177,-516369.7275610268,-2411373.566582486
400715.99148733355,11162185.23132515,-401579.52635133266,11161321.69646115
110445.6491048336,-2938525.124999076,-476713.5055635944,-3304792.981457837
256416.44729086943,2336315.6808649898,194790.51667898893,2787522.644834848
-303626.48089441285,-7640478.649654686,104618.99822703004,-7839486.132322069
223062.34331345,5659543.660161495,523227.56105038524,6405833.56452533
-57147.32018747181,-6639837.196564764,516201.6953947842,-6180782.821357451
-948671.2260259874,-142778.38216495514,-1019044.1514079571,-2110493.7595988996
-70729.63996740803,11164515.764894068,-19885.044202536345,11073901.080724124
-7196.567480564117,-5540445.209083915,336411.22616142035,-5211230.5504030585
540404.1105832849,-260882.33432263136,940123.6570396274,1219645.433300281
440317.95532437786,-5330448.49941662,-529526.1781982258,-5419656.7222904675
230398.54877895303,-5240332.298181415,37819.88027212024,-4972113.869130341
129821.34246312082,6307998.375751495,325572.8529148996,6763392.571129516
324085.5577657446,-584776.1137681901,924516.649349004,663826.0933465585
582296.8470821735,-5505538.315710574,-449691.26372087747,-5372932.732349278
335400.67676796205,4969115.572341025,522057.0277750045,5826573.276883991
-235023.52880051918,5726971.809462845,-716697.8704504967,4775250.4102118295
-456279.95837633125,9676007.49895209,-513622.32794448733,8706105.212631272
-210320.49526843987,-5730422.216289461,-216585.57096449286,-6157328.282522393
33075.57399325818,1402930.7607388496,-14879.71590784192,1421126.618824266
628405.5986579433,-6262657.205451548,864777.4077569842,-4769474.199036621
424429.7532589268,7959647.965184927,1087456.6374669895,9471534.355910843
92936.05240418948,-7556079.913126886,-681494.7862213477,-8144638.646944044
-151597.91792756133,4606299.477310926,1799.4570783600211,4456501.016461724
-364172.9268784672,-2246929.872512996,-250013.76309347898,-2861116.5624849424
-547602.4800189231,-2462650.753128201,-534088.0933372453,-3544341.326484369
-170819.1828099806,-4976435.6834457815,-449545.1672491431,-5596800.033504905
-442472.00197324716,1172698.4205077887,-962070.9074296877,-231844.48889514618
861248.9530918673,10500411.183394283,-66907.06698738039,11294753.06949877
236504.2248331271,-221888.92020136118,209424.02079261094,224039.32542437688
-34812.342634219676,10386219.13797161,-433336.60466471314,9918070.190672677
-325172.5955304131,2900781.2691396475,-502855.425663732,2072753.2479455024
-440485.3721546661,-5175408.628767908,-302502.5390458405,-5918396.539968414
458193.15475332364,-1094022.3747406006,262713.79705593735,-373115.4229313396
-584380.417356832,-474959.1503562927,441978.2907636389,-617361.2769494858
-473633.2813927289,-5777759.872139871,-257934.0008358881,-6509327.154368488
-771546.0588733852,-2737505.341567397,-1010234.8531681746,-4519286.253608957
37226.60849768482,-5788456.513665438,-22496.408688500524,-5773726.313856253
139975.91057519242,-3545241.5347103477,117710.7647542581,-3287554.859380897
226735.46043977514,-1687072.691147685,57963.60304577649,-1402373.6276621334
21157.66828987375,6236347.544222772,-237133.05211860687,6020372.160394039
206145.4711200036,5645253.702329576,195958.42913880944,6047357.602588389
-290788.5245913025,4951796.118707389,414413.78990579396,5075421.38402188
-58241.349927939475,-2451649.10430035,-468491.905378215,-2978382.3596065044
342632.0587040093,-3846259.684332192,-543979.0929381028,-4047606.7185662854
-57844.21377556585,13419169.182600737,39749.15688176453,13401074.125706935
347337.9554580264,6589795.303365529,1007343.531778492,7944476.790602047
726287.0975577645,10112403.163452864,-651796.9478199854,10186893.313190643
1390218.3814443331,-5047813.5320473015,842884.7926809341,-2814710.3579220343
-1012513.3928167392,-1421876.8236976862,-979799.5413179025,-3414189.757832328
363275.1514304336,9973767.445057362,8403.952887549996,10345446.549375346
107677.65809118003,10173990.752654076,-161001.6050484255,10120666.80569683
-99485.28995693475,-5251486.986926436,-22085.618947267532,-5373057.895830639
-340493.27497949824,-24555.28527379036,-795483.5017563477,-1160532.0620096363
-252445.86705647036,-1743726.1729615927,-102185.37920895219,-2098357.419227015
108829.31997238286,-2922114.339781761,30895.33288039267,-2782389.6869289856
53488.11143621616,-8799573.210961103,400260.6188163161,-8345824.480708571
-55699.29831226729,11533329.343176842,29425.17799323052,11507055.222857805
286481.12607928365,-3282885.8761241436,611923.775141105,-2384480.974903755
-400401.73150757886,4064460.1088031232,-314919.7687487006,3349138.6085468438
-298548.78689498827,2880395.659508586,-169235.0697380677,2412611.80287553
-123410.90347572975,1328051.7366274595,111221.27724909782,1315862.1104008276
-426030.94324644096,-3502877.951075554,-93444.87843064964,-4022353.7727526445
-484039.58846573345,241418.6055764258,-248734.0514959544,-491355.03438526206
-232318.22703411803,5364455.607985079,-1100750.7596379966,4031386.6213129647
357243.1479433682,5864305.365954399,200658.4325439334,6422206.946441701
-325003.95740912855,5968123.291727126,-137483.43199262023,5505635.902325377
-481754.3957156539,-845093.1820107698,495188.0453287661,-831659.5323976576
-153892.63076636568,-2606525.132286042,34422.79354041815,-2725994.9695119895
-592683.0051288605,30264.36950790882,596091.419529967,33672.78390901536
366232.36557395384,-4830416.38519761,338101.5520637706,-4126082.4675598852
414760.1642166544,-7637809.241782427,656714.2926357314,-6566334.784930041
376187.98921095394,-5132959.9225474,-1030251.998271361,-5787023.931607807
386662.1978521738,-8560210.475715637,-93760.18853463978,-8267308.466398103
371474.09524613246,2880041.9744406343,517950.74627295136,3769466.815959718
-342659.9710516222,421227.89933604,-150577.82775387168,-72009.89946945384
-363511.33320442215,7235532.38421458,49665.09621438384,6921686.147224542
1008057.3926617783,-19471313.979571044,-353055.59622712433,-18816312.18313639
-135923.7333043702,-315868.16314327717,-439472.6187290102,-891264.5151766576
33094.97308313288,10732997.440755606,-623042.9661730006,10143049.447665738
-297396.6904535517,3087302.5828446746,-594113.2075875252,2195792.6848035976
102391.91445561498,-3558123.190187812,187693.1104209572,-3268038.1653112397
48683.273210231215,-1879023.736604333,3941.642824165523,-1826398.8205699362
123525.11443314701,3895260.916796744,-359765.0134128332,3659021.0178170577
146405.01887490228,8739582.326633722,-1456604.0173999295,7429383.328108694
519458.04188147,-348402.74949777126,153678.01150743663,324733.3038911354
-209461.31458916143,12435952.92648971,268223.9193152562,12494715.531215806
-43329.96233316697,3025970.1657388806,-615008.1669062972,2367632.0364994165
-701389.7258963119,-1574569.5508242846,-466861.81434728205,-2742821.0910678785
-214278.27055997588,3839936.338629067,317032.2880870402,3942690.3561561313
119419.45549614169,-3529478.9180736244,-83564.77412321419,-3493624.236700697
426266.6248528324,5716011.266987503,-228100.38941622525,5914177.50242411
669007.4650166333,4410438.001488864,-221554.52664449066,4857890.939861007
-163958.01272054203,-4665027.334865183,-657254.8992660195,-5486240.246851744
-247669.47724072635,11025655.005131662,-468067.11709649116,10309918.410794444
228394.9801376518,7326059.897226661,-50909.76898416132,7503545.108380152
-232781.11115344986,-4697065.04761529,-266955.63555531204,-5196801.794324052
185162.37593734637,-344684.2581090927,125834.4055224806,-33687.476649265736
-353629.6149523426,825373.9764856994,-106458.371879749,365285.98965360783
112704.6997289341,1719712.3099547625,-544237.0130874366,1288179.99659626
-640773.1127381865,-5563474.2377948165,-693251.6678636149,-6897499.018396618
-92667.96664567664,-2355310.1623038948,-386926.85808544606,-2834904.9870350175
-452511.0630434677,5666777.152276009,-717092.702210471,4497173.387022071
-518577.77959179506,4032069.5910387635,-1095351.9887311459,2418139.8227158226
89047.07449231483,-2954629.567281604,670502.4437906668,-2195080.048998622
-223153.5018594861,4174542.3335178792,-481147.417213276,3470241.414445117
305819.94750584103,-6795714.870236397,366393.77322859317,-6123501.149501963
76419.08542760834,712678.1384858787,-367076.146574527,422021.07733896
146.62713192775846,-4609787.31808123,532325.5642240793,-4077315.126725223
-116982.98366970941,5786202.704436928,-311784.31924188137,5357435.401525337
127651.5360326916,-4750222.899408042,-161265.7521231547,-4783837.1154985055
-19570.38722769916,376850.32854807377,47339.023358382285,404618.9646787569
10159.707171173766,10967307.557128489,-132667.79038746655,10844799.473912196
-504076.84204720706,-2594284.0779820085,-280877.96322889626,-3379238.883258112
-35596.69024389796,-1914490.1408528686,104605.1879825592,-1845481.6431142073
411247.17528502084,-10289189.077742517,778432.2671611235,-9099509.635296373
-909868.9257819708,-6781640.230175078,349736.2873195037,-7341772.868637545
34178.57761884667,-2868248.5168607235,-21633.37904793024,-2855703.318289807
-641351.1115000676,-148413.26136869192,-749377.7031295076,-1539142.0759982672
-476849.5636181161,-1737428.471798867,-139637.00252329558,-2353915.0379402786
-246819.14015167393,-3845840.7693531215,-224877.3077030033,-4317537.217207799
179767.6615164876,962846.4117084146,154776.55831217766,1297390.6315370798
-365855.50680402666,-1361442.2737708092,71876.86050084233,-1655420.9200739935
-653494.079643704,-11041900.01195693,-494273.5793479085,-12189667.670948543
441534.1308140382,1749213.4232824445,570014.619831726,2760762.1739282086
-330398.5149264131,-1950626.5745269656,-874377.7631407753,-3155402.852594154
8805.198183557019,4362396.82429409,-949415.2535661608,3421786.7689114865
426779.65040593036,-3262359.4550605416,166383.0710946694,-2669196.733559942
374698.8489844948,-6482802.764082789,597172.2385709286,-5510931.676527366
-207739.78819861263,314303.7209906578,146699.23216417432,253263.1649562195
321434.0257062875,4281599.643762767,586645.8954913616,5189679.564960416
-125814.90598633885,3398674.8218045235,95779.72617983818,3368639.641998023
-958353.6308815572,-5449697.019294769,-135236.33695426583,-6543286.987130592
-921270.028485667,7803669.403288633,-628701.413519308,6253697.961283658
484191.7657113392,284143.0551646352,-129076.42521287501,639258.3956630994
-334120.4935875498,4648642.719102681,-674272.1863582283,3640250.0391569026
-899488.2187457699,1381973.2342597842,-702487.6036862954,-220002.58817228116
94782.11407298222,5029300.07947731,284553.45611846447,5408635.649668757
-284519.04627519473,-1997793.1583259106,549235.8547674268,-1733076.3498336785
146443.8262524195,400318.9113474488,-802423.9340318292,-255661.1964319609
47836.66565522365,2493364.917301595,180567.94477651268,2721769.5277333315
-532138.4113239963,-31164.122440457344,-1195496.5034606233,-1758799.037225077
123171.23402321711,1137461.5998357236,-82684.75981787592,1177948.0740410648
-56032.45200159773,3960909.74262619,157080.6649851948,4061957.9556097873
-4198.920370629057,-2315353.344823003,642242.7191353664,-1677309.5460582655
-62413.724830122665,1482648.4709593058,14867.391892395914,1435102.138021579
195805.42854482308,-333128.697091043,744320.869127579,606997.6005813591
-49177.74281815812,4482098.5762422085,983965.336455904,5416886.169879954
-185082.6311071124,2660569.7652215958,535117.0332278013,3010604.1673422847
-45743.496060881764,3157232.0487386584,-268083.61001579463,2843404.942661982
27684.47492223978,1618038.2822192311,-506650.9642580971,1139071.7928833738
418624.922790885,257467.3160982132,-569344.2229316384,106748.01595745981
-464855.55542389676,4700691.130340219,-735460.2726100385,3500375.3023062833
98270.08758818172,-792132.7320808768,660976.5186698437,-32886.125822851434
-238154.21050706133,4322685.193178624,-679413.1435484141,3405117.8391231485
483629.4191474952,-876271.5312075019,225502.97157803178,-167139.14048197493
-588219.8378771264,-1665160.6655459106,-505061.8760756105,-2758442.3794986475
-131320.43823864684,-5250749.153170645,-411745.19343455136,-5793814.784843843
-538423.533214312,-6282611.0122769475,-242089.02196602523,-7063123.567457285
-604503.8708429225,7898687.118662715,-288467.48388791084,7005715.763931882
553606.8365175966,-7379031.270846218,-244250.77503879368,-7069675.209367415
-20703.652578799054,2334096.20406121,1009209.4347405657,3322601.986222977
17968.434539904818,-1842536.0021935105,418553.8380264789,-1406013.7296271268
-296405.278914256,1752113.743885696,-534393.7864938751,921314.6784775648
-341682.7700363267,-8002867.830773324,568683.0851960182,-7775867.515613632
-208361.04259260185,1935969.8559375405,267323.126446642,1994931.9397915807
-285043.14391760156,554823.7850652635,171303.22217921913,441083.8633268811
220446.60499052703,-277886.96217262745,231197.42880815268,173757.07162605226
216825.44735292904,3882597.048829913,-226480.87893027067,3872941.6172525715
530819.1557327043,-3910153.206658691,756527.7506091595,-2622806.3003168274
391476.4679908138,-8145059.6316767335,1090266.1820392609,-6663316.981646659
-197049.80873774365,4427890.36917606,-254308.0615901947,3976532.4988481216
-291354.47475870885,-6568238.994931757,-311495.56764475256,-7171089.037335219
296361.47146074846,7491812.440189809,266834.12745270133,8055008.039103258
342192.6452260949,40647.867990493774,-358606.8402227685,24233.67299382016
-281810.7949645184,8963021.26060313,271703.51373585314,8952913.979374465
-33127.770275658,-4563931.497368276,-549654.9344686419,-5146714.202112576
83909.6682408899,-11583360.115256965,-171069.95971781015,-11670520.406733885
245605.21194479614,2046286.358363986,615651.2706519812,2907542.8409607634
-464266.92550067604,-1107626.287752986,-390007.67161878943,-1961900.8848724514
-61501.68563148193,-1141255.0874454975,-383981.9340348691,-1586738.7071118485
-308857.143954847,3560493.3648768663,-6775.6590042337775,3244860.5619177856
754157.8383728862,1638990.5383744836,-182313.71123054624,2210834.6655168235
350946.112269558,5099813.909052342,109082.67734351754,5559842.698665418
-291425.50864835083,1925179.5218157768,89255.25379906595,1723009.266966492
337489.70461308584,-918604.7208437324,481610.5456418991,-99504.47058874741
-610333.5384957176,-3672991.049691707,-734210.1372610703,-5017534.725448495
-3373.931391928345,-3100270.3555285335,437125.7766633928,-2666518.510257069
-2667.289296336472,-4248821.383191794,-101348.011136733,-4352836.683624864
321767.1723605376,-9444528.842397153,425726.72233881056,-8697034.947697805
-776558.5899524074,4504654.289493084,-527515.4351429492,3200580.2643977273
-180655.34371948242,1764324.326854378,13088.987655229867,1596757.9707901254
268901.6494994797,-7816276.2378383875,342788.871293813,-7204585.717045095
212283.44335686974,-3979240.2624388635,339799.52157349885,-3427157.297508495
32197.330041481182,-888195.7422446012,51130.64855799079,-804867.7636451293
268602.7909712419,-5021760.6701363325,1260774.9440268204,-3492382.9351382703
-289232.452200491,7046322.646810979,603726.1780764908,7360816.372686978
194804.53065135702,2987315.615370482,-208694.33295048773,2973425.8130713515
-596288.495625535,6427996.596918732,213225.60578793287,6044933.70708113
6756.981046302244,-22159753.855241597,-914357.2754463255,-23067354.149641618
291035.0699840337,-2494194.271066606,-225956.9030258879,-2429116.1041084602
241386.7015289478,-3338563.816713631,868668.4585751444,-2228508.656609539
68103.20650346018,-4469386.413245946,-730854.9547387362,-5132138.161481222
31625.967290164903,-9883881.297425836,-181733.36128735542,-10033988.691423027
-576146.7530911379,-5810527.524717063,-474311.4771247655,-6860985.754932966
-34644.31692599878,-1264503.1795529127,-479498.0086444095,-1778645.505123321
15197.357968300581,-7457940.946142137,354919.0229200721,-7087824.565253764
817478.759156026,-6769471.143373132,1114463.8512950167,-4837528.532922089
-305949.50532960147,2083124.282997936,187973.15674982965,1965147.9344181642
616837.5396441873,-888755.9683924317,442015.69558598846,170097.26683774404
-670277.9660625774,4774214.969626725,738850.371708937,4842787.375273084
-51072.90353668854,737751.4946959913,1208.9798937365413,687887.5710530393
150324.8876651097,-2366697.571240902,248701.5077426061,-1967671.1758331861
88164.40351247787,-6144236.085154355,304855.2852603048,-5751216.396381572
-323114.3813059237,-2484667.3854381144,-1051195.3042810038,-3858977.071025042
-61274.35266159661,105429.91054850817,122518.95910800248,166674.51699491404
87243.82730983756,-954929.7054620981,472001.4658613354,-395684.41229092516
140201.52490337007,-496070.23376739025,307173.0876045525,-48695.621259467676
-286825.54676448554,-2617181.403562546,-20325.913229353726,-2924332.863556385
104560.617332967,10096397.35261923,-746697.5148807019,9454260.455071496
-382390.88460401073,-8167043.656060636,-269462.6963083893,-8818897.236973036
-303283.425108511,4458941.6234025955,-517527.18545617163,3638131.012837913
-270338.7421389222,5587260.180069149,-587367.8307975456,4729553.607132681
-327361.4810213037,-2143229.9354485273,-68466.37963730097,-2539057.796107132
-520134.55261861533,-3243831.6548697352,-982643.4959076196,-4746609.70339597
470967.9683596436,6554453.998687506,381449.73300367594,7406871.700050825
217300.55048748106,-16465780.483407408,424756.5559541434,-15823723.376965784
-336242.74155010283,6031571.06165272,52365.83713926375,5747694.157241881
480592.8619397953,-7286985.256093919,-255513.3898529932,-7061905.784007117
-80594.6640161816,-3939761.211880505,-439972.1935767755,-4460328.069473462
508282.9857645016,924330.7836888433,126363.69148002565,1558977.4609333705
-637520.3334025927,-9903549.218791366,-101719.56264150143,-10642789.11483546
10402.076403373852,-41461.47660177946,257096.58760661632,226037.1874082107
-13196.97186770849,1104841.1961365342,203514.9418590814,1295159.166127907
28430.10349042155,-1293175.8994908333,-471282.7582546547,-1736028.5542550664
-1068460.8167559505,9932168.227555335,-582972.7822100297,8280734.628589354
-8911.119673181325,7396108.928123683,-585253.0271634907,6801944.781287011
126685.09557457641,2999514.681149125,6284.69762776047,3132484.474351462
-649908.1033942327,252124.23397400975,-940709.6377567425,-1338493.5071769655
-394590.41440359317,-2951948.2006361485,-620500.1239596903,-3967038.738999432
-50017.477210555226,4927825.308776379,779450.096256271,5657257.927822094
-310105.19946223125,-6284143.034311175,-38241.30875580758,-6632489.542529214
-463767.7737767771,5426600.341778636,-155924.2783434242,4806908.289658435
-728931.7959467601,-6502737.829909384,-164104.01597079635,-7395773.641826941
-257064.71258919686,-8329374.248831451,746279.699477531,-7840159.261943117
75629.90751734748,5813030.75850606,-231061.39451888204,5657599.271504525
283588.79116667993,8525095.533411205,-213818.85284744948,8594865.471730435
-1035665.9476564638,-6081371.546288282,-921489.5179722011,-8038527.011916947
-346677.91262193955,-5283016.656524122,78948.70690440387,-5550745.862241657
-533037.2136172093,-110918.06022176147,48993.972892425954,-594961.3009465449
-395491.420262577,1527116.795867741,-1610185.632025808,-478560.256420644
-421118.8646922484,-2678028.0339000225,5037.243153765798,-3094109.655438505
-665722.3619591892,5790859.828197002,-426911.4164336845,4698226.049804129
1125045.7761800047,-4624211.181563824,822347.1672705486,-2676818.238113271
31954.40973954089,-10190610.163965702,-587812.6605960578,-10746468.414822219
-419035.7526579462,-10539599.487552762,-940620.7671011463,-11899256.007311855
-127226.70103798248,1349206.3895226717,-362449.12935908884,859530.5591256004
429010.55614126846,-414680.33538129926,-10413.637981630862,3916.582778338343
-117604.78501330316,-3415482.6246780157,-482871.3154164031,-4015958.725107722
-505761.05547466315,-3446331.461370051,616036.7233384401,-3336055.793506274
-474125.2107057646,-1563995.255201459,100568.74728219956,-1937551.718625024
-255027.27425872162,1425131.5899537206,227389.2301645577,1397493.5458595566
-66714.32555151917,-3103029.142976105,-603113.4416697919,-3772856.9101974163
-885670.2600478902,5264262.961751282,-625174.403027527,3753418.298675865
45985.47222452797,-13581454.98271802,541067.4221023172,-12994402.088391175
713615.9082521293,-2505215.2901203334,344776.2954897061,-1446823.086378498
-497646.419966504,6381923.665697932,-1163670.7858441249,4720606.459887303
177747.41654904,4506419.489213556,-23091.984833598137,4661074.920928998
-34140.830544967204,-8146037.223209351,215236.94265063107,-7964941.111103687
-530894.201484235,5088500.178787291,-847775.8372068778,3709830.1400961783
49002.64094351977,3578810.784944743,514371.2838252932,4142184.709713556
-116765.16151606664,1406690.4428735375,-198336.0424618572,1091589.2388956137
-19657.0369367823,-1834152.0657590628,672451.8529813662,-1181357.2497144789
458992.2168437466,-11936024.657984048,211412.84838582575,-11265619.592754476
-136217.45271806046,-1457922.796900034,355547.29676979035,-1238592.952848304
-171260.9179405272,-2862904.3547137976,69916.7785852626,-2964248.494069062
513708.9986291956,5992234.916184574,-675898.1364322603,5830045.77838151
-7694.880783293396,-1097020.1682252288,-652127.2112595215,-1756842.2602680437
976773.8594564721,-7049940.89680779,-265588.11871396005,-6338755.156065278
473999.49825558625,2351759.28421849,492659.3095177263,3318418.0919918027
415251.1215257477,2848402.983310759,-479462.39909847826,2784191.7057380285
-17475.999033307657,-6250017.825953454,-1004922.6370028406,-7272416.461989602
254419.02358230948,5779466.732690871,-201799.3589924276,5832086.397280753
461199.8286162503,-6609968.922316194,1720688.3642675653,-4428080.729432378
-708341.89876871,-8221482.539340466,-777076.1176292077,-9706900.555738384
46225.71846884489,-2572841.740557909,-410849.76394461095,-2937465.786033675
-452804.45331227966,3895859.5646603405,92654.39209417999,3535709.503442241
-209101.66549313813,1285133.8064706028,-911656.8206961602,164375.32028130442
1369289.1446581353,4520337.839069545,1239210.9695673212,7128837.953295002
-184462.57449438982,5068995.498648763,-317248.8582423553,4567284.065912018
-709143.4873249214,-4290594.346525848,-278010.4625968188,-5277748.296447588
148275.35260906816,-4765415.154054284,-466207.3072396368,-5083347.108684853
108244.01532822102,-2335489.1828430295,257703.92486982048,-1969541.242644988
1010321.9765224028,16891189.161455333,381759.611021474,18283270.74899921
-156125.5114475675,-6689332.302505672,209649.0010092184,-6635808.812944021
-313197.4850927647,-1367439.6213555634,-519424.08710573614,-2200061.1935540643
89770.76588419825,15680010.9660739,145799.93214247376,15915581.664100572
25812.310866381973,5569773.386175811,464863.64913602173,6060449.346178215
-28885.54463802278,10629644.46091193,393983.2609648332,10994742.17723874
656549.4765405953,4081816.133943081,-10264.361859336495,4728101.24862434
28634.65276655741,-3667528.0402308404,-184337.79267977923,-3823231.1801440623
-307596.46023721807,-2731065.434676707,676147.7827082872,-2362514.1122056376
-368358.4288732968,1738958.9313581884,-1146529.5736182109,224070.9288666807
271699.92494075187,1644207.2068301141,539807.0250466019,2455714.156817468
383793.66596814245,869233.6259721518,8957.525057956576,1261984.8169982508
-661194.6555421725,-2229754.318365395,-296730.2652720064,-3187679.239179574
219568.31019950286,2869819.7184616923,-276461.550525561,2812926.478135634
-700463.5459076688,833571.3613542318,9655.241209670901,142763.05665623397
314874.2945150174,669845.4710027575,-6788.718451216817,977931.0470665582
-130045.39444581047,6456292.76260674,-298227.6708999276,6028019.697261002
149380.61262300424,2930571.868853241,-414486.4741931036,2665466.007283142
-706056.5141785331,-2788148.6775276363,-407251.58365959674,-3901456.775365766
-390731.46925705485,-1030456.2808381915,-721431.6293826178,-2142619.379477864
107947.45917418413,3052678.176856518,-421578.8095510155,2739046.8264796864
-234643.36270784587,2449061.201718986,-1087780.0977807194,1126637.7412304208
-569675.0843359306,-5343476.333295584,-286780.07689633965,-6199931.494527854
-520217.65033506416,8327385.407504201,39305.80750707537,7846473.564676212
412618.5032448359,-2508893.3523771763,78586.73178406805,-2017688.1173482724
584166.2966539878,6182844.818556726,87008.87029969692,6854019.985510411
566668.7231547274,188470.53017437458,-674203.6588136479,80935.59451545402
-146799.28066434525,-7869635.104018211,-8172.525087863207,-8024606.90977042
-454656.8099717479,-1515553.5295262337,490104.8260297254,-1480105.5134682562
-244828.13075151667,2082710.8254508972,-634528.3936149478,1203354.3010844328
-811495.062094003,-5255346.607335925,-820702.7884795219,-6887544.45790945
715052.1946404632,-5164800.425774276,-155828.1607281193,-4605576.391861932
120340.07041902281,-719498.5638197362,410448.81449480355,-188709.67890590988
-530854.9669755585,-12167726.547013342,57585.840936005116,-12640995.673052896
434862.1464735903,2832134.969798088,410497.1922573,3677494.3085289784
-244044.25660151616,2309433.5530028343,-165049.180404976,1900340.1159963422
-92753.94671588391,-8341324.007237375,287560.6413267702,-8146517.3126264885
-621143.7911319062,-5567118.809077978,331825.1852606982,-5856437.414949186
387242.1603794005,-8243924.867989302,-281230.79990154505,-8137913.507511446
67057.34592905082,9917600.370477915,-733265.9667373374,9251391.749669628
92313.9154462479,7789068.232890427,392984.60703700036,8274366.755373675
-487926.7880501095,1170763.1582503915,4961.380554124713,687797.7507544067
91440.92613962293,12307092.364023924,134043.76440354437,12532577.054567091
499023.40156737715,8948405.59473461,-987010.6916385666,8460418.30466342
809831.7530047148,4393458.251707494,-145743.657725811,5057546.346986398
226910.69382891245,-3056061.0423632264,990.2597893923521,-2828160.0887449216
-30262.168277520686,7067147.143649876,-425525.8522284925,6611359.123143863
-65563.52018399537,7713336.236158729,-136209.7273512259,7511562.988623507
-390943.1322044879,3594827.4877280593,-802996.8725513816,2400887.48297219
-837772.1093953308,-7747297.38455531,426763.55976738036,-8158305.93418326
194578.46199700423,-3852647.038657069,-65930.72561112046,-3723999.3022711854
-175379.446171714,-3044263.9835840464,387343.0244295001,-2832300.4053262603
-594447.0056247283,14247635.829464436,-777093.4664876908,12876095.357352016
-193528.56998105906,-1444983.3363072276,37708.880398616195,-1600803.0258896705
101630.8750041034,-2049717.21812284,-324944.2756373659,-2273030.6187561024
-369968.4700185526,12655604.083893836,-890513.6130115986,11395122.000863684
-257687.58847506158,1480690.6518412232,-506175.22497834265,716827.838387819
283542.30464755744,-4462188.113542438,-437570.2499068901,-4616216.05880177
334762.27816399746,2467275.08262527,185197.77930255234,2987235.1400918197
45944.722194589674,861680.0324168205,24180.409854225814,931805.164465636
-189439.75805205852,-4843571.532627761,-381355.4249850288,-5414366.715664849
39066.505405383185,-9588648.283496529,-160767.87009163946,-9710349.648182785
-503889.54160951637,542703.9123995304,-507105.4235105887,-468291.05272057466
10088.561017388478,-2215716.248565495,-346851.1678614989,-2552478.8554096054
-54300.28446722962,293562.46207407117,-81091.12224376202,158171.05536307953
286000.97387890145,-4512214.602019161,148780.3776934147,-4077433.250446845
285971.79431083426,2589914.896422565,-575006.6957667768,2300879.9949666224
-560186.34418099,-2970592.87840575,11532.531410746276,-3519246.6911759935
-268492.8123189546,3264875.5333579183,285859.98734922707,3282242.7083881907
197342.14359139279,2110980.677792549,-482238.2608509809,1826084.560532961
413967.62091005594,-4381297.519473374,-159527.24037094414,-4126857.138934262
-103403.96107310429,4728612.216448128,877042.0724339411,5502250.327808965
488662.2376227174,4600826.009361029,554604.2163163051,5644092.463300051
128914.9525405243,-4886937.755761236,-81893.87052901089,-4839916.673749723
108845.6503652595,-2033037.6436097622,551773.2312937379,-1372418.7619507648
-879463.5130685009,21383168.553228617,-518591.4819292724,19985113.558230843
-376480.80345000885,-2686655.5253052115,-1141193.2344241664,-4204329.563179387
458577.75989978574,6051652.61593917,-760337.9206824303,5749892.455156526
-202400.92629419453,-539533.4940658212,113444.51823347807,-628489.9021265376
-166895.32490026392,-3741294.294415295,883193.211417906,-3024996.407897653
-108316.45848375373,-3015024.5518471003,-2545.5264577120543,-3125886.536788566
-162500.1089251209,-1091447.0550220013,-513664.15349955857,-1767611.3174466807
293077.33539467305,-4451747.964019537,31382.419839799404,-4127288.2087850645
692227.9034851119,3127417.1167627573,-141691.360859707,3677953.659388162
352329.89059770666,-230641.0889313221,1293404.4864291474,1415093.288095532
433567.7573207114,-443323.39426395297,-258996.81912066042,-268752.456063902
87522.2026101835,-6946458.687170863,780058.7645388991,-6078877.720021781
-340100.84242734313,8545643.226407528,-169625.45360536873,8035916.930374816
-693190.0025460199,7940610.752656937,429333.2442188263,7676753.994329743
-435697.1563880667,-2930271.491019368,-152829.96340615302,-3518798.610813588
118683.5696709454,3393931.403940141,-116637.02843637764,3395977.945174709
-863598.5621939823,1645066.1584372222,-76356.78931176662,705110.8069314733
-66086.2390530128,-30937.69932296872,-42366.657584026456,-139390.59596000798
116473.32870562747,9142933.200285375,464875.20480039716,9724281.7337914
318622.53880829364,-10278351.1296615,40830.88428121805,-9918897.706571989
-519118.70045663416,2052093.6716729999,591225.6355368644,2124200.60675323
235028.93340310454,325187.05924770236,-952723.7038835362,-392507.71123272926
-274490.56885662675,6366207.7876625955,-388990.90538760275,5702726.313418366
624393.1025200281,7013356.195587248,-1104394.9475786835,6533354.350528592
-226769.26880169846,-343213.6900855899,-243380.8042754531,-813363.7631627414
333060.65305199474,-487419.29173219204,42582.75905060023,-111775.87962959707
98832.20132850856,-24769.76799416542,-170153.27936033905,-96090.84602599591
-272419.8733131848,-3660771.48129797,438081.3039517626,-3495110.050659392
323287.20299505256,-2872210.4773817956,1037738.1536615118,-1511185.1207252312
423907.98485853337,-3611914.7079238296,193387.7170216143,-2994619.006043682
-68005.64762499556,-4961379.226053894,-201505.0026756227,-5230889.876354512
-256783.55991885252,6692369.093071312,-354711.4675021693,6080874.06565029
66932.7374177631,8201086.53635025,112734.64517636597,8380753.918944379
126435.41895587929,7822163.389394373,-290313.21108078957,7658285.597269462
-477632.3625329193,-1160999.4059980512,-270611.31233894825,-1909243.0808699187
-930528.3095398061,-6484715.850320905,-227222.04687248915,-7642466.206733201
-355119.4647752531,-11470249.841393054,-913238.3149091825,-12738607.62107749
-670996.6902655698,-390626.6676995158,-912659.9251408279,-1974283.2831059135
-416779.880629519,-4625343.466969073,-202802.9365119338,-5244926.284110526
533296.5096512921,3926297.1100670695,-395677.88867583126,4063915.7310425304
-209943.992478095,-2553845.5333845615,-60665.042749136686,-2824454.568611793
-214206.71858368255,1249805.492359519,-903067.2607307583,132531.51304507814
-381246.97883863,14934264.243294358,-803562.6234850287,13749454.6409707
-479989.2722350806,4932393.310526162,-397327.2816527039,4055076.756638378
-255322.45265951753,6393235.155164182,-265839.22580832243,5872073.476696342
-16599.64901167527,-1491046.96304062,-494089.5346482694,-2001736.1467005648
97478.46657971665,7045660.325106323,-537418.3259518668,6605720.465734173
-131628.51252990775,6907880.181451738,-919145.677800417,5857105.991121413
804044.2813281193,-3435646.9967662096,273795.9341621548,-2357806.7812759355
228485.02072198875,-2873938.8392010927,439661.12222479284,-2205792.696254311
-431724.3727600556,-705560.8335499167,-293342.47870319337,-1430627.6850131657
-319427.3268102072,4692357.962018698,231188.96921334416,4604119.604421835
66980.89273141138,2533804.80590719,-1218940.401282683,1381845.2973559182
-309003.54790574685,-8178615.010343492,-217751.0000429675,-8705369.558292206
327301.8704613559,-10559750.475129873,540201.1731520444,-9692247.431516472
-86054.14826718904,6186104.904242039,-277792.1762909293,5822258.57968392
-264313.0170824323,-4342520.34453249,484014.740272671,-4122818.621342251
690665.0398966223,-2436787.5546605587,-31666.672018244863,-1777789.1867821813
-321425.088415619,867496.9269205928,-330454.78903244436,215617.04947252944
-230476.43578689732,4517525.376037598,-37466.2489824146,4249582.691268286
1038126.3940714747,-8442136.508327007,1387310.7502544224,-6016699.36400111
316443.3708762117,10369945.431446195,620177.7567029595,11306566.559025366
47119.455926362425,-9553579.19973895,893114.2518446594,-8613345.491967928
-310500.94805995,-13940474.728191614,-445550.4381360635,-14696526.114387628
-223450.04455967434,923011.2992764115,-372500.62199696153,327060.63271977566
-581816.5606902018,-1972104.9980043173,-623546.945880726,-3177468.504575245
-145549.28942845203,-4231393.527306557,-332296.5540917441,-4709239.370826753
525768.678807959,-11996089.688416183,-57129.55592762679,-11527450.56553585
341385.52645580843,80524.03331303596,-428103.22901272774,-6193.669243883342
-630513.3893998023,-11766902.794513494,836921.1285272911,-11560495.055386005
-76077.65761821903,-8691354.861418784,-508987.98908135295,-9276420.508118356
-495209.27110973,902980.3733217418,-882269.5259840116,-474498.4237719998
875072.6454491615,-5058926.773584098,-191655.37462601066,-4375509.502760947
454237.1566709429,-629094.9062663615,783807.9447918385,608950.19519642
-44090.276340579614,6484671.557043612,-100078.21943508089,6340503.0612679515
-463218.60342528485,889589.7066261172,-248135.08674772084,178236.01645311154
704048.0496230423,10596141.873920202,-68564.55969110131,11231625.363852143
-187192.74728455022,1090533.8737885356,-232719.72225606441,670621.404247921
17807.246895948425,7954143.515243113,-297873.8253598213,7674076.93677924
764280.4622906987,5078475.944176555,81379.80130823702,5924136.20777549
-924576.6567540858,4501816.368810087,-1063305.8760031834,2513933.836052818
358595.15101229586,-9601465.680899948,-5406.365888647735,-9248276.8957763
-468212.8742687311,-799770.7973430455,-813732.769541949,-2081716.4411537256
-104688.09631940909,1026023.3216341734,-397906.3249733001,523428.9003414642
78948.92395890132,8170468.718123138,94795.068571046,8344212.710653085
175420.9325669501,9344124.24503854,-171818.15432728082,9347727.023278208
495802.6646791585,7037877.417584181,-1025601.664938271,6508078.417325068
23025.448207769543,29958.45743969083,-644912.5636419356,-591928.6579944752
-567807.8602708504,-6136826.500407755,-434334.33583330363,-7138968.696511909
-844651.7011197396,1072459.0101508498,-648773.4217547625,-420966.1127236523
294116.48346081935,732311.9123183787,-729447.0572384149,296981.33854078315
29433.770983779803,-3650596.109763503,-23777.25159715861,-3644939.590376882
-630057.8938865066,11086239.29568404,30125.958119407296,10486307.35991694
369091.9012978487,-4689761.191441804,-18756.738913282752,-4339426.029057238
-306651.68136964366,2644507.7504502535,-916565.8888094351,1421290.1802711748
-477038.7761977725,-1766081.705809027,1141418.6031381786,-1101701.8788686208
380415.2676506769,-3490220.021377027,-642811.527179122,-3752616.280905472
-1042185.0794373248,-1931746.1441108286,-714424.4524062574,-3688355.675954411
-353458.2103856299,4256011.019628823,-198035.99775905162,3704516.8114841413
-230776.19724906422,-7001302.377257168,-1179630.8852241188,-8411709.459730351
-879558.7134212591,-1243582.047519952,-231400.00736571848,-2354540.7683069296
-472966.1186429933,3428251.496958494,-955013.694107905,2000271.684207596
63997.081371182576,5269354.095908701,-240901.18286827207,5092449.994411612
-117603.88462899812,-5635481.82172665,542124.7257852703,-5210960.980570378
113045.92862662859,3203570.306517124,-274805.23369441926,3041811.0014493335
33009.69891355559,-1303727.364878118,-256982.21863009036,-1527699.8845946528
545327.706501985,5006745.434332222,339682.9421684295,5891756.083002636
1331139.0477372874,-5560924.167358518,692318.379158467,-3537466.7404627632
249364.5590566825,-6914150.98744446,-104131.97613729537,-6768918.404525073
-79882.85332960822,5663476.350740582,-191297.36966843903,5392296.1277425345
23379.64596366696,-4860446.014549255,620277.8149795979,-4216788.5536059905
35093.50303315185,-5384532.107755244,300332.2230521366,-5049106.381669955
-521612.68486481905,-6487260.617253125,-272857.1737035364,-7281730.47582148
-122519.1077671647,-899132.0333392024,556845.8263456449,-464805.3147607222
574116.3072832674,1717063.097720027,296619.1673127413,2587798.5723160356
-451271.1194653362,3374274.924970329,-514926.305310823,2408077.5001941696
-25712.26822704263,5795475.334592044,395890.54561564326,6165653.611980645
-128438.53745496646,9469858.317019105,274658.688965261,9616078.4685294
247521.86700823717,7871739.481225282,-928994.7834046185,7190266.564828901
1108930.7382069882,2700199.4022009373,572204.683410868,4381334.8238187935
-144818.79727591202,120173.19057971239,-331825.56983566284,-356471.17653186247
354079.53764150105,-922167.3684003949,861079.2800823748,292991.44932348095
-384116.3110225629,2771211.8382609487,-790345.4000224993,1596750.1272158865
291525.3373669535,-2394933.4901537895,-270295.7755885273,-2373703.9283753633
-741104.4184456598,-3800821.371249348,-1381062.2317150757,-5922988.021410083
-496922.40518477745,-6254901.841936171,803448.5162314698,-5948375.730889479
-338649.4140924793,-1558585.3327358067,-296632.19472794235,-2193866.9415562283
-238500.0968329534,6720648.102967471,-605315.1079474688,5876832.898187049
-545836.9178056717,-5368689.027159423,-84867.38868883997,-5999393.333653934
651381.3501798026,6427362.870294154,983636.3669886068,8062380.587462563
-229540.9631707985,3506320.346348375,-36430.973759673536,3240348.409417903
232104.91934835538,4295320.5091713965,-59819.50516136736,4467605.9233583845
179622.04811640643,1020958.1590233743,-202208.5768662691,998371.6302735116
-202075.57169032656,7356026.39412868,-992980.1360080913,6160970.686430262
-430782.39340632036,-225135.38483938575,-354761.55316512287,-1010679.331410829
11909.39717723988,8469239.136172265,-50781.499310813844,8430367.03403869
685959.1795690618,-317936.43164265156,446820.48080176115,814843.2287281714
-144122.4921462573,6853472.454670787,-231244.75853227824,6478105.203992251
-626282.2015690617,10918214.324323952,596.4353878423572,10292528.558142733
-18012.760640472174,-784483.4476370811,-368203.5421978161,-1170699.7504753694
387251.3161854148,3764564.1479011774,-181665.49284514785,3970149.9712414443
500752.67529207654,5493687.410043955,-228580.20496612042,5765859.880369911
-132237.57070114836,-1319821.1369158328,-40610.33579440415,-1492669.0434113853
566221.4604642186,-407702.32869136333,12155.007979124784,170674.13975198008
-573269.3148465902,-5542176.9327434,-146971.5830752775,-6262417.830665268
53569.85038948804,-4144839.949699551,-100919.31900521368,-4192189.4183152765
155922.34691368416,-2799165.689609766,-4573.648438073695,-2647816.9911341555
325618.42467376404,-4764023.793708801,-107948.12748128176,-4546353.496516319
-179266.2093034368,26855.401228159666,-1096800.815813996,-1249211.623889273
-171404.728312172,-369021.05556195974,-195782.3574502021,-736208.1413243338
-77055.02007956989,4970578.474799514,-292239.18867366016,4601284.266046284
-85898.14940957353,-204149.8255993724,-54401.38776679337,-344449.3627757393
237449.47865800187,7565758.638558388,-1075035.4662823826,6728172.650934007
218172.42957975343,-11617825.690680146,398079.4601406753,-11001573.800959717
-105308.00153389387,1396997.9545972347,-217779.77546314895,1073910.177600192
-37868.11359965056,1145698.015238881,-422924.7637607604,684905.1378784701
-533070.2642923333,-1254614.326329708,276999.8467976004,-1510684.743824441
-20984.59761212021,-6704562.712588757,531928.1111660972,-6193619.19903478
-346719.72449042834,4257183.422267795,-416201.0802075267,3494262.6175698396
184406.94650947303,-8327412.25737229,-128122.12169920653,-8271127.432562023
-316782.99675125256,-9066381.17596656,-131214.70978356153,-9514378.882501375
-119615.17355086096,2650308.0458741784,-21802.47502669692,2508890.3972966205
532604.9426184185,-9839393.132642686,834887.811043106,-8471900.378981162
729210.9449394904,-680247.3768292665,723350.3159665316,772313.8840767555
833950.5798806436,9687518.176783025,1253811.4744407237,11775280.231104393
-317104.97946805507,4483370.7592121065,-78535.38865619153,4087730.39108786
157996.61506713554,3152736.133207023,-1108937.5816678256,2201795.166606333
-255006.3801401332,-2277189.2217217386,212001.00161990523,-2320194.6002419665
177532.19897220097,2496779.297771156,-75141.54547871649,2599169.9512646403
107372.63319181465,-1867692.3080685735,-590977.8335352018,-2351297.5084119607
-440000.03592604026,7301829.241612554,640328.7853499129,7502157.991036426
-345066.101612268,-3887359.2842041254,-341611.20165003836,-4574036.587466432
-222293.9892274812,-1875727.0253378153,-1335067.2760109156,-3433088.290576212
-437915.8740637358,14992540.287378728,-596278.4788363576,13958345.934478635
25159.363405765966,-1620127.968537718,351915.256805256,-1243053.348326696
102694.41816306487,1424123.9741632342,-1173119.9204289913,353698.4718973078
1014556.7965039201,19045.16634440422,-617386.8047570139,416215.1580913104
-199709.41779969446,-6270799.569275558,-303807.62042461336,-6774316.607499866
34765.967488609254,4374555.536486417,-614369.326164797,3794952.1778102294
481957.9633729141,-9880708.789391428,-185483.10321190953,-9584233.929230424
357061.9274231158,-4396201.829617143,368904.0416450873,-3670235.8605489396
343878.5794841591,2272044.7922607064,192173.87421689928,2808097.245961765
-2063.585618555546,7717067.509051025,-60303.11201541871,7654700.811417051
-1308206.72617203,2185261.413687229,-97336.12140528858,779718.5661099106
168944.55094671436,3103617.1524154544,-357751.81274875253,2914809.890613416
563258.6807050817,-6251131.972458512,264006.00891555846,-5423867.282837871
320204.9537913501,1692860.4780004025,-186981.4768556431,1826083.9549361095
679275.7539964467,114718.90746945143,266080.4343580678,1060075.095823966
-141887.43095912784,4631823.690462232,-404265.3417592123,4085670.9177438915
91112.1075162813,-4693426.69462949,-688703.4095665142,-5291017.996679723
-996785.3964864947,3954627.948099971,-482150.38034079224,2475692.171272684
-740641.4298924096,7628065.8001495,-1185212.8484700024,5702211.521787088
229620.67862582766,2958309.88057518,186233.44421631098,3374164.0034173187
617667.5342905745,4845553.444439799,-257140.34472613037,5206080.634004243
-229937.4723174125,2494577.5107703805,-888294.2761103585,1376345.7623426095
-1115611.5813236553,-4948382.969864935,-468230.18201960623,-6532224.733208196
178561.3306649644,2801680.2582372725,838546.2643381953,3818787.853240432
-537616.6375403479,8712582.917596042,-1007596.4395819902,7167369.840473704
609571.9228137359,16215807.721679807,58343.93956147134,16883723.584055014
481036.11816715635,-736456.099289298,77453.10730629414,-177966.87381584756
55615.960357651114,1447347.4672850668,-419605.7192533165,1083357.7083894014
-121573.44048805535,-3535172.1222304106,-201090.72735217214,-3857836.290070638
283830.91014329344,451175.10940411687,83666.59729681909,818672.6168442294
-416321.2521824781,-2460457.885821402,-612411.0097666532,-3489190.1477705333
-109426.59849326126,-2426483.0783872902,-629768.1328486875,-3165677.809729239
-239122.9799789749,913602.7842052579,-690502.8520136699,-16023.047787386924
563195.3929620329,-8712092.838435471,-278214.2954907045,-8427111.740964143
522015.0694381613,4898472.1198250055,271928.90159346163,5692416.0908566285
121597.73597779125,-473554.9521151781,191178.004469648,-160779.21166773885
-20379.357951099053,1291113.3319477737,-132108.3810056895,1138625.5929909851
307350.06240574084,2292029.809610188,-409655.72611501813,2189724.1459009107
196219.0327045489,-7705233.901481986,-227157.98682032526,-7736172.855597762
-135304.61410194822,-2672450.909991473,-298423.39534826577,-3106178.919441687
624315.1104011219,3172803.5536680818,119337.28799817711,3916455.952067381
-463843.4671317078,3824759.338342011,-567721.1421305835,2793194.7290797196
63965.236166866496,1527662.3418935537,-40049.71316340566,1551577.8648970146
-374945.910808824,556007.4928879142,-517547.19330373406,-336485.6112246439
-288543.4817693364,1326124.6833959222,-258742.8223863095,778838.3792402763
89525.70329638943,5165841.674647421,-96690.0175382793,5158677.360405531
485190.8128427956,5103538.623472571,100767.56864976883,5689497.004965136
29244.812386773527,796079.051386565,195898.0428557247,1021221.9066290632
-746093.3942736555,4918679.4329175055,-78223.66745483875,4094362.3711890113
56645.60256035626,-3960378.9951629043,417162.4506543577,-3486570.9419481903
-225970.7481502965,-1405499.3905194998,-645523.3316740468,-2276993.470343843
-263887.7717715651,487875.60120621324,-207058.82889300585,16929.00054164231
-268780.7644216288,5673015.104067475,-499718.9442513734,4904515.395394472
-220367.0466903597,-6453951.604543626,375993.18074193597,-6298325.47049205
94610.9058456663,-9180329.646268964,-630140.900086686,-9715859.640509984
122051.44367407821,1376291.3829919696,-341469.3389090225,1156873.4877570253
-542478.2152622081,5728792.9356790185,-980601.5891672447,4205713.131249566
141446.13388112374,8359963.054045498,-510065.86901396513,7991343.318912657
-107506.04451960325,7694009.473059744,-147034.2611875236,7439469.167352617
-296185.49963033386,-4343448.385343254,-121824.71651442349,-4761458.601488011
-177924.68441412225,4853274.996771455,-325154.5555619672,4350195.756795365
509709.00673440285,-5984728.469218612,-418204.0135275349,-5893223.476011744
-307809.03791444376,-7676778.648219526,-583924.9479460716,-8568512.634080041
-103214.65745514631,-3335914.5361887217,-123638.34601521492,-3562767.539659083
-369528.76312608644,-6433586.037922442,-1099090.117560193,-7902204.918608721
-1009380.1811348628,-7366152.078568667,-1301689.715028435,-9677221.974731965
-1031496.9817160275,-4260961.744217962,-1312932.6973030493,-6605391.423237039
-861260.7623088695,-4141994.390857339,-126785.68031479418,-5130040.833481003
672801.7134597506,5162512.937737465,-301495.69970548153,5533818.951491734
-416524.84628323093,4167108.8503371775,-869093.5208662227,2881490.483187724
-311262.7739797998,735364.7939646244,-145093.05633097887,279008.9636538457
-293344.1298240628,-9440305.320584506,202280.23379754275,-9531369.216611026
29047.796201314777,1099580.7611789703,164668.4682257995,1293297.0256060846
220.59624627046287,-3061360.4558879137,-774066.139300257,-3835205.9989419
-575742.2583935335,6946244.914508194,-103925.81480889022,6266576.84130577
-643457.6145583242,-948069.2032068372,24796.43239106238,-1566730.385374099
311349.8590909131,10285510.782522917,-45264.91389390826,10551595.727719922
-121440.86658870243,-72479.42651867867,205997.24256931245,12076.949461931363
125922.38962836005,3947517.1655207872,459381.03017011285,4532820.58531926
-665411.7325843517,-4960941.322660297,-1552344.4376499578,-7178697.492894607
455129.5498019215,-881714.5890829861,759205.6117037162,332620.5724226516
-233497.2040205337,-4764843.581467867,223958.09599921107,-4774382.68948919
-82927.40662683174,-5735919.494917512,-85805.98331487179,-5904652.8848592155
307189.39043661207,7509232.060727507,201002.38158416003,8017423.832748279
-92481.98139790632,2233414.9182703495,222210.4726121202,2363143.4094845634
295223.0189153366,12898045.165558994,-547952.686305359,12645315.498168971
342251.34414640814,4981264.617610097,-276724.77622979134,5046791.185526714
756656.050834164,10162183.927371442,258204.35146027803,11177044.329665884
749152.6491184179,-11062284.72499317,262718.14716845006,-10050413.928706301
65134.02383950725,-6836187.947930425,-932510.2880419642,-7703564.212132882
-233144.02532918565,4071781.650259614,-149403.3478473425,3689234.277083086
453290.2178699691,158794.2842631936,841080.8086812347,1453165.3108143974
-728132.5967992805,761181.8500924706,-578512.6199858338,-545463.3666926436
-411683.2163381204,6717412.406861901,-354661.0232426077,5951068.167281173
386063.80245646276,-2083847.2679860592,354569.67006130517,-1343213.7954682913
6183.055551897734,20333977.932828873,-923520.3825074807,19416640.60587329
-650308.2834673654,-1176351.1016531885,-1021914.0866201371,-2848573.471740691
-361267.23442892544,-4612147.010572851,-860338.1635409892,-5833752.408542765
-115385.20378040895,-3230271.31718874,-457204.4778375551,-3802860.998806704
-153343.87671516463,8564079.547007024,-528240.6840625927,7882494.986229267
858388.45155048,15138.79669123888,707830.9544301555,1581358.2026718743
861887.0525352843,2260420.9365139604,-39147.330935679376,3083160.6581135653
1059060.6828643866,2969837.1798319817,-217196.2204560563,3811701.642240312
-232700.7642717976,-454740.47843149304,293324.55890286714,-394116.6838004235
398159.6989449933,-290170.8803560734,650868.0712102205,758856.8897991404
401774.38939145394,-3888656.2211837173,882959.9122617841,-2603921.9195304792
-729700.0042695254,1473139.812249124,564479.0209802911,1307918.8289598897
-11100.827541371807,4006669.559807658,-1214088.3232946023,2781480.408971684
-420248.2586983666,-7155870.444045544,-302844.9621682167,-7878963.664912127
-324267.4766485337,3604152.93982625,-1333.5878893584013,3278551.875288358
-531501.3067072313,-3349593.5875005126,-59668.929431930184,-3940763.823639674
-231852.91922998056,-3006446.5120964646,36626.241615608335,-3201673.189710837
-340619.594492374,961317.8781737387,-675143.9901396111,-54445.706458246335
-282807.0372252036,-1816291.4903874993,-435299.0445524454,-2534397.5721651483
-974894.9415683486,4855396.701516539,-1578461.153099984,2302040.6068482064
-68249.3710200619,1991630.0294510722,396287.28090953827,2319667.9393405486
-255555.4428762868,-4777765.325787663,-994085.576262638,-6027406.344926588
16747.42024384439,124593.4070584178,-523055.9654534161,-381715.1381511539
102459.7354721576,6423675.48764208,337990.08071786165,6864125.303832099
244950.65833436325,7684611.392922759,15501.280220240355,7945063.331477363
-1543.314451387152,882020.2638392448,456044.75305116177,1336521.7024390195
-944427.281964805,-4665777.72812143,-304924.74312529713,-5915129.753211532
338491.0119443834,14042129.938680321,509818.7809628695,14890439.731587574
360012.5707497988,1370196.3436325192,794842.2360204458,2525051.150402764
-249793.31974925846,-613458.2452112436,-1024420.7737285793,-1887672.3386890814
-615993.1713034343,9656891.777535439,-752558.8249726892,8288339.781259315
-179238.63977494836,-10709614.067840874,46423.32561926544,-10842429.381996557
70097.11247313954,4194492.64777267,481753.68120385706,4746343.441449666
122188.7360381633,-2621792.989015788,-107438.54637298733,-2607042.799350612
510342.3264915552,-111060.61788862944,118317.5033339113,517599.21193683706
-189068.71817046776,-2536446.0303093493,239823.89873094857,-2485690.8497488685
-91408.93134930357,-1124942.3467888236,1465528.3819826469,249177.1038445197
145631.25297095627,2522319.8216707706,571573.3867797405,3239524.4614214674
-441727.6359876171,1730838.3673818707,-271335.93818395585,1017774.7932102978
-54189.13649432734,-8314003.4203415215,-285250.9097818285,-8653443.466617677
-285722.2260078117,1228911.0103591383,26932.986365407705,970121.7707167342
-148295.2900256049,5972417.539332032,266988.7667543888,6091111.016060816
789310.9108656291,2456042.4868451953,845198.5390751287,4090551.936785953
197455.69641121663,-1644944.271351099,-111566.17058445513,-1559054.7455243375
580807.0999305584,1762764.7507401109,69149.56393174082,2412721.41460241
28481.90549497865,4038389.092793703,107827.276915133,4174698.2752038147
-128381.18217363954,-2162956.3633612096,-966640.9696996287,-3257978.515234478
-491052.25233257934,-14783729.770084798,-131953.54730810225,-15406735.56972548
-645670.7210959122,-194287.3551711738,-1248364.54654143,-2088322.622808516
392078.9990577251,-6569595.9308389425,295594.7228017226,-5881922.208979495
314347.69164160825,2126978.859724343,484293.543539539,2925620.09490549
-12811.16630585678,6189281.431072384,-267760.54529792815,5908709.719468599
-2173.5203383434564,-2067997.372285068,-257812.1454031989,-2327983.0380266104
-488901.074457014,-7562924.709535003,-244620.12783265114,-8296445.911824668
-101828.63648987934,-6055623.421954751,396557.132844083,-5760894.925600547
363663.5017315764,1256384.0662731528,-659845.5353436396,960202.0326610897
-188854.98645618,-13056686.221866965,297824.4690280184,-12947716.739295127
-386161.21622972935,-2036724.71114856,46769.784031786025,-2376116.1433465034
-573400.5881514121,-5143179.363631338,-372603.17929044366,-6089183.131073194
-1181484.9957131967,3301439.606497884,-1485990.848576799,633963.7622078881
261800.74473589286,-3313378.8093344867,33565.90524139255,-3018012.1593572013
-224669.89151404984,-5649881.068235993,-354372.0716317296,-6228923.031381773
-263879.0721120499,-6332420.476127386,-678925.3835523129,-7275224.931791749
-478852.27166955546,1028725.4358652234,-577620.7158947885,-27747.55169912055
-866191.489480149,-5986961.999035418,-1039177.7587853521,-7892331.247300919
166187.84181493148,-5172892.00632146,-850674.6052017212,-5857378.76970825
133490.8462145254,318332.8766477108,223486.0900663212,675309.8129285574
203222.73626398854,-9527680.820797384,178319.7465074435,-9146138.338025952
177962.5087095052,7538138.734658062,-226091.51686077565,7490009.726506792
146204.30087424442,-782019.6229107678,-592537.8811638355,-1228353.203200359
-93013.11952904053,-4066534.317200899,102801.12988598645,-4056746.306843953
-687053.4540778734,8375869.10317564,-789157.8056615591,6899657.843436208
-208465.42045976967,-2716759.4479450583,165412.77365876734,-2759812.0947460607
648338.0699098948,818551.5478747487,473248.44386677444,1940138.061651418
170879.23397973925,-2388717.296533942,252469.11057463288,-1965368.95197957
-142685.07626452297,546922.7070527077,420613.7197318971,824851.3505200818
-575062.5124249645,-4025848.648186505,-176344.0385298133,-4777255.199141283
1076857.579738807,-4342382.28259626,276768.39121091366,-2988756.3116465397
229564.2064418532,-3932147.2464929223,-552340.1870289966,-4254923.227080066
155761.75194598176,-560980.2121596336,-195566.96980026364,-600785.4300139155
-141682.0922909379,-783307.7184713483,-298277.08648019284,-1223266.897242479
-217127.36248277873,-4726120.514132738,256422.66406258196,-4686825.212552935
-355084.31765245646,8088151.848354936,-953939.1926370338,6779128.338065445
-26280.39289627038,721596.1180697083,-319910.6734714359,375405.05170200206
350950.2361767888,823510.5619078875,321354.1260821745,1495814.9241668507
-491513.88394806534,-3581586.433804333,-327699.1047897786,-4400799.422542177
-559997.0489638299,4661757.2440238,-1394226.632458195,2707533.562601775
-190377.24913206883,2848220.5651640594,1188667.765139848,3846511.0811718386
-421864.89199138805,-1280880.5372734666,-601186.6676937863,-2303932.096958641
-79597.54116835259,1520488.8969045281,-151774.64320243895,1289116.7125337366
-188351.1724729389,-3738126.401060343,69326.00820569694,-3857151.5653275847
-472421.27610035986,-4192932.8109895885,-206298.13680317998,-4871652.223893128
-287689.8931117989,-1100515.8524236083,-489940.9943181351,-1878146.7398535423
-604821.5820132233,-533141.676676631,-579415.2819801047,-1717378.540669959
534991.4610711932,-2177025.9755590856,16680.61359797418,-1625353.9008899182
-247193.71583807282,-4170855.0586462617,-605318.1264951378,-5023366.900979472
197161.70618422702,4487190.8055766225,347983.49206995964,5032336.003830809
-178136.37014924362,3252923.2562351227,-468565.09354406595,2606221.792541813
-52790.87760218233,3045265.3177420497,-231002.1034571454,2761472.336682722
-463364.7604839392,1146622.8949691653,15776.545425243676,699034.6799104698
-118960.8749043122,-2251535.9670703113,-246521.22424585372,-2617018.066220477
463625.08696155064,-3142114.78734076,156116.12104469538,-2522373.579334514
428183.28568723425,5043683.649094999,-15005.435656026006,5456861.499126207
74990.64459289983,-2107759.513867438,144831.73718681186,-1887937.1320877261
-442812.2822548058,958549.7699556947,-7316.767222262919,508420.72047862597
191729.0411815066,-10619096.928335726,544025.2518216819,-9883342.635332538
-397355.0737728439,1906603.6554124951,-724963.3528328985,784285.2288067527
399182.4939512126,-7309883.76866594,-532813.2226343304,-7443514.497349057
307155.75558410026,-176931.07960680127,-317212.7742183134,-186988.0982410144
531436.1908607893,19112961.73190701,460451.8812026754,20104849.803970475
478626.1123152487,3316768.5855624974,-171728.00370188057,3623666.6941758655
-356960.7487687506,1525676.9073121548,-365369.9288701564,803346.2296732478
1044757.1442255098,-2404080.0919546187,306409.60598421097,-1052913.341744898
677989.8686479554,-4466268.248739839,-602093.4512498081,-4390371.831341691
-7575.046061836183,2164857.0822275877,-280823.098853983,1876458.9373117685
55009.26923971996,-233818.94080603123,130926.70220007747,-47882.969366233796
673240.0627516881,-1378289.979905665,532186.226544492,-172863.6906094849
231352.58274119906,5497507.35389322,1119875.0317631885,6848734.968397608
196434.6938771028,318845.68366128206,-546651.7527538687,-31371.37521548383
21126.44171369262,-4446035.202647895,-1264642.8123180643,-5689551.573252266
-266103.8480152674,2560379.5092113614,-292222.50283723325,2002053.1583588608
297645.79980430566,14885725.449701846,842869.9800593406,16026241.229565492
106230.63523974456,-6096097.882674605,346674.54459350556,-5643192.7028413545
-388833.33483995683,10502450.37612325,-342378.05573747307,9771238.98554582
272523.2860356588,7165930.3967657685,422677.8962744102,7861131.5790758375
183919.51094754972,9464902.21316412,-592846.2958060578,9055975.428305613
575294.7002263367,-10100102.253687382,654055.427004613,-8870752.126456432
-301230.2553659715,4034549.8345359266,-136255.91495390236,3597063.6642160527
520860.9792304002,103238.60168108344,-180276.98707514256,443822.59383634105
577021.2280610055,4283162.529589802,528632.1048166677,5388815.862467475
-100422.12310227193,1953695.9815036952,122626.38806265593,1975900.2464640792
226435.5574218072,-1147460.8041003942,299358.2379804328,-621667.0086981542
-380548.7562877275,572339.1671628952,-186410.95485168695,5379.456023480743
-519436.8405159544,-1454319.717648387,-1029031.469380267,-3002788.0275446083
1132474.0909031872,-938547.9047462642,377932.4895628616,571858.6757197846
374956.6346672457,-10040558.501788825,-376141.2240124941,-10041743.091134073
-890434.5091235526,409801.3682900071,-187428.4749391526,-668061.6157726981
-151906.12335553207,-3515646.598275095,330406.81606387347,-3337145.905566754
244024.4596405942,-3746255.0900596976,-301487.39572927356,-3803718.026148377
-89624.77916297317,-639534.15414083,-273397.08585113287,-1002556.0191549361
-595318.1620807368,9022973.95204258,-1600661.138792634,6826994.651169209
-355309.0446480997,7556914.1329526305,-256681.34104087204,6944923.747263659
127309.57057102956,2091086.4814803004,-780524.0558849126,1437871.9961664174
480482.8572988268,2663962.8636491895,904138.9353091791,4048584.6562571954
708515.3063025549,-3751698.820856869,468271.43657669425,-2574912.07797762
235428.57487137616,6792.587152302265,-369408.57046765834,-127187.40844397992
-375114.4787463192,3821695.5162141025,170953.91450800002,3617534.9519757833
293757.54582758434,4841146.217885971,-132806.75936271995,5002097.004350835
190727.81954601035,-167520.47184222937,-401309.84743092954,-378102.49972714856
-439583.9645836726,-1832672.1076193452,-107437.49966974556,-2379693.5718727633
556633.3699329831,5795820.6231969595,-257116.5428577587,6095337.450272184
-239339.24397598766,-801550.973021388,-436804.56748239696,-1477694.7844797727
-22875.42037763633,-4528350.329111099,-176919.68900013715,-4728145.438488873
-78989.46442047507,-725539.0837900043,-726010.6735013798,-1530539.221711859
-341746.96209266037,1382907.7891327739,-789805.1402803734,251355.6867597401
-97098.83388023637,-2276415.0514546633,-188198.1009068191,-2561711.9862417188
60895.108525078744,9785939.49173811,-923482.3135046884,8923352.286758501
226887.6178820394,-2615299.1277522445,160504.1271268651,-2227907.38274334
-139488.84832718037,4684464.550584197,-16998.351437613368,4527977.350819403
-506749.8342103958,2275652.1904098988,-1681034.4661068246,87867.89009267837
-312117.25395923667,2435410.422679484,-667450.1441578865,1455843.0245623607
397895.1189500429,-4654911.609864414,727884.8149311095,-3529131.6759832613
-372521.76369592175,4054558.622309923,-409633.635661833,3272403.2229521684
-660059.2801280469,-829569.6978318095,-278815.7513819337,-1768444.72934179
90720.0415093191,3116885.183390647,89301.71032694727,3296906.9352269135
-57123.20228219777,9748537.118773282,208166.6345377043,9899580.551028788
-257167.32490308583,10266180.696757972,-672153.3668367714,9336860.005018115
759.6727245319635,2103385.0714122653,-189701.2471994236,1914443.4969373737
-305753.08145737275,-4391717.17252937,-470010.0774043873,-5167480.33139113
208958.58663234487,-3707907.328456342,159512.70847941935,-3339436.033344578
333758.4513424784,-2335876.589222133,148145.74504265934,-1853972.3928369954
-700585.3831575103,-4676119.373766482,-527966.1918180212,-5904670.948742013
-201189.03114874475,-6015724.247692555,-12980.117338478565,-6229893.3961797785
-690737.905114565,6103054.914773285,-653498.7658745497,4758818.243784171
-433243.7623013016,-2167085.12887305,-386222.82125769556,-2986551.7124320474
344489.47222460434,604062.0959042907,169699.92054191977,1118251.4886708148
316554.58815417066,-698423.3127630353,913469.6671431586,531600.942534294
-219882.06899842806,1405871.9016535282,456703.7021859586,1642693.5348410588
334355.60901491344,-3043583.040970266,-71181.24091897905,-2780408.6728743315
333090.17893559486,-4975526.761094987,887709.5413801968,-3754727.0407791957
-27232.217493649572,4460046.064092398,-730618.394247055,3702195.452351693
247034.13374116458,12311587.213870406,689072.4668592364,13247693.814470807
-270973.49923334643,1304624.0303708613,55322.70027258247,1088973.2314100973
-419352.0348827783,-5832105.8019245565,457611.68635196984,-5793846.150455365
-756151.1487687975,-2056028.2147698104,-567502.2953216955,-3379681.6588603035
834862.0936055053,-2045555.6790136695,-119636.47415713221,-1330330.0595652964
-288694.0665622931,3015105.9536350965,166670.4151987359,2893082.3022715393
-788742.3065804187,2032472.7004102468,-616258.5397858173,627471.8540440109
-44726.278841236606,-4936452.016409963,142923.982131131,-4838254.313120069
541227.0215860829,-12177418.749714434,-220636.63911885768,-11856828.367247209
-232730.70937921852,220020.3347055316,-492091.31098021567,-504801.6856539026
268479.28563321196,8619364.689165145,307357.6116314754,9195201.586429833
-183935.06583134457,-1310299.887481451,134499.67769355327,-1359735.2756192423
346186.9238066524,1092252.5340744257,-307273.6394036189,1131165.8184774593
341767.10206922516,-120121.38579821587,-953132.7194975913,-731487.003226582
-372226.51509693265,593338.3942504525,-965823.3724046499,-744711.49325113
-519633.286971068,265547.71359458566,-837107.2608408183,-1091192.8342173006
96100.46720835567,-3793271.3213042617,-1215828.6653559431,-4912999.519451849
75518.41303733923,-3800264.9787878394,524749.8067077324,-3199996.759042768
-497414.0819280222,7199911.493888259,-455698.28512497246,6246799.126835264
70741.19034519233,-3764053.1312116086,-529141.3877224177,-4222453.328588834
-216922.23223865405,-8490149.554550648,-70218.13039685786,-8777289.91718616
-420289.83063644916,6080806.064250231,-670549.5430385023,4989966.690575279
-478702.4536136631,2965561.219534725,583062.6381600797,3069921.4040811416
-193635.86459230073,-5440617.606757671,-41132.72385469079,-5675386.195204662
-66798.84915659949,-3263062.0165411234,-272014.97058719397,-3601875.836284917
799421.7137964424,2929000.381885588,-159358.28638079762,3569063.809301233
-394464.90093185194,3934063.471187353,-435338.2651322782,3104260.305123223
72005.56152812578,-10526521.504242003,360643.7557363063,-10093872.18697757
127142.57441503555,-9229137.301686406,962349.5693857297,-8139645.157885641
154076.00020670332,5931470.574102819,-11896.000785753131,6073650.573523769
-108453.35653615557,493825.87823331356,877153.0107540935,1262525.5324512515
107338.54620094784,6668423.524030566,585497.0638962612,7361259.134127775
360227.3844147399,2484025.645441711,-692628.4264450371,2151624.6034114137
-330106.1042865515,9421570.485454261,-1183504.7875839025,7907959.593583807
-225055.32730111666,-7964935.887066901,-24500.106368675828,-8214491.320736693
-663689.0280970912,1112876.475062251,-264955.207244277,184232.23972088285
-367591.10056575015,-5216217.990529865,218793.65080687404,-5365015.440288741
215516.53508178703,4292701.48721385,230022.6491293162,4738240.671424953
-189190.5547093656,13136188.516289562,-18983.577262237668,12928014.384317959
-148581.89607958496,-13757298.969916463,306962.6406263709,-13598918.225369677
-201868.8161949739,-4165016.9221844077,-1056569.88813892,-5423455.626518302
654843.1257588007,1817011.870286405,504962.21017473936,2976817.206219945
-282858.00595847145,9593674.19651267,-36128.548016652465,9274687.642537545
-200500.02032135427,-788949.4305266738,-124369.70010837913,-1113819.1509564072
-348621.2033571042,-3531341.3483086824,-944753.7582867816,-4824716.309952568
-370988.0479166396,-277218.3154640794,-441685.1723134592,-1089891.5356941782
533325.8090921715,16149380.223396719,1188994.8521266803,17871700.88461557
79206.22611128353,382221.193544507,307829.9396048337,769257.3592606243
485762.9281267356,1084214.2587189972,195989.98033308983,1765967.1671788227
-389987.43416530266,-6141309.690638959,-1321161.9212178513,-7852459.046022113
5404.802164433524,8437683.303450137,-1085594.0103684515,7357494.095246119
434127.2885981649,-2897443.2661750913,113410.94827228785,-2349905.0293046385
94528.09059121273,-945546.0928678215,-953897.0714811385,-1804915.0737577472
-19488.840010929853,680795.0295155048,-321049.6915607825,340256.4979437925
-427987.87550294213,-669768.9852468967,-354331.2763709724,-1452088.1371208113
-116799.3097346574,-7723276.014444679,-249944.6168255508,-8090019.941004887
678371.6094288807,292457.8013880849,267495.83939403296,1238325.2502109986
-408988.62662548944,-8720149.453587174,-64898.55885057151,-9194036.639063235
-740956.1229476128,-5739638.805661619,-548745.5889822394,-7029340.517591471
-63857.90858393349,-1483912.6942415833,260206.1648458615,-1287564.4379796553
254173.2752331905,-5301405.9074274,162190.32666359097,-4885042.305530619
234384.95431462862,-3452824.2515467703,472010.3936820403,-2746428.9035501014
470476.56028979644,-319468.3998030722,1641436.3587506711,1792444.5192373954
-46752.09794334136,-10549146.862184465,-149805.8450955227,-10745704.805223329
27560.80340381153,10853665.165874213,-421149.39372874796,10460076.575549277
125539.07259953581,1796510.7474281192,-664541.0655549988,1257508.7544726562
-133836.72562159598,3172330.9174990654,-449258.9843490422,2589235.2075284272
-346033.6873423904,-8912741.310752153,-215677.72644423693,-9474452.72453878
43160.95609721169,11091150.26073414,-216334.1110129431,10917977.10581841
-968168.3818788044,-8735424.197755992,-856971.2044807598,-10560563.784115557
242222.59514896944,-2666871.375004649,-786170.6410699934,-3210819.420925673
-215258.6804346647,-809558.8451799452,-737308.2085137293,-1762125.7341283392
1003361.5995669216,-9520590.1742014,1572045.9712784067,-6945182.603356071
599593.8401823714,-3047399.407905638,1490524.8260076642,-957280.7417156026
-832476.1212668642,185316.3973789513,-606091.7996201962,-1253251.5235081092
-368492.7623320408,10266212.245125473,-257034.94892716408,9640684.533866268
320663.5602158103,1753114.824158907,12853.128799542785,2086631.51317426
-654410.3593907785,2803997.9503086805,359382.1006543115,2508969.6915722135
411614.75662779063,-1409177.2826230526,708726.4780217707,-288836.04797349125
156967.9081151858,566775.0612223148,-387590.29842378944,336152.6709137112
-653532.7964262031,-3286280.0806559026,198875.6307284683,-3740937.2463536374
-277227.59306046553,-3145859.638717741,498558.55729570985,-2924528.6744824965
503961.4624928143,2282275.713794589,-280651.4035234526,2505585.7727639508
283940.5130736474,914454.339808464,-440206.1546758339,758188.6982062776
232056.48321763426,10771611.69663304,371441.5387610644,11375109.71861174
-315608.0853112973,2488780.2807145715,205980.6498754844,2379152.8452787586
595045.4564545974,-1345.0797682404518,-31234.21248804778,562466.1641983092
398385.5294431839,-2864515.9368136823,543060.5339404941,-1923069.8734300043
11080.097290964797,1917851.3665644526,1245680.5327209234,3174611.996576341
-296259.46748673543,13769531.08690399,578884.972454682,14052156.591871936
166600.33384252526,4385510.745108962,-175461.61289045215,4376649.466061035
-656978.5126568638,-9200968.90783,-612883.5159193501,-10470830.936406214
60894.50741075352,-9569936.900087297,497961.7479971424,-9011080.644679401
344205.31461362727,2072948.3610998988,432407.9783411175,2849561.6540546436
380605.81471318565,2329.9366226494312,671341.9674813896,1054277.7188172247
-219195.559889365,-7446658.487319291,147259.5437129587,-7518594.503495697
-343317.14135697484,-5503594.83002454,33269.73210002482,-5813642.23928149
551396.3987143282,2856593.2797079086,515779.74212160707,3923769.420543844
153167.8553674966,-4984785.799369395,-381567.8265435174,-5213185.770545416
-357544.4856512919,4883846.253324807,-644515.1282357424,3881786.6394377723
-65097.52427608147,3897743.2529096603,-63609.387922763824,3769036.340710815
12732.174978867173,712413.0299147367,-1052421.9416652843,-327276.7367716804
-199943.75773537345,-4957823.182995915,788738.8719347566,-4369028.068796532
-529811.6973233595,-1523498.5569443703,132795.92743368447,-1920514.3268340454
-672959.4868444931,-11555090.39275968,269006.6360384822,-11959043.243565692
-257892.80557058193,4149037.9968361855,187323.5168673545,4078468.708132958
-353484.6313977055,-378902.0557550788,-229254.5426741913,-961641.2298269756
-150759.79881999455,3241792.9815565348,-429009.63195375353,2662023.5507827867
854459.0952943619,-670182.3072173595,787531.2792847827,971808.0673617851
-204301.02501942962,3767813.5806894004,371540.6483840123,3935053.204053983
-85995.83723398857,-1984123.9182569385,741919.9388382509,-1328199.816652676
-310.898839879781,4580481.278009266,445004.35539995134,5025174.734569337
561066.6362788025,6752771.022361338,-337451.1186392978,6976386.540000843
189115.57971895672,13809311.08190167,426307.07633917034,14424733.737959797
-365611.9988311641,-5045236.266846299,-551215.1076844484,-5962063.373361912
574079.5431398973,8240080.945465118,325214.8124253303,9139375.301030345
-268770.3557614833,-2224105.078499019,-216923.0679954812,-2709798.5022559837
-296798.1179964319,16056188.151511252,114817.86238192022,15874207.89589674
199943.79534787498,-4745597.878988355,322408.74969269335,-4223245.333947787
-120792.5867988728,7542604.449718118,48295.76456698775,7470107.627486233
315206.7426525373,13001754.16906485,-68568.39560762793,13248392.516109759
-345131.15776226297,-4833590.675727069,304752.3117638305,-4873969.521725502
196349.1641812455,1354942.8906446993,425604.95305711776,1976897.0078830626
261095.29237007536,8826244.625703871,939922.2116062716,10027262.129680218
-598433.1959557068,3801803.7856671214,240680.79923036695,3444051.3889417816
3883.8608570098877,578090.7699670196,-543961.4630879313,38013.16773609817
401280.66813752986,-2715858.7091275454,225360.50527761877,-2089217.5357123967
452353.0041826889,2020029.109867245,-182773.64311344922,2289608.4709364846
-897760.5715372022,3770714.214495003,-1291859.3069562614,1581094.3360015396
-707248.3847112767,-6210082.037153959,-576441.0489424542,-7493771.47080769
-25993.926191978157,2214625.975677997,-1351427.6836456656,837204.3658403531
44398.79327891022,2394979.678548515,-229783.00810620934,2209595.4637212157
215259.39433299564,5710142.614278138,-833936.2126522362,5091465.795958897
-4407.428642401472,-5099927.912398994,-960874.1636347771,-6065209.5046761725
324197.55738413334,-3460062.940761864,-516847.3783623278,-3652712.7617400587
-211442.22375856526,3539192.2862896323,-294239.3756771982,3033510.686853869
-449483.22672917694,-6082619.537076294,-1359429.029882349,-7891531.79368782
1171413.5603742301,-637253.5911118388,32720.52308177948,566880.4923441708
-153563.2315395698,1338913.4556696713,9909.605801671743,1195259.8299317732
-232678.44849405997,7447511.2499732375,-577446.7304378599,6637386.071041318
-207939.7540035788,4604757.511760533,-872679.7518874854,3524138.0058694687
544165.2661692463,-11147152.912966788,204865.92903018743,-10398121.717767354
-35852.756837202236,4575552.275067449,199229.11113583297,4738928.629366079
-193506.25168159977,-4500905.440386534,297648.2136022672,-4396763.478465866
-104925.8415098209,-8302914.971654296,161532.87256904691,-8246307.94059507
-291775.0464854948,-10934965.643101335,-154204.185521394,-11380944.875108223
458749.63672435284,-2552304.508424759,-770186.6301996559,-2863741.501900062
-1181.8493038173765,4380900.773782879,359477.2376932949,4739196.162172357
-71062.3265234977,-10860179.868030608,-543739.4099815786,-11474981.604535684
-855236.2668859232,-6575277.3417336345,329347.73404396325,-7101165.874575594
-239234.01004365645,3359100.688053131,-466929.9036222026,2652936.774387272
-638675.6200975999,-710807.9445055425,391857.21119208634,-957626.3534110561
98287.14764143154,-6444833.90299052,-488573.66602671146,-6835120.4213758
396290.7057575751,4016808.9589878917,968704.9514591694,5381804.616204636
-73070.18897729553,12249099.987235755,25091.728497758508,12201121.526756218
-512505.41532690637,6612509.516521513,-8535.66641125828,6091468.434783349
-356521.6769954562,4237188.691471696,36318.232590951025,3916985.2470671907
-61244.734766559675,1845770.1138367653,-1788.901903681457,1782736.4771665242
392548.3938882444,-1276643.6397236884,334266.3951170072,-549828.8507184368
-529383.1078185346,-3134414.0433710217,656193.64764373,-3007603.5035458263
-190553.86577812582,3588401.7918751836,-286663.32878802717,3111184.5973090306
-589460.4411534164,-2709124.1280317307,-693801.8698866218,-3992386.439071769
-184606.01914121956,1960074.0982307494,-748995.5760236382,1026472.5030658916
25812.92500584759,3577562.9594738185,57667.5208208859,3661043.405300552
-39806.72472061217,16894499.992096573,-191122.03982791305,16663571.227548048
-542664.4201011024,-2822125.952678621,-557427.9500014484,-3922218.3227811716
-264226.8491307534,-181822.33055216074,-309109.8025620505,-755158.9822449647
-271334.4573983457,-6616730.476036519,1272056.1784236878,-5616008.755011177
159374.65989715792,2073694.0754784346,-264896.83820186555,1968171.897173727
69540.61968743615,4643142.176757872,513204.4317823425,5225887.228227651
-538936.3531739842,-3500932.9229673147,233532.04754692316,-3806337.228594376
-510227.85518098436,2911258.1672261953,-721080.3590897843,1679949.9529554266
-21823.414083326235,-3279485.420550704,171766.09203833342,-3129542.742595697
-378206.56038728915,-3425390.1200576425,-628243.0374456644,-4431839.717890596
-739780.5125106517,-6236369.793506563,104860.77176308632,-6871289.534254128
531777.033210868,1320122.208491683,996730.028486155,2848629.270188706
-120696.40806719102,4814185.9060898125,657982.2438117415,5351471.741834363
732082.3434481472,-979035.586679697,689808.2801545262,442855.0369229764
340377.96791122854,1174942.842557758,-210927.00095069408,1304393.8095182925
-102318.82200414874,3059848.7341255546,-1975531.4000759944,981998.5120454114
-15181.85110444948,4108730.7590968013,-27555.41214324534,4065993.4958491065
-576758.6708650049,1929622.8236182332,-719966.7747888789,632897.3779643495
-88603.1907532271,748180.7206016183,-625434.9036041573,34142.62624423392
66727.66563043185,1724413.5438179374,-345760.1597876996,1445381.0496606696
207843.7665382251,3803799.6965522766,735924.1512000188,4747567.614290521
533349.1344508007,1828298.0583741963,125752.39672505856,2487399.5895500556
-604097.7212195974,1467408.1437880397,-765469.6570351571,97840.76553328522
-300556.1800583266,2070054.2716922164,-105693.99549462646,1663804.0961392634
-619273.5181644931,2611874.6131310165,-1086871.9762378186,905729.1187287048
556234.1911541428,1738229.0073195696,-147119.8453323394,2147343.353141373
167205.53140246496,-3539061.7330632806,290054.565223068,-3081801.6364377476
-131036.51454173587,-1636527.458965838,-283287.42729347944,-2050851.4008010533
-242274.75286672637,-10756991.149163425,-504043.2188230753,-11503309.120853227
-1553972.1789915748,-15803637.097786307,-1624154.3983201832,-18981763.675098065
116748.26103444025,-6772361.325713575,-207136.34070754796,-6862749.405386683
431970.6733027641,1392874.4602787495,443070.2647276297,2267915.3983091433
196913.84748828597,10336900.64437586,-38225.43194601685,10495589.05991813
-119874.7910481207,100793.1355265379,322357.7832080126,303276.12768642977
-242017.45407111943,1568928.334570676,133658.08383747935,1460568.964337036
-253999.79904388636,-2577595.4569389224,-63406.7303647995,-2895001.9863476083
339720.7058335487,-6053640.566842258,1110438.7272107452,-4603481.133797964
-95840.6617677901,-2014082.2926056385,264635.8912746087,-1845287.06309882
112352.84693221934,4763708.895920515,150173.32986836135,5026235.072721096
-548225.6742058154,5269125.381782651,-401704.0506894812,4319195.656887354
407935.46132906154,-6811471.611028194,1037779.6161953136,-5365756.533503819
-91720.43477305211,-3025660.258657992,-409684.0669850558,-3527064.7604161
-195014.52089421265,-1384510.4191464782,-554084.8983442485,-2133609.8383849394
176457.4821396079,-10116395.537715256,-184737.76951108873,-10124675.825086737
366674.0355522502,-137999.50033202767,-18212.163828909397,210462.37139131315
-352280.23575136624,-3933265.918223202,-307137.91303198785,-4592684.067006556
-427324.4418058321,-1469511.50420326,551319.5230131298,-1345516.4229959622
144802.69226023182,248661.59319913387,146275.553266868,539739.8387262337
-550125.2680328675,-4535141.667820513,-184816.0615266636,-5270082.997380044
26394.15719427541,11756174.81943214,624452.0248628184,12407021.001489233
185735.007764766,7165414.92356801,271030.4707462415,7622180.402079018
-581787.0317337736,279790.7480356395,-984843.4570493549,-1286839.740747489
792209.4049238525,-6589526.685236126,94607.74460680783,-5702709.535705466
350355.0183265023,5104173.735247374,-246306.66601154208,5208222.087562334
-852152.3557353038,-8303007.698373258,-1020739.1979383379,-10175899.2520469
-342062.35397621244,12185473.87428379,-548870.3897591084,11294541.13054847
-639967.8170671165,-9557956.683151633,-1026311.3753888682,-11224235.875607617
-423950.06685725227,-2102615.3951750994,405562.8238944411,-2121002.6381379105
21932.52367385477,-2624471.329139024,-1052371.40692842,-3654910.2123935893
62915.668449619785,-1638311.3583075404,-124313.08079983294,-1699708.7706577536
139044.72848223895,-9017594.877241641,-798189.6699258462,-9676739.818685248
166217.1100965105,10467701.430971205,421990.6356610507,11055909.176728766
38641.99165552296,2274512.338718176,-553102.5164790675,1760051.8138946313
-129835.68970197439,1061504.0071526766,-635128.4356985837,296539.88175211847
408041.90679629147,-12211836.483186305,-330228.21136440337,-12134022.787754416
167993.00349437073,1756972.7549064755,-88680.52776888013,1836285.2306319661
795289.0865740012,3806904.0548921227,1225424.0074882805,5827617.1489544045
-227932.86830851436,-846318.5727943182,-716549.5613032132,-1790801.0024060458
-521777.61884116754,-3372360.7875428796,427367.6891862303,-3466770.717197817
-506981.0107719917,1416816.268985331,486703.9286503047,1396539.186863644
-582004.5288179033,-7575961.669210523,-763083.4858844727,-8921049.6839129
434791.41518816166,-5130521.38623482,184610.44519126415,-4511119.525855394
36991.46162047237,-1669368.7640587986,583956.4888902009,-1048420.8135481253
591949.7739224788,15908311.161716998,-70766.62417794764,16429494.311461529
-199495.3822661452,-6664565.430216789,716413.5101867244,-6147647.30229621
512020.1517881453,2455441.3858127594,-1114774.4269241467,1852687.110676758
451526.45215419494,-204104.22429519892,-742328.3005824089,-494906.0727234129
-420582.28648270294,1646857.924105227,61174.51679383218,1287450.1544163562
-218620.39873847924,3910432.264420867,-91650.68372891843,3600161.1819534693
295838.04229347594,4871283.899220824,-29918.003299340606,5137203.93821496
-63684.69473072328,3752467.4709786177,-694393.3391262293,2994389.437121665
243502.8236175906,-6662195.152247369,-1197088.3793416321,-7615780.707971411
-483622.2846403718,5993277.811053783,-559949.2704278231,4949706.255985588
-66755.75761709549,197349.7588608265,154835.0179572478,285429.0192009788
-295648.53531420045,19714136.786707163,-656805.1963730454,18761683.055019915
50414.436891555786,7124261.658727646,16810.407932966948,7191486.503552169
189085.5677616205,8302505.751998454,-367738.5883578807,8123852.731402194
-512253.12927827984,-7026756.005746424,185053.2943109125,-7353955.840713792
-96557.94536430016,10283055.865357041,-1079304.1819929332,9107193.737999808
-842283.5990324616,824712.81556952,-649368.499187544,-666939.2826504856
-176520.33596822992,11100310.733182967,243029.75452397764,11166820.151738714
-810033.5694263671,-2230167.437509656,-179632.60532353073,-3219833.6122595537
215601.2625187859,651938.1080732346,307288.462840192,1174827.8334322125
561072.3480457291,-1675223.2406741977,1465992.4953119904,351841.6026835218
-304891.5390517432,-4764960.274426073,-605979.9342832565,-5675831.747761073
102470.66009295732,3777991.8568523526,-494069.32518425584,3386393.191761054
486760.6871538926,-7522325.822608411,397705.36800751835,-6637859.767447
-559668.0174833611,2745307.4493192434,-277983.4150365293,1907656.016799353
-871475.7634208612,-1003190.3109945059,-1986867.3811884671,-3861533.4556038342
-214080.39586218446,7492271.729270697,-1057748.8435995579,6220442.489808954
-98707.27396544628,-5617619.889660299,-93631.04334310442,-5809958.2069688495
123045.78417281434,2242917.0983897448,-353326.35789019614,2012636.524672363
260550.86938657984,6571908.361584455,-65144.89749079943,6767314.333480235
-275181.26942365244,6661836.846342295,614324.8625542074,7000980.43947285
249986.38039346598,5114983.605085254,-223032.1759511456,5141937.809527574
143648.85275991075,3675737.421560794,595357.9050014839,4414744.179322189
-652009.9036393836,1493556.9376592636,336927.4035265595,1178474.4375464395
-16492.902719326317,6782652.783206046,-632675.464761503,6133484.415725216
-122684.31314784102,-1817530.2313838005,-264018.36898592114,-2204232.9135175627
315620.8256311491,12816759.268331409,-153047.51597216725,12979332.57799039
118878.10953293554,8994966.720965862,-266044.429945305,8847800.400553493
-244727.8194565028,-1259262.1023129225,194011.4540554136,-1309978.4677140117
1055847.8029573709,1781303.3805098832,357407.26525744796,3194558.448724702
-676224.9643080104,3541437.7833104134,-515994.9239295423,2349217.8950728606
271186.53815406,7789859.201798528,11851.299962997437,8072897.039915586
123259.19987906702,-34113.77895453572,-726437.936918661,-637292.5159941297
68894.96395757608,3481062.718619287,-726242.5078881532,2823715.17468871
-157742.18172381073,636006.2370381951,337438.356600523,815702.4119149074
132297.89918375574,2378094.781260133,557453.035269104,3067845.7157129925
664859.4902219456,19110507.098073006,1000792.1774954647,20776158.765790418
-355404.4472674895,-6013001.4192768335,-67296.99486987293,-6435702.861414196
619644.8514116555,-5147850.104235947,-136231.36353414506,-4664436.616358437
-182165.5288684573,3485042.1309506297,-67983.19945961237,3234893.40262256
-58094.92089503631,-3928937.5026069283,-117377.83682733029,-4104410.260329295
-389603.9197103977,1292932.1821907759,-677490.1577858925,225838.10469448566
-244493.97907632776,-9332897.58343038,349468.6528928727,-9227922.909613835
-4165.717066733167,1329823.6978670657,48527.8667050004,1374185.847505333
-54916.360121941194,2396355.618561089,212407.64589478076,2553846.9043339286
175277.7391007617,1550867.7783133984,-130258.95518872142,1595886.5622254387
-423113.00210059993,2755297.5363624096,-846947.9388048053,1485236.5954570044
-1213877.3161925878,-1457346.3752474189,-996261.1392984837,-3667484.8307384904
71699.43762496114,10751595.000369132,-480230.64882902056,10343063.789165072
165855.1655114498,2757457.660243422,-19581.797447144985,2903731.0283077266
363769.35240865685,-2146292.7968405485,-424224.18162736297,-2206747.6260592546
-239303.09944306687,1955058.200054258,-725517.3860091567,990237.7146020345
-126703.06567096524,-450330.427097559,-857280.8063536584,-1434314.2991221827
-55750.253481615335,757577.5947561264,42746.01956400275,744573.3608385138
1000331.7475757804,-6705005.075373411,-138927.37006123364,-5843600.697858864
-427724.7457966786,-6557952.579903126,-718000.3113367334,-7703677.637036538
-112448.68230055831,2767738.295232326,-594108.1842359304,2061181.428695837
-729884.2255350146,7171682.094448805,-595571.763224706,5846226.105689084
-523699.15922275,-7339103.902659535,369842.69482924044,-7492960.367053045
1283466.585379403,1052740.7423155606,1019301.8191613555,3355509.146856319
312094.06135121733,-5707255.82503286,193526.88000185043,-5201634.883679792
-306503.78191634826,3153717.167881906,-439886.93773819506,2407326.4482273627
405931.1637701504,3256442.774476856,469177.7831670195,4131551.721414026
-298864.4965628348,6560185.205195308,-40806.16259210557,6220514.546040367
-45584.76091454923,-2720587.380152583,365204.87704637647,-2400967.264020756
428488.5300347991,5316435.28305015,59368.202255398035,5804292.015340347
948431.53070453,3811815.3314751387,170793.9906724468,4931040.852852115
-9736.637291356921,11000348.368281007,67159.45434433222,11057771.185333982
-9949.522116376087,-305343.64082813263,-541501.2568372563,-856794.419781765
199002.54786190763,1169985.288183272,-628147.053405568,740840.7826396115
432156.63276235014,-10678196.608188182,-68927.99127351493,-10314967.966699347
-121758.38019976765,9364493.99840933,1015030.3899933398,10257766.008202903
430144.5496382825,18417285.72844684,-753987.7455952093,18093442.532489914
-810992.6387488768,-5544159.506629199,-230029.95205530524,-6585182.097433381
54596.4139239341,6794568.595180154,760952.6129266471,7610117.622030735
-611264.5965658426,-3968385.78992939,-804915.9576357752,-5384566.344131008
-340333.55494731106,-4604389.84487468,-1061172.140077956,-6005895.539899947
-401917.68452310003,715995.6402536929,169074.8790217936,483152.83475238644
-280146.8537968509,1221004.7508165836,-1181046.0777677149,-240188.18074798211
-556224.0316693652,2617900.344558835,275019.9584008306,2336696.2712903004
116867.60027498566,-2318927.6397337317,-386482.1901932433,-2588542.2296519894
-134175.01181556098,-3650391.7787605524,400702.1050594747,-3383864.6855166387
-990240.5522753764,-176622.04313862324,-957302.8192790598,-2124165.4146930594
197238.63456779718,-1761650.810065627,-432731.9191165194,-1997144.0946143493
-191478.29997099377,6983420.070515871,636067.2739613876,7428009.044506265
-649411.3879389986,-4439951.699653029,-285257.82500068843,-5374620.9125927165
-114782.16256047972,-227225.46557688713,-581412.17277015,-923419.8009075169
127278.9363746643,1777830.850819677,28611.86615820229,1933721.6533525437
-517049.1824144237,-2044162.696506083,-673565.035032317,-3234776.9139528237
-265734.38298787177,9594492.187606305,-623614.8469490707,8705142.957669362
745961.4988101218,-3742921.7301908135,64625.99838505685,-2932334.232995635
-544465.1369680502,-8682428.210614502,-97072.89100258052,-9323966.238585133
545706.4197712392,6128675.595081478,158301.55636980385,6832683.571222521
-469332.85783202574,-4911701.948065817,-784160.2723319903,-6165195.078229833
-264972.0664094221,1637500.2194438577,-334380.80068702996,1038147.3523474056
-199461.07655126788,-5630707.358716726,867476.3993437439,-4962692.03592425
261645.97088581882,463917.51184409857,-235264.84166397154,490298.64106594585
420464.6495647244,594739.6666224003,221481.25903201848,1236685.5752191432
582535.7999990582,-3002842.4074271023,-807928.1972133294,-3228234.8046413735
672317.0438786913,-1263218.1166000068,366443.8099350631,-224457.26278625242
1002045.4255006313,-6483016.036609083,233934.8507553935,-5247035.760353059
399811.2090528887,-4847742.682492018,-586372.9176922739,-5034304.391131403
-46110.22656587884,2149072.397429824,-32080.594891756773,2070881.5759721883
302460.8231916968,-9097395.108525932,914923.0194620416,-7880011.2658721935
-61234.18956092,-2945334.034828961,-373725.71740636975,-3380293.9417962506
-269170.95264218,8266200.106808543,177040.90560226142,8174070.059768625
318611.5980182458,-4507164.266961366,1032853.1005731821,-3155699.568369938
-298314.03868883476,-6062614.9392648935,-691920.6382799223,-7052849.616233651
-440786.39840452746,-340294.3190550208,-122399.84559850395,-903480.5630580522
-166149.8003461752,-3112899.9639855027,405583.88189775497,-2873465.882433923
30430.43161162734,-1644399.750787735,625625.180131346,-988344.1390447617
-347879.3005424198,14752472.039661229,-466024.5181310773,13938568.220987732
108369.61965530924,-3987999.21508494,550674.6543435827,-3328954.9410860483
-637891.5906398427,3203999.591954112,-200368.44497016072,2365739.5563441087
-154353.98878993653,5410507.443794847,280992.078764379,5537145.533769289
83020.22332859226,-5933449.514253646,-177835.63979311287,-6028264.930718167
-278687.92260323465,1882600.2529498339,-178566.91533365846,1425345.4150129408
-587014.6593806278,5998373.928105235,187378.37638114393,5598737.645105751
-30691.728635387495,7220028.40883708,163592.97086036205,7352929.651062055
101062.50299932435,2628932.723824203,319461.22277676314,3049456.4496002905
-529341.4863542933,-6376453.404974341,556264.5325642228,-6349530.358764412
2336.640160595998,1908021.5648288727,-7225.9693032205105,1903132.2356862482
-69170.64733521454,-3585511.5807132423,-326356.36322238296,-3981038.59127084
-95089.03698864207,-5417644.589470744,-22652.524111047387,-5535386.150570434
-687068.953205267,708295.6606034338,-587642.8677887172,-566416.1603905503
176378.8101221472,7046230.828642935,-178746.06665077806,7043863.572114304
-332343.529247988,-681582.7268010676,-595784.7056281716,-1609710.9616772272
1119748.3765430618,-3077635.466624111,950317.2106859237,-1007569.8793951254
-304889.9174484052,-251077.3550683558,316502.5651500374,-239464.70736672357
-286959.6117343027,5805826.351529807,-87646.28151766956,5431220.458277835
-148292.20016773045,-1427378.0234085321,-684808.882791385,-2260479.1063676476
-144376.96079003997,669728.9167497754,9168.381985500455,534520.3379452359
-736158.1041923966,7031610.149823368,-1006684.2613846213,5288767.78424635
-6788.1760014519095,4502337.959754169,-37584.39970693737,4457965.38404578
576299.5155556407,-9032779.385624051,78194.64456423372,-8378285.225504177
129622.4216236379,8355745.369706571,500777.3062824756,8986145.097612685
307376.4775619656,4332686.459385335,-378141.14676587284,4261921.790181428
98964.79857259616,-4240546.728317618,369149.2899003029,-3772432.6398447193
-662745.1500537936,7494069.454898357,-942623.1708384007,5888701.134006163
-32706.639311492443,1838357.9390357733,-128444.63871608675,1677206.661008194
-372719.3538879715,178792.71188533306,-1236986.684770584,-1430913.3267732225
-467569.1142740026,2310966.07963112,-990312.6572197378,853084.3081373796
72975.58423021436,-1549836.9580938518,-212222.0743767023,-1689083.4482403398
-446881.9025361035,-4008365.9520504475,-350875.26161213964,-4806123.116198691
115414.95408995636,-1688982.6056464314,213659.34736472368,-1359908.3041917514
-566930.2694385238,1957672.919331491,-428347.01590109617,962395.633991871
-345675.88367892057,-102126.38845026493,289517.90094546974,-158284.37118371576
364333.1999154687,1760512.7550338805,1014856.9335039109,3139702.88845326
415154.51166562364,-3210368.1898765564,231376.67937639356,-2563836.998834539
-476867.4781483095,3993790.167282194,-518369.73341172934,2998552.955722155
123991.75112813152,-3843417.5511713624,-1381530.599193491,-5100956.399236722
-270652.76342324726,-2653288.3070474267,-263348.1576875001,-3187289.228158174
-91799.63323090598,-5426293.228555858,130595.4556837529,-5387497.406103011
208481.14337844402,-3843596.2804222107,-39734.184464395046,-3674849.3215081617
-635854.6676689629,-475107.85604405403,-617092.8119744658,-1728055.3356874827
395385.072050903,1295313.300703317,112313.26884278655,1803011.6415970065
109064.71519049257,891443.7138220072,100532.29682282358,1101040.7258353233
-585189.0520998631,-6798976.6734653115,-838769.192350015,-8222934.91791519
461467.24080215953,-4057846.2810150385,-593532.133095108,-4189911.173307987
-208331.67891566642,-7109621.798942983,-215119.71986539662,-7533073.197724046
309447.5104154423,1921372.8234429955,450087.36466392875,2680907.6985223666
-219982.5282727722,1768976.4129473865,-109581.28598847985,1439412.5986861344
128529.72034841031,971857.0417941213,367396.6487952769,1467783.4109378085
-488409.65460545756,-2371805.6741088033,-628807.6386215314,-3489022.9673357923
435814.56697970256,-2005390.7211373448,572995.1269064993,-996581.027251143
-35916.16483497806,-1775446.521477282,-259435.58660113066,-2070798.2729133908
481466.4659598246,2732215.178337157,311223.28226955235,3524904.9265665337
295155.3858350478,14493560.89580673,-76091.0024061501,14712625.279235628
-691161.316227546,-4994404.474281371,-302484.5457306653,-5988050.336239582
-406531.98321223445,-1823355.5939078927,560981.8402450308,-1668905.7368750963
-123937.47399342619,1919626.4889169335,-26235.501754924655,1769453.5131685827
-101763.89764313772,-6120361.928865045,213082.76683604717,-6009043.059672136
1341301.9899391495,8759727.861521661,130734.09159751981,10231763.94305833
182688.35112453066,-1101583.5109031498,219829.6311046481,-699065.5286739711
-466443.03763548285,-9939702.489450634,-639990.4731927142,-11046136.00027883
-436933.73940928467,-5374097.875016987,-132963.2638046518,-5943994.878230924
-166671.47056138515,-392454.69207268953,1161842.5913235396,602716.4286894649
174763.83971765265,668149.5537950397,58767.31177394092,901680.7052866332
-59395.78015101701,881548.0180443823,182517.80430871248,1004670.0422020778
-59614.739661229774,-332534.4506121874,422800.13565409184,30650.945380674675
-49423.28860307485,16388976.435462296,-905680.1751845777,15433872.971674643
-799533.4093892965,-6108472.010769635,174084.4950909093,-6733920.925068023
-123916.19636105374,6179086.068105161,749912.6832988337,6805082.555042941
155814.17362323217,2161467.6687262356,-640472.9423144758,1676808.900034992
-151699.93458394334,-3533058.761739254,976873.7768748999,-2707884.9194482975
-42479.7147132121,10932317.726376414,-244047.87381076813,10645790.137852434
-249973.29108836316,-744161.6726618409,-741443.8151384443,-1735578.7788886484
-370580.1920660548,-3802079.9549137354,-1234766.2750068232,-5407426.421986613
-166364.6332723014,-4905994.0152288675,-63473.56823883951,-5135832.216740008
-427038.50888061896,-2575056.8844305873,-792057.6458204836,-3794153.03913169
937106.8507589009,241003.03736454248,473768.8132862225,1651878.7014096659
114791.17898388952,-164453.10587352514,-568481.1821572036,-618143.1090468392
151893.78714336827,257313.02286162972,3118.3018691688776,412325.1118741669
-532498.0716518834,-3635590.1950481534,-281690.9630808085,-4449779.229780845
-243981.16415362433,-7723041.42343986,-12839.396452896297,-7979861.984046381
-161211.08210907504,-10510557.997373402,950773.3253832012,-9720995.754099276
307580.8892655913,1690320.4399201274,-646131.634242557,1351769.6949431617
-119614.44499528967,-12751300.543969154,138733.9688776508,-12732181.020086793
-170465.87762647867,3704787.1450041533,519470.72833661735,4053791.995714292
-129589.50059306249,1914423.0619663596,-649581.5906531513,1135251.9707201459
72366.5102828797,-96401.7935500145,558203.4946427643,534168.2113756295
190269.21280211397,-6396370.286908925,827426.9940244704,-5378674.08008234
175226.8298914954,4944653.695121229,180567.35608769953,5300447.881100424
-569107.8476960268,-1280523.448665142,-1191234.7644224986,-3040866.0607836675
-545419.6463721022,-12150597.363597393,-278381.068445161,-12974398.078414656
549685.9453002438,8013187.933392286,-486261.1566897258,8076612.722002804
101574.63535381854,-13103149.737600923,-7263.614435598254,-13008838.716682702
-95013.25456298888,3597.0275488495827,548817.4501324296,457401.2231182903
-324849.3270523492,4071193.272094965,-748596.3767149076,2997747.568327708
231648.7077530902,2704478.9502079487,-1469730.49900008,1466397.158960959
-182219.24725044146,-6560542.172933549,-378027.08413772285,-7120788.504321713
-166484.50885718875,-704394.6419923306,-248196.55500231683,-1119075.7058518361
419019.857310269,4615044.110535353,-346126.0389714837,4687937.928874139
-76225.79686475918,10279571.134202331,365258.30357509106,10568603.640912663
-403165.06478043087,3032023.5636604726,-213627.85544876754,2415230.643431274
304357.4995935019,8983457.718874991,-245690.43272668123,9042124.785741812
172857.7441354338,-5923574.455420673,308109.8859831691,-5442606.82530207
-67722.58855780028,13120715.759906203,-144318.33661790192,12908674.8347305
194104.39760438725,5212827.944542289,398530.17895269394,5805462.52109937
-192248.26915319264,-4567273.418676376,-559805.0009435043,-5319326.688773073
-595102.4801900275,6135005.702955723,-1394481.4288370907,4145421.7939286046
357717.11322203465,8951943.05500111,491446.6520521194,9801106.820275264
-130458.28875393234,-9452254.428683579,-309703.25344085693,-9892415.970878368
898255.0461933296,11388502.94982177,324967.31026989967,12611725.306285
-305715.85226061754,5622396.693769991,-139675.09711958468,5177005.744389789
-115884.50111770257,1616068.8877316117,-30316.846483297646,1469867.5401306115
223465.92598891258,11395876.021572381,993053.1187592149,12612395.066320509
132601.097672984,312478.9877320528,261196.3582585156,706276.4436635524
57442.08456392214,1073553.1750062108,140905.32467816025,1271900.5842482932
-498350.90354005806,3867753.3593560457,-942323.2494374737,2427079.206378514
173429.12066957913,4564135.152137339,159065.63139496744,4896629.904201886
647593.4392448701,-3440384.709172368,454943.064771235,-2337848.205156263
-740711.8718421757,160400.12449473143,-1311990.729782343,-1892302.4771297872
-35684.313514415175,-4496846.690251052,90064.58356007189,-4442466.420205396
-1007425.1437482405,-5288729.2990293205,-226951.58837740123,-6523106.031154962
-173640.31632065028,5183464.731056422,-274131.6707444936,4735692.743991278
166325.12682007626,12096007.977331638,-713770.4228110835,11548562.681340631
459115.249701377,-4963273.236079514,466437.5611490458,-4037720.425229091
-414356.7032534648,10443727.037162483,-387770.3225083649,9641600.011400653
231151.32513916306,3130238.418394506,-108996.59379796684,3252393.149735702
-908329.4403942786,3443701.4049503803,-382437.7974615991,2152934.1670945026
1039620.4809473231,5228334.051160395,292598.8548396304,6560553.386947349
-23876.36833965592,2888465.824899316,-26102.62084786594,2838486.835711794
318055.8596354071,9782.887062549591,-285566.31052235514,42272.43617560156
490888.077583421,143884.6335799098,-328020.625968948,306752.0851943828
350563.5480079111,-3113424.8472459316,557208.3233307377,-2205652.975907283
-71748.59672160074,-89349.67369580269,-233094.60642759502,-394192.87684499845
-90994.00752523914,7415097.026719868,328675.81996536255,7652778.839159992
-433338.923880253,-6465724.812141418,-292059.53731532395,-7191123.273336995
275410.8666567523,2552212.8230027556,-456075.6904937029,2371547.999165805
-147574.1160564497,2353071.85118556,-685515.3833364099,1519982.3517927006
-73579.18719919398,67874.52551978827,-586242.4040924087,-591947.0657718144
-539165.1965122167,2594015.9652144313,-240832.29266540706,1814018.4760368075
-76845.20501028001,-2445322.1391914487,76492.25851159543,-2445675.0856901333
75165.00927490368,4353042.033454716,14527.904457218945,4442734.947186839
-212368.7805233784,-2720054.1743060946,-781215.176939629,-3713638.131769102
207302.39769372717,8278285.740327656,128446.40077923983,8614034.538800623
226661.13905701786,-1594836.451604396,339034.94861771166,-1029140.3639296666
-347945.37981038727,1462041.6843697429,-452534.96064184606,661561.3439175095
-179976.11691669375,6689246.004380465,-572614.6495272443,5936655.237936527
296914.1295304857,9022032.821329653,-26068.29350141436,9292878.657358725
339425.5804511905,-733447.8070651889,-502974.8321913332,-896997.0588053316
451936.62815562263,95621.12257641554,-110421.43950053304,437136.3112315051
-326661.1128983442,-2501175.5852605104,-267201.38548033684,-3095038.0836391915
-294621.15464070253,-5024356.896907896,1059867.530553244,-4259110.520995354
130471.95235059038,1017026.4959695935,-62369.279063373804,1085129.16925681
162565.06652330607,-6377692.460922301,926068.6561764777,-5289058.738222517
724348.3498440757,4393917.373315811,199887.80393031985,5318153.527090207
-213799.28350139782,-4060050.006240189,-895724.4903707728,-5169573.78011236
-23153.431297203526,-9148524.737353146,-191118.19647803903,-9362796.365128389
260554.3551120162,-2473345.7060323656,884222.9874956235,-1328568.3634247258
-324416.79438625276,-3826414.732126832,-587362.3200518042,-4738193.846564889
303463.748135034,-2506897.3283267915,294498.3517861515,-1908935.228405606
164304.58854000643,4434696.865311861,60852.10495497286,4659853.55880684
-156296.62371004745,3018658.5195945203,-555890.2119064331,2306471.68397804
63129.571590106934,-1684172.9900419116,-398151.56528647244,-2019194.983738277
-1075565.3424054794,3132140.2786664367,-1068169.3765059337,988405.5597550236
213571.72986060753,-5821190.7510870695,-278779.37897675484,-5886398.400203217
358269.1764005255,1869765.749813795,-720915.6705282405,1507119.25568608
331697.4015521463,3928423.1641680896,-825655.8129699826,3434464.7527502533
-740760.8084367532,11439401.136852324,-56766.91877602041,10641873.40963955
-659626.9724971298,1218131.4298081696,-753453.6908403113,-194949.23352927156
-512590.71151595935,15395954.649642646,167832.47811980546,15051196.416246492
-365640.7857152894,-5208577.775337517,-611894.7206463292,-6186113.281699136
-1105986.5509309694,5781546.429352403,-1550200.9991584718,3125358.8792629614
409138.16557976976,-1880490.9650232196,-688644.1750552952,-2159996.974498745
-452875.30258527584,-1950690.513920486,-841927.107263416,-3245492.923769178
-810198.8993799798,2175557.8988907337,-386579.66856224835,978779.3309485056
-272871.9521420486,-6061580.437470019,169342.4626206234,-6165109.926991444
-173118.37361385114,8512028.948939651,-440489.5504421741,7898421.024883626
451565.11430440843,-4548292.477155626,238979.37797424942,-3857747.984876968
-625842.5374198854,-2901417.1421111524,-1029433.5755713284,-4556693.255102366
374673.53437034786,-6701778.392682016,87623.40965963155,-6239481.4486520365
284985.14440912567,-12157720.457714498,-36837.87217781693,-11909573.18548319
-33694.25218988396,2761776.9951809943,-140809.4523247108,2587273.2906663995
-23274.066856332123,5969344.691434681,-695155.4120039567,5250915.212574393
55234.3293338716,5944789.056507796,644460.6756865084,6644484.061528176
740433.1721008606,-13595836.705354333,111239.30866950005,-12744164.224583972
-310685.1415201705,-686443.8559958339,-738538.2370080352,-1735667.2345240396
-696994.0301911086,-197448.4028813839,-1170771.7907036394,-2065214.2237761319
-266884.5781730432,6342424.607647657,-882101.854445219,5193438.175029395
-257523.32344610058,875265.5699380934,428390.8288078159,1046133.0752998088
-306777.94996500015,-2768964.347710967,43360.237680092454,-3032382.0599958748
-852859.4566748962,1403340.8405520618,-835135.4827843681,-284654.0989072025
410283.51858167537,1088664.979534477,196189.92455982417,1695138.4226759765
-1513.7176501266658,-921765.2151943445,-293098.02049815655,-1216376.9533426277
586824.1475832723,4359861.338815868,1855781.536335744,6802467.022734884
40122.213253820315,-5735603.871262372,305325.29071587324,-5390156.367292678
-91317.44570513256,-4784871.01181221,-331011.22406526655,-5207199.681582609
-48485.48510259576,2192642.648209125,13498.882656380534,2157656.0457629096
-224632.43975806795,-5247806.124179959,994975.6290821657,-4477462.934855862
-705263.867871834,-8841572.170336753,-1239406.4350632206,-10786242.473271808
-577879.3586527761,-4865904.706871808,120037.17654509842,-5323746.888979485
-18228.79941980727,-1521017.9743419886,923215.5603514835,-616031.2134103123
-290404.50548719615,-4218818.427758992,67975.83329243958,-4441247.099953748
91649.38805317879,-3960871.3951495886,-155058.7769145891,-4024280.784010999
466814.8021998927,-6448115.426789582,166474.83120460063,-5814825.793385088
-143667.1494858358,1590727.9430827498,-344508.4350854829,1102552.3585114311
-484398.6790574845,-887938.017329514,-547255.3002705872,-1919591.9966575857
138916.09380419552,6278352.893258721,234725.5662721321,6651994.553335048
-190264.53162427992,-2242076.057782769,-405538.92861558497,-2837879.518022634
505440.5515558012,-4817196.314431131,-269394.88536569476,-4581150.648241024
-114965.69885626994,-3107895.31189692,635996.2034439221,-2586864.807309268
-22629.559999769554,6514594.919096231,185408.1380866468,6677373.497183109
-268214.5032665264,2182679.508540511,-395695.8393294215,1518769.1659445632
-454683.38718398474,6293567.046904266,-1096078.4738833755,4742805.185836906
-140525.84152843803,257086.0038215816,-465092.8595633805,-348532.6972702369
578074.9109490309,7274658.296812445,292690.14138643444,8145423.34914791
-490878.3017289806,-3687894.859902799,-388054.6376708299,-4566827.79930261
-96255.54839904606,2224376.150311768,359621.55087704957,2487742.1527897716
254522.02238197252,328333.09028717875,663496.0331062824,1246351.1457754336
74807.06726440601,-4647835.621144354,527821.7613169998,-4045206.7925629485
-225448.661028672,-4395824.676772296,-387042.7976103425,-5008316.135411311
-554588.8160720542,-3268657.533311814,-540676.0425259694,-4363922.391909838
-86587.59892495349,2579597.654935926,-1031524.7576578185,1461485.2983531542
27624.122394587845,-6641797.946854532,-185717.95549291372,-6799891.779952858
233808.85652760975,-8216490.928870261,-401743.16343437135,-8384425.235777022
301398.6557769086,-1961902.2506205738,-333489.73823453486,-1993993.3330782
-638007.7051163316,-8909448.48951292,-792616.1188338175,-10340072.31346307
-544225.1343463138,-5227843.852150857,-998474.6753164381,-6770543.661813609
-379042.2541367635,-3561029.492004305,-602067.6441336498,-4542139.390274718
-151369.62582796253,7688632.162213862,-341110.5618630126,7196151.974522887
259204.1818742063,3112905.835391462,159776.585231632,3531886.6024973
446197.65413802676,-3937013.7918145657,-272274.5132662058,-3763090.6509427447
572189.8539143447,154166.2814284861,-109825.88432854414,616530.2510142867
191253.32567960583,-3482385.0324057937,790200.7856447697,-2500930.921081418
-523821.7585375309,5029101.4878870845,-206040.38784683496,4299239.341502719
326239.906981932,2429909.9906282425,362147.56026072055,3118297.457870895
161368.7665600255,699987.2416262031,409146.3445102349,1270502.3526964635
694578.6051081289,5729852.678859353,33913.38438498974,6458344.668352472
205478.80466912128,-5961069.963652611,599980.8676205203,-5155610.291362969
-169797.36098076403,14416180.868891418,-709891.4999108016,13536492.007999852
-217075.94536547177,-1287796.8455138206,109655.41389542073,-1395217.3769838717
-474328.1891468968,903440.4133687615,221243.23788006604,650355.4621019308
-570582.0803831443,-2977071.982496023,-440719.1688553244,-3988373.231734492
-182638.9705127906,4592831.286237955,-698960.7310669273,3711231.584658237
-774948.6246969812,2054017.7795397043,-472960.5233949423,806108.6314477809
-53753.53577234782,1032330.8059833348,-312580.65222676843,665996.6179842185
-619704.4074119944,-6223320.818211794,-353177.0280402601,-7196202.253664048
-76408.37635761127,-133584.72774538398,-400662.81851410866,-610655.9226171039
-331888.0519952383,-10614028.533785641,-476382.4927062988,-11422299.078487178
-167017.4480820764,-2391646.634161353,-205539.35529318452,-2764203.437536614
-39603.498257469386,-7549207.91456008,-188678.40588329732,-7777489.818700846
-449831.8346462548,-620144.2284653187,-158380.8270413056,-1228356.890152879
5814.993433859199,-4321059.5207179785,-608545.7927858531,-4923790.320069972
426072.0419385843,-3949952.8731138706,-1177067.240103513,-4700948.071278799
382110.98990887776,6058778.4367339015,-258897.1612958908,6181992.265346888
29104.371148347855,-3690978.4756510854,-767451.8818446547,-4429325.986347392
-31186.97754823044,2925585.616024643,-130199.96237038076,2764198.676106032
-444535.3178310096,-9362573.420884073,-548944.032023944,-10356052.770739026
-252316.12588007562,-8646984.701444298,-333469.62567178905,-9232770.452996163
877269.7765392438,-6993325.490049958,75855.5398381874,-6040200.173672527
138110.0006416384,-6160612.10388279,370545.79603578895,-5651956.307205362
-61765.52650722675,-5642291.605234146,693847.0968066752,-5010210.034934698
193122.52255312726,-1803058.8897310495,-434921.4745665118,-2044857.841744434
-310706.86645630747,-5358599.202057183,-355566.7975341305,-6024872.866047621
-171465.24930272438,-2046552.841208905,-1157721.0734001845,-3375739.163911814
310798.32364679314,-1404189.3959798813,305075.2957627103,-788315.7765703779
-192363.02203261107,-8992723.733111382,479157.3448688835,-8705929.41027511
50041.514522211626,-1022795.4589371979,147206.8519806862,-825547.0924343001
820434.9654847328,3266889.5208495557,632151.7021772861,4719476.188511575
64768.95712107606,1308979.4779841006,-704800.1309192851,668948.3041858915
357060.1826389693,-3184925.5491213202,780485.0605132207,-2047380.3059691302
-349302.8456984684,1743779.1843243241,540948.0437054932,1935424.382331349
-359118.21217015944,7975801.142459154,-527677.6013984531,7089005.328890542
-334132.3055403251,2805577.962891698,-423152.0923650563,2048293.5649863165
45633.21772955544,772092.263259232,-434355.8422166854,383369.6387721021
-350364.1135468073,9281597.53785193,-337432.5449209362,8593800.879384186
-603354.414335141,4198109.715134919,-707173.9210046157,2887581.379795162
81843.7713452708,2853501.0091465116,731799.4755034745,3667144.255995257
581518.7912777364,-1894349.950655818,830538.277717866,-482292.88166021556
410046.0135247484,-4718834.342550039,-578164.9086419791,-4886953.23766727
-269727.4930531401,4701573.136629432,-220867.58611490577,4210978.057461387
446397.4604693968,-9786403.112523496,435618.17911251634,-8904387.472941583
-181482.1582457088,5025334.559394062,-124183.4795806408,4719668.921567712
-17656.61747158505,3183316.09854728,-343850.64958918095,2821808.831486514
53578.933594323695,-4070325.7801707983,-238904.1248389706,-4255650.971415445
-263579.8580387663,4508364.215209544,-293148.6998206675,3951635.65735011
-281356.8481485583,-8163198.096021712,-882553.0277179927,-9327107.971888263
-342580.46134817787,-5855560.980933607,61981.09405399859,-6136160.348227786
-457473.61969437264,6038830.34213084,-15737.518041431904,5565619.204395035
-192256.89312664978,-4259111.391452134,388251.5386633575,-4063116.745915426
126631.41629024595,9661268.475227237,62206.190806142986,9850106.082323626
-697021.2808260322,9209531.224794954,-504252.4069942087,8008257.536974713
898324.0446485579,10296613.038807988,1214331.6456025988,12409268.729059145
67350.81602940336,-1944962.5097733438,-676271.5654383302,-2553883.2591822706
161392.32893220522,-3001187.7211686373,390839.0144129172,-2448956.377823515
-307956.1215852797,-4018557.0578151047,-808248.8305181041,-5134762.009918489
-150341.2308843676,3217717.6734630466,-695572.8322739303,2371803.6103047486
197491.90671243146,-2395621.9130366743,966697.4046797156,-1231432.6016445272
-226235.424796978,2286991.388650477,785846.3376251161,2846602.301478615
-576234.9632047042,-361050.2622317076,-1141529.726836823,-2078814.9522732347
-387335.59901160374,-1890334.4653023183,-370719.9540425837,-2648390.018356506
-220669.194461748,-2343065.048402339,-134027.72866836935,-2697761.9715324566
599055.612889858,-6110366.505066454,-731345.7258705795,-6242656.618047176
-316834.6504288595,-1991029.6387269497,47174.990730173886,-2260689.2984256353
-730287.4696914107,-4880995.285550654,-625323.4017196074,-6236606.156961672
-670229.0438758619,-441630.2878881693,-704599.4230047315,-1816458.7547687627
-605454.3828753382,-195793.3813661933,47981.150158412755,-753266.6140831187
822730.5608741753,-1748543.9231449068,998389.6141952574,72576.25192452595
-263357.12817961536,-3819040.8027317524,-370092.9184434265,-4452490.849354794
468682.66242544726,3354573.3999504745,-955788.7225409374,2867467.3398349844
-741353.0095752422,350704.283724457,-586390.2184004262,-977038.9442512114
24455.73096877709,-7405310.420085669,254476.23327940702,-7126378.455837484
-1062128.9791039396,-1575207.5246664584,-1325270.4319309667,-3962606.9357013647
-142618.75813449174,4868065.3054282665,-434812.9447770789,4290633.602516696
-936638.2638373785,-3973112.002710998,-970858.1498780549,-5880608.416426431
-71487.44037979655,5657313.777447492,189345.80700086057,5775172.144068556
-277897.89375354163,-5392992.729054749,-660039.4314937219,-6330930.054302013
-214684.19231616147,3417869.366942525,-1055192.2698994204,2147992.904726943
511950.34921256267,90245.56794035435,-5595.5677842870355,596600.34936863
-465529.853508031,-12022564.743277758,-394939.10053414106,-12883033.69731993
502516.2822759617,-14622335.133254588,-272647.76780219376,-14392466.61878082
-733266.3538354579,-3021544.7571573257,-253729.82883822173,-4008540.9398310054
-205966.5889677424,6046351.865061462,311116.4268274233,6151501.702921143
3641.423636212945,-376605.7483626604,-1132383.1800975725,-1505347.50482402
-117567.34506566636,690717.0892722011,153159.30459868908,726309.0488052238
-309913.30142930336,-15207390.623518169,-26805.359379693866,-15544109.284327166
563327.0029708222,2151988.1655798554,1492037.9278659672,4207353.096416645
-94684.43403225765,9343413.174703658,140504.397489354,9389233.138160754
47952.96845305152,31305.24587637186,256274.58271547407,335532.79704489745
838871.8911307678,161287.66199448705,-322001.56043756753,678157.9926876873
-226685.44089449756,-996232.9493689537,-316491.72594954073,-1539410.116212992
-644549.6073859483,-1523389.8283263743,-157174.24509967864,-2325113.680812001
566490.1751977876,142226.02015081048,177788.97564679384,886505.1709953919
274802.1756265871,-2314291.2852143347,275067.2790737003,-1764421.8305140473
-169784.13825921342,7765476.066990912,-337123.05418337137,7258568.874548327
-532508.5774780866,10628418.435970932,-483197.75939404964,9612712.099098796
834294.5376704726,-4142360.059689522,543814.4714365453,-2764251.050582504
518471.6237831786,2155398.651487589,1405105.5357663035,4078975.811037071
-503687.31540963054,265318.2503423691,-128253.46755321324,-366622.5326204747
-626039.037058413,-7532251.529632926,-367508.23134076595,-8525798.798032105
58539.30955468118,2317733.9331582785,-178724.64154335856,2197548.601169601
393344.21609276906,3259200.255159974,-150675.9267552048,3501868.5444975384
708414.6575272977,2786029.1184695363,927304.6603110582,4421748.436307892
65150.09745835513,6655261.4686957,156915.73809690773,6877327.304250963
-365670.1506631449,2971857.306136906,-64688.68875154108,2541498.46672222
23582.835343878716,-1912806.749509722,-240478.85159878433,-2129702.7657646276
67088.69634374604,6055022.58123973,444614.9198162183,6566726.1973996945
-474259.06799196824,-5716030.149863362,-464089.86847114563,-6654379.086326476
-43623.35502114147,-6449959.741153151,-875154.9901672378,-7368738.08634153
-1985.0042937733233,6325429.756256402,-1180753.091961354,5142691.660001274
-58621.25701604225,5893998.733822644,69353.388512671,5904730.8653192725
510776.8154627681,12240530.262125194,16189.194676756859,12767496.272264719
-891484.148903748,5853530.636983275,-492601.02564872056,4469445.462430807
-540618.7973759063,-2288267.9203497767,-505558.588175416,-3334445.305901099
466437.8117610365,-8538901.587487876,-28057.71785327047,-8100521.49358011
1644116.0793864578,-3565206.7651552856,1017333.19080697,-903757.4949618578
-276154.9858032856,1182193.001435846,-73967.8493084386,832070.1663241219
-50544.05620694719,-3920752.616159737,413819.5321484804,-3557477.140218204
-56411.059238946065,-4988839.7657799125,6389.166412897408,-5038861.658605961
234995.9440295957,2119743.1770430207,-649308.6006116644,1705430.520460952
-213012.75325796194,1982747.8264699578,-254896.146257177,1514838.926954819
-41323.44904647395,295399.31189468503,459616.1300748214,713691.9929230325
-245804.78879091702,-9839732.629500031,-929863.9114571586,-11015401.329748107
244553.22346335836,2297388.4094637036,-780494.0421394482,1761447.5907876138
206543.74229873344,6734610.263347745,-169195.46996840835,6771958.53567807
-94723.64028011635,9194416.18109721,-859592.5975529999,8240099.943264093
-776057.1729317755,-1692088.0513577461,-119116.95053675771,-2587262.1748262793
-346713.4510334004,10563739.811273217,139767.4954413548,10356793.855681172
-646744.8719908819,-2871348.475408256,-65441.68185546249,-3583535.0292546004
-417950.4981626943,630813.7851356566,673932.5639768317,886795.850949794
-56489.984966369346,2872179.108266622,-636273.0226088464,2179416.100691406
661494.6502162777,5009772.3198622465,672447.1801119521,6343714.150190476
-632914.5808752663,-7908775.85031563,-262892.4891867861,-8804582.920377683
-381489.23866214976,-2388472.398497075,168878.1430312842,-2601083.4941279404
14535.846423504874,-3274860.305447072,-807531.6219132394,-4067856.0809368063
173201.635905236,-11521079.034270018,399282.39771203697,-10948595.000652745
-1212856.7550444864,-3128041.4938225746,-849872.6264572144,-5190770.875324275
-160940.17301278003,-5935295.282208383,220217.07580037415,-5876018.379420789
155481.26355404966,578690.9164990783,-672569.8033861741,61602.37666695379
-106123.17009822838,-8656486.866287947,-142423.10772582144,-8905033.144111997
1689032.5072399005,-12024078.038598835,693043.6137923151,-9642001.91756662
-273903.4028197229,-5547566.063739955,-593573.6642102525,-6415043.130769931
80837.18337085284,1039750.064727962,-470968.6812222898,649618.5668765251
-366102.2761256285,-92898.6958951056,224688.58604854345,-234312.38597219065
-256145.6340332441,-5685161.55257988,54987.48504512012,-5886319.701568004
-502802.4444781486,-6508339.194412589,-833260.3884379193,-7844402.027328657
1252211.6097943168,-1109858.5790055096,1373373.1170408577,1515726.1478296649
507469.9952115547,605129.0689328313,-275720.5873093754,836878.4768350106
-391283.69834513776,-1687193.7992321253,487204.125705719,-1591273.371871544
-190054.0653981883,5444383.768938482,-781816.9711359367,4472512.732404357
-491450.75933030806,-4325567.945171088,-823455.6178469658,-5640474.322348362
-142472.1569163371,-3099567.5268678665,-791411.6790674254,-4033451.362851629
-66533.90841893852,-5865083.5633585155,-531898.150324434,-6463515.622101888
-616774.7808178458,-463065.96775117517,-973014.8227592632,-2052855.5713282842
244276.41191137955,3608838.5849145055,-329861.4630862102,3523253.533739675
212923.64525909536,3590419.2378958464,-9396.301768809557,3793946.581386132
-488857.9395002108,-5278273.00063318,-271774.71859128773,-6038905.658724679
-353525.0771331489,4340323.624395251,-186723.0380583778,3800075.5092037246
-1239.1582807302475,-1795175.2342589498,-495040.9906821102,-2291455.38322179
184785.3969251141,-101858.35660868883,96802.24455180764,179729.2848682329
253785.15778278746,2433495.5715301037,38704.08275447786,2725984.812067369
-656074.4148222189,-6261186.897958159,-509429.7804102078,-7426691.093190586
664546.1256510913,-2038207.7341198921,957748.9451920688,-415912.66327673197
-377887.2016896289,1744160.378695488,-708689.3216298968,657583.8553759623
641713.8917570729,-2993992.0769943297,875322.8599504307,-1476955.3252868261
-451834.2032333575,223303.33069330454,-1218704.0036610663,-1447234.8762011193
-317749.61592179723,-5459104.5146535635,424363.7455995679,-5352490.384975793
61389.68422663957,-9779151.327067792,-232083.04338305444,-9949844.686224207
-388804.44303410314,9969773.239774704,-449048.2622394562,9131920.534501145
75406.87296445109,2816889.1268047094,-720188.9290746227,2172107.070694538
-533246.4854078144,-1406688.3339787126,-434283.8204050958,-2374218.6397916228
-528781.6044919174,1950393.2101917863,-1271203.6659410298,150407.9397588391
239819.32834938914,5826453.807797849,806688.9856005907,6872962.121747829
473113.0148204472,392509.9754487276,-807352.0101079047,58270.98016127013
-162051.96935963258,994318.2865789831,406971.33908730745,1239237.656306658
-63164.56778528355,-4014697.319712281,280204.0767334178,-3797657.810764147
-289632.2157550212,2349476.729434073,121264.4853977561,2181108.999076808
3889.9193834532052,2066331.2652713358,310339.93131480366,2380561.1159695927
-215203.52028142288,7343421.463291466,-145792.621088095,6982425.321921948
-89857.68400065042,689205.8062122166,351142.87940354645,950491.0016151126
-132974.68398578465,-2760375.8261048794,575315.429231517,-2318035.080859147
-287952.80687051266,5364363.845913053,-918506.4201354831,4157904.6189070567
-665253.1071722694,-7528749.824927688,-799361.4321977273,-8993364.364297684
-4796.422653200105,13358238.328540921,-843061.9443704039,12510379.961517317
-382437.82609697245,130873.67910319567,229787.16836506128,-21776.9786287155
-596043.7401560228,-1230266.7509114146,-465509.066665791,-2291819.5577332284
610980.2582713235,-2418629.4057682157,-483369.39828142524,-2291018.5457783174
-318165.6308801994,99746.50904518366,-514144.06667500734,-732563.188510023
-410539.9434716832,1474007.5693529248,379004.08065746725,1442471.7065387089
-827217.3205508143,1794358.5903362632,-1056485.2436329722,-89343.97384752333
636958.5710331127,7507933.877930343,1053544.2622895315,9198436.711252987
-175094.12997853383,-6919847.920361131,-48123.56343687326,-7143065.6137765385
379273.82726849057,2346130.534971565,-89634.3735832125,2635769.988656843
-71626.549545452,2310393.703269899,-1037497.2305111438,1201269.923213303
218284.60117400438,761645.9559826553,-128802.55264177918,851128.0045148805
123484.89950963296,1335237.229846239,-376896.0162946582,1081826.1130612139
150883.74181169085,877162.6503941417,111972.73445898294,1140019.1266648155
-495728.3100410551,841836.9530489147,-405088.3631155044,-58979.7201076448
-18815.97603712976,15075845.633026779,-470381.8109421134,14586647.846047536
-565342.6143922377,1314759.3560857177,-119734.26537102461,629682.4763224553
-46658.800290698186,1534309.0619019568,-423617.967211172,1064032.2944000866
281273.3956446294,4063182.625955045,718005.8286592513,5062461.850258926
-320458.5675345678,7495638.812825799,638157.1583127975,7813337.403604029
-566747.1494968496,995315.7342034578,-1790554.8935743421,-1361986.308867734
78853.55060977675,9408674.022857308,-558134.8940212876,8929392.679445798
-705028.0470124409,2147913.585015297,-355332.47639825195,1087553.0616046041
-122997.66950512491,-8239855.63772136,-178353.27182249725,-8541206.579048982
513364.8156662453,1790955.9457952976,-42729.19015300274,2261591.57130854
207448.32433306612,-274251.71678590775,-51782.303440734744,-118585.69589357637
-31620.796415261924,1523196.0991311371,-258952.46176241338,1232622.8409534618
-2076.80376104638,-2380820.574139267,75181.66025999933,-2307715.7176403143
182065.12770094723,2006755.1716759503,123585.8233865872,2312406.1227634847
-214733.4939739015,-5444349.462601423,624520.3495105878,-5034562.607064737
-100182.23830864578,-1682456.5516733527,540910.9272018075,-1241727.862780191
-765108.3220775854,452339.24912148714,-216312.67370820045,-529081.7466642987
-174375.17404970154,-6343867.429316193,-57565.54418025166,-6575808.147546146
200538.73905901052,-5210200.279922068,5575.8263566195965,-5004085.714506438
-45634.00912126154,3217175.018562317,722101.9406400472,3893642.9500811026
-413749.80125360563,4656167.991390109,-954276.0123644099,3288142.1777720936
-124574.50693481788,414586.22674387693,-77968.65265778452,212043.06715127453
-277732.8463927563,4382476.545984566,-413180.04254719615,3691563.6570446137
54426.088994378224,-623194.4506932795,-757197.8106854632,-1325966.1723843645
3465.511612640694,-398044.0435240567,241527.01287141442,-153051.51904000156
-973413.7458894104,5309378.787057996,-133794.0320265591,4202171.009142026
308971.79584785365,943351.0674283504,-288513.1958517507,963809.6674244534
-496279.2064419687,3229614.1455417275,-1030907.376036711,1702427.5630630478
287028.2915699333,-2092895.5423193574,152997.60786552727,-1652869.6428838968
337346.769274408,3512515.3399395943,-225339.8778513521,3624522.23136265
-316233.1146898903,5254196.3815742135,70614.52468773723,5008577.79157206
1299205.2643641848,-989749.7244862318,1932571.9144676924,2242027.4543456454
112558.54133035988,-12694774.211334169,-395982.8649802506,-12978198.53498406
-415000.4696229063,-1417557.6390337944,-204509.2251335755,-2037067.3337902762
1200809.0117161553,2131411.583422184,605282.4353080094,3937503.0304463487
-43847.11474938691,1427617.779525578,-213579.88033129275,1170190.7844448984
137031.43546865694,2508549.373796463,252845.45446915925,2898426.263734279
58775.929046571255,7328138.04059124,-573598.41640836,6813315.553229451
562105.6307532117,1280797.4289492369,-152449.34004800022,1690453.7196544483
-27447.371873470023,6019781.671139449,-9849.820479080081,5982484.478786899
-79558.55369870178,6504403.819393992,-380656.01226393133,6044189.253431359
-893511.9279312212,11728198.99277246,-565890.2735218704,10268796.791319368
81719.05260165036,-5600942.496963501,59310.72449594736,-5459912.719865903
-136780.43283508532,-1880151.798974514,-328900.7384920567,-2345832.970301656
513630.70296254195,-4592467.703025103,-175932.23932573944,-4254769.2393883
-605425.4223607425,1686484.3688780665,-698980.6843933165,382078.26212400757
-41196.14862859063,-8076236.842124432,-560324.6515763476,-8677757.64232937
-937490.7881615721,-5506109.934468985,-698146.1843134016,-7141746.906943958
201903.2811177466,-2417044.649243772,58852.076606199145,-2156289.2915198263
-106120.53045783564,2214179.522724688,-178222.26553942263,1929836.7267274298
503830.4780087881,-517159.7431781888,89651.87298201025,76322.60781260952
226384.91176685318,4308534.223250449,91111.0269857645,4626030.162003066
-258559.48926447518,1494503.324222982,-541569.0885907561,694374.7463677507
-332739.2794452328,-6628770.922798574,-35420.18286149949,-6996930.385105306
-215210.88951413706,-3337092.7372689545,-327919.4579796195,-3880223.084762711
306789.93664323166,756809.3628389239,382382.4972901419,1445981.7967722975
-267215.1006911099,6442812.9890731275,-319008.5622662455,5856589.326115772
-309448.1104492247,-747591.9342590868,-287169.0286034122,-1344209.0733117238
567588.9627197627,-4534480.236382186,24593.413488402963,-3942297.8601740208
-197782.021569198,1531761.2136913836,654639.654747963,1988618.8468701486
-600845.5569559336,7807179.336999118,-323145.4278636277,6883188.352179557
-635647.6560198274,4931941.280099809,-1018363.926750429,3277929.697329553
670472.171299601,-1584375.8745759428,68447.6100962609,-845456.0931800809
30858.552302587777,-4056011.29155159,-640823.1040594503,-4665975.8433084525
591447.4078540448,15447955.29569763,86833.05882050097,16126235.762372175
253257.20026157238,87435.87212973833,241219.06893885136,581912.1413301621
360030.3958614059,-1122157.612897724,-19517.1354669258,-781644.3525032438
-1897939.0240773726,-2852731.867744535,-1659738.9972173125,-6410409.88903922
210541.1984290518,-528721.6878105402,466635.6183557436,148455.12897425517
-716201.7199443392,-7816145.724158883,205797.2729344368,-8326550.171168786
31426.85737008229,3092832.346835494,415991.64134448767,3540250.845550064
1158016.6810273565,4911116.068731785,-89612.66171754897,5979520.088041592
41470.225600764155,-210194.55899125338,47204.919252038,-121519.41413845122
542129.7323146071,-3855729.99586311,-530567.5885343775,-3844167.85208288
967858.9393098298,513160.65872842073,694443.9616487324,2175463.559686983
-50532.64040634222,5028632.319288552,-268436.27570421994,4709663.40317799
-410126.0227991007,2938543.156165302,-201418.40593388677,2326998.7274323143
354116.3510256931,-5569359.824904293,-907889.6057251617,-6123133.079603761
105830.15620129742,-1025573.0302289724,-570415.7338086516,-1490158.6078363266
-308115.52826784924,-6695750.839899451,825674.0539880395,-6178192.31417926
244089.78518874198,1758350.2496407628,-413378.4421965182,1589061.5926329866
374362.12735484354,5560622.482718468,414358.5527718589,6349343.16284517
-341339.1075303368,6221586.660761386,-559210.4064506665,5321037.146780383
987414.5401482116,2693102.461822033,479660.3978775367,4160177.3998477813
242833.11609932594,-4127715.01820156,1014649.9058272243,-2870231.9962750096
651968.1624391992,7824697.179007918,-425218.800339438,8051446.541107679
-106817.44558608532,2778007.7937391996,-590494.0962694436,2080696.2518836707
-801814.9076591954,-6316666.062239826,-1474397.3690282553,-8592878.338927276
157466.49399352074,864502.3668590784,-81355.61029064655,940613.2505619526
-109426.82496516034,6070110.931901544,-50888.637959070504,5909795.4689773135
-84470.54992243834,1817441.3186562955,21389.417846001685,1754360.186579859
106827.32302823476,6357512.422811836,1045126.0450882241,7509465.790928295
29794.803714558482,1371580.3573923707,323088.6889813319,1724463.850088261
-330530.3111458253,-7098226.0089998245,69853.74323810637,-7358902.576907543
-148568.14432129078,6603828.548053384,-191914.94530094415,6263345.458431149
742283.8530861214,-930294.6554610133,-86072.5886631906,-274083.39103808254
-588073.8527393583,3049109.7571179867,-122137.63474792242,2338898.269630706
-530677.9964302555,-4348044.268397868,505572.4496886879,-4373149.815139435
-56876.50930582732,9720642.417187244,891469.9269832224,10555235.834864639
-98214.70433837362,682022.3427194953,-237924.1759866923,345883.46239442937
163831.92091844417,3139213.9552559257,119372.85435081273,3422418.7305251826
354434.6284845676,-9244622.041775942,-129059.90960219502,-9019247.32289357
-172519.1684499923,-1963773.4103119671,-213225.41494260728,-2349517.9937045667
-809288.4883507956,1543130.486067921,-452982.66984494776,280859.3278721776
-353772.03970084153,3345000.157723546,229634.85891645402,3220862.9769391585
-402329.8191699311,-4228093.010982633,-474623.83205774426,-5105046.662210308
-414518.65364017896,5747369.202930748,-1081537.6128419489,4251312.936448621
455590.1756796092,4838886.530138373,-665817.5324922204,4628659.173325762
579963.3777668308,-5015655.6393375695,496010.59844343364,-3939681.663127305
-240629.5622245539,-1189903.9041346908,-595894.3184866905,-2026427.7848459352
-382026.1371358726,6120246.084980786,565336.7323370576,6303556.680181971
-285145.42699703574,5974384.652533591,-633466.1205266267,5055773.105009928
-502364.4949009288,4687554.372982919,560204.9559575841,4745394.8340395745
573932.2579202577,5031327.612581998,389297.04797177017,5994556.918474026
41088.959952117875,243121.34479004145,157534.05767041445,441744.36241257377
267541.55925012566,-25376.830102056265,-102818.6558585465,139346.0732895229
872571.2356875613,-4693811.486237019,390111.4610299915,-3431128.7895194665
-131867.0467532538,-5154454.614771903,-602230.0265485719,-5888551.688073728
-325516.86326692067,-2301893.077057749,456266.4819327742,-2171143.4583918955
-437021.96885867603,356875.15480038524,-410011.4224807173,-490158.2365390081
344020.2607965749,409875.3392714262,-113352.60266847908,640542.997399522
-104616.7163258791,76872.33038651943,344961.73091860116,317217.3449792415
-209402.2097435072,1365157.4131589532,152803.69883107394,1308558.90224652
-827019.3923667818,778263.7341558635,-399648.9984685406,-448404.6566794589
-368228.96446358226,-1671613.153539598,48437.693104840815,-1991404.4248983394
-233889.02899567038,-7152486.195279658,-672355.2175400406,-8058730.441815369
21697.76390890777,4509051.888928354,-627001.362086691,3903748.2907505706
-149784.94612609595,12923359.25063032,-1037503.2769288495,11736071.027575374
-62348.82341740094,2144251.761298239,-241510.79059153795,1840392.1472893003
291547.477328049,8985055.448916137,-194393.17548189312,9082209.750762293
16190.666764874011,-305853.9121289253,-639786.0498493612,-929449.2952134125
161000.3358414732,-9010136.473777384,101297.25368772447,-8747838.884248186
-98192.58051555231,-2131566.994034648,711787.751867637,-1517971.8226825632
-865228.4654249232,4878989.367854089,-441681.71517553926,3572079.187253626
385355.0719757788,9055197.662719607,1122377.5402989984,10562930.274994384
-306680.4442463573,5230058.308000892,-196181.5659861639,4727196.297768371
-508985.3800371755,-6047391.581212819,-254839.66201293468,-6811216.623262929
-719858.5575526394,88358.4244351089,-660569.4750505462,-1292069.6081680767
461261.6469340101,8858304.973275363,433251.11094646156,9752817.731155835
261492.2539124433,254949.4883723855,851644.1749336272,1368085.917218456
980690.6148301065,13667916.99254328,-397607.7184523195,14250999.888921067
-16722.341829201207,-5162856.246580362,-450658.395142287,-5630236.983551851
139508.55772698484,-1282647.4891984463,71218.06932908297,-1071920.8621423785
437833.6454988979,-5226129.493548214,981657.3470745236,-3806638.500974793
-233966.90358388983,-643420.408898592,884078.1797101051,6690.867227623239
117175.69708620198,2915681.0512479544,520377.84667877853,3553234.595012935
161676.7297918722,-3456085.579603523,264629.65291038156,-3029779.1969012693
336832.88207370415,-8321067.5549477935,458664.72060212493,-7525569.952271964
28221.63448008895,-2790592.140731126,-124818.0844463855,-2887188.5906974226
-360958.1410480123,3690618.6885281205,67418.765057832,3397079.31253794
131787.65491143242,2341200.661016524,541997.4798237011,3014985.7957516573
174372.0770021677,1729671.6049625874,-517098.1483205706,1386945.5336441845
-58008.36479337327,3120416.67763716,-713739.9982538819,2348668.3145899046
251980.52629493363,6473399.8922685385,-70966.01381488144,6654414.404748591
-172820.451393215,-1575470.023083955,101985.32590216398,-1646305.148575006
663044.7154594213,4262605.107252181,-65599.71790999919,4860050.104801603
42913.650992190465,-1515285.8905452788,-33676.900024972856,-1506049.1395780612
-438319.5643956866,4794321.403748006,-1015281.2922247276,3340720.5471275914
-321688.8782216329,-4922805.79575932,880611.2699317113,-4363883.404049242
733257.7465775367,-1181019.8965084553,498088.777026698,50326.627095779404
156005.21731010824,206014.59556734562,-681244.253961131,-319224.4410836771
-499105.1757777557,-3194552.5487279594,-1433647.247807242,-5127304.972312957
333129.180644447,-11979514.761559099,1043646.0697637796,-10602739.511150872
298248.48533357494,2783770.5378909707,579510.5996539891,3661529.6228785347
-340273.79997479543,3269487.19275257,412573.5685358569,3341786.9613136314
-210905.10182306916,-1050175.2385679185,44143.640569627285,-1216936.6998213604
-524462.9095110372,-2143915.3408181667,-455282.1847547367,-3123660.4350839406
244328.8984605018,3174269.9668372273,1030396.3401995152,4448995.205497244
391771.8843445871,-7703585.376691937,-322093.7099449858,-7633907.202292336
393961.70909713395,-11754827.456746995,96255.45092876256,-11264610.296721099
-74919.74424704537,-2870662.699175298,-293443.9037983939,-3239026.3472207375
711660.5705309827,3331269.8068218827,633112.0530910343,4676042.4304439
-235460.5452950038,6780496.197481006,-1325330.558263138,5219705.093922865
291063.74293726124,-6689974.352103412,-523637.5973887667,-6922548.206554918
287550.2976757139,-1395565.9772776961,45227.08810260892,-1062788.5914993733
-413957.60431629047,14085157.034781665,-545354.4684047624,13125844.962060612
157906.21376516856,-4963606.751629621,-218273.73347123712,-5023974.271335689
94948.1944454927,3917882.4370914698,345808.4551289454,4358639.086665908
-11040.079189047217,5014517.664688051,-551540.9176385477,4451936.667860456
309410.7228729464,4956554.110147834,-69941.71572244167,5196023.117298339
1500476.5905187726,8364530.202896386,1975308.4391022623,11840315.232517421
302033.6185015701,3270215.4042179286,274301.32665616274,3846550.3493756615
-73050.99360673688,12946122.964280128,723803.4639425203,13596875.434615912
-558086.262072403,4965320.460609734,79630.02074851841,4486864.2192858495
260044.47929946706,-1711484.2742325664,-521543.2752478123,-1972983.0701809116
41595.77562174387,-8413044.767460555,12078.571256920695,-8359370.42058189
268616.6548400074,3437182.66564548,-76030.40756323934,3629768.9129222482
32511.17081107758,7015574.002485722,119519.87766937912,7167605.050966179
367757.5333473757,6656628.933221519,249497.73927103728,7273884.205839932
-118611.70728404075,-2723449.6562898755,481949.89711701125,-2360111.466456905
-305136.6808455214,-92819.31246808171,-448426.4441510886,-846382.4374646917
109614.03015508503,-2599455.0707352757,-121186.9723405987,-2611028.0129207894
-187700.9664184358,-7100531.840663701,27569.290326721966,-7260663.516755415
570540.6896770857,-2713236.3979438543,310833.95654664934,-1831861.7517201193
80147.19342524372,1838159.0911517143,-341270.99807149917,1577035.2865054589
70019.84588812664,-672377.1892994642,-519878.82400210947,-1122236.167413447
426032.16139635444,2337637.276121378,332129.32688563317,3095798.7644033656
-593307.2284076195,-3999408.309205234,-1057344.1375830248,-5650059.675195878
-512863.22298897244,-993832.4655817747,-724076.9957267866,-2230772.6842975337
262841.16151057,8468396.328791171,131515.3946735412,8862752.884975282
-49101.82881552167,1458804.0025073588,-322319.3447320461,1087382.828959791
574204.744419381,-746928.8960779309,652239.3355247453,479515.1838661954
-501035.2714017127,-8203939.666668594,-699601.9634677246,-9404576.901538031
106315.53046739288,-5548058.443152189,-215450.43124969304,-5657193.343934489
366427.0504079759,-1155124.742920816,611680.5783207715,-177017.11419206858
274000.0419774372,-3621164.3521565795,-349142.5076819509,-3696306.817861093
-460416.21168927103,-1351104.5284899175,-38801.83953860402,-1850322.5797177926
-122059.1120823063,11361233.925198793,-368783.52857173234,10870391.284544755
-241062.09335449897,8910250.363777578,-385424.1498723775,8283764.120550701
-1487812.2218518518,-8668849.545473069,-806895.8538843021,-10963557.621209223
27750.856050401926,7777193.826587498,293417.7877794057,8098362.470417306
-524066.02851878665,3668288.41922307,-61236.171852476895,3082986.2188518066
187688.70163609646,-4707942.87890625,905388.0779587701,-3614866.0993113834
-88794.17611226998,15215850.879960418,6730.463425256312,15133787.167273404
124935.31911192462,561919.2465809584,-442408.5698816106,244445.9958112724
-508723.2890964709,4836246.792303264,-1124939.8817023113,3202583.621504482
-567384.4571294058,8048932.904799104,283042.73023712635,7764591.177906824
162597.32544451207,-756885.9665341973,-182897.78334286064,-777186.4244325459
453134.24040620215,-2506731.9485271275,190299.78927285224,-1863297.918848073
265538.4637824595,4787127.749596894,-143622.23012143373,4909043.98325792
1146364.2791822664,-6256143.65100041,1023857.7098816112,-4085921.6619365327
-129843.85270482302,-2801347.4792123437,-132436.443051219,-3063627.7749683857
496264.2403353024,6985198.208161294,687001.9850157946,8168464.4335123915
367195.82938029245,7048717.111785173,785193.0441092327,8201105.985274699
-114962.6837001089,-17133398.877097964,348598.34945836663,-16899763.211339705
81223.90943211876,2246671.415927708,8456.91167794913,2336352.237037776
398590.4247452952,3019102.338255346,-113416.14668789506,3304276.616312746
211858.55283558927,2541366.8269542158,480482.2844384089,3233707.664228214
-135904.32745395787,3475953.908130765,-64928.14675541967,3275121.4339213874
287338.1364929434,1439677.7407724857,120413.09866064787,1847428.975926077
-255755.05642624944,1142184.8300417066,-192698.0787198171,693731.69489564
544061.0704970453,41601.67114812136,74677.46496524662,660340.2066104133
-720268.6627906822,7043954.762317628,-815452.5629084483,5508233.536618497
205145.63057139143,3862179.5838920474,-59308.73328790814,4008016.4811755307
437402.99959217384,1087336.775897324,1105450.70980943,2630190.485298928
-602300.5400378145,-1182569.8026939034,-17504.01716669649,-1802374.3598984145
-78709.42189174145,1539434.1889223456,114475.03726315498,1575199.8042937592
-236786.921175953,780432.3696230054,-664661.5115119293,-121016.06306487694
-13239.020720759407,-3303262.225619197,231769.64802362025,-3084731.598316336
325076.6409916114,-4315498.418243647,-253737.71747533977,-4244159.494727375
10282.655352918431,-3160530.5566695333,-376990.33710903674,-3527238.2384256516
157285.89373394474,-2977068.232868552,534769.0618634522,-2285013.2772711553
161692.84187754616,-4197505.239713252,-566494.2831776813,-4602306.681013387
-10927.973562028259,9548155.410230458,-45223.21584627777,9492004.220822152
-333561.2636867408,2866029.844100833,-645356.3632092178,1887112.2172048744
-4709.190436849371,-4237476.764064014,-195923.49914996326,-4438109.453650827
-174900.48867928423,-1386218.7129667997,-398323.22204214334,-1959442.4236882273
197525.67478116788,-11854222.609421194,-449035.4575985074,-12105732.392238533
476859.66980722547,-7772158.388180256,-502017.15959484875,-7797315.877967879
87586.42574784905,-8312463.783236444,907515.5620230883,-7317361.795465507
529505.4645883646,5777089.43064177,-381098.505827114,5925496.389403021
-620339.7852536328,-1557389.1001104116,-408808.3200898692,-2586537.2054539137
-167669.46258339286,-4867761.427925974,868987.679502055,-4166443.211007312
-181843.53315590508,1948140.592784077,-745114.0392406657,1021183.0203875061
1092312.9263693523,-707658.631257236,-176915.78260362148,207738.51250849478
-437378.06062686257,-8785270.542224228,268599.63921293616,-8954048.963638155
-121117.0192558933,-10772052.604778856,1332427.8378991038,-9560741.786135646
75979.74047212861,-3386107.4168323874,-329655.7674167976,-3639783.4437770564
174083.3757341914,3276779.6124660075,227968.69981249422,3678831.688012693
221270.39417404495,9107110.37016666,344168.8481901437,9672549.612530848
-404089.7864659596,-7390125.282517791,-350961.6354942918,-8145176.704478042
354344.59687009454,-3026128.7325360775,353168.4723532051,-2318615.663312778
-41173.09742746316,-853853.3675649464,-700688.2138531953,-1595714.6788456049
-227685.0276451651,-2962495.9992597997,-523737.25293309987,-3713918.2798380647
514910.7989562154,11112121.585031688,-81052.99881915003,11545979.385168754
387770.74475276656,-3163498.7405347526,-123815.1712032333,-2899543.1669852193
-298415.1393144373,740017.1219061613,-659762.8566654325,-218160.87407370843
530586.3283657841,2347036.1439629793,745104.5432217047,3622727.015550468
-458072.0266439803,9066151.73492381,510619.042715244,9118698.750995073
420762.57938088104,-10929996.18272686,490895.2764207125,-10018338.326925267
-324318.13099140115,-859882.6790445447,-32907.83036182821,-1217108.640397774
-62877.14797859639,1616228.3267591298,-140839.2954873368,1412511.8832931966
285049.602333853,6750785.543923616,23080.417215555906,7058915.563473025
3024.874910963699,8148556.95220992,-487206.9968207851,7664374.830300098
-35699.5376746282,-10020421.983117104,-6397.758758217096,-10062519.279549949
-530291.680270683,-3377016.6189504266,-779279.8227242827,-4686588.121945392
-455957.80726523884,1447008.648064375,-964519.2845942006,26531.556204935536
-105779.8261521589,6281558.115739524,-91109.60563049465,6084668.683956871
311846.352754686,8132260.7222803235,63087.61361436546,8507194.688649375
-59767.544339843094,8336343.005612671,-844453.469290033,7432121.991982795
32254.06214095466,-5448520.594436079,532976.9616215304,-4883289.570673594
-547782.8984293807,-443644.1432893276,-530038.2337001115,-1521465.2754188199
-380811.7883438971,7873325.114662826,-875404.9228588343,6617108.403460095
-279515.86716803536,2718757.473345518,-314162.64034532756,2125078.965832155
-368559.5218418073,-2498304.9391301274,-677915.5123286024,-3544779.973300537
-779713.9609219469,2994838.0048265457,-204904.93692348152,2010219.1069811173
514863.802175723,2446080.079068482,651176.3188712448,3612120.2001154497
-660467.5896054767,6664887.812271118,45429.41351874173,6049849.636184383
159990.40149971657,1884681.5347883105,185365.74799107015,2230037.6842790972
-305987.3138551302,-8118712.749007553,-329711.0927549973,-8754411.15561768
-431295.83937284164,-490057.12320512533,-521901.7673132643,-1443254.7298912313
487866.55193898827,5327905.555599511,993357.4519310892,6809129.559469588
-56408.481451589614,-170627.7405333817,-438931.0752199888,-665967.2972049601
-213538.0501344651,15143665.679949224,293843.11700858176,15223970.74682334
-248642.86977780797,320389.135727942,-564698.070974499,-492951.80502436496
-142407.80207061768,3990493.520497799,-581045.8161772862,3267039.902249895
288644.94383010827,1747161.932037592,-780848.8078130931,1254958.0680546071
-91240.00123854727,-529497.4251718223,-596018.8973837942,-1216756.3237941638
-570393.5738129858,-11319831.977102697,-1205985.9424839765,-13096211.49339966
217687.0349830687,-4901254.057339966,847175.9377468973,-3836391.0846100003
-383210.2977094501,-6983739.523884356,301184.772291407,-7065765.049302399
-157707.64673683047,352470.2572979927,-122567.91673090309,72194.69383025914
242511.60659268498,-1796191.1054765582,-224325.8604357764,-1778005.3593196496
468265.3720521983,-4476201.198530018,1143848.2994426861,-2864087.527035134
-849861.1724145301,1993745.3381069303,-1023351.3789863139,120532.78670608625
8227.482600647956,7466836.498806655,-1178207.0926400125,6296856.888767291
-115293.49603692815,10847924.345604181,39119.50619991124,10771750.355767164
-402077.1949049253,-4448142.326311469,-409340.0651402101,-5259559.5863566045
-116971.59061300755,-8953876.902790695,-180769.60973344743,-9251618.10313715
-567266.1924245972,3148229.78838405,-269398.67467128485,2311564.921288168
214447.18345897645,2145282.033385575,-827858.4329952225,1531870.7838493288
236309.20626685955,-4841840.709293008,-140067.68989928067,-4745599.192925429
292898.0994960647,-2570028.098866701,-107011.07400302589,-2384141.0733736623
-5681.0266028586775,1445882.7529420555,748322.6398175806,2188524.3661567774
-482530.2072086334,-4106818.214762509,-877354.2541590035,-5466702.676130146
-346602.6596499197,-8732704.16990012,-289231.94739375263,-9368538.776943792
-90257.54717439413,-7151885.18546927,184069.01683445275,-7058073.715809211
-853938.1053312365,1338929.6206187308,-792310.3373664767,-307318.82207898237
174735.31584733352,-11934986.895166695,-166934.68878395855,-11927186.26810332
773540.5156160332,-6613963.140297353,750319.1206329465,-5090103.504048374
60824.54828782193,1925335.0787534416,243051.6552027166,2229211.28224398
114146.21757925302,323413.7012114525,-235994.52591976523,201565.39287094027
-609193.7070541047,-3032458.4343402684,-65287.36493743956,-3706939.5063318126
-142381.6324396059,-8266426.172025412,-151176.5490257144,-8559984.353490733
-489076.85736465454,-2094352.498371303,186098.70233538747,-2397330.65340057
784836.3754952643,-1293173.5000952482,294114.4017271325,-214222.72287285142
14351.568693140522,-5218989.822983861,-99601.1818644628,-5304239.436155183
35276.71445020847,10246707.213905692,-124447.36785416305,10157536.560501738
-136557.6869530212,3930683.4943031967,-96090.72216665745,3698035.085183518
-754309.4048143812,4545000.039817423,-867210.647239238,2923479.9877638035
-101545.59062962048,5984657.565289676,-613880.3579245806,5269231.616735475
914158.3031591456,2274110.4953531325,-196430.01797046512,2991838.780541813
-522961.716786921,3168661.936522126,-683419.45317702,1962280.7665581852
228236.77496238798,2420606.4445916414,-68627.73177316785,2580215.4877808616
920447.9462007135,-12165299.416301072,108565.82413427532,-11136285.645966083
235873.62409035675,1491454.344944179,272827.4476382807,2000155.4166728165
802103.360491801,2764016.965611905,284609.5139019266,3850729.8400056325
-179023.678535128,-6373783.111005664,-141420.4088480994,-6694227.198388891
246291.22545863688,-8514729.043231755,-398567.0177877322,-8667004.83556085
496027.17569363676,5805419.045821726,-218929.1258490309,6082517.095666332
19656.22289457172,4153689.911160648,-186180.99795988947,3987165.13609533
222805.78838548996,9583057.484894514,656777.0483345538,10462640.321614558
-604917.8081945088,-11424489.269046307,1575640.535225056,-10453766.54201576
-423614.67218660004,-185833.12044537067,-332777.61350502074,-942225.4061369915
-58372.83092856035,-2339403.7224089503,-510143.73182403296,-2907920.2851615436
-266932.8874302469,4688533.610965073,539706.7395160198,4961307.463050846
173676.3567272965,385687.470746845,-540817.8503613323,18545.977112809196
429234.4219078012,1966730.2372127175,757307.1409863383,3153271.800106857
-339594.70128807053,-2864810.658975005,-153451.99207749963,-3357857.3523405753
-32329.93516177684,-4979345.525459737,460178.34207466245,-4551497.118546851
147441.8405418452,6482283.974726886,-723691.8414868787,5906033.973781852
-367237.0679702312,4239712.571400404,125664.22743103653,3998139.7308612093
-254352.8984891884,5612846.608723462,-165865.7108598277,5192627.9993744455
-131627.5065862555,830573.0396595001,203382.8651419729,902328.3982152175
-325437.76419933885,3043898.0772883,895356.8850950673,3613817.1981840283
-417459.8809864316,171080.40221354365,-57418.2519184649,-303797.73069135286
-378772.2390841637,-10177056.119137764,1273017.2541210726,-9282811.104100855
428451.1307417173,-239479.7571105957,372943.27854467183,561914.6521757934
541046.8653378505,6933059.297705829,681492.1355551481,8155598.298598828
346090.21175770834,1831934.47826913,876450.263702251,3054474.9537290893
759676.4310052991,3814238.5994142294,156687.35658752918,4730602.387007058
-684758.8349435851,2077287.0483003259,-41431.51725944877,1351096.696097292
231027.53809558228,4660710.94109571,30525.307542815804,4922263.786734108
-708530.7067633569,4007132.1009383798,-1290973.267636925,2007628.1265380979
-210950.77753120847,-4329158.27421537,152277.5133999288,-4387831.53834665
-338704.95587081276,4519797.950232387,-530694.6371371895,3650398.3572243843
-325391.57728507183,7069897.172278374,-1412013.5208769515,5332492.074116351
1008997.3712669611,-887093.2504276037,91569.14976164699,213473.27060100436
548194.3155169431,6074559.068640828,-329540.57839488983,6293212.805762881
263185.1902396586,11568966.136132121,659182.160721831,12491333.48709361
-48357.89172360487,-4456116.650066733,-505487.8588555604,-5009962.400645899
819936.3597480208,3958539.3429685235,462189.4255271852,5240665.1282437295
483845.7173185386,2454787.5404966176,-546248.5802290067,2392384.6775861494
-108933.3469541017,-3451510.6672763526,-931387.2772034854,-4491831.29143394
-48064.36035642028,4279570.014915228,633268.8783955574,4864774.532954365
-94562.03742340766,-1089335.0056117177,142014.49757005274,-1041882.5454650726
-13617.383809294552,3307031.077047497,-768511.4883576334,2524902.204880569
360859.37207854167,1680798.4318354726,-280398.5628135875,1761259.2411004268
378512.5525320545,317710.0721053481,-617490.8416793123,78731.7829580903
-337289.01660934836,-6079815.856764138,-262858.58113762736,-6679963.454511113
-1079.5958887711167,2244598.803118646,298165.7953003347,2541685.0025302097
-1144542.797250796,-2902596.935853064,-467604.338495031,-4514744.071598891
208911.60397272557,3923779.968811035,-440321.8093642071,3692369.7634195536
343582.00648469105,-8313192.2684980035,-148514.6688414663,-8118124.930854779
104499.50333365984,-4944515.663823485,-32982.58231602609,-4872998.742805852
-792364.1362457648,-7878650.942338198,-635407.6479925439,-9306422.726576507
381677.82691729814,-3164494.7696919143,77750.70105431229,-2705066.241720304
84207.31936859898,3272748.8199577928,37882.926493644714,3394839.0658200365
-478405.32474575005,-5171119.930705011,-222612.9125712961,-5872138.168022057
373427.5403848663,15459086.751922756,-921542.2304082811,14910972.061899342
-522986.54280827194,-434609.1529813111,-937321.7767714411,-1894917.4725610241
-264253.6554878764,-246453.46423357725,-429113.4965074435,-939820.6162288971
-565561.1245696172,5467349.638864934,-385234.32436520606,4516554.189930111
399450.1157430541,-8173508.398389608,-213484.41249535233,-7987542.695141906
-25622.633242100477,-1629211.5033959448,176851.73141510785,-1477982.4052229375
-77766.06072610244,-5262622.933954656,-141014.33012254536,-5481403.324803304
-73431.84736704826,-5511074.87639308,440588.63273685426,-5143918.091023274
753259.0599527135,2711654.7315680087,1150506.7818605602,4615420.573381282
-122737.12702929415,-4904298.580507278,-625496.0045581087,-5652531.712094681
-100388.14630873129,-10720960.756970823,-700617.2925240397,-11521966.195803594
-301212.6238442976,-7899473.20295772,408209.1939641088,-7792476.632837908
422784.8147195559,2390516.895990193,-147459.30518350005,2665842.4055262487
-451505.9224813841,8464566.10591644,-1690329.1796204299,6322731.0038146265
-218742.9629951846,-198374.91446566582,-370283.7930672616,-787401.670528112
-341057.95324825123,5008122.514777422,-160949.72844040394,4506114.833088767
54999.75317976624,6502398.843625069,-365131.46611757576,6192267.130687259
41106.45338535309,-5701979.326278597,666873.615313217,-4993999.257580027
-201840.49653327838,-2251654.531904936,-376612.46179664135,-2830107.4902348556
-196439.3813409675,-219858.14379298687,-193169.61070789397,-609467.1358418483
-362723.7455956619,-1069244.6211649776,90713.42786046863,-1341254.9389001708
-153787.102394294,-7081096.809580743,666929.4036726952,-6567954.508302342
-370275.1053522732,-2647341.5605297387,-428569.08115409315,-3446185.747036105
50349.128566700965,1673109.8838503957,-751611.5179100484,971847.4945070483
-1142862.5927643683,-5002054.82405448,232605.31382109225,-5912312.102997756
197983.3589134831,-2552389.870992124,-329462.0572274476,-2683868.5693060886
-220514.57492172532,4268569.196418047,-290509.1566197425,3757545.464876579
110156.66045588441,-1136936.5326359868,58389.52111336589,-968390.3510667365
737578.6704352684,-1372343.3410956562,454666.46016930044,-180098.2104910873
231972.84700181894,-2783212.5762893856,-56272.326136395335,-2607512.055423962
904245.0737304222,10095934.543366492,590810.6161774024,11590990.233274316
-27558.106619501486,1052380.64784348,363648.4869880378,1388471.0282120164
-349829.9296157956,2290487.828633815,61122.294508740306,2001780.1935267597
20132.618053222075,-4319041.06020391,-15296.173208758235,-4314204.615359446
352741.5360965524,-7603468.912295401,-334403.1447721869,-7585130.520971036
203267.44689196162,12755482.493057072,-40529.56063608825,12918220.379312946
-253552.48142139986,497490.1601574421,245055.448986426,488993.1277224682
275929.69103663415,-1999436.7786793113,-98371.62800956517,-1821878.7156522423
286771.2619845085,4186447.0786679983,26296.762723058462,4499515.103375565
-221972.92632809468,-1214160.921305418,691298.7451193407,-744835.102514172
384352.2278040219,2346088.425587058,-404951.26948905736,2325489.3839020226
740498.4195950609,-1230187.1846208274,320614.6042039469,-169074.16082181968
15019.481896799058,3974545.7645793855,812660.6375024617,4802225.883978646
86483.73700621538,5212012.084864914,653366.0616057888,5951861.883476919
301143.7424975671,-3298717.4011772275,330181.9713976234,-2667391.687282037
920786.4760336615,-2605729.1154770553,-87274.57856547832,-1772217.2180088721
37485.24386139959,-4634629.4917835,47384.554765596986,-4549759.693156503
162291.02872279286,-5807840.492345989,-290749.7252151817,-5936299.188838378
-219932.8635467328,10277386.113508105,-886161.406225875,9171291.843735497
-397839.8218831904,156553.05502152443,-443503.9497088045,-684790.7165704705
-51369.64675880596,5018242.713431269,-246122.28464366496,4720750.782028798
-173911.87371847406,-6325862.395788431,467315.64038817585,-6032458.629118729
-45407.03485187702,-3562597.80354774,-41928.006384290755,-3649932.8447839078
-371482.1854248084,-8933597.571030974,-1359495.11000292,-10664574.866458703
-143313.66501289792,-7186180.75967139,-712345.7613990605,-8041840.1860833485
-583349.6014261544,8956450.289241701,-210311.0861517042,8162789.601663843
-755406.0232491251,282071.7832823694,-702261.5050121769,-1175595.7449789327
-452147.0468684733,6101578.128650963,-792670.4435747638,4856760.638207726
-156067.23375874385,-6573144.006145924,865634.8046292812,-5863576.435275387
-257937.04221487977,8594972.349401832,-397246.14066538215,7939789.16652157
264778.5471924301,-4458445.63252604,275244.1711436957,-3918422.9141899142
123208.17305035144,-4189646.877538055,-64417.0847684294,-4130855.789256133
176061.50848415494,1409616.0875284374,821612.6145019233,2407290.2105145156
-210027.975529816,-5636223.123464167,-1164080.176846251,-7010331.275840234
-51079.1071884688,-1740488.4953138232,206.09961180388927,-1791361.5028904881
-360547.6542852316,-2818592.4713811576,-451875.79782439023,-3631015.9234907795
30783.352053729817,-1590290.4773645997,-171619.09288145602,-1731126.218192326
472063.84254929796,5093401.189151049,1021265.8015839383,6586730.833284285
-356562.50117579475,943691.9351708889,-776024.3945744187,-188894.9605793245
-229660.74938530475,511113.74006181955,-78381.21976070106,203071.77091581374
58058.5109194275,6049467.519097775,-196810.36997305602,5910715.660044147
-868315.0051353537,6886427.185816765,-1089479.609848842,4928632.570832569
601637.136420859,-3973602.8995892406,-261914.98095165193,-3633880.7441200335
-743547.9891705867,-2752391.6741996408,-656854.4262565747,-4152794.089626802
-184851.32478066534,-4724109.3755194545,154032.88650344312,-4754927.813796677
279958.16132809594,7395845.260389149,81685.27425343543,7757488.695970681
-140423.9189905785,-2683182.945362985,-297631.42366440594,-3121238.2880179696
-63824.05591038056,9508070.959979832,39388.29333358258,9483635.197403034
-707725.7212082334,1916357.5533922017,-880488.0416185036,328143.79056546465
-656596.1490066145,-9815956.138373792,-125564.68608849496,-10598116.973468902
180293.5732903108,-6404701.8921275735,62636.158653736115,-6161772.160183527
104620.672245197,-10952939.961191595,668568.7091832012,-10179750.579763196
416155.96419448964,8508307.399439305,-492278.4295256734,8432184.934108121
-298854.8835609816,-8442203.45774585,1067671.2787280157,-7673387.062578816
-754000.9651693404,-8792218.89769888,-878360.5812229514,-10424580.444091171
-257123.6048232168,-162433.6775805354,236996.03077153862,-182561.2516322136
-82765.4733073879,-2093033.2968708873,-36240.15525510907,-2212038.9254333843
-64889.54765776917,6059948.676854253,781375.2553570047,6776434.384553488
98017.13427154534,-3817972.5756722093,-447588.37197199464,-4167543.8133726586
59496.022276686504,-4380408.645783424,200119.6954773888,-4120792.928029349
-573121.2617164999,8262316.584229112,-1242779.9200922772,6446415.4024203345
-314210.4097293522,5749456.249352932,-531585.3534830585,4903660.486140521
-753578.9834730737,-5978534.323082209,-551526.34892115,-7283639.655476432
-479081.86137817055,-2080654.5379220247,-720127.7974234745,-3279864.19672367
795577.6369437408,1312835.9580554962,387271.62489403784,2495685.219893275
169728.62070357054,-1221398.8889194727,-373768.9718680158,-1425439.240083918
53411.563252702355,1336634.745996058,439094.6631737724,1829140.9724225327
580008.5657935552,-1824323.0463378727,144432.69554831833,-1099881.7849959992
-322704.1546738837,-8601612.211551368,-303436.80450201035,-9227753.170727262
28372.581524867564,11930244.296209455,643408.3413670659,12602025.219101388
-820770.5636169203,-1064824.1912647486,-35779.781136222184,-1921374.536017891
898817.3647829648,-8225761.319041103,417712.4824124351,-6909231.471845703
892718.5852851588,-1149319.6396347582,-357978.62558063865,-614579.679930238
-298534.17210140824,-1073099.9333164692,-47811.12816362828,-1419445.2335815057
940122.3753668945,2050245.7980293632,646612.762898609,3636980.9362948667
-504816.96861585975,2504766.2828276753,-1198068.0552609116,801881.258950904
-290226.0744747892,5004925.938874602,146474.21269661933,4861174.077096432
52747.11134555936,6573305.443031371,31379.500269018114,6657432.054645948
333740.50036867335,9455301.269282222,-871740.2181178853,8917301.55153301
-160344.24001339264,1337369.1353242993,-1241527.4072589874,-64502.51194808073
32955.383075963706,1266413.5741989613,-423722.635262385,875646.32201254
-322703.1831028145,-4812032.477131337,1201074.992511049,-3933660.6677231025
-931365.7355530541,5309780.832654893,-660852.4781290069,3717562.6189728323
518780.07535821944,-4796889.445945382,1077165.2892335579,-3200944.081353605
-18103.367319114506,16623350.536453962,-599736.1019700468,16005511.067164801
-670587.9637090359,-1876887.8519866168,-758522.8356934115,-3305998.6513890643
285650.3534902651,1113912.3368028402,-56044.434820212424,1343518.255472893
-15789.5108790081,646233.4156498313,70117.04223187268,700560.9470026959
-143801.65006406978,2504183.7565877438,49869.66006106883,2410251.766584743
-197853.23541452922,-675697.0633128881,-468812.8212479055,-1342363.1199753229
525190.7661392875,-365287.34962394834,-607344.2670562416,-447440.85054090247
-587806.0157900099,2492997.289214164,-1840476.4201175123,64714.8533066418
177185.7095004078,8368457.652158618,466897.1225642711,9012540.484223297
56388.56058792956,8591631.962251067,-431954.8859736994,8216065.636865297
-786714.9271183349,8614968.19280684,590168.9985021055,8418422.26419061
-1047560.2407645322,-8169905.170226753,-2138330.191468656,-11355795.602459941
426916.94843753055,2221363.1853426695,-211506.90890892595,2436773.224871274
-973520.4199513718,-2061977.3404833674,-510218.5902424827,-3545716.350677222
112117.52201803774,-756405.2456284165,-30760.22646085173,-675047.9500712305
56726.232129512355,7433485.375596434,-676303.6433089152,6813907.964417031
-691301.3205639981,-4220916.206052184,-54849.30207465589,-4967066.828690838
-1117005.9435580894,3831867.6034463644,-913867.2204201669,1800994.4394681081
-643399.999369977,-7772813.122211337,-279747.2820527926,-8695960.403634107
-636617.392814137,489748.0312309861,-77583.62508603185,-224452.98666918278
-56798.11539200321,-183058.32464414835,-1229230.8791189566,-1469087.3191551082
-150336.77934638597,-2512965.3591264486,-172173.02355202287,-2835475.1620248575
130385.49503652379,-3492589.859597355,-105407.31437212229,-3467611.6789329536
736204.6661522202,578440.5802777112,-497886.1593203768,816759.0871095546
-546521.578834882,-5249456.030664206,-597092.3189286441,-6393069.928427732
413627.7061657235,9252069.279886216,-249181.59119153023,9416515.39486041
-467651.37354804575,-16949262.502194077,-93132.63106845319,-17510046.506810576
-57344.96179204434,1145339.0897777379,320131.26939451694,1408125.3973802105
46595.02640635148,-5781243.356281936,127011.65118990839,-5607636.678685676
-296186.93578370474,-5904102.966761321,-459538.85017292947,-6659828.752717955
11207.229564445093,-2450657.7572476864,108645.83035849035,-2330804.697324751
51352.14221739769,2367989.1132513285,377207.7122275308,2796548.967696257
67603.53564049676,-3235542.8827695847,-186155.6925726533,-3354095.039701741
-397743.07710420527,-462223.36570107937,-381025.332670331,-1240991.7754756156
-166308.33286452666,-1478891.9233424664,543914.8915734515,-1101285.3646335416
668041.2366829086,-2990312.9296347797,347763.1716768518,-1974508.5212750193
19772.818671423942,-7580595.918627143,973843.394765906,-6586979.705189813
339270.68090217933,-5703333.951179922,882915.4576860741,-4481147.812591668
-591382.7113065924,-1490302.2393237948,-211756.15181281418,-2293441.1024432015
314527.3466480598,315727.1794835925,333213.2399611771,963467.7660928294
30878.979230599478,-4098970.028132677,-466951.8789353445,-4535042.927837422
255024.26687953435,5563637.25875932,406815.5676081851,6225477.093247039
-147622.95991615765,-9708598.066882849,-612654.1371147558,-10468875.163913762
-998704.5526817702,-7644014.998508781,766550.0681521669,-7876169.4830383845
-151985.83860657737,8348386.127280116,355150.3622280136,8551550.650901552
-575377.8529516384,-7531718.8139000535,64173.695129700005,-8042922.971721992
-366865.5815036893,-10182133.009566307,-280785.42190062255,-10829784.012970619
-432981.9712394513,-1705919.7322223485,299455.3115351051,-1839446.3919266947
181254.93454002403,-79801.44121861458,-302934.452794753,-201480.95947334357
-480262.26647439227,3338972.1509622335,960076.5104320049,3818786.394919846
179918.5378097538,-3602772.262052357,123917.9513791427,-3298935.7728634607
940508.5638284385,7321924.147590399,311434.4508158639,8573867.162234701
-147154.80544835702,-1016835.3161732554,976947.0048725083,-187043.1167491041
31554.837978409603,-4928936.407458574,-1083158.0839488953,-5980539.653429059
20131.334017397836,4840930.158053815,-355008.6560975611,4506052.835973652
-338778.5700295847,-4101702.4443834424,109392.66899833083,-4331088.345414696
-188532.16757493094,7539686.885315388,-1183424.697021857,6167730.020718601
1047253.0566949565,-1191410.8370571136,483997.00923097134,339839.2288688142
7476.844102280214,-362583.4973181784,470282.6898955256,115176.03667962737
-206553.7720630765,7660147.049508929,317964.00824341923,7771557.285689272
517674.86416403763,-6172154.138228655,210086.6926277429,-5444392.581436874
329859.8594545238,-14809190.375599682,705078.6941333041,-13774251.822011854
194382.43122307584,2767444.513843,-602395.2430647537,2359431.702001322
-235343.01013436355,-4971930.411042631,-22385.888434536755,-5229659.309611531
-484347.63972997107,-3045852.919921577,566068.5763353407,-2964131.9833162073
98497.89758401364,9054847.601957798,-462137.9057471305,8691207.593794681
-167667.5283288341,-4727446.443450749,313440.59071296453,-4581673.3810666185
-224867.24118772894,6882477.8646966815,-772581.4090307131,5885029.214478239
-124143.34624149464,-3290164.504013926,367342.5965435505,-3046965.25371187
-985029.0954513624,-13203224.55300209,-689347.250625655,-14877600.899079107
258479.8356563896,2483545.637337327,106153.96472130716,2848179.4377150238
-405213.48022060655,-17643743.840067387,-706093.4040766284,-18755050.724364623
683708.08328088,9423484.878044248,-39184.36562026292,10068008.595704865
-624847.8637018576,10195664.544452965,-714382.349732846,8856434.331018262
-190259.9028239604,-2614306.544947982,70784.73404049873,-2733781.7137314435
229463.47995550558,35587.26648950577,1056045.1335325465,1321095.8799775578
-52902.43943312019,-3911742.571688473,-478528.75004190207,-4443173.7611634955
-778372.3862683456,10160292.984838247,-628741.538263917,8753179.060305985
61661.189479935914,-4714540.021085858,185473.71730161458,-4467405.114304308
-994023.1257870365,-3931608.22867471,-7751.035186044872,-4933382.389647791
475741.9345778059,3341922.2827293873,-158011.37148796022,3659652.845819233
363685.9643756747,4808226.585379362,143045.8174467981,5314958.367201835
44291.845704417676,-3045052.4490517974,902563.4427763671,-2098197.1605710126
-220672.50739739463,-9709897.059812605,178077.2774047777,-9752492.289805222
572951.21327639,-7620207.778416693,-160761.48041790724,-7208018.04555821
78426.60134301148,-11399232.248622298,684261.1323212236,-10636544.514958063
-227001.31724628806,-6322235.810151726,875495.1434721798,-5673741.983925834
1041062.0847258884,1836560.19959718,-275658.44371695817,2601963.84060611
7453.84097625874,6449044.504015565,-783188.8466045335,5673309.49838729
91757.53836924955,-5336109.030863404,288196.6504533738,-4956154.842040781
-538332.0242038723,-662719.8979232907,601026.4361307174,-600025.4859964456
116768.2537027318,-164771.9496588111,453339.4566742331,405335.7607181538
249852.70469235815,-2319791.600215018,16811.927798472345,-2053126.9677241873
-242362.07427574694,-3051928.9445233345,-11012.231450259686,-3305303.250249341
167984.58384864405,-6152485.947666466,249341.76301634312,-5735159.600801479
269781.82251019403,6730154.381253421,453187.9108464569,7453124.114610072
515065.89162609354,2944051.4422944784,598546.7723708227,4057664.1062913947
-321079.86552303657,-7044546.493998736,-415731.6112025678,-7781357.9707243405
441893.35568618216,-1739111.5345609784,337228.24313949794,-959989.9357352983
193424.32781329378,1667739.9879576564,-704196.1983156353,1156968.1174553148
-77147.77674651332,-6212617.6268387735,140221.82626624405,-6149543.577319043
324660.0355388578,1751246.1181926131,-456544.53386473656,1619361.6198667344
-117974.34872180782,-6405124.771808118,-592671.9732079431,-7115771.093737869
-33533.76706632413,-5000998.809649169,473405.5642389208,-4561127.012476573
-625143.2659673616,-6836933.831681371,162633.35098437965,-7299443.746664353
92674.58261742443,-8269836.229778528,180091.14104564488,-7997070.506115459
194637.1518288348,1756609.1058658361,-239429.63609930873,1711816.6215953622
-426637.1334577333,3776258.542955339,117430.19121622294,3467051.6007138286
-129158.34967125021,1640368.9805793762,-731378.5538229495,779832.0770851765
-1147564.2653235476,-7039383.282025814,-341280.7247217968,-8528228.272071159
-323241.09490545094,-5092811.278445065,157450.06855731457,-5258602.304793201
-290879.21277012303,7129135.566453308,-853129.0868006051,5985127.26688258
-350969.08054070733,-2113754.179911256,267566.05467294157,-2197157.2057790216
117285.51104509458,-2421503.6850176454,260190.76076947898,-2044027.4132030718
-267176.6634933036,-2070317.9022429585,-438219.73160333186,-2775714.297339594
-487236.1986008659,753260.7090275884,-571042.9311479628,-305018.42072124034
-312264.55893669836,1703571.0731626153,181034.75031869113,1572341.264544608
912794.9461766426,-7131623.416398466,-468196.4587202668,-6687024.92894209
-492384.210061606,-7470207.664101005,587675.0008982569,-7374916.873264354
572261.5674975608,6347279.978800893,764553.8545296416,7684095.400828095
201879.07594737597,-4370350.883963525,179184.1210551411,-3989287.6869610082
-880755.5600903481,-4515388.875932813,-957493.0351708382,-6353637.471193999
579710.4729757011,-2802881.2246956825,-671311.2422301844,-2894481.993950166
-918116.0354160145,-5250494.962056845,-240780.1905353889,-6409391.188008249
115295.78171997145,-7863346.662127197,-120225.5661727041,-7868276.446579929
-225111.60830397718,17352646.001562715,-967295.4651524872,16160238.928106248
-436010.3251743056,-8649654.690031797,11182.136058799922,-9074482.879147302
868255.1730833501,6574333.637331188,487664.65268589556,7930253.463100433
667221.3211550992,12705129.751559675,681442.2587297261,14053793.3314445
-175056.9889217522,4758523.483082324,-909592.1760603637,3673874.3181002084
-265014.9359638039,183865.23950526118,726645.4703137875,645495.7738552447
579059.5129093546,2202349.2987778187,491073.2761721015,3272482.087859275
359890.97496615164,3815669.7936034203,796135.9123015553,4971696.680871127
-105456.93821586296,2498959.457685709,-342919.16756895185,2050583.3519008942
-248023.44301109202,30299.03894624114,-402811.0963001847,-620535.5003650356
53441.793645972386,6045411.206033528,317863.8183233887,6416716.818002889
-721054.7408058234,-2536622.9479672313,557614.2524975836,-2700063.436275471
585225.340490222,1551124.806370616,-103009.38547638059,2033340.7613844573
-420295.588087108,2021776.9201431274,842532.3510579616,2444013.683113981
-376516.12548215874,736487.3382027745,102460.47591485828,462431.6886354741
-53874.01663566008,-3445179.5979650617,53355.806957781315,-3445697.8076429404
132337.53760376014,-3629310.6128356457,-403490.0387038365,-3900463.113935722
280246.30774426274,-3358512.1414476037,-258415.11530317366,-3336680.9490065146
-233206.5012490973,10463541.320034802,-296880.3623711765,9933454.456414528
-52973.4977151379,1187484.8488924205,-165255.53680137545,969255.8143759072
-802382.8277995829,-4047582.352440059,-254614.69455242902,-5104579.874792071
-435751.498831667,-12076843.131318927,-159929.4713498056,-12672524.1015004
223804.8758142218,-3422779.7888230085,-923961.6175046265,-4122936.5305134133
510738.9428333286,-10936143.232329369,724130.0217201263,-9701274.267775914
133933.81514658034,-4431305.853229642,312126.09043335915,-3985245.9476497024
-827099.9104762226,-2304348.193581283,-1013490.8234426379,-4144938.9275001436
181513.6283256337,4553029.462437451,-183700.87780986726,4550842.212953217
171202.36773584597,2026014.1941714883,838744.0595364571,3035960.6214437913
-98079.89940447174,-4943475.4857798815,-59048.59231711924,-5100603.977501472
760308.9066982958,20614370.569482267,178915.5819900781,21553595.05817064
-904487.4506286103,-149509.0130828619,-1419180.6200063378,-2473177.08371781
474879.6592216473,-2631891.3245569468,-155959.74435912818,-2312971.4096944276
-533354.3556306306,1238855.042925179,-649156.739014253,56343.94828029536
151577.97431444377,497495.39011609554,-698832.4882713258,-49759.12384078652
-8616.856604963541,7985547.842460215,-139835.4922585413,7837095.49359671
-891462.2307600435,2778951.318129301,-430864.45264742523,1456624.6347218323
-330207.969945265,-3682358.1744656563,238485.59632200748,-3774080.548088914
-134501.0029077083,449866.42844444513,-295750.73736409843,19614.688172638416
-154552.58930922858,4512163.542916894,-501961.45030224323,3855649.503305422
6677.097674025223,658611.2921889126,-293315.0981628671,371973.2917000707
-63840.332742,-5470337.953809917,136887.8729185164,-5397290.413633401
-36650.86530392431,3461827.1054857373,-433277.1414816454,2991899.0987001676
693888.8362107761,232794.65484404564,405527.16869457066,1332210.6597493924
-237132.16723246872,-685313.4766715169,-343423.95437318087,-1265869.5982771665
109237.31186672859,-6426805.1682780385,481764.73462082446,-5835803.121790485
-425777.69481470063,-5014488.398496032,168219.02717974782,-5272047.066130985
273138.34553060867,-505972.4730540216,-635370.75966236,-868204.8871857729
52920.41330695152,4587391.001986146,652559.4355234727,5292870.85081657
393493.3917754777,-3750073.5411201715,164837.32805931568,-3191742.821285378
245214.34377317317,-1702450.072753787,-177080.5595715195,-1634316.2885521334
-69765.27561211213,-7478971.376409322,-521671.4074497521,-8070408.059471186
-408833.45817883126,5467522.471975237,-315951.5196550861,4742737.49414132
-22989.273828685284,-5502477.412779629,-34370.308980084956,-5559836.9955883995
-133149.65718217008,-8384873.613479108,292255.8783675283,-8225767.392293749
-72739.16382703371,10547179.767327666,-588310.6261891648,9886129.977311468
551059.0288827606,7058545.055168271,672112.1181828007,8281716.202233832
-750808.134114474,1716631.1717404127,-574434.4541306943,391388.5834952444
54891.60565602407,-4266988.688763559,654508.1484767124,-3557588.9346308224
-510017.4832767546,5435854.65608871,-728957.6884215027,4196879.4843904525
370494.73567885533,823548.6904713511,-454849.92736537755,739193.4987848289
-40142.13535289653,1313473.8717717528,-1054150.491867736,219181.24455112033
-342385.46116954833,-311207.22846084833,-750459.6545675173,-1404052.344197914
124595.19053989463,-4168122.992252201,5179.2494869455695,-4038348.5522253606
386596.9125276916,3395211.3343140483,707942.5326457322,4489750.779487472
25177.12450060621,974094.2441627383,53612.73606002331,1052884.1047233678
-1045201.6033498738,-7271350.939580619,-749051.9433672354,-9065604.486297728
773519.10222481,-3757245.381792158,-536500.5651926175,-3520226.8447599653
-85621.91330562718,787897.076785028,-114160.40662489831,588114.7568545025
342593.1444481276,2026569.5352172852,238793.61303954571,2607956.2927049585
156525.67775443755,2972733.9040479064,-242179.45848370343,2887080.1233186405
-117481.96512097679,1136494.5974208415,52481.03305014968,1071493.6653500143
89419.11698077805,-100652.93951511383,589726.1506546363,578492.3281203005
-261652.83277531713,1279949.723781526,-871314.3555521145,146982.5354540944
-436494.59672310203,4886028.626781762,-199486.84109437466,4250047.188964285
448369.0626681242,10191716.480611384,-82339.90573953092,10557745.637539977
264401.9279673528,-2831721.1503685415,-10400.478945091367,-2577719.70134628
-182353.43861535564,-4588425.186751306,-529864.1164873764,-5300642.741854038
-130083.37446571887,9396665.60430783,525679.0464308709,9792261.276272982
-624559.6329831481,-6109835.284739763,-648634.3569529727,-7383029.274675883
435122.72527094744,-1828069.0367228389,659211.9707534462,-733734.3406984452
-910618.9703355841,937031.849055469,-519099.5193365738,-492686.6406166889
-206904.9382142201,4667350.769399494,100334.7064313218,4560780.537616596
310914.7849296741,-8484720.566839576,18628.860184401274,-8155176.9217255
-285946.2503423281,1518645.716420412,457650.08418640494,1690349.550264489
-172188.47555822134,-6287080.189904511,-432787.80171997845,-6892056.467182711
-182317.00865721516,7689059.277267635,-251177.40882814676,7255564.859782273
-48859.535291159526,812684.537717551,-943780.5088811889,-179955.50645479746
70857.1897668466,2263785.56515342,-886706.7015437633,1447936.0533765033
-102951.01822142303,4585016.758954108,-1038648.6587020457,3443417.082030639
-404372.67010170035,-5036988.216093242,669489.4944109172,-4771871.391784025
-108749.4590310622,-5669779.216727138,-447772.6865440607,-6226301.3623022605
187983.32724388875,865185.9193419218,86735.24514320493,1139904.4917290155
-294420.23078120686,1894421.611023277,-365304.0509530902,1234697.32928898
336679.1065422967,-3087997.485152781,22563.503015868366,-2728754.875594616
-705287.7896339092,-11537928.330529988,-262894.92675126344,-12506111.04691516
-897538.9140569866,-4473328.679118037,-703429.6210760102,-6074297.214251034
68999.81235750578,-9449474.388080299,-242640.76851830631,-9623115.3442411
361468.84119713306,12853863.801258296,-242713.66859604418,12972618.973859385
-35213.46698656306,-108868.33606517315,735070.6895665303,590988.8865147941
90146.35760959797,-7242857.19331795,-109144.945173949,-7261855.780882301
546370.1620258018,-244420.7378744483,-371758.8448726535,-69809.42072129995
-253198.67360830493,-3956659.6134079397,-158606.87298428267,-4368465.160000527
-96697.56130279042,3998967.196683198,-616466.3052859604,3285803.3300944474
170069.43677455932,-7260465.23394388,-869786.7191507071,-7960182.516320027
284807.2445278168,-485909.62577447295,-660842.1144474596,-861944.4956941158
-220936.1945933774,3334924.6556892395,-517220.6680412218,2596767.7930546403
-232788.00817404687,4106589.051686406,194987.17038081586,4068788.213893175
-489628.5107841026,-586953.6270332634,-563208.24575115,-1639790.383568516
208426.03418399394,-5369690.8813432455,-560327.6780103967,-5721592.525169648
459281.36787410453,14325818.941938877,-397529.3514596224,14387570.95835336
-829602.305200709,-2353374.4066215754,-37562.201442696154,-3220538.9132649805
306532.012031747,-6938226.644521564,820086.2467213422,-5811608.385768475
399363.5132271424,-815157.2986164689,-321673.6565093845,-737467.441898711
442496.9135235455,9599367.756268382,-981777.4660606086,9060087.203731319
-8808.075615290552,-6489957.266344488,-1167436.944168076,-7666202.286127854
-480849.5947505422,114050.99977624416,-237840.18584556878,-604638.7808198668
-499635.66706934944,1704447.1933852434,-108489.43201244622,1096322.0943034478
886614.9794772435,-4332327.868538201,436108.8860565275,-3009604.00300443
-192220.2814820055,1954626.319990456,-702420.9363834262,1059985.1021250244
670809.0360111892,-8718564.88046816,-786069.8237891868,-8833825.668246157
-364907.5615113694,8172015.353160739,186157.37634450197,7993265.1679938715
1186598.4530326165,-8044613.067361683,-579902.1483094841,-7437916.76263855
-760792.5226184223,-990571.1972436905,327596.6852825433,-1423767.0345795695
250374.05730270408,-155607.9407041669,898007.4008799344,992773.5174784716
-287006.17223219573,13278953.512685597,-500.7764919549227,12991446.563961446
-344788.3255427405,10204753.311704338,-565860.4883104414,9294104.497851156
-29359.288770010695,-4791341.807225108,-408356.2979480773,-5229057.393943196
759330.6365033891,4771286.872501254,971560.9625133872,6502178.47151803
274517.71949691325,-4714498.312797815,-507213.4845145345,-4947194.077815436
-33777.39580970816,5127601.166369975,318494.226478301,5412317.997038567
260175.4431979917,-544588.1947738528,-180633.3812012598,-465046.1327771209
333038.9049355034,-7537045.578850031,-354321.83186018467,-7558328.505774712
-461569.7144686673,2647286.832973659,-174626.9800701663,2011090.1384348255
-161429.09276165254,-1706640.4869788587,-423763.5600319579,-2291833.139772469
-187778.46501329914,-3604365.099211335,551292.5001736581,-3240851.064050976
387142.9182571564,-6592434.911790788,-203976.09369143844,-6409268.08722507
-706533.370924551,72018.0510828197,-934706.7816693634,-1569222.1015110947
810587.7708303258,5559141.387615591,264167.17088384926,6633896.329329766
213357.2198379431,-5334175.429608643,-140841.5119344741,-5261659.721705174
486129.38384697214,-4246234.149638683,-467383.7497820556,-4227488.515573766
-249634.24389328808,2238871.240241766,305689.0214733705,2294926.0178218484
-509795.40210201405,-37311.99716487527,-132899.60670524836,-680007.0059721377
-656091.1922087576,-4840666.153521597,-278713.9080475569,-5775471.253777912
48022.902874404564,9553223.46671766,725463.6168835834,10326709.986475648
88773.23475121893,554699.2758145928,508651.9807201922,1152124.491286004
119787.8552808389,1177754.3756753206,139815.8801817894,1437358.111137949
-178317.42878819443,-1814356.7255506516,-414657.2948214188,-2407331.449160265
-408080.5885186624,2494867.614125192,-552487.4393974841,1534299.5862090457
118114.99761482142,-1160402.8414731622,137405.3702828884,-904882.4735754523
-216589.10474323854,-4882228.36705485,551931.5623987913,-4546885.909399297
-218488.7119357381,-6498519.980956763,337085.8388584703,-6379922.854034031
213009.77052277327,-5750277.710036635,98213.86700960994,-5439054.072504252
-377947.0778841581,10269770.280936778,-903543.6683573052,8988279.534695314
-112449.7400641758,877626.3090737462,-153887.41885851324,611289.1501510572
-335856.8062212281,-1101648.276849687,-215716.30587534606,-1653221.3889462613
-395815.7772094235,-6490283.35337615,-540520.6161498725,-7426619.746735446
138135.97073644586,2077550.3384373188,570820.357488893,2786506.6666626576
598133.1107814629,-2788769.365861267,-28973.629980057478,-2219609.8850598615
541118.4949007723,8470992.997959375,-333164.39620167017,8678947.096658478
-610396.11534301,-3620011.0821825564,-348165.12839945406,-4578572.3259250205
-643227.3550610095,2019253.184071362,293613.6436757371,1669639.4726860896
-37573.17383399606,4389379.019543558,-57098.44707105309,4294707.398638509
211929.23192094825,-6674188.613555849,-339742.44763314724,-6802001.829268048
-116990.82926995307,-3888395.7228634357,-149620.89166525006,-4155007.443798639
660169.9926757626,655927.2026178837,48485.242719076574,1364582.4380127229
-653572.7392781917,-3198194.5371862054,224671.15964082628,-3627096.116823571
-152905.8605270423,388323.4069015384,-182506.48631798476,52911.06005651131
-89865.29447968118,-1383530.779303968,165034.1942112893,-1308361.8795723598
490817.5216917172,1589996.8760198355,-258876.25639086962,1821938.141320683
611834.7740888391,-1478567.7518575191,500764.47353309393,-365968.50423558615
-352661.3899358269,12472459.534708768,-161401.74536406994,11958396.399408871
-844193.0086456016,2549008.7708128095,-1106569.4488522187,598246.3133149892
183023.51082934998,8745810.066249311,546410.3198776841,9475243.896956345
363466.45980420336,1012258.2144473195,541034.9036756977,1916759.5779272206
-30385.164077810943,-1791329.594738543,-178808.94093111157,-2000523.6997474656
360046.9128704611,2414360.7284103036,-691676.7559795976,2082730.8853011671
-310937.8378035743,6921352.492310435,-1286213.8328675404,5324200.82163932
-35895.96112401411,4833630.513335943,-347403.92590656877,4450330.62630536
379370.46510224603,2642926.958920598,169983.92612735927,3192281.3501502033
-106885.46491256729,-12310712.54072386,-37593.53685166687,-12455191.542488094
-175360.70576731488,-5568181.243599594,-113823.96568592638,-5857365.915052835
161834.11219305173,-2522248.4049040675,-470661.3100662008,-2831075.6027772166
-12866.642143541947,734368.688090384,653745.015040338,1375247.06098718
-5824.842105360702,-541436.71057266,155283.85864201933,-391977.69403600134
255078.7425016798,-2527162.7179980874,-647976.3701619208,-2920060.3456583284
-800088.2177890595,-198788.48860168457,269491.1303025037,-729385.5760882404
-210104.40307009593,-1664753.8591945767,-479838.13556085527,-2354696.397825528
294365.85660150833,-620448.3394294977,-183666.86032420397,-509749.34315219335
148788.19211358018,-4485138.106005192,-911408.8985942304,-5247758.812485842
306214.2115740739,-1845636.1334255934,879606.331377387,-659815.5904741324
-138345.35350468196,1152197.4734360576,-1571.0245379507542,1012281.0953934249
-55812.71453623101,-5393912.597048163,-208514.7992893532,-5658240.110873748
-146900.51841911674,-5076784.665374249,380213.176724039,-4843472.007069327
139851.3621942699,-2170123.420926392,-750026.2402035594,-2780298.2989356816
-7793.902244111523,-3983060.1893883646,478730.35970722884,-3512123.7319252472
-393949.1351387538,-4529773.246853352,-271973.08255090564,-5195695.464543011
-366509.55505012907,1542211.0390132666,-979718.91674494,195982.5672181975
-139442.3032136634,-1850151.3617258668,-439284.1445832774,-2428877.8095228076
353145.69144566916,3351442.3711937666,264250.4396220073,3968838.502261443
337315.58828829974,-2925603.6112102866,401979.76148510724,-2186308.2614368796
102453.8071584329,-1319666.9023120403,-426144.79888918996,-1643357.8940427974
581584.6580260769,-1781639.4948714674,875738.700498499,-324316.1363468915
-301192.15411716327,-3461751.9717739522,-255761.27282434702,-4018705.3987154625
-182606.0993789807,-4066637.1402362883,-536674.2179507539,-4785917.457566023
-247610.32428377122,-7858750.163888961,724844.8076516986,-7381515.680521034
-292447.86960607395,-4325693.687282234,-1737294.997613892,-6355436.5545022
89146.38149538636,-8241643.167235374,468995.4241537601,-7683501.361586228
108955.47854023427,5259610.768852115,154926.02280453593,5523492.270196885
512097.2866042778,-1035560.3940849006,-159390.16873641312,-682853.276217036
176327.4727799911,3367515.6596485376,-65070.65121111274,3478772.481217416
-273875.3551860377,-4635616.443022758,-186502.23934717476,-5095994.03755597
-592618.629507564,7656089.405034602,-1249071.0302608162,5814399.745266221
233738.67305056192,2602565.543134749,-252973.8043295443,2583330.4118557665
-29960.57489398867,-3642158.2444331646,-532414.4244272113,-4204533.243754365
-221561.8282988239,-3350644.731974572,742057.7691588551,-2830148.791114541
-833482.6959206164,4405261.637203276,-96379.60105383396,3475399.340228826
-131304.37042010203,5295760.764836341,-1538764.189106509,3625692.20530973
-336558.53746797144,-319361.01120227575,-528633.9345963374,-1184553.4832665846
789820.1221998148,-108715.13928875327,385121.06194704026,1066226.0448581018
-468283.3854360264,3430963.610308349,-1065546.7463593334,1897133.4785129894
513209.49656769074,-4026547.9171835184,-300432.8053180501,-3813771.2259338778
-161435.3825418409,-1549510.8789690733,-251235.85730871558,-1962182.1188196298
954666.3262311369,6930543.515919507,75708.79281130433,7960918.634961948
-77877.83338039555,6246060.9171414375,-337647.646619685,5830535.437141357
-804340.9422022235,4541090.421411425,-1058335.7683409825,2678413.710868219
-94610.37330212072,-8170335.840059936,-432209.31846099347,-8697155.53182305
-11150.270121095702,1473782.8617829978,-417224.0815130174,1045408.5101488847
8602.712619816884,2757432.5210989714,-419856.63459474593,2346178.5991240423
404066.2672977075,-2167936.5120934844,-212636.54326310754,-1976506.7880588844
-366864.42517359555,-4177337.0438379347,67167.89008896053,-4477033.57892257
-199156.77390266024,620334.1986908615,-710921.4346985519,-289744.00991035067
-118611.60603498854,10569052.827565998,-372580.42828247696,10077860.793248532
-96789.04862936772,-2467412.3311495185,-710096.8088436723,-3274298.1886225585
-186185.12867360562,-2184783.8446604013,-357872.55789054185,-2728841.531224549
-527588.4308998063,2149479.0831430256,-1356364.5961057395,265526.05613747984
-192031.94781805016,-772596.4885246754,-5049.369610205293,-969677.8059529308
111356.67518746108,4468864.384988248,-184784.60989753902,4395436.45027817
249830.49748324603,-6973687.064564705,284253.7452589795,-6439602.821822479
-10780.428832979873,6827653.1693228185,-147210.0676851198,6669662.672804719
-396036.063699482,-3693491.834165156,-510009.6454395503,-4599537.543304188
-1297415.741565885,1071905.8474655151,-762296.4345560968,-987806.3286564667
-608608.2879468799,6921019.311096668,-298813.43139499426,6013597.591754794
149160.8070455771,7118808.715589941,216288.46590247005,7484257.988537988
-559537.7044838537,9334102.770015925,-933252.0712434873,7841312.994288584
-532905.238913862,-1228376.9292323291,-959325.8724525571,-2720608.0405987483
61278.01543812454,-4421916.953063786,1078358.7396548837,-3282280.1979707778
-703692.8172276858,7486150.490136087,-908019.6908494085,5874437.982058993
-662225.9810399469,1520767.9961126447,273015.7551552355,1131557.7702279333
-441060.5485754125,-3154147.535977781,-286675.0568493381,-3881883.1414025314
281035.33067636937,-5162117.161091864,-366258.81216828525,-5247340.64258378
-274584.11552085914,-1758804.6665348709,-422881.5910733193,-2456270.3731290493
258909.25269220956,-2475300.263900399,-132265.24818012863,-2348656.2593883183
178783.2636572402,6781037.41307044,-546877.9391631633,6412942.737564517
300555.32835512795,-3943138.4880786836,-134249.3081023246,-3776832.4678258803
68885.2546871677,3691405.52867347,381913.2494485378,4142204.0328091756
-234001.41039745696,-82497.96893298626,-325834.87411468476,-642334.253445128
-206386.09608207457,-7072542.351634949,-437265.9353006482,-7716194.383017672
301049.6819511242,10105099.02315849,262306.9425358847,10668455.6476455
-181360.53870178387,-9169329.436984986,-419099.50389062613,-9769789.479577396
186085.0390613675,-628791.4693478942,-414021.28724782914,-856727.7175343558
-282484.67445775867,983271.8078925312,-1253073.0621901453,-552285.9287553728
153424.30623969436,-6156138.683152676,349296.56425119936,-5653417.812661782
-90542.26638481766,536463.273419857,-279986.28410907835,165934.72292596102
-122111.81151622534,221081.35487139225,-501444.50661052763,-402474.9632553607
-34018.72355627641,2104628.5187883973,103971.378839463,2174581.174071584
-745012.403358506,-2956003.5517018437,-453006.5567379892,-4154022.511798339
-938266.1111238357,1738465.9918301702,-886570.6794228107,-86370.79871647619
224925.94052086584,10520830.95563373,216183.27823510766,10961940.174389703
-111282.9706454482,2456382.105301857,323019.13121041656,2668118.2658668254
139725.9645251464,3727047.675109327,346517.17554617673,4213290.81518065
-340936.0843962319,7607572.698322415,880436.921809867,8147073.53573605
-313482.07476617955,2293569.1462207437,478890.5435021296,2458977.6149566937
354071.5323515292,1596906.512032956,54578.972444847226,2005557.0168293323
461857.13320733234,-5785415.918217599,610877.8248720169,-4712680.96013825
737692.8095663264,1351478.9467918873,188974.04662054777,2278145.8029787615
111205.23199889064,-1778005.0686091185,-87722.83477838337,-1754522.6713886112
312440.8429801632,16235967.546920389,594426.4018106163,17142834.791711167
123451.17615707777,-11876240.288612127,5683.415002465248,-11747105.697452584
-396977.59877880104,1848262.9177305698,-36930.5656703338,1414354.753281435
-261695.02181497775,5224320.994520515,-954555.1798783541,4008070.7928271834
563393.6140650678,6581253.043774098,-292066.7469844967,6852579.910854669
472262.307183234,3552350.811615944,-608941.4192435294,3415671.6995556485
589965.2731536385,-2315087.584077537,564018.2036675438,-1161104.1072563548
303049.4679834526,-7046569.080260217,1235373.7061343342,-5508145.90614243
-4065.0873814448714,-5538986.578780532,39621.587946370244,-5503430.0782156065
-616032.2500437703,8630575.649457633,451694.84072333574,8466238.240137199
-578958.2458086703,-5630109.270591199,-471992.56401087344,-6681060.080410743
265536.5750967413,-8550103.988229513,-8038.489433392882,-8292605.902566165
184005.44082230888,-2782320.35917747,65663.92794194072,-2532650.9904132206
226760.35989222117,6294268.617118895,69311.90252965689,6590340.879540773
274115.3522714209,-3500453.7720244527,912168.5012510493,-2314169.9185019825
-404030.06428660266,5410542.154720396,-19208.802469097078,4987303.287964696
-430672.45674720034,7002960.018507838,137677.41691024601,6709964.978670884
-381507.81560561433,1635301.068145752,-556131.580002524,697661.6725376137
-23429.82665234059,4137146.360249251,210691.84191833436,4324408.375515245
108075.26506694593,10930636.995373398,-321156.29988791794,10717555.960552426
426051.01303518936,3101652.2441604137,634117.2930223644,4161820.5502179675
-429014.1066696327,1944284.3036835194,-1062113.389852643,453156.80716124363
-67821.90007059462,-1076111.2599242926,507082.2434040606,-636850.9165908266
769766.3770483918,5191736.690488189,-798901.5599784106,5162601.507558171
663716.2860489674,9256807.483586311,941066.065185748,10861589.834821027
828317.578605732,1286937.2997730076,1154114.6393036991,3269369.5176824387
-292279.592615284,8974246.755675912,742860.2466564626,9424827.40971709
-171825.69629909843,-7016913.636875391,-178863.37436388433,-7367602.707538374
-71821.03924968466,15230782.294573665,-192233.99001964927,14966727.26530433
52600.59608592652,5041662.25604099,410063.24033235013,5504326.092459267
-196838.67976994067,4389360.36930877,-769451.3329550475,3423070.3565837815
231972.70152192377,3232706.881322086,1368303.2825586125,4832982.865402622
-286667.5833676718,-1422147.3335694969,-3176.9382742866874,-1711991.8552114554
-233025.46213569678,1705541.7601769567,-533465.3659349158,939050.932106344
-42370.46021902189,-4124244.0582642555,-554820.7165777087,-4721435.235060986
257367.13398845494,1813600.1325041056,-549465.3642495647,1521501.9022429958
-877255.0093858521,-2594081.070075661,-15300.40520890057,-3486636.4846704137
-225398.00492055528,-2586859.287692249,-287771.74608459324,-3100029.0386973973
-743387.6530567165,1632053.3138326705,-665088.965658009,223576.69511794485
514158.76136911474,4747567.0372315645,466760.61615427583,5728486.414754955
-37145.75162172876,1617722.3140670955,-899081.9470569491,681494.6153884176
-703379.5854710042,-4294137.7446965575,66978.80688087642,-4930538.523286685
-595935.0650818907,-7171919.30455637,22665.12728302926,-7745189.242355231
328198.44688457623,-4984455.205908537,-353643.3401364237,-5009900.099160384
-690648.1292133499,3766260.059905529,-852348.1928614825,2223263.7378306966
-236836.68191098422,4388407.923525423,184223.81461402774,4335795.056228466
-347979.7178681437,4806775.949085027,-78004.06570721418,4380792.165509669
312063.00290830806,-1472837.4608840346,-192404.5579378456,-1353179.0159135722
-297777.5531965196,-353629.7125736475,-818816.5643796474,-1470223.8301498145
-796104.0462727416,58597.90804344416,1046268.9852439761,308762.84701467864
1065462.7976790722,5549391.958138347,468637.4030152559,7083492.158832675
-345096.86188180186,-660650.7864468098,-302982.7211369872,-1308730.3694655988
378765.5886419993,5428595.261724591,-101300.47837628424,5706060.371990306
-59665.74238903448,7409807.411460102,-645021.0976251587,6705120.571445908
-201407.9840810746,-2551770.779100895,-993324.209041141,-3746502.9722231105
-265537.51019036584,8894096.592237115,-70834.97802704573,8557724.104019703
-26554.470464421436,-7447982.349712849,-180726.75471958518,-7655263.574896855
-192832.28875965253,-7849542.8780632615,-430103.2099035457,-8472478.37672646
-456920.39785861224,-1730408.717053771,-1038640.4723137021,-3225969.5872260854
-628544.1992008947,-1093316.2475130856,-458606.1178885102,-2180466.5646024905
-683535.9164667688,-1046833.5142434835,-582465.9335849881,-2312835.3642952405
-55781.26719020307,2471802.8858564496,-26595.21525683999,2389426.4034094065
-1033652.6900713388,-1740068.417474389,548124.2295614779,-2225596.87798425
-191989.6713618096,771312.8640753627,586857.5938049927,1166180.7865185458
597.5946243386716,1889234.8241687715,-328398.3433298096,1561434.0754633006
-614520.312752815,2511725.2998456955,-1288675.8934166878,608529.0936761927
-16632.421357292682,12010478.176063329,525183.6582521647,12519029.412958201
723403.576078929,-2499251.413057089,742275.0570948347,-1033572.7798833251
-517667.0669612475,-1386658.632509917,-157699.27791196108,-2062024.9773831256
375867.2539716512,-5476617.917717516,122068.46932794154,-4978682.194417924
1084426.1849760804,-2093626.1729254723,1346899.4126687646,337699.42471937276
-271657.7079756968,2367625.5463917255,-379022.73790055513,1716945.1005154736
363637.02306463756,-3603389.329896033,-19097.133479356766,-3258849.440310752
-369125.40227194317,-1741786.7320744395,322340.0762534216,-1788572.058092961
-360850.8836875893,-8178978.863633692,-562285.4958918244,-9102115.243213106
-163123.0895348508,9210386.060767978,-800788.843654111,8246474.127579017
-104035.09596421942,-4420342.251841366,518671.48986418545,-4005705.8579414003
457193.47686348855,-6531018.722628742,390090.9818367213,-5683734.263928533
-65024.133210431784,1963933.4718735814,-1163198.4489697963,735710.8896933533
106163.30412474088,2663803.5329847336,644460.3703841195,3414427.207493594
-143811.18606900238,-3083419.2771799564,591225.9891059548,-2636004.474143004
-290125.1138365194,-2815253.3211426735,161384.2824089229,-2943994.15257027
96846.60452844203,1971635.3749814034,81686.2169861123,2150168.1964959577
444438.30205137096,-4871194.751467824,414825.10288957506,-4011931.346526878
227671.37768585607,-8848794.860568583,87367.61475268006,-8533755.868130047
195037.51683853567,3230393.70835495,-199111.8783209175,3226319.346872568
130081.8277989775,4595567.425102651,-688414.5048780814,4037234.748023547
411229.92982818745,-9735986.816451907,461417.4608257711,-8863339.425797949
352314.73249026015,194137.3305465579,-298720.08445993066,247731.9785768874
805888.0129004288,7585361.121901631,-6276.286388263106,8384972.848413797
661272.5261758808,649720.9166507423,120587.21624834836,1431580.6590749715
54629.646582935005,-5859405.821544647,-448349.37367227674,-6253125.548633989
-600203.7610280886,5746613.344346285,-31074.14903176576,5115335.4342864305
20060.707400079817,4394374.8414667845,114713.50130678713,4529149.050173651
-419294.8595069181,-2935794.98973155,-435020.06089325994,-3790109.9101317283
-332872.0069764592,-2441282.023532748,-100505.72551418841,-2874659.756023396
-711504.6334811971,386844.60782289505,-474115.2067427486,-798775.2324010506
151041.2897139266,6463805.894713938,422582.1448242068,7037429.329252072
-498323.0346273426,12767618.5301916,-40021.630550928414,12229273.86501333
25315.814738770947,5825832.799387187,293598.63666624576,6144747.2507922035
289571.18223720975,3934915.8796961308,-839.7102881297469,4223647.351645211
507880.1380917635,1135920.439925164,845549.3686325178,2489349.946649445
-1012211.9522709791,3482343.850167036,33427.789731144905,2503559.687627202
505961.05090110935,-19359704.697830915,-102535.96733667701,-18956279.614266485
-275965.8240890093,4689428.974719912,-416705.0809726417,3996758.069658261
258925.68935367092,5063376.939219058,496008.6764659807,5818311.305038709
-280450.7492541373,-3717870.7326877713,1074610.3652520552,-2923711.1166898534
221296.101057956,3486073.774728477,974955.3535647541,4682325.229351187
-155032.94267655723,4415700.158278644,-580137.1968258098,3680530.018776277
143608.05015599355,3834640.488465309,583955.33303985,4562203.871661153
-429608.2106288094,1124039.139551282,93781.78031176329,788212.7092342358
190370.3998676762,4891231.559214503,-205663.24763156474,4875938.711450614
101592.78922863863,-10101.600118935108,-235749.90695325285,-144258.71784354933
219128.38970153034,-4538903.911406904,546306.9015945122,-3773468.620110862
346656.6794216521,8059256.503903925,609155.3729889691,9015068.556314547
-96136.60764899291,622284.5422628522,-383222.35291504115,142925.58169881813
162070.00675912946,9852795.32873422,-131837.6451567486,9883027.6903366
-387800.38468016684,-7417627.961750507,-502364.3963204175,-8307792.742751092
-149230.87710300647,842075.653586626,-547434.7248382121,145410.05164540745
-622172.7911556922,14935012.160965681,-931229.6054344773,13381609.764375512
119456.71332999319,8101042.884314001,-1066122.8388509154,7154376.758793078
630840.6091367565,3092344.9906618,-302451.97525271773,3420733.6245458387
-52226.736412052065,-5668091.26131624,625423.8030130118,-5094894.19471528
-325200.63669737056,-2402522.8316164613,-252542.40833774954,-2980265.8766515814
-68912.38049171865,-10912958.460301846,642807.3403616548,-10339063.50043191
-672558.993318351,-9803571.894160926,-515483.99721579254,-10991614.88469507
-279221.17085744813,4429730.079839945,662247.377361916,4812756.286344413
547330.8528242521,6696062.090215027,248907.40318855643,7492300.346227836
-235305.85105489008,2624637.767774105,-53315.86624763161,2336016.0504715834
156698.79110061377,492568.05627685785,-7054.553616352379,642212.2937611192
-199877.21659452654,3155985.0685931146,-1085307.336223662,1870800.5157749262
-342916.6958885286,-2649941.8437449336,-166384.92617878318,-3159243.4658122454
123623.52622235008,4031627.7289906144,285420.9970141426,4440672.252227107
-452147.95529376157,1835719.4198378325,-525318.2162527367,858253.2482913341
-384729.3617751263,590361.716793716,-914419.1766730249,-708786.8216544352
-441477.077574186,-1253531.0748586059,-71809.15899336338,-1766817.3114261553
243513.4675575979,1295822.121372342,-281278.08145000786,1258057.5074799322
-101650.22146259062,-4479444.254433095,27501.191955052316,-4553593.283940634
223519.1729569845,-808992.1701027155,215970.3311502263,-369502.6659955047
-462470.11721180193,8472722.91291216,571685.1690805554,8581937.964780914
366226.0880562309,-2362296.1517213583,-748280.6644493788,-2744350.728114506
153738.93060235307,-1621628.2981342077,-545677.4498070702,-2013566.8173389249
-402057.2806520909,75585.07571226358,-446282.6097483188,-772754.8146881461
4751.739190770313,-477341.1567789316,-32612.54608538747,-505201.9636735488
86038.11397879943,-7063207.209939063,-403258.9801717028,-7380428.076131966
-155980.5622581821,6607636.294100553,141586.72634264827,6593242.458185019
-309513.34022999555,-6779934.729149699,-989926.2615354434,-8079374.330915138
-411444.8573530074,-10619537.497947216,-207966.07348418236,-11238948.428784406
696721.2656062208,6370667.68342489,1142019.5069767758,8209408.456007887
350383.7067538537,-4140161.1778312325,-45715.93938345462,-3835493.4104608335
-324960.23108016886,5353354.046499729,42061.77502461523,5070455.5904441755
1015482.4060632382,1261424.791587472,344604.8435292244,2621512.0411799345
-210909.93384757452,-5111187.596633881,-66090.05668810755,-5388187.587169563
-124515.48755829223,8107061.823358059,523259.9978808537,8505806.33368062
-293200.38819626346,-8100035.1621444225,-336163.74211841077,-8729399.292459097
-947176.0094577819,-3918954.0719174445,-624958.924575612,-5491089.005950838
-122266.92791146785,-1567629.0199087858,-1082403.1450294405,-2772299.092849694
322981.4796660505,15025070.323648691,-35913.04087461531,15312138.762440126
-73151.4961868301,6494166.593471229,-139006.60930545628,6282008.487978943
-389715.9945187494,6498554.514225543,-452416.1713548973,5656422.348351896
-128337.4443143662,1677967.408382535,251727.73186412454,1801357.6959322933
-1008052.1516126916,-4994533.426808536,-56159.11920390278,-6058744.69762513
289790.0973230675,-5832147.20573467,111883.55682593584,-5430473.551585667
-234885.80196846277,3444138.0864453316,-233190.23287122697,2976062.051605642
-405925.6283421144,-1760589.9023877978,-1024539.5044509843,-3191055.0351808965
240270.82435707375,6514264.783922017,128663.95089820027,6883199.559177291
-564769.4738424402,-876899.1822491288,-303621.66022316366,-1745290.3163147327
661023.7319055796,-8854808.213713527,132568.92064309865,-8061215.5611648485
-213736.88731753826,4761910.234152675,164217.8487597257,4712391.195594862
-314500.40453138575,2921829.265414357,-836274.192894794,1771054.6679881774
-733207.4377020895,1670759.252889961,-620657.085111767,316894.7300761044
661921.4283350836,-5641826.7004903555,-637618.1268808991,-5617523.399036171
-494275.30629621074,12962274.454981625,-976550.330505006,11491448.818180408
-25458.146012671292,2759442.2408917546,-473309.59748777,2260674.4973913133
-324127.3562003132,4862093.01658839,-152796.01561620086,4385169.644771876
-421592.6112527922,-5144341.323315293,-605014.0060878694,-6170947.940655954
-343846.53980839625,201859.03322654963,50420.48005562276,-91567.02652622387
150359.1375218667,-11699635.038843483,-43811.61771821976,-11593087.519039836
186065.90104422532,-6795496.329038203,434238.47017374635,-6175191.957820231
-127873.60297362879,348772.9320206344,-1167348.2179394513,-946448.8888924457
782650.8233851399,8045136.19244504,475836.4435029328,9303623.459333112
485949.4997370895,-8281402.371369004,1065579.3148500174,-6729873.556781897
-822215.6889587045,1841338.0330255628,-719772.9041318446,299349.43993501365
-434226.502846919,986978.8178644776,-357292.8774125427,195459.43760501593
-350284.9449702054,2826193.392494738,58152.96644052863,2534061.4139650613
-354556.91265817545,-1675843.419761449,-553055.3173710927,-2583455.6497907173
-247961.86413559504,4214222.144538879,-337817.84980044514,3628442.430602839
-68961.03317989036,-3381584.493691355,-454180.2077704668,-3904725.734641712
-20710.385893743485,497012.0166775882,-248565.12836994976,227736.50241389498
105766.01672781818,12028478.806087911,-284750.4075082317,11849494.415307498
499336.0619703233,-3446520.5903526247,-57124.54222628474,-3004309.070608586
107404.96627093665,-3226125.4086917937,-423003.5473876968,-3541723.989808554
-469601.0839166939,3623867.079169959,648816.1725376323,3803082.167790897
-73271.73975462466,2282348.749151647,-1038332.3109341934,1170744.698462829
-666965.2817145307,2947217.9456177354,-1024651.1838843375,1255601.4800188672
-70130.19396426901,-16958641.812589765,-1136745.892680414,-18165517.899234448
291835.121934291,9587197.075184047,701207.4521263242,10580239.649244662
48199.469428939745,-7365862.252424657,42170.12544706464,-7275492.657548653
-659817.3947194722,-1411809.2048402727,-735394.2131774873,-2807020.812737232
1148819.9141766299,12793050.335292518,420003.32707324624,14361873.576542394
1039713.5811862852,2483495.461210817,475636.53875429183,3998845.581151394
145898.55650470778,-378475.21257278323,400610.41453681886,168033.7584687434
-72889.24931686744,-3702851.88230145,224227.81890889257,-3551513.3127094246
-162124.57052373514,-41233.151751458645,125170.8847674802,-78186.83750771359
34113.25923221558,442515.26488262415,-228000.3534424454,248628.17067239434
694144.0775675792,2291125.4527133703,564110.7636360079,3549380.2939169575
-248363.6080443021,-5420608.961726725,-93857.1500216648,-5762829.719792692
325484.19765726477,-3863697.3809185326,196828.52552637458,-3341384.6577348933
-683160.8814382888,10578340.637821317,42272.529972180724,9937452.286355209
301228.32184823416,4046834.1134620905,-510360.36844787,3837702.0668624546
-350548.82005995326,-3164488.9431502223,167993.2032038495,-3347044.560006326
-241107.00999886543,10888529.902258426,-402792.9154097289,10244629.976849832
231769.21124490537,412824.6287858784,111709.99905648828,756303.8390872721
-1288898.8896527272,7319225.883061469,-555127.7952611148,5475199.198147627
-339557.44643628225,-5328703.992685974,-660020.6395590305,-6328282.078681286
-285351.24350878224,-4570814.480217576,-273232.23594616354,-5129397.959672522
-635213.0482055582,905416.5453131497,-272947.2202008888,-2743.7230932973325
-256869.54166325927,-5520382.7619434595,796676.5393975154,-4980575.764209203
469285.095507551,-9727830.730781466,523314.0507120937,-8735231.584561821
878586.2920415886,-11716838.51101625,1729209.9494166374,-9109042.269558024
382841.6586203277,815371.4322345853,305039.8080596179,1503252.8989145309
223361.64384671673,4087015.424006343,388401.3999558538,4698778.467808913
-375551.5696088895,-4692446.027742147,-475288.2105551809,-5543285.807906218
-91069.47794602811,-3513509.7471106946,36798.40781226754,-3567780.817244455
280992.75788122416,-4095491.873682648,277202.41887322813,-3537296.6969281957
133153.747384388,-3789466.998155892,-18571.156988598406,-3674884.4077601023
-778942.4522777647,4133833.6331670284,-823965.3272993416,2530925.853589922
-267123.89795488305,12703815.218013495,-246796.25734139234,12189895.06271722
-51020.347824523225,7365114.523199737,235196.80117839575,7549290.97655361
-790050.5065763481,-1139941.9739962518,-815304.9181099385,-2745297.3986825384
554587.3327281475,1210804.796157837,629341.2796540037,2394733.408539988
-50422.21790132299,-936301.0228731632,847622.4135839567,-139100.82719052956
-409317.51369054057,-3862336.166504234,77247.42969816923,-4194406.250496605
310988.0471720174,-214457.70210319757,-399287.63412739336,-302757.28905857354
563797.4350961652,4985220.7578215,72820.85482436419,5621839.04774203
-281908.8741170522,-7149613.23288852,-177484.64005568624,-7609006.747061258
-673752.4384450894,-739199.8693424165,-1372939.6992535815,-2785892.0070410874
440329.08957860805,3425323.5055258274,312123.5861932188,4177776.1812976543
-399158.3028373681,2505525.6807509363,262916.0495315194,2369283.4274450876
-321939.478902271,-450384.6132943034,-284055.4467273429,-1056379.5389239173
-269773.5359462593,-489339.6188095212,-407449.8023198247,-1166562.9570756052
4152.474365985021,-211604.25904116035,-271160.2682543993,-478612.0529295746
-215259.33248817176,-3257755.9862113,-264671.27069607377,-3737686.5893955454
153508.77173032798,-3887834.521716118,282339.966795519,-3451985.783190271
-47224.25343958102,-7060577.3732923865,364239.05976513773,-6743562.56696683
-685065.7725433558,123801.36828947067,-317539.8371043354,-878804.2413582206
-830896.8771636691,-1269214.6831775308,379925.0938602388,-1720186.466480961
307616.1922953725,31559.449886620045,86549.78491573036,425725.4270977229
-100773.35000058077,-5414909.07285589,-188169.95572490245,-5703852.378581373
-396234.95585746877,694706.7513411343,-240110.14146652818,58361.65401713736
17458.429082773626,-1970464.0148141384,-226663.719638519,-2179669.305369884
874892.0600228589,1283266.9935587645,191264.77973600477,2349423.833317628
113032.84926435351,6863443.643543243,-716470.4131137803,6260006.079693817
-85664.39067657664,-5159562.1345822215,772873.4313283488,-4472353.093930449
-322500.01698820293,2651711.23928082,-853462.8921261579,1475748.330166459
-381684.62453993596,3205200.1413391232,-1095498.15272668,1728017.3640725072
797375.9556615837,2206684.8372567296,-147919.5819669217,2856141.2109513916
-421944.9096103981,987149.5267290473,-240939.83505699039,324264.7820616588
-444056.7340903841,511.622682929039,31291.91768910736,-412253.1937183477
197377.26009427197,-11992277.63773179,-1208859.066052571,-13003759.44369009
126900.02217840031,7552844.476646215,-318025.0059516728,7361719.492872942
-66639.63104469143,3499101.0149548054,-90362.87772963196,3342098.506180482
-329773.0596852079,3321995.5713524222,191362.8064512089,3183585.318118423
-174769.89511550777,-7917564.376218677,-98205.76469070464,-8190540.036024889
421283.72458827123,4067974.4643032253,229886.33443184197,4719144.5233233385
77139.7667831853,-1466021.1854477823,-34633.53005654365,-1423514.9487211406
561808.2320441417,-13680.413594841957,171389.99622092396,719517.8146702237
-655737.6802110877,2261802.7502991557,-805708.3075464666,800356.7625416014
-501972.9958727546,-428624.8584358692,-1072444.2581472322,-2003042.112455856
-176738.9685891606,3588330.781794548,-734321.0620956719,2677270.7511097156
-187983.72135741822,-1149053.694683373,69582.20935204625,-1267455.206688745
246360.74207440764,172020.8606750071,378094.12257353216,796475.7253229469
-226988.59686977044,-1788255.104979813,-538819.9786249921,-2554063.6804745756
543352.3872545082,6278958.890134543,400424.63795328885,7222735.91534234
-686730.0218575262,3642953.9258899093,-136891.14973347634,2819332.754298907
467105.88021672145,45215.17500630021,-28466.204403489828,483854.8508195318
302670.9704592321,-3312668.260660976,1198822.1959271356,-1811175.0942746084
-365443.5140168015,-4001049.4148441553,301697.17273629457,-4064795.7561246622
-21256.255084700882,6220143.021397412,56756.70359545201,6255643.469908163
269400.7363774255,560962.8532932103,189761.4042797014,1020124.9939503372
-695475.7899801377,-967529.2093146443,-630644.9681134969,-2293649.967408279
-60073.91054787859,6638938.9199616015,394790.21051264554,6973655.219926368
-43176.1237279959,-6074799.717994988,66349.16573184729,-6051626.675991137
560608.0969593246,-2814028.812418431,44293.00809574872,-2209127.707363358
-44045.33727598563,6831162.7511098385,-93101.04735610634,6694016.3664777465
-105860.48770906776,2399710.7885234654,-565557.5717006847,1728292.729113713
-512499.5510167144,897714.6920601428,79923.16834771633,465138.30939114466
-641923.5715396777,-3995050.4816454053,-444442.79687972367,-5081416.850064807
-232317.51171069406,-7975437.151769996,282212.5134274736,-7925542.150053216
-666720.8310977444,2468627.833403945,-241165.07200998813,1560741.9302962124
-164534.98043508828,9396911.827481389,-765656.2955490202,8466720.55149728
209747.377203973,-3921512.6047136784,412284.23970554024,-3299480.987804165
86585.95343057625,9125164.26958406,-591712.6072403565,8620037.61577428
372421.1939663831,8072103.2069942355,920588.1670392975,9365112.567999916
-271041.2726288922,6653920.565120816,118829.88964434713,6501709.182136271
-548486.768052835,102733.09048628807,-409827.9465519041,-855581.624118451
185171.64234735444,-6622311.3943917155,309785.51484432817,-6127354.237200033
-361969.0357078649,-1649324.9205116928,1325811.609400183,-685482.3468193747
-112539.26340610161,5091500.180294871,-859968.7448880374,4118992.1720007323
-48416.73554045148,12035268.50447008,-204110.6686910838,11782741.100238545
240864.7392942421,-1981374.2386921048,-155629.16522833705,-1896138.6646261998
-316460.17750796117,-5056681.286321819,-135090.53411121666,-5508231.997940997
-495830.31863323785,9359985.64088577,-95745.63790638,8768409.684346152
263782.5325416252,5590142.077895641,-312143.1643930599,5541781.446044207
-286311.93047980964,1029896.8642485142,-450853.2758667767,292731.6579019278
-228696.35891172662,112275.02307617664,-404029.6226424128,-520450.95847796276
319952.2680929061,-3479613.3367016315,161736.4017496258,-2997924.6668590996
442400.5201067999,6376229.209924817,23124.46381329,6841754.193844907
411802.9711364843,2004208.4227514863,-841663.4379705861,1574347.9559173845
-568366.5009345375,-480109.41599977016,-253130.91702926904,-1301606.8339635767
-263859.0040149335,1101398.5039607882,-755694.678003192,81844.82194266282
-101180.49757185392,-3152181.9160573483,-390480.8904494196,-3643843.304078622
710728.2783035152,-7361071.991497338,60620.354780994356,-6589723.358412828
-201493.11068293639,-7148043.543791771,826147.5346970931,-6523389.119777614
279788.81917520054,-2493197.3855515122,456987.9330874309,-1756420.6332888808
216747.99163161032,-3219128.4181833863,107722.31444819272,-2894658.1121035833
-224771.69304663502,-6524201.0578247905,477673.0296572149,-6271299.721214211
-496012.93182294816,-2261515.4698464572,-1137325.9806913137,-3894854.382360719
25169.292182294652,8559332.651110172,-500053.20066042244,8084448.7426320445
-30896.154342882335,2590052.374714017,-645985.6472636536,1913170.573107481
-763461.5128501896,2630699.137008846,-152982.09525808692,1714255.5289005693
-519167.68087667413,-5857569.169221461,110408.53226961195,-6266328.317828523
-481592.61636265926,5506.409698754549,3502.8457783162594,-472583.36088558845
-120688.68405234255,15083441.84678197,-723809.8357179612,14238943.327011665
430225.962353779,972133.9542468786,197829.77607874572,1600189.6926794033
40937.210112283006,-1482905.7051464915,593386.604233034,-848581.8908011746
17904.62703394331,-2661391.4162631035,-506651.618663989,-3150138.407893149
-156729.27265143767,-3096933.7109875083,-36047.33822181076,-3289710.3218607567
-395209.6358260419,-143098.82550516725,-164458.16722551733,-702766.6285567265
329454.44288045727,-3036626.961802006,-315100.6978327185,-3022273.216754267
603979.1405157186,2261978.985995412,245357.1659021899,3111315.2924133204
-507507.3633221425,-4751542.052794874,136724.5093588084,-5122324.906758208
-260448.00015089102,-4097638.6873453856,-551661.3939317614,-4909748.081428038
-442644.84207482636,-2990823.199080825,49312.70028310269,-3384155.3408725485
86072.5526380539,4795102.672937214,557629.0062879324,5438804.231863201
-336644.33040748164,2362454.2775161862,-792131.7292953357,1233678.217813369
-120266.25577747822,4038872.8109923303,-670101.4316086471,3248505.123606205
327828.4153737258,1862098.2262394726,994595.5874272808,3184522.2290404793
197413.89280027524,-1990187.2396875024,147656.9389236197,-1645116.4079636075
145755.80613682978,-3914405.9413582683,-892233.8916919976,-4660884.026913436
-1018357.0269234162,3135958.486383438,-1251141.23151806,866460.227941962
286502.7084121071,-1478142.0498766303,-236521.12948893756,-1428160.4709534608
290091.7937116064,-5173623.9638031125,-262863.2421823293,-5146395.412273835
102869.70742838085,3629649.918821037,232972.0589473024,3965491.68519672
-156120.67212831043,-3029063.3356568217,44881.66315364838,-3140302.344631484
-325685.0263752248,332510.96979004145,149500.36959110945,156326.3130059261
67404.10923937522,8400510.395688415,-5530.134460136294,8462384.370467653
367328.4301674925,-787913.3971568346,-321470.1728013903,-742055.1397907324
-996433.9535085037,-4120416.5118819475,-1338698.6886297464,-6455549.154020198
152635.03672073036,-9634557.619489968,-66476.38069179654,-9548398.963461034
280831.45021456294,9473888.421493173,-627690.8955879137,9127028.976119822
-321163.35704073496,4891986.347373247,-511070.3782605976,4059752.6120719146
-696650.6075389311,-1408299.0122469068,490570.813300319,-1614378.8064855188
-548046.2721756529,13335244.106015503,-472435.56439499557,12314762.269444855
114901.27152177133,-8671934.700028777,122148.25704018772,-8434885.171466818
-388618.536110647,-3451951.3154658973,-142648.74053750932,-3983218.5921140537
-405565.1390313618,1573488.8345417082,333927.51752915233,1501851.2130394988
276953.0851412397,-5091411.702026933,-553410.9660026506,-5367869.582888344
-733241.6591699682,1508517.4320123792,-603023.5026864856,172252.2701559253
-1143670.5523956958,-3299218.2426231503,-1637328.7945605963,-6080217.5895794425
-706696.436752921,-409240.8815359771,-1117885.827486977,-2233823.145775875
63327.76864870265,-9854792.658591717,-475441.39727628976,-10266906.287219305
601680.4623561185,214684.64507079124,194589.3301056996,1010954.4375326093
-217055.86812989227,4363789.97394371,-262118.62014497072,3884615.4856688473
571312.3830038961,1678048.7313046455,1004118.4104595855,3253479.524768127
-379791.4815033823,-5649382.44297421,-48696.251829624176,-6077870.176307216
239991.21636593342,2720057.2211501896,1095326.2322610766,4055374.6697771996
-43390.47328548506,-3481891.64043504,145368.58721870184,-3379913.526501823
209332.2957560122,1706804.6409921944,-267951.20039598644,1648185.7363522202
-721442.2571444195,-1619826.7662471533,8458.945275016129,-2332810.0781165566
-199902.52269379795,-780000.2812260985,-318542.1943990961,-1298444.9983189926
495503.38360872865,189220.41526573896,-65500.128071025014,619223.6708034426
246812.56489939615,2162854.5199139714,299446.4065760076,2709113.491389375
-81432.9389447365,929176.401997745,218285.65897809714,1066029.1220311057
-230978.77417361364,-1171579.1902289987,149104.54685213417,-1253453.4175504781
1459772.6939283125,-4708474.431877673,1488775.617259644,-1759926.1206897162
342047.92898706906,-2725967.394969642,766645.7535148486,-1617273.7124677245
265019.6065972764,-411855.27628552914,362376.27731693536,215540.60762868263
15247.095013700426,9810272.206772864,-262723.9351763502,9562795.366610214
-994567.1563027501,-2251390.678183019,-307471.76519045234,-3553429.5996762216
576919.0983811095,2805747.861365497,-543683.6728398651,2838983.2869067416
-182259.45949488506,-3838116.460131824,543597.431897983,-3476778.487728726
-597205.2117802892,-3282234.3500112295,-753609.2473984063,-4633048.809189925
553303.3494421858,-2364450.312549889,550700.8552805036,-1260446.1078271996
509601.0500953533,-1539648.496726483,-331210.5469376147,-1361257.9935687445
176231.63587907515,-762980.7990162373,-317516.0404099375,-904265.2035470996
-716067.6027027275,-5958523.933885813,-530195.7072377354,-7204787.243826276
-762052.4162029624,-1029044.165971905,-947844.9470993653,-2738941.5292742327
11390.73241773434,12010681.138782144,-988298.1425409466,11033773.728658931
492938.5939565338,-2617196.1106640697,699923.5556235462,-1424333.9610839896
-151613.77442424186,8925637.592684954,60331.19420656562,8834355.012467278
-202827.05290688202,-5625604.731547296,-249312.20589146018,-6077743.990345638
269309.8603032585,-3095149.2623721957,-262646.911488615,-3088486.313557552
-80238.54303575307,4394571.927228361,-714560.7233218402,3599772.660870768
-428870.5121550001,-438454.4591512084,173914.43112175167,-693410.5401844569
-122942.5376633089,505455.8350929618,-54390.50234799087,328122.795081662
238602.19600071758,4777197.742569864,363835.81518576294,5379635.753756344
-490246.73166495934,10397169.44503516,-43585.8034953326,9863336.909874868
84304.72168564238,-3501326.788703382,-376465.2667130381,-3793487.3337307777
231561.0631309636,-3503017.9140372276,393593.7102624178,-2877863.1406438462
-980937.396527756,-8775252.875901163,-530978.9683165401,-10287169.240745459
-377570.7000708394,-5505544.0486138165,296422.4444101155,-5586692.30427454
-196108.8263509404,1960760.9236610532,335758.7185804099,2100410.8158905227
-449754.9669370279,-4123223.7769945264,-821138.7655354142,-5394117.5094669685
-580191.4277715907,-3952771.5200354457,-839825.9727225453,-5372788.920529582
447624.04972585663,-2772011.2202127576,329336.7763855085,-1995050.3941013925
-420485.15307799354,3002869.6817284226,-100926.78931468725,2481457.739335742
49580.67350865342,149819.90889698267,646166.0191314295,845566.6015370656
18290.098298208788,1687073.2130379677,280652.1334626153,1986015.4447987918
-515993.0625840984,2110754.4952293634,-105203.7975795716,1489557.6350656934
599079.928907888,6192283.0366515815,-103465.79796468467,6687897.167594785
301618.74512810446,2312061.1326786876,-260914.01242031157,2352765.8653864805
-471900.9572095182,4056840.4756962657,-269749.5993017182,3315189.9191850293
-735046.664083546,590495.9207411408,-1363814.4072659984,-1508365.1506084036
-340071.9700101614,-6418422.526153564,486895.58313030005,-6271598.913033426
246246.22553146817,2723112.1198625565,68677.10865780711,3038035.4540518317
-30662.821572819725,-2945070.994677782,-815948.7866348177,-3791682.6028854195
-366207.1877377201,6081474.522073299,-1343383.7045509964,4371883.629784582
248355.82860248908,-802439.2825474739,-46987.81403552741,-601071.2679805122
-378410.09169899113,5300664.56539616,-442157.19210927933,4480097.281587889
-255322.61012571678,6404453.637526035,122365.25596962124,6271496.28336994
477826.0165716242,248484.97938674688,367982.67769882083,1094293.673657192
-723068.3853766471,1216724.6767829657,-483163.8819217086,10492.409484609962
-23683.281811619177,9672118.58875069,92032.67333848774,9740467.980277559
80339.1864522025,2305127.025800407,-319273.00903300196,2066193.2032196075
174272.22981149703,660190.195456326,295695.7704064697,1130158.1956742927
288213.24651905335,-1615589.4505870342,756663.5647884458,-570712.639279535
957461.9490324892,11545699.901019543,378196.72758743167,12881358.577639464
-687302.7880959027,-16015553.892511666,134574.357878834,-16568282.322728734
-165296.93452655897,-2800369.8466019034,-135067.90016949922,-3100734.6812979616
847704.8301418647,-3167463.49203372,450194.35907539725,-1869564.302816458
395655.53586246446,-5256853.679180324,288132.86739007384,-4573065.275927786
222601.48689546995,2342107.4577289224,304902.8858491704,2869611.8304735627
491540.17126959376,-5322084.947125107,683347.0277067423,-4147197.748148771
-474819.0659719594,10895138.071538717,-428137.4246456772,9992181.58092108
-240736.3302236963,5740044.374979615,-96148.28238256276,5403159.762373356
354567.59943864495,914376.7571351826,407101.64991825074,1676046.0064920783
246197.6255003456,4265156.856898487,-647437.5695775226,3863916.9128213096
-150417.21480083838,-908622.9896568656,-283781.5076917261,-1342821.71214943
-642543.0947842561,8035751.564433813,-774424.8436466679,6618783.626002889
-99874.9494236745,3829160.880101353,-496812.3023360893,3232473.628341589
-645035.7550294921,2212087.2346434593,-773288.8411658108,793762.6384481564
614678.4560033586,2840493.824787855,-143471.53036801517,3311700.7504231986
-160072.5101290457,5379705.654745489,-649126.2386561632,4570506.90596028
-408389.7131506,73969.60724884272,169987.12327302992,-164432.98262872733
49909.60582413338,-4254566.860906482,268509.82272318006,-3936147.4323591683
-264519.64141759276,-5743574.596527636,-565784.1031133533,-6573878.341058582
128165.97652997635,796955.3219987154,-507314.02972014993,417807.2688085418
440061.8224042319,1292876.319384575,454324.9154950157,2187263.0572838224
215720.4097853303,-3517604.6806523204,74362.45338151604,-3227521.817485474
-177353.0642834548,-625685.0303572118,700734.4371775314,-102303.6574631352
784754.8877352551,153499.21792027354,145651.87574129552,1083905.9813968241
971896.4539302662,-2157402.546256691,539376.6770772636,-646129.4152491614
339223.07667865604,-720660.2460101843,-221512.69403596967,-602949.8633674979
7220.560492735356,-5934927.199179381,370913.94483456016,-5556792.693852086
-17789.210285119712,-2373621.958768666,-225624.97270125896,-2617036.1417550445
-45044.9990967568,966792.2006411552,218298.12054064125,1140045.3220850397
-364659.4975860156,2552670.4262966216,-1084777.432528913,1103233.496181693
-716271.4642709568,-6359348.73728317,-723653.3449420333,-7799273.54649616
-136609.0879209675,4335256.511370838,-372876.2362147197,3825771.1872351505
186302.3723342996,-2045489.880113244,-431240.4126223549,-2290427.9204012994
-492949.2345955316,1775411.4786342978,234689.99347691238,1517152.2375156786
10245.267386503518,5807165.421720862,-692067.247239247,5125343.441868119
822964.2966082003,-1968809.5622979403,301601.2245784253,-844244.0411113147
-282809.5868914686,-2286361.766600013,26260.980171829462,-2542910.373319652
-456589.05061309226,1300895.2275215685,-302111.3627415076,542194.8141669687
40190.86135615967,10654328.895091593,-641714.987318188,10052804.769129565
325361.0874438789,15712485.979994684,751959.0127281472,16789806.080166712
-116872.7647051122,-3229493.266529739,-57738.381648905575,-3404104.4128837567
-16652.341261018068,9816011.46851185,-289830.8195773661,9509528.307673465
182755.06190152094,3138293.4859676957,144201.67747743428,3465250.225346651
-197969.83353125304,5890761.311350346,80901.98987295479,5773693.467692047
-144008.62925634906,8194670.209314346,62805.89868477732,8113467.478742775
-120905.16540169716,-6326512.251469493,145835.1181975156,-6301582.298673674
-191055.63216125965,183139.2594090402,-654677.6182218194,-662593.9909740388
-300818.7876478899,-5708079.247122705,526014.6174164861,-5482883.417354109
-2106.9094776343554,8277703.555001199,-131087.7598433271,8144508.885680238
185483.79255456477,-503413.5680168867,-32487.692947268486,-350417.4684095904
287323.68100134283,-5375463.799177557,-599235.2529874891,-5687375.3711637035
-166485.01945926063,13664591.592630088,-519638.8242751211,12978467.748895707
-150589.39766289853,7502965.80187583,696792.2205464542,8049168.624759385
-496338.58557684906,7983670.606571376,-148466.6735034585,7338865.347491069
-432706.70394122787,-6252635.477857947,-1535263.4646039754,-8220605.646403151
-1068434.400057925,-7500640.526311636,-575326.5631936863,-9144401.489563247
185238.89281259663,795490.8283038139,-122169.00850965083,858560.7126067597
-208411.4752587173,4999842.562924802,135466.94468276203,4926898.032348847
314554.3958534412,-3752557.4477066994,158174.11966329813,-3279828.93218996
-749475.4022253044,-3099310.0437553525,-1226707.25577195,-5075492.701752607
-926349.5683211945,-3216367.0696520805,-956857.388700828,-5099574.026674103
609349.9547386784,-2949374.0337026715,733955.6045180932,-1606068.4744459
390518.6218214575,8747660.234494984,-169682.08378708363,8968496.772529358
347624.390480062,3635080.0586991906,33458.08622293174,4016162.5354021844
-69454.00870998017,-1326144.9473531842,420247.28198096156,-975351.6740822028
-109858.11204545572,-6934538.73073101,-41177.09417612851,-7085573.936952595
375160.04564952664,1300424.3301694393,773401.3366807774,2448985.7124997433
-236932.06026950106,12403721.840925813,538754.3152469471,12705544.095903259
666394.3780856822,2014796.8063012958,-50609.833157643676,2630581.3512293343
-1165081.0473729316,2294289.422878653,-405042.5587449819,724165.8167607393
-371523.0835356079,2615854.9680810273,-167847.92744268477,2076483.9571027346
-576366.6572282761,-479638.17965245247,-611127.6662002876,-1667132.5030810162
56275.38840001449,4481150.896478564,286845.4119384587,4824271.696817037
404336.8404505886,10076492.816184998,1098932.9551967233,11579762.61183231
-565646.5789356902,849447.1705420017,-1805146.3475164995,-1521345.755910188
213893.32637585513,4444159.006646156,-536269.587251462,4121782.7457705494
-319457.44859487563,2217850.118848592,469561.29822167754,2367953.968475394
-85978.15758857876,-817023.7836740017,-19651.8118442297,-922653.7531068102
-385308.65190286376,9023087.483560443,-401969.8829103485,8235808.948747231
852152.4306403957,-2332192.316375822,463451.1409083605,-1016588.7448270656
-560200.3377731834,1046771.5489298701,-434808.1782267839,51763.032929902896
-229253.85793210007,-9132129.059928924,-127966.13142564148,-9489349.049286665
-487297.5527105238,-5407898.674870074,-798975.9811732247,-6694172.208753822
-115178.39928454906,4871362.234336376,367426.8100191802,5123610.645071007
15926.290042852983,4508273.955646694,-5848.731110751629,4518351.514578795
-119946.58352387324,-8055861.316297054,221489.9567328915,-7954317.943088036
-599665.2007833291,817179.276073426,-566003.341087386,-348489.2657972891
-298030.6181691941,-11144704.351267248,-341602.97543123364,-11784337.944867676
-281267.6630134322,-4953407.875710398,33938.60888583958,-5200736.929837991
287966.8868085556,3013736.959044248,-585700.0585751459,2716003.7872776575
-130250.23266833834,720794.7088805437,-640749.3963712305,-50204.92015902512
211326.0552609805,-3415393.589859426,-102735.5055898428,-3306803.0401882883
126398.6258598622,-6230948.521048248,1022097.5439882204,-5082452.351200165
699681.227294853,522804.7617367506,560018.7203929946,1782504.7094245981
-186141.13715957664,-4295066.897287905,-61967.905105665326,-4543175.939553147
-242129.6485229116,148134.8559706807,-398128.57527031004,-492123.3678225409
738355.5862658601,3145183.056299895,235468.53129343688,4119007.173859192
-322435.20801199414,2265064.168898821,-64253.27368558198,1878375.6872012448
-313297.0742866378,3941402.9352404475,484834.1726690382,4112940.033622848
-329331.9627414681,-2743776.1308946013,108557.86347943544,-2964550.230156634
-620275.0168017205,-3532588.297569245,-690638.9887068719,-4843502.303077837
587505.1948129237,5866900.346619904,-116630.43421614915,6337775.107216679
-593120.5511176027,-199504.57512563467,-506827.55722435564,-1299452.683467593
185491.65210757405,-5654052.877416521,1097184.6903502345,-4371376.534958713
678456.7950269096,7383186.005910486,632106.8650207743,8693749.66595817
-538887.1706367228,9301426.854752183,-111655.74417740107,8650883.93993806
51338.62365134619,6338247.818217784,98105.95011781901,6487692.391986949
-621006.7862095125,-1313303.5375179052,-590979.4204647169,-2525289.7441921346
1205232.8847915512,3739582.8030867875,990705.0647393987,5935520.752617737
-592817.9200477004,-1183306.869581461,-99855.83918660879,-1875980.6288157701
415364.8408336509,-2699746.592746377,339714.1345982626,-1944667.6173144635
-944862.0053907111,-695683.2648581862,-829761.2619877085,-2470306.532236606
-323926.30064003915,-2999294.1334189475,405589.9854580164,-2917630.44860097
-190209.58777163923,1428763.7013647854,-680953.1863916069,557600.9272015393
411950.61637076363,-9799500.92986536,-263884.2954575643,-9651434.60895216
258386.97554144636,-8621815.986246705,-130311.28544427454,-8493740.296149533
580711.0509097464,8554452.49441439,-687434.0009895265,8447729.544334609
353014.9219092317,-525547.7584404945,-38812.99163483083,-211345.82816609368
528398.1089407466,10017501.887322903,307503.50850224495,10853403.504765894
-888544.9341564327,-4454399.315907836,-1183006.745227024,-6525950.995291293
385470.1349828951,2671501.10674119,168254.4543081373,3225225.6960322224
131739.65065507032,-5682462.365124464,-316049.8647785336,-5866772.579247927
-881332.0988457799,-1916488.1527958214,-644399.0738476068,-3442219.325489208
-179913.47227365896,6117711.942300975,95561.36391640455,6033359.833943721
-145029.24508600496,1131620.2827894092,-538607.2644544691,447983.7732489351
220688.1648571547,5005534.985204995,-165649.07372556627,5060574.076336583
-171312.62521934137,-4473632.679859161,-1510167.6386034638,-6155112.9436819665
-299281.6513558179,4201219.151460707,-574079.298169218,3327858.2019356713
280975.86979717575,-2550382.629283339,298972.50384724885,-1970434.2556389142
-5593.4854031689465,8115929.891018063,118725.47099900246,8229061.876613896
342002.5160949789,308594.57321864367,-411134.60901968926,239462.4802939333
120186.14941025898,-18852238.329035997,-107945.24412503093,-18839997.42375077
-179214.21212825552,-1815742.6182457209,103021.89664930105,-1891934.9337246753
-890771.1126655154,3368395.614969313,-1556707.6140729338,920916.888230864
22010.34928418137,-4654846.809455723,940805.4735085368,-3692030.9866630044
-215090.20196333714,4581326.664260477,-454629.41846708953,3911607.04383005
204285.91710194945,4934536.362585455,1304122.7931798398,6442945.0728672445
431265.81411261857,6590985.501254052,1131817.5087438226,8154068.824110493
30496.0572846476,-7926772.558961332,630935.7936830223,-7265340.707993662
-501569.24724254385,9680770.100358695,399341.3125918731,9578542.165708024
53735.95221173391,-16304970.337495863,-862251.6005201042,-17113485.985804234
-159949.418481512,-3468251.103945136,-528800.2799621075,-4157000.8023887556
461005.4184760656,-14436831.436909467,1050258.6894800514,-12925567.32895335
-9728.461074998602,6214844.180668831,439710.15384878963,6644825.873442622
336164.92242736183,2008031.4441697001,-309495.4356407225,2034700.9309563395
55473.420479062945,-13413319.950312167,1551492.1497494131,-11806354.380083691
-765973.8509248644,-6479047.484484822,-189124.3954443112,-7434145.730853997
586418.6864918452,1201484.7350924015,-191744.55815124512,1596158.8634330016
505369.38688927144,6678773.2234918475,705181.8143676668,7889324.424748786
277678.73303604126,11980421.055005968,397202.07006293535,12655301.858104944
-97825.49272974022,4246892.146381855,645009.1242507175,4794075.777902832
226700.79645749368,-1573766.163615495,889915.9497444034,-457149.4174135979
515915.2919375524,-6808047.679094017,791209.9483269155,-5500922.438829549
-183522.98331416957,10311179.49903506,-476341.87112884223,9651314.644592049
-621264.1127532907,14520937.894751787,-869069.3848609552,13030604.397137541
-207492.54554618895,7508370.6271826625,259034.82547692955,7559912.907113403
-203822.19809247553,-2946380.5499388576,-623641.783657901,-3773844.531689234
-740751.2018066607,1117662.6987102628,-1278471.8627842888,-901560.3658806868
-73124.03462822363,12017193.445559591,439704.8847338185,12383774.295665186
296624.66948437504,-9833241.075695276,857631.6981257945,-8678984.708085107
191654.91209957562,-5248439.024040252,-451730.73440956324,-5508514.84635024
-398476.40458063595,-9876349.36171937,-690560.5747195631,-10965386.341019569
333065.5009172745,-2038670.8731737733,94232.26852883399,-1611373.1037276648
-47797.457468573004,2876729.108875513,-43945.77353821695,2784985.877868723
278286.94058381394,-5192571.477078617,113683.16038887203,-4800601.376105931
347169.4586680159,-1341484.4980754852,361033.9678744823,-633281.071532987
527100.6490947846,-4620819.366137266,-5725.218936905265,-4099443.935979387
-253369.44433807023,4024284.2813660204,66988.88286842406,3837903.7198963743
-108888.26384381577,713791.7414484918,-590339.914939791,14563.562664885074
133857.18951180577,-864832.0714055002,-935996.9415401146,-1666971.823433809
1082826.7602868397,1754318.898613453,195170.71730009466,3032316.3762003873
540024.560276093,-8475921.533198953,-267200.09461310506,-8203097.067535965
260581.88407747075,-9003299.025132954,-543274.8235904351,-9285991.964645918
-260486.85735469311,-4920031.973683149,-837921.6450703293,-6018440.476108171
346425.8367162477,6452063.044926465,273176.22313961387,7071665.104782326
63368.66649800353,-2423332.823866099,422341.5902739763,-1937622.5670941193
96475.23274122551,-1199535.5407816768,-848967.7015790418,-1952028.009619493
-169507.52709827013,2084873.9497347474,-464667.90639699996,1450698.5162394773
-163189.00715752132,2550320.481041074,-565288.6631664857,1821842.8107170667
342453.11415738985,-4489497.960030794,737323.7929076329,-3409721.0529657714
584712.0441404153,-6640103.554468274,461609.18885706365,-5593782.321470795
542632.6681408044,9214364.135662377,-720783.0076508522,9036213.79615233
-140934.01419822872,-4937217.583583474,-887872.603547506,-5966024.201329209
36733.87946683727,-5205686.763082266,139050.52959661186,-5029902.354018817
-694222.6160757635,2996147.70527339,-484532.48044909537,1817392.608748531
-176629.57803313062,-5986337.89362669,73426.62883903086,-6089540.84282079
439395.9587515127,5602576.491299629,-160329.84384984523,5881642.606201297
-334529.57417447306,-7867505.602577597,-479492.9435892552,-8681528.120341325
744242.9110400826,922527.0879138112,-112389.69615523517,1554380.3027986586
55241.93064776808,-517158.2908757925,62335.845663651824,-399580.5145643726
78721.05124989711,2662547.9030334055,-522207.86867140234,2219061.0856119003
304452.0987369977,-1569960.371215105,182051.44564522058,-1083456.8268328868
57779.99029951915,-816977.3335000277,150035.2814567834,-609162.0617437251
800705.5521513559,9743380.066369236,433502.67481328547,10977588.293333877
-269517.828525478,-1777980.5947812796,424040.5655222237,-1623457.8577845339
557883.0051108468,5597898.604378343,50786.923656359315,6206568.533145549
-790588.1272115912,13517915.345530301,-653218.6197887808,12074108.59852993
118181.03650580719,-3550020.8611631393,356196.76420742273,-3075643.0604499094
-419972.5548251793,-230131.99363338947,-142677.64126235247,-792782.1897209212
-206461.3421139624,18048776.29016307,-867261.4153163582,16975053.532732747
220257.3011079654,947805.3376570344,734980.436857529,1903043.0756225288
-258006.74885715544,-5429164.214735389,29744.484210401773,-5657426.479382142
-220149.25570579804,-7105562.0778131485,137587.50288825482,-7188123.830630692
-827609.9000669755,-1996646.0047641397,-115535.09828852862,-2939791.003119644
118985.41284186207,-5905013.433976561,875624.0815525949,-4910403.939582104
113677.0282903593,979637.5968548357,-344314.58451990783,749000.0406252872
193657.22648895904,-772204.188346684,724572.0920531303,146025.13019540533
-119104.73670022935,3681537.88369444,-1064706.8530252874,2497726.2939689234
-481463.1968196258,10633902.829126298,-99969.23977437615,10052470.392532296
-483155.1504573077,6328911.729372144,-982529.0716572627,4863227.507257573
-642017.3710626252,12139625.852928787,-956613.8604730815,10540994.62139308
738754.7336448394,-2947103.3620806932,78986.4753305912,-2129362.1531052627
-33497.97203617357,1468405.6510744095,-200723.1928934902,1234184.4861447457
60865.1872074008,3584064.4173894227,-350625.632126756,3294303.9724700674
231580.4524103254,-5570396.579596758,535064.4472789988,-4803751.679907434
987370.0422812887,-5983438.161592662,354498.6685787812,-4641569.4507325925
1360960.8422010597,-5290359.914935052,616579.0141633824,-3312820.0585706104
34745.30172698945,-6329807.295547664,647208.2836716473,-5647853.710149027
100097.08343205601,-2871768.2429643273,217996.6792396009,-2553674.4802926704
-255728.9751612898,-941247.0317771435,525253.4805369824,-671722.5264014509
357403.5866737403,-1095306.9784892797,343655.45248931646,-394247.939326223
-165287.5451800935,-209848.04336315393,-1209127.5948290601,-1584263.1833723076
-191357.25011587143,856763.3165715933,112377.66578499973,777783.7322407216
-220635.64488661662,658177.8052800298,256891.5169088766,694433.6773022898
-536650.670959184,3107530.977466315,-691976.1288934499,1878904.1776136812
-375048.6381007917,-7748733.012555659,357912.53578632325,-7765869.114870127
-56638.75020036474,12724125.10703358,24470.115365974605,12691956.47219919
247865.69300274923,10366795.619862378,-681959.2755757794,9932702.037289347
163298.0481410753,911181.2595665157,460685.809958823,1535165.117666414
-30406.689862132072,-3142045.1550418437,-759557.1891306937,-3932009.0340346694
-223301.37808766216,2898113.5609154105,427734.2987740189,3102546.4816017672
-108372.32480718568,4409345.231212318,-745968.9089749753,3555003.997430157
418923.10599379987,-1635913.4730447829,699847.7169336826,-517142.65011730045
305809.66319470666,-963949.1469046474,142666.5298435539,-515472.9538663868
84270.09602420963,5581056.875978529,-397703.0605481416,5267623.9114545975
-282471.8829873316,-1862341.5702237189,1228590.2048240602,-916223.2483869903
-200605.5016713664,-1687866.7925497591,-573513.0165166333,-2461985.310737759
174541.91062220372,-4638199.186251193,234202.07780840248,-4229455.197820587
-374988.34315122664,1700727.2875689268,-523784.0993100107,801954.8451076895
-709546.5769135766,-8700719.068272948,527448.3306816146,-8882817.31450491
-566035.5576230511,2024078.742457211,-896569.5387918055,561473.6460423544
275432.81170684844,-11373563.974242032,-256547.1027648151,-11354678.265299998
-744948.4280163944,-4509782.008552313,-516983.6527778506,-5771714.089346558
-63325.91281076707,3299530.99401322,-90805.44416829944,3145399.6370341536
143819.00387897715,-1913585.5473410785,661458.426609993,-1108308.1168521084
700210.0464636758,7511547.558410168,-106508.163230367,8105249.4416434765
6663.419945975766,-2046942.5905953646,106730.83692776412,-1933548.3337216247
93175.50871377066,6015328.180459738,-304085.0068245232,5804418.682348985
312578.2403828334,2322326.4362339377,-412042.73814223707,2222861.938474534
-322960.81784350425,8224088.926430821,183847.72233375907,8084975.830921076
402305.8894578181,9898071.729238212,177257.29801651835,10477634.916712549
-399297.4806502182,2622473.731779188,23735.463858410716,2246911.7149873804
438337.9362956062,-4913962.960328519,-452570.77582494915,-4928195.799857862
-606410.923338294,-2970489.762047529,405826.009751454,-3171074.6756343693
386770.82478642464,7038937.118943334,-296365.83987236023,7129342.103857398
-350668.3627097588,11190306.346041322,-723462.4098157585,10116175.573515804
-276273.54097848386,-3238919.768521577,-731309.0234077424,-4246502.332907803
777171.2279854286,4158715.8320299983,200102.58334652334,5135989.64336195
226735.66408196092,-11013525.898149818,321771.93637143075,-10465018.297696427
135090.5945583228,-487056.1768320799,-157260.98123924434,-509226.5635130014
-450257.83722288907,5070539.550212145,-1010941.0652219728,3609340.647767283
-45507.26394767687,-2119430.8472467363,276798.60477502644,-1888139.5064193867
183419.0221365355,6753317.369348049,24744.860245756805,6961481.251730341
294881.313455591,5544055.176894963,106551.7084088549,5945488.198759409
453939.3090262953,-113022.15151363611,-301939.2508372292,38977.906675430015
-295043.0714046825,-6752808.98278144,-313960.8133366704,-7361812.867522793
-26298.24666050449,-1425734.7155166864,-409700.71740555763,-1861733.6795827486
-955920.6841550227,-9388501.982702017,-1139599.1454365402,-11484021.81229358
224245.22094897926,5241653.048787743,-414789.47156678885,5051108.798169933
359381.5178808365,-1692287.6211521626,618685.5819894671,-714220.5212818589
-119050.73340909928,-8968775.944601,-364322.4781232625,-9452149.156133361
-217214.48757267185,-3751699.5191205144,-661885.531003356,-4630799.537696542
-11188.311112677678,-2325891.0279681087,114764.34299691021,-2222314.996083876
-438466.95436974056,4546197.603820264,-419902.2469445318,3687828.402505992
365082.14696649276,1812017.275699377,388915.2041253373,2566014.626791207
-13968.580909322947,-3409664.3655147552,-268578.0654374063,-3692211.0118614845
287054.6673356369,-650562.6757103801,90811.2516238764,-272696.75675086677
435100.6767837554,-4088261.8408153057,-215307.85717365146,-3868469.0212052017
-90401.15621449985,2051580.861285448,-236538.2420784235,1724641.4629925247
637986.8362089731,-1761318.976557374,223945.76657424867,-899386.3737741522
-464374.8252697233,-8496430.986956418,-457042.224660784,-9417848.036886925
173933.18283341452,7451293.430015236,1197748.3634239212,8822974.976272572
-346286.76719707623,-7465994.606667995,-289089.463704139,-8101370.837569211
779911.3803393785,14249699.235189855,64972.86757256836,15094583.483101802
-520612.3544654492,-1976585.7353368998,-216498.48766337335,-2713696.5774657223
704662.885847114,2300931.1270309687,291574.3947716132,3297168.407649696
-427248.2218360435,4620202.239158869,-675248.120223932,3517705.8970988933
137407.7867160663,-5215225.99157244,-388056.06908287853,-5465874.273939252
-247202.76533762366,-5064690.023760796,271205.8845079541,-5040686.904590465
133322.19410586543,3482200.422706425,341267.835705854,3956790.4525181446
774693.0828730464,9174390.591421485,1062930.1085132062,11012013.782807738
-556297.9184153173,898689.7772679031,-263655.43386474997,78736.42498783581
557491.4659103043,-3140248.7740238905,759542.4406559095,-1823214.8674576767
348356.2478221357,-10114837.06673491,-120649.54137180746,-9887130.360284582
-195820.06156444177,-1597342.1770485044,-159617.40602439642,-1952779.6446373425
302966.79366579466,-8415774.066314936,401565.561011523,-7711241.711637618
-307773.71926827356,-17505924.61846608,595932.6382583231,-17217765.69947603
509923.06226166897,5407506.968057096,716042.9114781767,6633472.941796942
-364819.1510475185,11018531.560101092,-418617.22652225196,10235095.182531321
707524.7516161297,126750.6033205986,-282789.4314005822,551485.9235361461
289538.93446586095,-900203.65723598,108620.26142629236,-502044.4613438267
-567041.7061503306,-3132786.0823369026,-1233000.668215081,-4932828.456702314
557130.7700462658,-3943512.9761458635,957981.5020229891,-2428400.7040766086
-144237.20133832097,383453.4522923529,675004.9325858131,914221.183539845
-343155.00636894815,-2957417.0250462294,449073.2040959671,-2851498.8273192104
-575519.7240292169,-4847364.479117751,-591142.1117261946,-6014026.314873163
-155282.95910532214,-3565916.2309756577,-610962.8879887387,-4332162.078069719
84129.84241453744,-371389.91114646196,151927.37512019277,-135332.69361173175
-570717.1372675616,-1894524.1732861996,-490254.61767377704,-2955495.9282275382
266396.7905426286,-2580402.0408887863,404937.0521264225,-1909068.1982197352
-55951.79119877517,5276004.410995781,-155611.18705084175,5064441.4327461645
-303853.28666770644,6883788.193485498,-292269.72859464586,6287665.178223146
415700.2605566047,6499995.866673619,-152009.86762061715,6763686.259609606
-364689.2854352426,-2458252.0215265155,-410207.03059899807,-3233148.337560756
-506371.9353941325,3261822.5238389075,-133653.17649424076,2621797.411950534
293353.7139267195,-4800279.583898157,103262.08505547047,-4403663.784915967
426031.1866536122,1584737.6946989298,-639678.1256986037,1371090.7556539383
175192.72422140278,775575.1761782765,-300701.3351357132,650066.5652639661
-292462.2939016279,-1603625.4650267363,-531021.5115386248,-2427109.270466989
369706.64135714434,8272968.001474977,993905.8345856816,9636580.477417802
-70639.94344267622,1271285.526546806,-279140.6899906993,921504.8931134306
-72528.78446805105,7758381.1053801775,2600.627363152802,7688452.948275279
-196368.48272813857,-4194949.425863922,-254324.46458704025,-4645642.3731791
-21822.770594438538,-6047739.5850170255,403181.14054735005,-5666381.215064114
-22805.210854452103,-7574739.602910906,235385.78261309117,-7362159.031152267
-215158.42365703732,8391646.017957985,-501284.7163798809,7675202.877921067
-717395.7317271885,-1559915.8642562032,-305467.9867054373,-2582779.582688829
-354862.77002724074,12883983.746050537,16748.6608254686,12545869.636848764
76732.40903024375,-5758846.946957141,-654466.8090697378,-6336581.346996635
526040.218770219,-4235604.200436652,89969.61401039362,-3619594.367656039
-258685.33449469507,877338.3945935369,-148015.90015063435,470637.15994820744
394993.4763240982,422413.1815481782,-389423.48529519886,427983.1725770775
78849.78772793896,-5637151.486998141,-568287.7605135292,-6126589.459783731
222060.70929934084,6229355.288462937,127609.5138130486,6579025.511575326
494126.8429025877,518578.0046162009,828870.7432990596,1841575.5908178482
-174201.68725567684,5852989.319455534,53876.334731683135,5732663.9669315405
184851.11666773446,4389272.182888806,-631217.3081577867,3942905.9913987536
793645.9397264719,-5547471.733640134,301105.64958792925,-4452720.144325733
-819237.1125550624,-4967141.654113531,-854447.0492191613,-6640825.815887755
367168.83970333077,-8738722.967974007,111422.93225704134,-8260131.196013635
-331803.86386177875,4738069.431738615,453033.2554746717,4859298.823351508
-214045.63798238523,915235.9703099728,-248680.46059292555,452509.871734662
-4542.84565878287,-2643349.6460508704,-104616.25146438181,-2752508.743174035
-384.1932654995471,8392281.140699983,-143552.0185033977,8248344.928931085
543570.6092273202,798975.315711379,-419685.22525488585,922860.6996838134
-8487.53173852712,7129357.714906573,123124.26444521546,7243994.447613262
-370407.9341267962,-9495954.032356918,490551.9177544415,-9375810.048729273
545581.5619179327,4795588.798296779,1723471.3513261676,7064641.71154088
-162004.59178202413,1742526.9883066416,-927082.5585222617,653439.8380023558
-314335.3026361298,-3623545.928804606,-381838.9986376688,-4319720.230078405
281524.74264894053,-492337.8098575175,-171911.776371561,-382724.84358013794
-324457.72329009324,-14320195.07471311,-225283.37572465092,-14869936.173727855
-94757.33146926202,-2795945.5822237134,-39862.32198217511,-2930565.2356751505
-443991.20850203186,5659414.146442652,-662792.4643713459,4552630.473569274
85569.5264083296,-5650666.259612322,487097.19270530343,-5077999.540498689
-667004.7669726238,6202153.614970326,-662764.8838181868,4872383.964179516
-140730.05308220908,2448025.3133146167,-183773.7701471597,2123521.490085248
-298192.8746491708,-1215368.469439,-445611.6791067943,-1959173.023194965
-970962.7011845876,2900062.641331017,-742996.5701811984,1186103.369965231
-591549.0136870686,8065019.355336249,-543267.8689963222,6930202.472652858
227223.84921969473,8924339.5786224,189529.61566063017,9341093.043502726
-178080.8390311692,6142446.613823056,116583.02938643098,6080948.804178318
-590965.5427787863,387947.68896377087,-233999.62395163625,-437017.47776665166
84625.58866121247,-7283050.343182236,1055699.880224079,-6142724.874296945
404425.4134254884,1879312.7321252823,747437.9649239406,3031176.1104747113
512173.1991405897,697809.1960216463,585130.6015240103,1795112.9966862462
92586.08832569979,14026409.182085216,-511477.9437172413,13607517.326693675
-711329.0596298855,1401788.6221156418,-1108814.9377679378,-418355.3752821814
113174.19542657584,3739102.431245029,48335.13199227303,3900611.758663878
-374519.21442085877,3598569.2992073894,-21583.998759798706,3202466.086026732
319861.47815760784,3631372.536625743,-78516.3502189666,3872717.664564384
232108.19166450575,11671332.545451313,-533160.6598728448,11370280.077242974
259090.94308285043,2960533.9116246104,-240295.76299429685,2979329.091713164
-273745.23882342875,-647451.8756227493,399845.40341323614,-521351.71103294194
843772.8195865359,2619255.180565715,505309.4692844227,3968337.4694366734
-793550.2578451037,-799181.3227294385,-72274.13030232489,-1665005.7108768672
395274.4875813946,-7931607.181417078,-840884.7044210508,-8377217.398256734
-117594.02419484593,108638.68949407339,-484746.74087131023,-493702.0755720828
-381964.9221286252,14979246.275156736,-240889.0381886363,14356392.314839475
-202970.43355830573,3113801.165733993,-561733.4136225507,2349097.3185531367
206205.18790376745,2441786.9734528065,-300193.7930222899,2347798.368334284
-413120.5686229132,3009615.739447415,-778628.1894486621,1817866.9813758396
-369552.59707516804,3419452.786579132,-222365.57852856815,2827534.610975396
25963.853249071166,2491506.9153778255,-443896.4513974041,2073574.3172294926
-151016.48310984857,-4582774.79837364,397382.34332866967,-4336408.9381548185
344838.3305946514,6042045.767047405,196649.03920570016,6583533.136847757
-452955.91192367114,-1708695.6524128616,-1295127.8668862358,-3456779.4312227685
-812141.8176135253,8463641.663214833,-112678.58569464833,7538821.259906659
122590.60729999095,-8287241.0329601765,499826.3952707648,-7664824.030389421
45062.61694877036,-31963.200389951468,-273841.6809966266,-260742.26443780772
-191725.26405735873,4057785.9822814465,-7755.7656519934535,3858304.9525720943
580480.4331615809,10190027.39887482,358106.9442017004,11128614.7762381
-273592.4381105192,2491285.6738776565,-313831.45921960473,1903861.7765475325
295399.0274085216,-5237344.5973547995,196047.94693928957,-4745897.623006988
364539.199523177,2150095.611715734,-111515.46629182994,2403119.344947081
123955.57047545351,-1325697.7158524692,-532893.2753733695,-1734635.4207503852
-163040.12582524493,4116090.317544371,18550.399131037295,3971600.5908501633
-669932.0125843454,-5979164.39929238,-552364.5590578541,-7201460.970934579
290119.621929409,-5276466.96718055,-512213.34408791363,-5498560.689339055
257068.2248122748,3047404.749142945,-653953.5898724943,2650519.3840827253
149566.98694564775,43950.52867513895,640426.1238908023,833943.639511589
-557563.714623997,520099.18125224113,-436902.4491085857,-474366.98248034157
-942975.0466472358,1777037.9346182942,798013.6375585943,1632076.5255296528
252429.51316881925,-3815644.7603687644,210517.79123951495,-3352697.45596043
58362.38174305484,3558424.167035818,677199.3571341261,4293985.905912999
-172463.9022466354,9296126.742370486,-478357.7542510778,8645305.085872773
99094.8065434862,-6391617.375454545,59235.26173911244,-6233287.307171946
304908.79173688963,81999.0872951448,-93096.37489973009,293811.50413230434
187277.61655421555,-3563562.3682864904,-85017.17725138366,-3461301.9289836586
335844.772021614,-8894194.337254047,710783.9051911011,-7847565.660041332
-416440.62219978124,4457777.504816234,-171595.0542388335,3869741.8283776194
305674.3721234519,-3898471.707422644,227008.7891368717,-3365788.5461623203
-20367.923515243456,-137855.97414028645,-242403.1161402017,-400627.0137957316
357751.55431426316,5778757.928879619,-443809.70625347644,5692699.776940405
378647.43837099895,-9402579.874622703,-226073.01413154602,-9250005.45038325
177585.18813986704,1865016.638007462,-340459.80869404227,1702142.0174532868
192751.08116434142,-3669755.933339715,-601226.411533013,-4078231.2637083866
-445951.46434498206,10322385.750403404,-60092.71336168796,9816341.572696734
213340.68105024472,-198025.23302796483,-456420.8686062023,-441105.4205839224
153072.16253113933,9234606.3440997,510214.9322331399,9897893.43886398
213508.61827463284,-142520.947707057,-6529.515630021691,64458.15493755415
9452.849463609979,2722139.8625124097,-121144.43739716709,2610448.2745788526
297972.1269253958,2976059.2590405047,-342683.1892848611,2931348.1966810394
62661.72422279045,4376629.906720936,-537880.390445441,3901411.2404982857
-253640.4632947538,211331.2059944868,-1486563.7894394994,-1528873.0467397664
-342405.50919993594,7174043.689922273,-99986.15499776602,6731652.025724571
-632439.5986153595,3409806.0174340606,-731054.3933142349,2046312.0255044661
153595.8664375525,7708994.634002477,-1224278.9987299815,6638311.501710048
-273961.4770301208,6869553.357042968,237301.6372389272,6832893.517251775
-668321.784525929,3676731.767950177,-297341.20410933346,2711068.7793149147
24595.75345756486,-5974180.116854608,-46024.42289907485,-5995608.786296118
604334.5646823775,-2111728.223610282,727202.439533025,-780191.2193948794
-314664.1619581599,-5488241.670488864,-421351.41435185075,-6224257.246798875
-320652.7410619091,-3999039.3966724277,-573347.3603035063,-4893039.498037843
97226.68055973761,-1873354.573152423,891310.1636889055,-884817.7289037798
-1851.9326258208603,7707128.838010967,-413283.7080616653,7291993.197323481
678404.4007783215,-2402909.551604271,710694.6908300668,-1013810.4599958826
843136.3634707108,3882964.0580474734,-1028184.2982310057,3697916.1232871786
-593120.2777866423,668750.8648921251,-309780.0987672061,-234149.51166172326
-281465.3272190429,-2883955.22384277,-1041077.4810636416,-4206498.032125454
-746071.3243417758,-3493917.8728583455,-894192.4647335932,-5134181.6619337145
-927907.0208704583,-2510831.5676740706,-1676478.4781163782,-5115217.066660907
27785.17266579531,-2536174.3663156033,-285041.2646320909,-2793430.458281899
62344.75184348971,-4682986.533393264,-284592.06914295256,-4905233.850692727
-557161.5187064558,5955877.400679916,-841368.203124404,4557347.678849056
-365782.20981318876,917305.7535746098,-405892.22665666044,145631.31710476056
-429353.3507152274,5695358.9638771415,-451973.9449446872,4814031.668217227
-141106.12814525515,-88756.07603788376,14068.47426520288,-215793.72991793603
331412.58392532915,-2615366.4273074567,154637.89911830425,-2129315.9442638233
261619.12547980621,7357782.92320019,573507.8343578428,8192909.883037839
31398.696132428944,3644624.755537927,129584.33111516386,3805607.78278552
576313.501374146,-837918.3882126212,-123212.03643076122,-384816.92326923646
497572.14130656794,3728398.6900541484,463098.04555445164,4689068.876915168
-37569.07009873539,-4328625.526945233,637399.7189773768,-3728794.878066592
-562722.9636345394,-1318929.4630235434,-64458.67202967405,-1946111.0986877568
30623.76012607664,2574895.4055858254,-565614.6444351524,2039904.5212767497
-278865.82737305947,1633194.7887169719,-91365.73549809307,1262963.2258458193
-314351.9397765063,-1400548.9115934372,-545650.5251096487,-2260551.376479592
-402604.85053327866,7300337.204365075,-553125.2402583957,6344607.1135734
139253.88821886666,6226575.155393958,-87800.74148607254,6278028.302126752
-48785.91235511005,12768625.672463,478382.762319006,13198222.522426896
1483351.321196068,4904768.744170666,-511963.90217835456,5876156.163188379
-109278.9550617598,-3673509.6905646324,-12748.10294893384,-3795536.748575326
22392.38412208855,-231580.31147795916,-561133.2974600345,-770321.2248159051
-522813.977716865,6932973.719987214,-63603.50057259202,6346556.241697757
360303.803645866,2336014.3593417406,428175.44054637104,3124493.6035339776
134627.26760812104,4267491.102752417,-308456.67887094617,4093661.691489592
-426397.34974037483,3655514.850238323,8247.836136758327,3237365.3366347067
244016.73190277256,4515096.4393233955,-889159.7616263032,3869953.409599865
57425.34987444058,11768403.535238981,-143276.1980174482,11682552.687095974
916012.570260156,-7483586.006976545,559487.0415143818,-6008086.395202007
524330.8227822892,-2311546.7400075793,-895390.9643370062,-2682606.8815622963
-652937.0464811902,15297.613513290882,-984229.823524259,-1621869.2564921584
-159816.50064384378,6658605.501486957,-459886.5767164901,6038902.424126623
-25144.536504484713,2867945.033046305,-870345.7633776069,1972454.7331642136
-243433.0573943667,-2817236.7144016027,186867.41933381557,-2873802.352462154
-58806.880092181265,-5714255.198803037,133576.35264761746,-5639485.726247601
77101.75425317697,1539284.6866962612,-880956.0128835589,735430.4280658793
-33014.04705290869,16165261.147101194,296853.8101275265,16429100.910175811
-297232.47415405884,-4052015.229263395,-127921.76967905462,-4477169.4730965085
-84003.63501231372,-456945.7620638311,375336.4790987745,-165612.91797737032
350825.81496121176,5678793.044722289,741164.1301261634,6770782.989809664
515280.78302131034,-8991568.462830722,-146162.1802237332,-8622449.860033145
-150538.18902780302,2286596.743732929,503316.61174084246,2639375.1664459687
56400.106946632266,-4473794.408886582,351288.6745566726,-4066105.627383277
-97659.13458561711,-2674573.7506148517,-237328.40842069685,-3009561.2936211657
-125037.3594903592,5464917.652424991,87497.74524715543,5427378.038181787
116588.9396376349,245139.08793127537,433631.52827670425,795359.5558456145
110238.16594333947,3955665.1204203367,-653890.4997324422,3412012.786631234
-203832.0299680587,1241081.9158242345,159119.75656608492,1196369.6424222607
-512031.0524121672,-310070.64559817314,-733048.884439759,-1555150.5824500993
-167294.13745854795,2184849.0320652127,51455.56391943991,2069010.4585261047
-499567.9604141731,2026993.9909221232,-725223.9961297661,802202.034378184
-68994.31085245684,-4414931.650353789,-343104.77510643005,-4827030.736312676
-32261.048037383705,-7395115.6118792,-1794669.9900431708,-9222046.649959754
-234490.81656731106,4423195.502373815,-561534.8581195027,3627169.827687001
-35679.042422257364,5205361.656900018,-296720.55672235787,4872962.057755403
-144708.95561319962,5091299.858574808,-606321.981341295,4340268.921620313
301713.1742141973,-291313.6551940441,312598.7038753927,322998.2228955459
35796.10234284587,-770841.6232484877,103890.41860692203,-631155.1022987198
561188.4923127852,-135798.2602673173,1049852.9566753209,1475243.1887207888
-350294.96352897957,15360125.857872307,-229955.99340391904,14779874.900939409
-551758.6908469945,-3502080.6118758917,-288747.9777783081,-4342587.280501194
94310.93158491701,4706738.4348499775,267278.2039152235,5068327.570350118
-420447.58733448386,-18120726.617015302,-720592.5665630922,-19261766.77091288
-81560.9032369256,1721759.8328831792,410154.0140629634,2050352.943709217
321617.5800520424,7233985.339663625,297918.00306955725,7853520.922785224
-578831.2205478679,-344538.41561099887,-484598.1758339554,-1407967.8119928222
-256096.84725870565,6623121.4323121905,-877601.1818142235,5489423.403239261
-398356.1847713813,2022511.2179638147,207881.15536038578,1832036.1885528192
69524.84850917757,-9204983.865909845,-80470.70231601596,-9215929.719716683
72511.27246378362,1428293.7844406962,-127935.22339782119,1372869.8335066587
275540.92012715153,-152187.68811881542,58366.40296590328,181719.6349742394
448984.3560094759,8340607.501775563,830648.4480946958,9620240.305879734
-303175.0586072225,544139.8233667612,-352666.1348923072,-111701.37013276853
45450.987311564386,6352885.609571815,-544861.9942615628,5853474.602621816
-327967.1737780068,1071778.0029884577,-749429.9091155827,-5619.079905131832
-28089.016245078295,5512194.057254255,-868430.3656864762,4615674.6753227
855447.0655190609,2162410.368804097,318006.3160223067,3335863.750345465
648476.6365178358,-5581735.046048105,-241801.65641797334,-5175060.065948242
295475.35339437425,6351742.732064933,744620.6551638693,7391838.740623176
-416732.6953840088,1294349.1948078275,-320566.6613196209,557049.8381041978
358449.01064373367,-11591593.877696574,-236594.3924971372,-11469739.259549977
-388094.0060734842,-2839094.1005833745,-1481524.9173802733,-4708713.024037132
-346508.1862232946,-754427.7969990373,125143.35724824667,-975792.6259740852
729203.2861109171,2023736.7242916226,660655.6469407082,3413595.657343248
-24063.799427343532,-4146481.484983593,-1097281.1970998272,-5267826.481510764
657875.0025290623,10370725.349724025,220124.21656417847,11248724.568817265
-305554.95835038647,-5192128.335683227,-280854.40105155855,-5778537.695085172
451459.20919631235,6378212.106858432,567092.0256105065,7396763.341665251
-376494.6764960475,3690922.3423807025,7149.679745472968,3321577.345630128
-327107.89909010753,-8761794.223042548,-684108.170938082,-9773010.293070737
-215911.57378204353,-2832121.742264092,-393355.51423311234,-3441388.830279248
620581.5391023625,-2754116.140460789,447851.5266637802,-1685683.0746946465
-26557.534214314073,-4800066.961888939,293737.58843544126,-4532886.907667812
-490976.60575336777,6823464.018369526,-1143201.0713702887,5189286.341245869
478269.14818201587,-9278916.036358356,-48436.986648507416,-8849083.874824848
379681.22125346214,-10068221.415400624,30122.572768971324,-9658417.62137819
-239723.0783317946,4569343.730135292,-1223169.81843514,3106450.8333683573
-165468.62167871185,6643976.85008195,-223469.21773418784,6255039.010669051
-15123.965870708227,1569484.6464869976,-136531.79196192324,1417828.8886543661
84712.54046720266,4713660.274004102,231996.74108822644,5030369.555559531
126332.68170863576,-2644122.4402751923,546212.3921038508,-1971577.3664627057
-294841.0207449682,2953866.25513497,269080.77092743665,2928106.0053174384
-420209.85383051634,-1221628.9044392705,-1553649.7351070195,-3195488.4933768064
467264.15269594453,5603457.9447543025,206007.423032023,6276729.52048227
84841.21226234362,-8460766.093135297,-556876.9266541079,-8932801.807527062
-195212.36471663415,11231560.74460268,-239484.85856999457,10796863.521316051
-271316.8640621323,221399.31341326237,-497631.13873779774,-547548.6893866677
-400469.8984325398,1012760.354591459,-387809.2026030049,224481.2535559144
-384245.32086770795,-756733.0700837374,610672.3239402846,-530306.0670111608
40364.74283460714,-2419891.840313971,-126101.63277097046,-2505628.7302503344
-694679.1738560367,2599083.2042491436,18965.350848391652,1923369.3812414985
60587.89886682667,1901123.4585262835,-342601.25160529464,1619110.1057878155
-395848.25173247047,-3374187.588190615,-245035.20458512753,-4015071.044508213
-104997.0471434705,5715661.876738727,116009.71050132811,5726674.540096585
581397.7523005065,770373.6913258433,-651714.0028217062,700057.4408046436
-435133.1515723746,6751985.05752337,475043.57629358023,6791895.482244575
50230.97336275317,39107.61455473304,189085.86142876744,278424.44934625365
810778.4317304678,3271118.7494825423,-81787.37002105266,4000109.8111919574
355867.3513353858,-7668462.000043899,1436060.871938154,-5876533.776770359
-552442.7910531685,-3525370.8495568335,-468231.80428826064,-4546045.444898263
400605.59851325117,1019727.1108748019,-900205.1688491553,520127.54053889774
-306886.00814797916,-8231518.784024477,-212274.2971797362,-8750679.089352192
-248722.7670601774,-213801.90649294853,-182997.90217474103,-645522.575727867
22903.324017599225,658501.1501762867,-362990.9516826719,318413.522511214
-575710.0285034273,-570842.6004207432,-39986.60770225525,-1186539.2366264258
238132.87806289457,10691227.635050774,360414.6066867113,11289775.11980038
-19347.09510045685,825483.9552467465,1245556.1523410678,2051693.0124873575
545525.3602644205,6375147.425159037,330339.0511956215,7251011.836619079
479477.6810456179,2734359.0849204063,-103208.50334379077,3110628.2626222335
-172528.54968092032,211773.13442885876,-276837.07544022053,-237592.4906922821
-405291.9478969816,968403.6707798839,-38844.18400322646,524267.5388796758
200628.42714031972,-8794425.582259834,327871.4112515822,-8265925.743867932
-177821.55719275214,1365043.680941701,-615414.9926380366,571807.1311109122
428524.7723732367,-11972368.301960707,-56455.60830909014,-11600299.13789656
-43776.65400402062,3388013.972625315,194786.3979338929,3539023.7165551875
-113456.58041348308,6668990.863266259,279.7596201300621,6555814.042472906
307031.16591534764,-1773545.6181842387,141909.4257881269,-1324605.0264807642
410321.6327261124,3708346.727398038,556439.3107349798,4675107.67085913
420875.8821446914,-10394217.30721742,644588.6586595029,-9328752.766413225
13287.615599740297,3225046.9897964895,279915.1205241382,3518249.725920368
-22360.33110064082,-5380990.771771997,-203197.62422711402,-5606548.727099752
-450202.460007431,1053104.681019783,668587.2080533057,1271489.4290656578
-204749.07227778994,-4258902.885641754,422968.53721024096,-4040683.4207093026
340642.8322959952,-2776560.802486062,-424883.1435592249,-2860801.1137492917
-602319.4057970718,7769124.888887167,-585497.2712217122,6581308.211868383
566445.9205233473,1671437.7065307796,514435.11524712294,2752318.74230125
703580.270695908,-2846330.8660889864,783248.5981177092,-1359501.9972753692
-514004.8606648445,-5777324.387541205,539820.3778181672,-5751508.870387882
303325.8656319212,1167983.7443758845,-730198.5374566764,741111.0725511294
-573749.6556333601,6270936.248936266,-279042.75830890983,5418143.834993996
-273020.16236654855,3176466.6834827065,-135319.24546105415,2768127.275655104
-345863.67283801734,2096112.393051803,-125230.9759079665,1625017.7443058193
-246146.4899475146,14847409.976368219,-449545.4610224515,14151718.025398253
-574960.3004565928,5854485.571916014,-51789.757163368165,5227735.514296053
-619045.9249627702,-3291956.510622859,-799509.524707742,-4710511.960293371
551561.0502893925,-7905962.915725708,237415.82994745672,-7116986.035488859
-503181.7514807079,306160.13524377346,-1113736.388575457,-1310758.0048123915
357634.58151950315,-6507529.493530452,571988.118574366,-5577906.793436583
101202.32064802758,-2453074.174584508,-147079.61103360355,-2498951.464970084
343538.66112378985,54800.687374174595,453104.5737106204,851443.9222085848
-920911.8711709417,9897109.17045021,-287456.0525562316,8688741.246723037
442509.1367610302,-27763104.77786532,2934643.407888502,-24385952.233215787
-118265.64787484333,-3864198.3648171425,896881.8122865483,-3085582.2004054375
373468.46031178907,-230045.0340051651,803395.0683989525,946818.4947055764
-120718.98940789141,1463651.9133374095,-535105.147994332,807827.7759351861
1005985.7658754438,696085.9184548259,502712.8429032415,2204784.527233511
-34290.82587252185,9763427.705631673,-959414.4412517995,8769722.438507352
-350299.0067854952,8711305.059697986,-782906.1261734441,7578099.926739046
-766380.0342474245,-4407828.777574301,-851592.1258429885,-6025800.937664714
-616736.2795002349,-5128388.614312291,-1259197.4772918522,-7004322.371104378
-853354.7788403127,5358430.545652211,94351.24567659199,4599427.01248849
565652.4666351546,1288445.1718373895,295387.13884326816,2149484.777315812
-454435.0034549758,10818877.229707718,-344324.4296052754,10020117.796647467
628845.5923583526,-8363992.6656755805,580812.2491374165,-7154334.824179811
-168240.605383344,6091920.341840535,-60041.80858756602,5863637.927869625
20925.33053379692,804173.8512090445,522097.28526552767,1347196.467008369
-285340.4114912227,9920013.015094042,581125.5556398034,10215798.159242623
-713372.3009943645,6090095.0623835325,-137738.27436392754,5238984.48702524
53409.752395540476,2635193.212884724,827375.6073403358,3515978.5726206005
-148334.1699133925,-9393261.819363654,114216.84159977734,-9427379.147677269
-99463.8602768816,-3456320.1414855123,-549996.0064051524,-4105780.0081675462
60878.99152873643,-7614070.838730067,-719997.8230277672,-8273189.670229098
-139416.14268594235,-7150622.621091932,-900999.2518980354,-8191038.01567591
-435968.7698401883,-8125200.76522541,-51474.68296687305,-8612644.218032472
427079.6279132664,9000122.657684326,-171256.5046249628,9255945.78097263
-27881.020737510175,-4827167.788881749,-450075.37737339735,-5305124.186992656
53530.63697901368,-1656940.9238225222,-170056.052106753,-1773466.3389502615
-260657.0686394088,-9530573.149033546,548189.4926265627,-9243040.725046393
802983.6351552103,1746571.6034012437,945952.854070507,3495508.092626961
819285.7491028756,5353088.9641542435,145220.90370823443,6317595.6169653535
-131487.65842274018,8854183.843362212,-680981.1968677938,8041714.988071678
-114940.87058394961,5924227.053677738,-129644.03711275756,5679642.145981031
364448.3898570202,5891930.494808823,-1073844.555617109,5182534.329048734
-376736.0337435622,10384253.976441622,491738.5311039686,10499256.473802028
-398424.8120109737,-1392891.598112613,284037.97786924243,-1507278.4322543442
481050.6344096083,11996879.157725275,113055.94755604118,12590985.739690924
-271364.87893012725,-621175.645729959,-479402.22742781043,-1371942.7520878967
-17901.723011931404,-2330076.548709303,21353.755041070282,-2326624.5166801643
282994.84059983864,5660413.592806578,-10576.193239659071,5932832.240166757
468945.32662537694,-2851589.729461938,1314442.4996312484,-1068201.9032053128
700527.338342825,1136443.1699610949,271220.7265848145,2108191.2348887343
-433126.7397919893,8223456.17645216,200070.29524369538,7990399.731903866
-5930.602553645149,-12753653.529598147,75904.79177504033,-12683679.340376751
-129641.81274749339,-5398751.798851222,196047.2631250918,-5332346.348473623
-144303.7913053166,6594198.287052035,-855131.3414319679,5594763.154314751
78504.67263388075,-1341612.5606624484,103108.813848041,-1159999.0741805267
551905.1019492801,292141.74583271146,125124.99697133154,969171.8447533231
31121.47258026898,-6893559.222307205,283551.95074459165,-6578885.798982345
102955.50758302025,-3168739.848695636,688688.5976118222,-2377095.7435007934
-576326.597915642,-622995.7277101278,-1412079.7785130963,-2611402.104138866
76647.19812748022,3636357.101424396,-389865.6015159264,3323138.69803595
-631949.6919201165,846356.2513077259,-672934.9043642655,-458528.34497665614
-285448.09096365795,1554575.864358604,90094.652291134,1359222.42568608
-71053.15488765202,7880345.2569774985,128447.71450710297,7937739.8165969495
-550967.4272155426,10923886.928838998,-629497.8808296323,9743421.620793823
-239540.49928932078,-8939062.396543056,135151.78154562414,-9043451.114286752
-718057.2387390956,-6280883.056393623,-670292.6429994255,-7669232.9381321445
88943.08885682002,-4078864.6171821356,-301746.6872789115,-4291668.215604227
-403346.21915672347,-7168540.764809728,-352631.1578482911,-7924518.141814742
-299120.18278777413,-576814.1080210805,42141.425287522376,-833792.8655213322
285299.76433060504,-4007583.1718217432,90763.34556942433,-3631520.061921714
449205.20189596154,7254030.393333495,26510.618738666177,7729746.213968122
-126257.28554624692,-6204515.637243867,75537.42107132822,-6255235.501718786
-674285.1482864898,-12098641.247963965,44754.75845438987,-12728171.637796065
-662833.2793805413,-852562.4166437387,-26305.806597858667,-1541701.5026221387
-111383.34143668227,-612119.2632982731,452425.99807818234,-271076.606656773
-625865.8254716285,3254965.6740650237,-144219.26286870986,2484880.5857246853
1091775.4861326572,2729665.44656983,656783.2213179693,4478224.154020457
719987.1940120235,152889.95021048188,43628.598110452294,916505.7423329577
935309.8748384807,4131900.1109457016,-254472.4214674458,4812737.5643167365
-169158.1414372269,-8752113.03570205,357404.01064228266,-8563867.166496994
272999.0950749293,-3958389.9774665236,289496.97425705194,-3395893.9081345424
450582.3854750134,3646013.218100339,191305.33039028943,4287900.933965642
534915.0118333492,-1962876.9064902067,464383.27297770977,-963578.6216791477
19540.802572868764,5575082.842622042,48963.05094450712,5643586.696139418
-15764.909884961322,3170311.5563365817,563196.1816332713,3717742.8280848917
-149960.4060920421,4030652.0422481894,-104910.419619672,3775781.2165364753
-714569.6944539696,-4057979.952056527,-477104.8824067861,-5249654.528917283
-446506.0639062971,4421925.220097333,-530759.7907651961,3444659.36542584
-605776.678462699,5119828.956922799,509184.2256206125,5023236.504080713
-78360.82957009226,-3762814.8621129394,218653.29497151077,-3622522.396711521
427127.27260746434,5736129.873423755,-328135.20793403685,5835121.938097183
115768.81307156384,-5228974.015939862,939707.952804938,-4173497.2500633597
20861.125051632524,-280286.7107319832,-735780.4262746647,-995206.0119550154
-339126.44329054095,312047.7632524371,148123.7613587156,121045.08132061176
-166608.63888066448,15034579.372723937,-519084.76058960706,14348885.973253665
104983.47752871737,-5356641.793755829,-916859.1038629338,-6168517.420090046
-214898.47415870987,2079543.2632734478,658159.6663085222,2522804.45542326
-152817.79565286636,-7990575.704086542,-908073.5025115311,-9051467.00225094
-804389.8209239468,-1105236.8410717547,-977916.6708211452,-2887543.3328168467
-403172.11603242904,-1926568.4226166308,-196700.2815380022,-2526440.820187062
173611.79629205912,-12690432.443648696,-691241.6646980047,-13208062.312054642
-44291.93597820215,-7844071.581600249,-123842.90226786584,-8012206.419846317
106976.52612894773,7406132.6934835315,-350150.0445421636,7162959.175070316
-164639.56043015048,-1330350.513190776,-33100.63530050218,-1528090.7089214288
-343305.54908052087,4985489.833006978,163434.3691361472,4805618.653062604
285709.85943797976,-4340846.831852049,-1411566.6571321264,-5466703.629546195
544152.3677383419,-3474595.832236767,860358.4950616509,-2070084.969436774
136799.73281081766,-1467785.4414822161,70768.63968278468,-1260217.0689886138
-95393.15912428685,-5003032.748239934,-57100.31597235799,-5155526.223336579
131059.21813277714,-4895083.08190915,-143941.31217250228,-4907965.175948875
273461.68618473783,7018925.61351645,133802.61343225837,7426189.913133446
104006.32897815108,-1357552.734470725,331941.0742883682,-921605.3312042058
-694242.6009343285,-6349107.411331773,-56239.24338017404,-7099589.255646275
426674.1505497955,9378582.58997044,108209.64494205266,9913466.385462288
-141501.1522434149,5848785.361999214,480934.4182012677,6188218.6279570665
-452313.7315910887,1860742.026967287,-985893.0875436291,422535.20783256926
-553340.410568282,6036948.063060284,-264305.23092155904,5219302.421570443
155880.1100994721,-9341014.037152648,-551391.5255431384,-9736525.452596314
88544.93473621458,1519846.165667653,242760.80239026248,1851151.9027941301
113615.6134823151,-6337318.529999375,115421.46381618828,-6108281.452700872
-523788.2204752322,-2399430.8315604925,-203035.476112023,-3126254.5281477477
124049.8614600487,6735865.1875193715,-469069.921121791,6390845.127857629
-1023377.2830375042,-5914095.315484107,-1202837.1884421855,-8140309.786963796
300571.6824752446,-8316244.614387453,310093.1935412735,-7705579.7383709345
748934.946415687,-825022.0225476027,618523.1683209985,542436.0921890829
-152105.17650692165,3560240.9644054174,-9383.662790820003,3398752.125107676
250515.41320412233,-503831.12605434656,-456615.6423545927,-709931.3552048169
197498.98059804924,885847.746076256,566987.1116065532,1650333.8382808585
-17188.229512611404,-10844909.409850419,-387385.1590205282,-11249482.798383558
-568324.7711125258,-866171.8711228371,53466.848768144846,-1381029.793467218
529632.9604298472,-9634282.811130464,-401669.6508060172,-9506319.501506634
-198578.3397781644,11521072.018314421,37690.97422602773,11360184.652762285
297332.8599218279,-9702257.354198217,-76927.75276906043,-9481852.24704545
371968.44602322206,-5245090.567209691,-474594.86414077133,-5347716.98532724
-40234.38242607191,-6245760.685200959,-644113.3279095069,-6930108.395536538
-105669.02919468284,2030452.3531743586,-273405.7231911719,1651377.600788504
-25004.498765666038,3306863.660324335,340855.93027254194,3622715.091831211
589052.113910675,-4021127.029558867,1626783.0260938331,-1805291.889554359
982136.1595241074,2182633.0060233474,71718.5243698731,3236487.689917328
-36532.492969382554,-1596419.7328779101,-285530.4477768466,-1918482.6736241393
147751.44903428666,-6508059.619315088,1369355.3185809404,-4990952.851699861
23819.352182755247,276730.72769391537,-859660.1357661784,-559110.0558895078
-88335.89954541437,-903656.8782559335,-366990.30680862814,-1358983.084609976
-477628.4321396183,402431.09724101424,-258904.60747300833,-334101.9423716124
51891.85619209334,2424183.6992012262,40241.23116008937,2516316.786553409
67539.00254908577,-6064842.869570613,211708.81381571293,-5785595.053205814
453871.41557778977,6152633.995019853,202952.29312936962,6809457.7037270125
-268642.5698794313,-290326.45527529716,-556274.5348794013,-1115243.5600341298
471076.623772772,82634.02586326003,236890.6745325476,790601.3241685797
556364.0857955143,-2900580.995593548,269516.29769174755,-2074700.612106286
228388.65639134683,5532763.326999396,216548.83901053667,5977700.82240128
209612.61345983297,-10822957.993828028,491517.1789984554,-10121828.20136974
-141913.35620747134,5095860.846909851,-12646.411120444536,4941301.079581935
-158206.16632142477,3301464.265881598,-438833.98979549855,2704424.1097646747
-590252.347256612,5503945.214744985,-457618.99680612236,4456073.870682251
-565256.6625112034,2029810.2889751196,-728057.6674869955,736495.9589769207
-91244.07691211812,9932459.32438898,-161270.31654474884,9679944.930932114
124095.24577203766,-1333531.196831733,-251137.48107488453,-1460573.4321345799
691811.254088888,418833.8353039026,-361808.9593101591,748836.1300826315
-417210.5300383214,-1718474.643592,-580002.8019633815,-2715687.975593703
215470.76326132938,-2414307.785008788,-385335.7504394725,-2584172.772186931
-216034.47041045316,-941555.2974109352,261554.34092924,-896035.4268921483
298626.51544275135,-990520.3614294827,-52517.13861655444,-744410.9846032858
810269.5628124978,-14965220.307659566,311105.7167415023,-13843845.028105566
-19127.336886340752,3759782.7216062844,-355689.08850555867,3384966.296214385
392808.56603002176,1810806.991737783,333769.145384714,2537384.7031525187
-399420.53980366886,-811557.679813683,-153521.4997836575,-1364499.7194010094
1046666.963539252,3059204.919287622,1381943.568771571,5487815.451598445
-284973.84478152916,8328993.151372522,19571.26805497706,8063590.57464597
-70422.64502136037,-163020.72254675627,34522.96821589768,-198920.39935221896
51134.116695785895,-332044.6913450062,-162346.485177733,-443257.05982695334
380052.59597561695,5611346.966168195,-169633.54584680498,5821766.016297007
358657.36525345594,-8491006.853411019,-72366.5028173104,-8204715.990974873
-336368.88487665914,4713166.677728385,200993.2686199546,4577791.06147168
-169134.00892654248,1474125.3556581736,23405.001623556018,1328396.348355187
-49522.268859796226,-6112744.81207031,159043.04863110185,-6003224.0322990045
241731.97846685722,-3734988.848774612,-313209.4051513523,-3806466.275459107
95373.60058929212,7837946.964860052,-142838.0881935507,7790482.477255793
384627.6014222279,-4318076.816276759,-642401.7626852393,-4575850.97753977
284383.6707368549,-3560650.9707415104,31260.743153072894,-3245006.5568515826
-495195.88781772554,7525184.618515015,-482465.1831779033,6547523.547519386
10464.336337732151,-1516380.109391421,-330544.86491782963,-1836460.6379715186
168659.61683191173,-3733362.6305119693,577340.5654588714,-2987362.448221186
-783744.7889370639,-9439361.223287761,110233.55470253527,-10112872.45752229
584707.1602380984,-9087066.327104926,849193.670490697,-7653165.496376131
375477.58581903577,1889980.7320796847,-461949.63285254687,1803508.6850461736
-308871.10554510355,-8427781.435987234,-829095.7355819494,-9565748.277114287
627109.4797735475,15377619.085197926,-281088.1531344056,15723640.411837067
-150998.0716303829,-5237523.1074517965,-208356.69610920548,-5596877.875191385
1096935.6773585677,9734706.980993569,929168.3992913663,11760811.057643503
1254857.331919197,1925099.2931149006,1346799.9321304113,4526756.557164509
462985.84570167586,-4037426.1398032904,-284333.18362884223,-3858773.4777304567
-762682.8187265433,-850097.688467443,121566.68191943318,-1491213.8252745531
-275019.4232873358,508867.4777748287,343016.92055238783,576864.9750398807
101623.72629675083,-955078.0848489106,-295480.0423876196,-1148934.4009397794
417513.81760437787,-1380075.9381057024,488565.76573497057,-473996.35476635396
-43054.714186681435,1743040.5817652643,194860.6114890799,1894846.4790676627
-369177.85308034904,145952.70197057724,-364743.67485676706,-587968.8259665389
-427085.9572855104,-2019404.0286721587,-359615.286271967,-2806105.272229636
398105.6202186197,3753557.7701069713,-29211.176531344652,4122452.2137942463
-690868.6712635309,-3478640.1807628274,-182720.41050225496,-4352229.262528613
393683.06264727376,8769957.721629262,101431.19539741427,9265071.97967395
429422.6495854631,-87883.75144299865,908342.1851094067,1249881.0832518712
453111.29420020245,-3072296.1227436066,-289189.867725499,-2908374.696268903
-652366.4854856897,-5982626.03666836,-751486.4346726984,-7386478.956826748
-114878.36477516592,1261368.8726462126,-352657.1966956258,793833.3111754209
-170304.75208376162,-5188720.752045661,272423.3483889401,-5086602.155740483
-403461.9646950979,3732241.044742793,-1621287.9655498192,1707491.1144978758
8881.760392218828,-1409562.5829321146,542914.4691641182,-857766.3533757776
220781.9931684304,1542105.1933258176,434124.81477952003,2197012.001273768
-164261.64784082212,4129139.966245085,494849.42826434225,4459727.746668605
-126402.35948120989,-92146.26133072376,25769.739681832492,-192778.88113010116
-239653.93450722843,-13837683.266160011,-5049.571274004877,-14082386.771941245
-11852.883126577362,-4522795.510337949,-385858.1809174046,-4920506.574381931
262044.0927035492,802332.0808621645,276022.46352413297,1340398.6370898467
211630.35294125602,3311525.0463273525,167833.9856306389,3690989.3848992474
-6679.447528090328,2349004.317966461,-99280.3540078327,2243044.516430538
118357.401805887,-9273269.096237391,421876.17813717574,-8733035.516294328
-619313.917913299,2565904.732778311,-436168.6986785382,1510422.1161864735
-24910.26404385455,263222.35340094566,163212.17535503954,401524.26471213065
331498.02088834904,-2548386.8870995045,482168.04149736464,-1734720.8247137908
500377.6755284183,-7851174.875247747,1710419.5451733917,-5640377.654545937
-176860.43752717227,-3920451.8382928967,-374715.4404207766,-4472027.716240846
-96907.9855802767,-1824105.2391095757,498671.6001164019,-1422341.6245734505
235818.20517824404,1369468.3634019792,832555.4671928585,2437842.0357730817
-349480.6125772651,-5481989.273475587,-1032700.2893394679,-6864170.17539232
-393693.2586420495,4908817.959909558,-140562.42227642983,4374562.278991079
312832.16027678736,-9348395.997343779,150376.3231144324,-8885187.513952559
280237.2063235659,-6536472.403546631,-316892.87906020135,-6573128.076283267
-257353.9423192218,-8247103.372305453,650984.2111099511,-7853473.1035147235
20274.77142551355,-1488286.4481686354,-566308.2483537272,-2034319.925096849
920277.4275932759,5434403.148558587,649867.7246266082,7004548.300778471
382516.06784428284,-7304660.125301331,211784.99374330044,-6710359.063713748
-337771.0466551576,-7313480.142144799,-1588063.7147051543,-9239314.903505111
658593.6354314741,-5966408.7991729975,-26847.025241814554,-5334662.188983338
-41844.127542557195,-5649810.177859724,-257988.8512602523,-5949643.156662533
-181850.07983144,8663382.050744176,-278979.44663699716,8202552.524275739
349831.8157313783,919125.6593637466,1059515.8560749516,2328473.3311700765
-75825.95523663983,-1072141.6229349375,139637.78512622416,-1008329.7930453531
138299.23318052106,-991384.8133958578,417087.9972922057,-435997.58292313106
-393474.5762466807,1708303.770744592,855170.9292069152,2170000.1237048265
-260935.56185529754,-1912810.1923237443,-99359.56352059543,-2273105.3176996373
-269991.58469679207,-11926143.937724978,62668.94050582498,-12133466.581915945
-276328.3965643607,201761.80634647608,-672339.3169101477,-746905.9071280323
199869.70774800703,4697049.050992042,-491677.1454779506,4405241.613262098
-99757.29920622148,-10409973.138683856,-19661.73800716549,-10529392.175897243
831096.9887168743,-14983012.643558502,252009.3939404711,-13899906.260901157
165999.64288988896,-802519.5820233524,-1076199.884656638,-1712719.8237901013
84728.46114986204,6408021.204992592,-361329.58398941904,6131420.082153035
18424.763319645077,2716600.0656397045,-208962.26857651025,2526062.5603828393
469001.5446018018,4973368.045044452,1593236.5172237605,7035606.106870014
-83003.04455235228,-8152112.126695693,14535.227317124605,-8220579.94393092
727067.5766482502,1146197.1378295422,523108.55418335646,2396373.268661149
101495.69336186908,1395213.5973785818,61.75523370504379,1496771.045974156
-513776.1106722299,5492741.952889115,-166206.06353523582,4812759.778681649
-95918.06250650622,-5087582.611017138,-667951.813146472,-5851452.486670116
-406258.48605615273,4984121.808276266,274970.01603138447,4852833.338251498
-334239.10830046795,8687816.110858202,-694580.3176634461,7658996.684894288
839722.2656491697,-2795377.3672667444,1034486.3994987756,-921168.7021187991
344462.7020649016,-4769240.575841188,35219.30250439048,-4389558.571271896
137467.60643939115,9227227.250828624,-77810.82598228753,9286884.031285727
493055.47429348715,-9613269.982149601,994087.3663177714,-8126127.141538342
-61513.653820639476,-5274019.03589803,-773350.397173509,-6108883.086892178
-584420.6471594945,-5931111.752691567,610419.5537173301,-5905112.846133731
-45785.32285410166,613616.5467350483,152078.87223878503,719910.0961197317
-580476.0563873686,-4351745.860108435,-265099.1036115661,-5197321.02010737
-407999.78237451613,5608327.449704289,-633701.0640247166,4566626.603305057
-94819.21511980332,-2784109.417748034,159756.8941796124,-2719171.738688225
-374529.14298070036,-1628658.2099378705,-846090.8254227787,-2849278.1783413496
-172722.76352761686,17426127.13340956,-152166.0656003803,17101238.304281563
129511.33662272431,5903094.004717648,89025.42886202782,6121630.7702024
410386.41376242787,1941516.2483878434,-476384.9226980284,1875517.7394522429
-327862.530614648,-4962300.854303062,-31197.002165280282,-5321360.38708299
-202603.1760848239,7131363.600101411,-199358.82234832644,6729401.601668261
702152.6191994324,8610655.491446435,403357.4910375476,9716165.601683415
-172917.8976609055,-863740.8107270002,-155211.19191154093,-1191869.9002994467
244655.14731695503,-1303609.738299936,347802.9735381752,-711151.6174448058
-93966.80376879312,-1208243.741836965,-457528.0709310025,-1759738.6165367607
417518.3955406826,-8096266.438941449,-193460.6463074386,-7872208.689708205
99325.12372448668,3068741.712630272,-883159.3851342201,2284907.4512205385
-642735.4298332352,7680609.365060568,-885039.091680117,6152834.843547216
-600958.5982721038,819549.0116708577,-300368.5160271302,-81778.10262837633
-132945.32917559147,510519.22178196907,-436541.144277066,-58967.25167068839
-2968.203750571236,-3515905.93336305,-338791.482710883,-3857665.6198245045
-355975.02584361844,1650392.8200345635,-430446.14318957925,863971.6510013659
315906.7475035433,-4290278.671594083,225538.8560142964,-3748833.0680762436
641446.9059224371,-923072.2132387161,709332.564738661,427707.257422382
406078.2355445605,5049169.371743828,-540297.1441338807,4914950.463154508
-68331.55276374146,-6565694.103561461,-64942.659714609385,-6698968.316039812
304951.0334133394,7063266.224338293,263757.57546620816,7631974.833217841
288264.57349392027,2248461.8338273168,-281806.9960696399,2254919.411251597
-103069.90979880467,3946450.062785685,-368818.1666877866,3474561.986299094
-84881.55044135824,4126569.99818027,-279254.2431893647,3762434.2045495473
469752.6699325666,247869.49671065807,148658.36032503098,866280.5269682556
-491942.4523046799,1764320.8454024792,-945990.8660134971,326387.52708430216
-79946.62734000757,9832501.705923498,-211218.1568325758,9541336.921750914
110467.13814471476,1278150.6415966451,192131.0881369859,1580748.8678783458
243015.33467165567,694290.9393512309,-635936.2673196793,301370.00670320727
-726242.2746659834,-4367112.446868956,224948.28438803554,-4868406.437146904
-215202.30792174116,-1369237.4232454896,908123.8891567811,-676315.8420104496
-271584.97722698003,-5102921.241460592,-88464.68061178178,-5462970.899299353
-617708.1397228446,-3307961.5719611943,-748027.5611199439,-4673697.272803983
-320402.22911131196,-8765606.983963072,716813.032435447,-8369196.180638937
467144.9138044622,-2739246.995895833,292758.21810746193,-1979343.8639839087
-143472.9396034982,3622524.078137845,-796169.4218097776,2682881.716724569
-677745.2544740047,7655702.433214664,-740332.9115819037,6237624.267158756
321743.87626791745,2637536.268658042,-731552.8366548717,2227727.3082710877
125042.0829987526,7569173.25799942,-681178.0682978258,7013037.272700347
493753.8631267231,-2470527.570536256,695691.9607988447,-1281081.746610688
-160528.09301817045,8675454.53541261,239841.2008999735,8754767.643294413
422562.8890380841,-6088543.09455663,249588.6949498132,-5416391.510568732
141677.40136482567,-121949.84403944016,-269505.21693864465,-249777.65961325914
-321163.17596066184,42414.61880543828,-123114.87034672499,-401863.42750194855
-649722.7951746155,8022827.853936791,-880964.9116600677,6492140.147102108
-253668.65032395348,5874188.326105535,-681593.06748081,4938926.608300772
495281.749263674,-9917121.560681283,622571.7157979533,-8799268.095619656
-14384.817157592624,3788863.2430222034,-1092489.3821535408,2681989.04371107
-297071.37258362025,7950013.097079694,-361885.4938748181,7291056.230621256
-310320.13926678523,-794777.0082502663,45163.95243446529,-1059933.1950825863
60323.55684186332,1322177.4051201344,313137.18400093913,1695638.1459629368
90944.35797275417,-5186255.637008846,351254.7951262519,-4744056.48390984
163864.9039802458,171255.66505476832,188618.88334142417,523739.4523764383
1068137.5024320744,9853101.732356727,1419320.5353722125,12340559.770161014
-422989.8328757789,-505851.01509970427,-319198.5353989005,-1248039.3833743837
-196974.08489069156,1198432.7964601517,-665889.6320490539,335569.0795204062
-100105.69991134293,-5461716.366670847,61171.29438722134,-5500650.772194969
-449468.8883797992,-6093687.243735015,664109.9996295869,-5879046.132485228
-58125.474353080615,-1490296.3352158666,-70383.6172773242,-1618805.4268462714
628544.353454614,-16008401.443677425,772662.0842220187,-14607195.006000793
195535.28247340582,2446364.6901233196,-227593.44252374023,2414306.530072985
227640.47580491006,3552319.108579129,-239311.39330424368,3540648.1910797954
-215235.14885587618,-1103316.8204823136,-1541149.6415833384,-2859701.610921528
-218891.20714758523,-1350509.4841760695,-76290.39846198261,-1645691.0897856373
-224113.42108157277,46816.11322569847,-841876.4129712433,-1019173.7208271176
-211237.56212789007,2906866.0622057915,-181330.91681147367,2514297.5832664277
-376452.183066668,-1721451.5886722803,-741132.167035915,-2839035.9387748633
-3769.815505694598,1777314.514778614,157883.94902680814,1931428.6482997276
-1285738.7546143737,-7132535.631424874,-924045.7680542022,-9342320.15409345
448492.93219875917,3269541.083546579,688403.389080584,4406437.404825922
-19589.24989473261,6009004.570775509,-34246.385543987155,5955168.935336789
861708.7087289393,10077272.843100846,-1141573.6910291016,9797407.860800683
361027.95386821777,2470821.5083033144,1243437.2815969735,4075286.7437685058
-503773.1517319847,3526557.9657886624,-303611.0625301823,2719173.7515264954
114744.83337648399,-1662154.522130251,-337421.6438291222,-1884831.3325828891
15899.926792299375,-1231316.855606556,-1003108.7047614381,-2218525.6335756946
244016.60143849626,-8083648.187790573,652154.7620300651,-7187476.824322011
128262.01643277146,2962136.8341795206,-354900.666726917,2735498.183885375
-288410.19188249484,7852271.582214028,-79903.039239645,7483958.351091888
-458251.3765542228,916345.9121773243,129468.05347579718,587562.5890988987
-674976.3237752356,-8362651.815722406,-687987.5916345343,-9725615.731132176
767431.7263079863,2733935.9494392276,419083.92343538254,3920451.5991825964
180915.60329595394,5654187.617211878,575842.0499193892,6410945.270427221
218834.44739339128,5349371.218827605,-305214.5132432878,5262991.152977709
-638603.8252723198,4641303.663756341,-602448.6483155489,3400251.190168472
501393.9864310175,-5331248.739462554,448432.99478913844,-4381421.7582423985
92892.51726575196,-3087356.678359866,626133.6217282936,-2368330.5393658206
154301.85947837494,1161424.947472036,-184833.6102025509,1130893.19674786
-14942.497086912394,-293555.1529328823,-288035.41491243243,-596533.0649322271
307825.2396956198,-667336.3528972566,256732.69320888817,-102778.41999274865
-513826.8430912513,-10366817.963587344,272609.75023919344,-10608035.056439402
102189.06112423353,-2924359.3297082186,-299198.6268439591,-3121368.895427944
627735.7796570472,-6016742.997818351,864674.1105321348,-4524333.107629169
-44138.43354499154,-133062.00237125158,-857042.5920657367,-1034243.0279819798
-520800.0385823902,2947652.637098789,-620981.5347645357,1805871.0637518633
-444835.5947652068,-6872109.351397902,218586.0359006077,-7098358.910262501
-836694.2363062855,9843505.657833666,-5111.550061970949,9001699.87146541
456871.90815429203,352154.61849939823,503438.2367533967,1312464.763407087
-77977.79414750822,13474699.42611581,-71814.19303245842,13324907.438935844
-498461.82224050164,-1785622.062525332,-754182.3775303811,-3038266.2622962147
-439007.9848318696,-1270894.9258801937,205122.49971406162,-1504780.4109980017
206294.23479878344,11404522.991871774,265007.2940432057,11875824.520713763
-334389.3373408206,-7087710.9035303,-10170.904569029808,-7432271.14544015
-79166.49387789145,-5383097.95217526,127922.62531481683,-5334341.820738334
114698.85737039521,-1156100.1971042156,-28504.094924628735,-1069905.4346584491
-541675.3918026239,-1130919.4072999954,67901.64067405462,-1604693.1584285647
54540.88542051241,-2119937.957816541,111690.9890691191,-1953706.0833269097
1098320.3736269753,-920645.3245010674,1052195.321569845,1229870.370695753
-249792.0077869054,-4565674.488055825,-812836.3265584111,-5628302.822401142
-150252.31965242513,-1345470.4282410443,490592.90143187344,-1005129.846461596
-42241.447688061744,-488205.70984756947,100583.6296531558,-429863.5278824754
-806842.7807876095,6122738.831508338,-914412.8992371038,4401483.151483625
46964.996562747285,-10037480.746697366,600993.115139544,-9389522.634995075
1014.2080200128257,7849483.592340171,443907.8268250227,8294405.627185207
-251093.20763736404,-4812702.185160667,120680.265630126,-4943115.127167905
-378077.2342841998,-281345.13606467843,-153146.58793327957,-812568.9582821578
117625.17803970724,1721183.490967214,-428863.6868380159,1409944.9821689054
-120411.51906752773,641597.8810711801,584975.5611422583,1106161.9231459107
297541.6354297474,-230954.0812677145,767437.7064925283,834025.2606545612
-347060.97605999187,4391824.539511979,-318704.5651831478,3726058.998268839
-356969.77310971357,1971612.480538249,-536272.0526192561,1078370.6548092794
253141.63068172894,-6294178.630913675,102471.5908960104,-5938565.4093359355
-39961.06804870069,10159838.464957446,475610.508463487,10595487.905372232
866115.4364940915,-2763130.1825200915,797842.199372761,-1099172.546653239
878499.351645954,3557592.0117260218,484851.1839332357,4920942.547305211
-379076.27132097445,-1790136.223641634,-304869.3798826337,-2474081.874845242
-292855.7819256075,-2690249.996227622,54911.38774136454,-2928194.390411865
-442277.1196320746,-364586.90054380894,-657774.9818673581,-1464639.0020432416
544519.7738709133,834655.1535946131,-220583.51022455096,1158591.4172409754
568481.9822825156,-8408731.685863346,36162.34018197656,-7804087.363398854
-146090.16771521233,-8147690.523981631,286648.0129796937,-8007132.678717149
185414.28894490376,-2107513.9205881357,466470.38731110096,-1455629.244332131
256932.78787147067,-1685356.9244797826,334323.33524261415,-1094100.8013656978
-897477.3779035676,-2751177.119714111,-1057360.051153466,-4706014.548771145
65898.14287200011,795399.2112259269,-448400.7698280439,412896.5842698831
408703.7265821211,1845332.0768114924,-157718.81291651726,2096316.9904770963
-591135.9957429077,-2365031.8925554752,-791378.058326371,-3747545.946624754
-251674.85325665213,931518.7764087319,-567722.1390388161,112121.78411326371
131904.93756637163,-10920956.616617322,201469.71580517292,-10587581.963245777
-390155.5621226188,-4563367.110748529,-264643.2234362066,-5218165.896307355
-25088.73649027571,2766969.075944245,-550933.7343987748,2190946.6050551943
187672.65451413952,8090394.809859782,113946.1460884586,8392013.61046238
79136.21181297116,-5185213.251400471,100264.62768875808,-5005812.4118987415
-4582.503696620464,-13283224.544915617,-605846.8408924043,-13893653.889504641
-545736.6241912525,-1540573.7197849154,-960749.0975309908,-3047059.441507159
-146572.1770233512,9783535.410373926,-5412.524358436465,9631550.708992139
-268047.61034762673,-5200168.474214256,-648613.7822707519,-6116829.866832634
-247803.55715956166,-1161357.9650628567,-207408.63772381842,-1616570.1599462368
169646.2934731692,-16146867.328552067,1123835.185028419,-14853385.85005048
496868.5026772339,6742424.891342342,683227.99588231,7922521.389901886
-46923.45512077212,1498202.824363321,56736.646817952394,1508016.0160605013
147598.15445156023,6096094.466149181,256623.06704095006,6500315.687641691
308347.92713703215,3226952.3234253526,-1072890.6126762629,2462409.637886122
531433.1999092698,5882097.74524954,126012.71528850496,6539543.660447314
-284032.6851316206,-714189.1817778349,469175.7098720223,-529046.1570374332
15060.500613277778,279475.06188106537,-18474.88182990253,276060.6806644406
-33148.43176740967,1796570.7926627994,94611.44097029418,1858033.8018656839
-503498.8868539892,-3916243.160957217,-285714.4135736078,-4705456.461384814
23755.22455946356,5898108.827381849,16091.688424035907,5937955.740365349
116053.7359329313,4131066.3328630924,386551.06899526715,4633671.137791291
595547.6576741841,-2511250.246983707,-36710.221909701824,-1952412.8112192247
225291.75398999453,-3810616.895919442,1170235.2171562016,-2415089.924773246
-346432.0541830957,-3330672.0442889333,-870369.3831872419,-4547473.481659271
178358.9168733023,-1811664.93367216,-6043.237866058946,-1639349.2546649165
23348.412402978167,-5583946.3934420645,-132425.05677355826,-5693023.037812645
-106376.99921055138,5410043.766711563,195293.5558951497,5498960.323396161
490371.49257872254,-5888201.18246758,508958.9567479417,-4888870.733140916
979030.5422263779,-217102.9002300501,332253.10090542585,1094180.7429017536
-607545.5116103832,6204962.804548919,-1573370.4777530804,4024046.8151854556
304095.37038971856,2464155.0691624284,-461367.42633640766,2306883.0132157393
308990.9167042095,-2199508.913880199,946981.6740394086,-943536.3231365811
183272.70126003772,-4163326.8957475126,-425056.23383619636,-4405110.428323671
-99343.8129737936,3062181.0878198743,-344019.97385428846,2618817.300991792
-833137.9737029392,560605.9524206221,-1370208.2936995178,-1642740.314981835
616034.5463660918,-1165754.0113605857,195612.15925068408,-354107.3057438098
40893.977754144,466891.5723836422,428999.7566088438,936785.30674663
110007.02215743251,12099174.335352242,-272124.1773824096,11937057.180127265
-377868.8069720287,-6076450.892621428,-964010.5331580192,-7418330.232751476
524769.0806340668,-7018620.526815534,976644.9731536433,-5517206.4730278235
-276658.3745801188,4250735.322974145,115450.48435145617,4089527.432745483
30143.492040375248,7682599.604294121,-165823.1473972872,7546919.948937209
157610.7056088969,7485165.605211258,-908572.5817044452,6734203.72911571
-405474.4013542086,-4988997.739944786,-722538.8060412854,-6117010.94734028
-638458.9806338158,-4761911.834545255,-1079540.6653815955,-6479911.480560666
-1209067.539449118,-576692.1913070083,-630081.7061415389,-2415841.4368976653
-242680.7713510096,9138337.077603638,588552.0882076919,9484208.39446032
-109406.32748332061,5004239.438205779,-224209.87876126915,4670623.231961189
-757831.3742443249,-3995875.65372169,-23161.033159397542,-4776868.061125413
-580504.1127149276,5737019.244723797,149992.3166755885,5306507.448684458
866363.5757556446,1476305.3720229268,222773.45358148962,2565442.401360061
500459.99344067834,-918966.2526629567,-222214.96293465793,-640721.2221569363
-182760.5958387684,-668585.9730610251,-802303.868635118,-1653650.4375349116
-582956.5398685057,6500683.986731678,-98635.90923571587,5819091.537627457
155045.67451805994,-3183022.7672933936,630892.4239521176,-2397084.668823216
264320.49875880405,5255684.665985346,559558.3381646723,6079563.502908822
41867.501793865114,8504871.298988491,-243833.0978436172,8302905.702938739
-596168.9896450322,7831821.483720005,-507757.32991206646,6727895.164162906
-754769.8648750614,-765401.521409452,-808913.2478262112,-2329084.6341107246
44979.95157202706,-3803012.8258502185,-391307.5299907625,-4149340.404268954
-379480.14423313737,2734990.053102076,50227.38744176179,2405737.2963107005
-248426.57795621082,3008234.489129901,-1137229.205236122,1622578.705937568
310365.27976319194,2799384.3174844384,688096.5874790996,3797846.18472673
668169.6643943489,-4355732.000957429,91448.53421578556,-3596113.802347295
193653.7253576964,5284229.724744618,217387.41087009013,5695270.8609724045
521030.9525039382,-355979.80202680826,508873.89907925576,673925.0495563857
-195420.70893489942,1797731.6239444017,-223630.7208225876,1378680.1941869147
215688.35975070484,-4741863.01408869,-403820.71597386897,-4929995.370311854
-659918.8967986368,-4331875.227093041,-567062.7633553743,-5558856.887247052
20340.229438485578,-4180018.7295033634,-756411.6508985832,-4916090.150963461
-573395.3661242034,1086262.3032729626,-541587.4223920703,-28720.485243311152
81260.95869101211,-2221314.022089064,-310379.653704077,-2450432.717102129
-185719.08842611313,-1584194.8697913885,-194574.28654552996,-1964488.2447630316
-224481.72510385327,-9386550.729502141,-611122.0644278526,-10222154.519033847
529313.7816528492,-4638197.38761875,505616.10367722064,-3603267.5022886805
-46847.30638059601,4768284.12981838,-698523.5859985724,4022913.2374392115
189484.57951775938,-5641789.606472582,-44644.32039998472,-5496949.347354807
-7420.3972899299115,-3007189.225755781,617174.3142689392,-2397435.3087767716
308888.2586598154,-3659917.0387277305,85885.20434582233,-3265143.5757220928
190540.66062434763,-7387132.966547906,865607.2636153325,-6330985.042308226
-35276.97393628396,13121731.444479883,301068.5796467513,13387523.05019035
-516255.0761198122,-3030471.726245612,-296234.54965708405,-3842961.352022508
-218506.70997293293,-2798014.665186554,-824164.5285544842,-3840685.9037139714
275866.92540293373,-6872789.737498641,-788100.1653972194,-7385022.977492927
-227012.45271564834,-3921933.084855199,-30442.97554810345,-4179388.5131189507
448985.0965126194,5618115.477449715,506047.9262367636,6573148.500199098
-272613.66061093286,6053417.337130666,-426092.97139471024,5354710.705125023
373228.6819129493,-12752021.282381743,-198867.57616242766,-12577660.176631222
-152770.12448679283,-4336167.205730975,-804665.0671229511,-5293602.397340719
-57034.826395573094,3578034.483934343,226107.3409750834,3747106.998513853
63232.146796349436,-2931473.094781965,-509088.45673137903,-3377329.4047169946
-260114.44513122737,1570329.2147513032,116262.4148228243,1426477.1844429001
-137560.26970827952,-3937138.352862954,-125757.31581676006,-4200455.938387994
473089.8206365742,7211835.9559322,1049971.6095907837,8734897.386159558
-228605.37612051517,246539.80887904763,-932616.9264470264,-914682.493688494
-584253.1596524678,4328205.546204627,-741471.3352232575,3002481.051328901
-626215.6050202847,-15885652.689755648,-1373652.6641394421,-17885520.958915375
-523477.064920336,-3817457.293180108,-669494.3386304751,-5010428.696730919
-194332.71191224456,-14382398.433311492,-668453.7914537787,-15245184.936677516
-415344.2895331271,2889800.9397591054,-738430.5747278035,1736026.0754981749
-43437.14998110756,-1519888.8139977455,513491.4553858191,-1049834.508593034
-354758.46314253286,-9780931.275867045,-1028705.6158241555,-11164395.354833733
402535.75973511115,3699520.555439949,-440094.1623855233,3661962.152789537
-154607.3695123475,4312364.731380045,-682395.4476409405,3475361.9142267574
12413.665973301977,1557254.0922985077,440616.2401853949,2010283.9984572046
903549.5149633475,18298391.293642998,-201899.6268722117,19000041.181734134
-444342.0631398205,1901350.2475334406,-980863.4262511134,476144.7581425067
-212448.31511592492,4926771.179175198,-436141.98695737123,4278180.877101902
-601097.7526055165,3474612.4969052374,-461314.0824907273,2412200.6618089937
-1039673.0684752017,-293468.110019505,-362946.48178002983,-1696087.6602747366
-709607.856231479,1064871.5674952865,503368.61911358684,858632.3303773943
-444434.1903882921,-2759572.9604482055,-307190.60282755643,-3511197.753664054
564958.6690784004,14509801.736027032,-733023.6668902487,14341736.738215184
365074.9382917527,-5279833.231259316,989566.7647640407,-3925191.528203523
390385.6381130554,1181340.0992821455,-483.2645717635751,1571242.4728234373
401993.8038494848,-6193808.573765695,559444.2781904638,-5232370.491725747
-165517.74997674674,7779899.249758869,-104763.57350579649,7509617.926276326
-504436.447636107,-5610516.280249476,-754177.1273601353,-6869129.855245719
-263423.41158398613,11446373.060835034,176259.2317617014,11359208.881012749
102895.72224853374,-3134462.558022499,152803.21311414242,-2878763.622659823
-220825.82596649416,-3309603.754095614,-89086.90210866928,-3619516.4821707774
-179933.97890521586,-3544170.0774804354,-497466.93947455287,-4221570.995860204
245097.84702816606,6735429.974681348,256843.2920690179,7237371.113778532
591012.1514284704,7236092.157537371,-36192.94060075283,7790911.3683650885
1025266.8607883714,3420981.6641165316,1379051.1252370998,5825299.650142003
-421243.64965419844,-9568769.78058654,-346932.4581161216,-10336945.88835686
745226.4244970307,-5336401.575187147,391668.1608189121,-4199506.989871204
32621.163819354028,7072485.286612749,-600798.9659056813,6504307.484526422
-55910.60137835704,1464906.5238637328,-527895.0973187238,881100.825166652
-183002.67643119022,6270631.693955123,-499347.7799770385,5588281.237546895
-409429.57700457796,-3801919.6985218525,131382.75355297327,-4079966.521973457
-487359.1463793274,13855481.800938487,-110281.35701960325,13257841.297539556
548103.5609942544,11577047.187970579,-70654.13136681914,12054496.617598014
-22034.317706018686,-4797695.753091425,115794.46724282205,-4703935.603554621
108065.19085816108,7547463.2485538125,-319310.36750534177,7336218.071906632
219762.17643052712,7669797.8543560505,-903868.1296608299,6985691.901125748
-63635.63460007869,708676.8256595731,84248.68177103251,729289.8728305269
-123926.67636028118,-855895.1733134389,188609.62992732227,-791212.2197463978
-235006.11251367815,-9195406.8441374,641562.0587162226,-8788850.897934856
-156213.9781999681,-2325487.6156928837,-213637.48099803925,-2695339.074890891
279415.84745894186,-5332316.201531351,537429.1963418275,-4515471.157730581
-510539.7640856989,5484509.869428754,475997.8978080377,5449968.003151093
-160545.79075518623,-2318794.0041446686,18080.88050660491,-2461258.91439325
706601.3717497978,2870391.1789931655,408744.4829315692,3985737.0336745325
-557513.0950394906,-4769774.742394507,201404.33085729182,-5125883.506576706
-527930.5886968467,-8421444.236748695,438261.1488904357,-8511113.676555106
-483408.2545177601,-3388469.7062169313,-544430.8160825595,-4416308.776817251
74559.76523009874,1393752.0154262483,-101982.53812620044,1366329.2425301466
697529.3609037101,1613011.8870764375,-198041.70131652802,2112499.5466636196
-442570.7958334442,856812.5883924961,10443.422529652715,424685.2150887046
-98219.85194841214,-356175.870791018,182708.7136991024,-271687.00904032774
-120297.43846545182,3672658.771072328,52090.270946510136,3604451.6035533864
223205.53607051447,3056824.427142471,-805409.5915895775,2474620.371623408
256967.99340821803,-4043154.858642757,172491.296898067,-3613695.568336472
38514.39711043239,773631.7213602066,-316047.2978974059,496098.82057323307
-280526.7113380302,6431417.429106355,-1129218.2951711714,5021672.422597153
313533.6057263538,-1249274.478416562,110056.13981766254,-825684.7328725457
-1298925.2422201894,6458518.472345114,-915491.0443931967,4244102.185731728
375561.79855119437,8672486.351633132,966404.4627826586,10014452.612966985
212054.46438378096,-13381768.319087088,-224321.47197643667,-13394035.326679744
553011.1798627339,2868554.2421858013,-453138.81461843103,2968426.607430104
-55136.28910567984,660896.62751773,-151470.76110026985,454289.5773117803
-115804.92003103718,-1959473.1521519423,-791450.8520407528,-2866728.924223732
348709.9073576424,-5053876.632097423,887549.0142260492,-3817617.7105137315
268370.1932255812,-60868.82707351446,-125250.88775189221,82250.47840017453
-173261.09780105948,364300.0259824693,-561718.0859248415,-370679.1577434316
-246130.00846640393,-353007.76259046793,-1026736.2288967147,-1625873.9999535866
-417311.2935398333,6866318.598239422,-92635.2859537676,6356372.018745821
-395397.5709475633,-1164875.8141862452,-1061248.4977133274,-2621521.882847136
-907498.2684925348,2315255.3844459057,-519344.36225926876,888412.7536941022
-144298.1160077937,2354388.8062859178,-528079.49373734,1682011.196540784
-114806.55891040899,4417676.949517727,-1138210.874484159,3164659.516123159
-500076.80049774796,-2572771.8363963068,-775433.8574757054,-3848282.49436976
820252.3227678239,7147366.414522976,955752.7089397609,8923371.44623056
-373921.5702073518,9990194.791321218,177672.60062219203,9793945.821736058
472272.94546688534,-5867553.975225449,-236551.2036767751,-5631832.233435338
367940.07214345224,281687.0940281749,976629.7787414491,1626256.9449130762
-88955.59027509205,2720526.2382768393,-314395.3321283832,2317175.315873364
483444.487629408,-1499978.9076322913,-144127.71625117213,-1160662.1362540554
-418217.57025766745,-2318616.662426591,-97555.03810755908,-2834389.2707918175
567648.0821366087,4817973.49721092,-66801.86261546612,5318819.716732062
-218808.78644898348,-6738596.7695069015,525439.2712708861,-6431966.284684999
-50510.980936056,-1169563.317973882,475201.1024919376,-744873.1964180004
350416.07117743976,-7201613.554009199,340988.3623658046,-6510209.120465955
323455.4385517016,-3990821.8248826265,265772.4285733402,-3401593.9577575848
-305876.8937861491,3012831.324700594,-311021.7283902392,2395932.7025242057
-304437.104753701,-2336647.8771415353,-201609.20918542892,-2842694.191080665
332133.9748739712,1964433.32940346,-183785.68159334362,2112781.6226840876
-281431.2816376202,-4658763.524142146,-936017.6944213212,-5876212.500201087
-523640.8887479622,-455461.3173888624,-414966.9543454498,-1394069.1604822744
-499955.0087052919,4823068.466203392,-845470.8508424982,3477642.6066556014
208274.06347537413,-7513591.366821647,-334.19775311648846,-7305651.501099389
24710.92301652208,4678496.776749074,44488.63999580592,4747696.339761402
614259.269891886,193759.76027792692,-695673.6023019999,112345.42786781304
222546.79358921573,1873678.0496228933,-97725.04029500484,1998499.8029171042
54368.083380308,-6422882.3406256735,-350986.62867203355,-6719500.885917399
-209026.3890732359,-5356374.757258177,502423.4221993536,-5062977.724132059
130054.85856624134,-3797440.024055004,-145992.84869410098,-3813378.0141828638
-167810.14622380026,5318941.581643075,-106036.6731236577,5045094.762295617
77198.61136800796,3364750.4769426584,461980.3803526014,3903929.468663268
384439.70763368905,2040231.252658844,918739.5074781626,3343410.4677706957
69857.5831867531,3371713.219568819,921980.1102596372,4363550.913015209
-167671.89194204472,-69213.53390219808,-401566.67340555787,-638452.0992498007
-545521.7568157688,2904147.46992743,-225991.33376304805,2132634.3793486133
-620537.039688576,3526109.9542663097,-474568.4552712813,2431004.4593064524
571174.0023422837,-10250115.699075252,1079336.151319936,-8599605.545413032
275735.17812811397,3601443.649702251,415997.7074665874,4293176.535296952
-467510.69604839757,194925.91739684343,-1417337.1387693584,-1689921.9174209125
-149393.16853970848,8661718.445096016,649317.8093207628,9161643.08587707
768669.6697385758,4103189.911608845,147845.07144188136,5019704.652789302
-532569.2884999476,-7125338.580293596,899605.2610935122,-6758302.607700031
-570562.1815823726,744822.9353547096,-527259.3387117833,-352998.5849394463
253049.85216388665,708179.357034862,-461984.7931907028,499244.4160080459
-285972.48520005867,1594280.2334976196,1309524.892401293,2617832.640698854
-240903.53877556138,6560624.080117524,-265443.2056423798,6054277.3356995825
51452.56831535511,-3918535.4678171873,248056.01664365083,-3619026.8828581814
38020.719117961824,1463154.1418354511,1076098.0187015831,2577272.879654996
-251624.1157137975,709590.9288247526,-268287.82959003747,189678.9835209176
-213528.3351257965,-6130000.342612535,-625024.4078606665,-6968553.085598998
-802331.1484842338,8785118.54166305,-636177.9706720263,7346609.422506791
-365067.6798629891,-9162915.891518712,-638138.3323886618,-10166121.903770363
-143608.12817392312,-4040651.1964221597,154383.21341823786,-4029876.111177845
-161126.62918657623,1580213.5574991703,-325516.9176534042,1093570.01065919
395626.80419182405,1726535.4613954425,825061.4953080267,2947223.760895293
-175744.45445306785,3889251.9229650497,438636.07999470085,4152143.5485066827
-41953.038567947224,5470759.026112556,-574095.4788672179,4854710.508677391
183516.24942314066,2742810.9834708273,341142.6296082139,3267469.862502182
540825.8209407367,85327.7326874435,450477.53609094024,1076631.0897191204
-765077.2214591783,-7279860.194257855,-457125.22268448025,-8502062.638401514
-553696.458180042,-3391908.862136066,-1255848.0876471028,-5201453.407963211
174597.89542508684,-5114423.971509725,-133072.56612485647,-5072898.6422094945
4736.482743622735,976707.9123419523,-438162.75980154425,543281.6352840308
594411.0802221075,-3654773.6165549755,417768.38814852387,-2642594.148184344
96277.49437950924,-846337.9304123819,67353.84625072777,-682706.5897821449
-125837.07541108504,-1505965.4017034173,-9369.760245114565,-1641172.237359617
-165277.77533999085,-3517819.6238663793,406364.66954134405,-3276732.729665026
-256756.12361465208,3934463.637007892,-1059761.6247107536,2617945.8886824865
-629701.7021809854,2612883.6819902956,265338.7657064721,2248520.7455157824
329847.1754421592,1480996.1575149298,1675871.7542994693,3486715.0872565582
-93706.62038704753,-3248534.190967828,-472818.44293652475,-3815059.2542914003
-242172.8175759744,-394363.62900319695,-256515.06414948404,-893051.5107286554
-1008685.4681060556,10110059.464939237,-450557.5273319185,8650816.469501263
-156691.1987487506,-7574846.819869816,127147.02867896855,-7604390.989939598
523690.9203426633,2991238.5166341066,-394289.99280197173,3120639.444174798
197197.41625555046,2537813.8068273664,-342981.88188143075,2392029.341201486
-462212.3227599226,6986666.540517032,-608245.7538777292,5916208.46387938
-257695.1855651848,3326789.5861747265,-89207.92658315599,2979886.4740263857
-331732.1532427911,5371228.843876362,304121.14054922014,5343617.831182791
107944.17839925177,1198922.5946475863,325757.7848150283,1632624.5578618664
423167.57478809543,785997.8689459264,44310.82593998313,1253476.269674005
-379995.6015726477,1503255.4472873807,-497891.8019721061,625368.0437426269
-46153.23065896705,-5201572.279637694,-37614.90229866654,-5285340.412595328
-350719.2648335416,6097217.730305791,-1601830.8278887868,4144667.6375834625
13405.878572698683,571535.4072081447,-32110.728751011193,552830.5570298322
-155373.17160758935,2424489.6810232103,-423433.2201182246,1845683.2892973963
-566869.813097924,-6271609.073707759,-30348.825857788324,-6868827.712663472
326829.13426348753,-3457460.397087246,-47541.54217518121,-3178172.80499894
526151.2298286334,-152709.85781258345,566244.9342555925,939686.3062716424
386932.40007952787,2368287.5817053914,-31623.771681956947,2723596.2101029623
-543255.15533261,-1721754.1259186268,-274121.4946468696,-2539130.7758981064
-264538.76700587384,-1258654.5612606406,-415910.86155410856,-1939104.189820623
957604.0556537248,911904.9886850119,-28283.8697367087,1841225.174602028
-508959.48422708735,-5278569.856360614,-1641100.6548910737,-7428629.995478775
-34305.98085334152,-1368493.9045020938,149981.56054972857,-1252818.3248057067
218635.66988460906,5004470.591277301,-120255.76599540561,5102850.495166505
125303.1117050536,-4126198.8769470453,-16119.727457210422,-4017015.492699202
329771.96976082027,261661.02031075954,-756211.034782514,-164778.04471093416
-609118.8264020719,2916755.603333235,-1561300.6498657092,746336.1270654537
649935.54401475,3334199.6480484307,1958125.0755581409,5942260.267621322
-325361.8019649759,6446776.755330563,-187010.56621681154,5934404.387148775
1138715.2762257326,209344.93172359467,-125660.51071953773,1222399.6972297896
-298399.52208161354,-3370481.432219088,-654966.476197958,-4323847.43049866
-352188.48469024524,4643874.638798952,-278937.75335939974,4012748.400749307
349249.13469298184,-1969573.4769118428,1175406.2973821163,-444918.04483674467
61015.43782343343,-1038382.0660687685,80676.54340638965,-896690.0848389454
-437414.9928772822,-1548970.8369492888,-481083.1954310611,-2467469.025257632
-415341.7888128832,-8274797.053018451,-682117.9982628077,-9372256.840094142
77079.31573045254,8447410.818078667,209715.58763755858,8734205.721446678
-610781.8260560278,227082.6799980402,-247728.68114741147,-631427.827205399
-302368.6205057632,-2072908.706341505,391997.41695518047,-1983279.9098920878
-604536.4699637219,-6623294.336203098,-401795.0551431626,-7629625.861309983
500094.46621144563,-6733707.57833758,153924.07597520947,-6079689.036150925
-351171.3605338279,-1499867.4896644056,-7795.891219437122,-1858834.7414176706
-26857.153898274526,-5192012.701769948,-179766.72142075002,-5398636.577088973
-316880.35655148886,-6199762.332768023,-295955.6065700054,-6812598.295889517
994105.2533088811,-13333601.862585008,-425546.9079901874,-12765043.517266314
-81672.55063088052,-5681319.055384994,526612.9857715741,-5236378.6202443
298299.04807840846,7668907.108610988,-693051.8236025572,7274154.333086839
-80141.07223815098,-6926044.985192716,-1057053.0240002722,-8063239.081431139
30826.72236561589,1946777.3808196485,-377256.97414159775,1600347.1290436666
209408.02985403687,-3200093.3872457147,-309135.9086878672,-3299821.266079545
-9809.44938098453,6057873.390905708,549251.4871978462,6597315.42872257
100111.88446046412,-1101733.2869377732,23693.78527163714,-977927.617205672
-445691.2271544151,2942403.108232498,-1666608.7152056247,830103.1658724584
897945.8344277237,5366663.372149289,270315.22389510274,6534924.430472115
-201083.37773279287,-4202375.282547861,-172054.92156096548,-4575513.58184162
78749.58960033953,17337391.30633837,240630.1142231524,17656771.01016186
390926.4891068004,11867981.760100782,373156.2269743532,12632064.476181936
499966.14314885996,-6920169.93061623,-398448.0923566669,-6818651.879824037
-309636.4361383915,-6483212.633012861,-935639.0618318468,-7728488.130983099
-227057.59688173793,10100789.776713967,-786450.5944407657,9087281.585391464
165133.70208873786,-6417418.333377898,-251322.62243952602,-6503607.253728686
-161605.54539495707,3209595.6265277565,-363874.76482625306,2684115.3163065463
391242.8883128334,1149225.871688664,562892.1686161086,2103360.928617606
924883.3966741916,3235263.4192413986,-504536.9698228985,3655609.8460926916
-201749.8023818452,-7857923.142705858,-64292.92709068954,-8123965.8721783925
330828.5384217128,531955.7144396901,48334.193340718746,911118.4462021217
-257818.68880403228,-5201471.872082144,-200088.18784090132,-5659378.748727078
389087.8583785072,-784149.0557508767,-486447.79807271063,-881508.9954450801
85357.1196304597,4600380.600447774,2561.5142351537943,4688299.234313387
-234524.48572484776,-8645430.814430296,-430194.10818033665,-9310149.40833548
-562060.546057485,-3755946.48519215,-88687.30145140737,-4406694.332701042
-288830.0781312622,530549.9264655113,381738.750666067,623458.5990003161
-190561.9192193728,-3768998.5738063753,431000.0222072005,-3528560.4708185475
-141905.30180975609,-8384043.636636406,-168230.46264640987,-8694179.401092572
-153827.25303965434,216488.67429298162,-438059.96185497195,-375398.54060164467
-166286.4887562748,5123812.422959298,-1658223.4936598688,3299302.4405431543
-145312.26357861795,7255920.237358391,-903488.3409877196,6207119.632792054
-614503.1048347317,-7156558.010586739,-691152.5612342656,-8462213.676655736
-427483.50947692245,10570746.316787243,-690273.5887595713,9452989.21855075
373053.2364290077,-1469534.4397852123,38426.25218641013,-1058054.9511697944
-284626.1403285675,885912.6628037095,-251056.6513010487,350229.87117409334
434966.0360205304,-2155734.8885723352,-37685.01820164174,-1758453.8707534466
299244.7846410405,744528.7993047535,652784.5358531475,1696558.1197989415
-582357.9646258876,-9938685.228952676,-696411.4018075019,-11217454.595386066
480332.3408354502,-3704087.682265252,312269.77791395783,-2911485.563515844
344045.16061507724,-3688078.9343771636,-530883.6941194683,-3874917.4678815547
511778.935904406,-3024932.5178014636,-93394.23070052266,-2606547.8125975803
248505.4480685573,-6794234.920676351,589177.9242287427,-5956551.548379051
73554.77787122503,3287142.4611896873,105198.20268546045,3465895.4417463727
-127270.23655952886,-441398.23273426294,-523180.832223624,-1091849.3015174158
-228875.7770331297,-5203198.73477295,696005.1250243634,-4736069.386781717
-450968.8345778603,-7888497.486987352,-37442.425138413906,-8376908.746703627
618466.5743710771,-1752147.1136924326,-194244.34641848505,-1327924.8857398406
401451.94957786053,-6791387.151532352,307948.02741950005,-6081987.174534991
371060.7339896448,-5305041.835852623,-94890.34370060265,-5028871.445563581
444576.2228557281,-5288248.598739862,363619.12378267944,-4480053.252101455
222558.35880409554,-9854235.017216682,67042.77812764794,-9564633.880284939
-47889.24059267528,4471395.502050161,367657.0729236081,4791163.334381094
-584226.8940130901,-7985629.188861102,232759.78306672722,-8337096.299807465
2074595.1905668117,2851094.812827766,204849.63191483915,5130539.635309417
-110097.03088294901,5079128.902868152,-44931.31673809886,4924100.555247104
250556.11999537982,2405094.392010212,394684.96713566035,3050335.479141252
-640940.3618761133,-1543774.1158626378,134917.88862882555,-2049796.5891099256
-320917.6847802345,3700620.350097835,-257173.51961100101,3122529.1457065996
132656.36946533248,2361764.2668879926,-298095.1966981888,2196325.4396551363
468288.8690650016,3210486.7810482383,596973.2279484794,4275748.878061719
-121801.28051117063,1227040.1151502728,-969081.5933545381,136157.24128456414
60821.43368588574,2889457.2476442456,956440.8262734711,3906719.5076036025
-169086.82384131663,2487616.4845666885,207501.8594705686,2526031.5201959405
-529042.088379385,606217.5211614072,-691888.8398454562,-614713.4070634339
-510341.75882168673,2757032.3392080665,-1056052.735482946,1190637.8449034337
303257.8566944264,-536400.4833365083,1074549.2537826896,841406.6271406077
-576111.9091884457,2696230.604349196,-561583.8307713643,1558534.864389386
-62977.83083182201,-46673.02402561903,-366116.8772559464,-475767.73211338744
76895.44722530991,441082.1463858485,-507212.7985933423,10764.795017816126
-978415.6314103808,-2860793.6779622138,-787512.0759305805,-4626721.385303175
-304044.7018994931,3767938.815153271,-1030093.3180137277,2433800.79524005
-345427.7628562506,2799879.7689947784,-66361.68404269218,2388090.3220958356
-66518.938699672,3279014.508921802,226708.65473617613,3439204.224958306
-552746.1799598355,3224031.3760147393,-798142.0223705918,1873143.173684312
-185773.71221248433,7843415.644061387,684930.2414838374,8342572.17333274
-44330.35136573017,-7561176.157176822,130958.35102172941,-7474548.157520823
1143570.5851781275,678467.9407527149,1485821.0295117944,3307859.555442637
79554.17339426093,4202813.212249547,-203680.28552474082,4078687.1001190674
438514.349492833,11454143.64842695,936487.0688332766,12829145.06675306
-860133.2957556713,-5531557.252110243,-300397.0999016389,-6692087.647767553
332002.94983969815,-3535972.962285131,-88096.2912287116,-3292066.3036741447
303571.788861217,-14130334.81278047,399142.5387889743,-13427620.485130278
-856569.0816739611,5736929.308769822,-851614.1932376623,4028746.0338581987
215220.11592503078,-606055.136038959,-384779.4693315625,-775614.4894454908
205469.28218550235,3292257.4764273167,77234.9802602753,3574961.7388730943
424880.97059017606,5996706.496882319,-724483.192353271,5697104.275119225
-279931.99943112396,8280445.911801398,-280186.3225456178,7720327.589824656
-179593.50348927826,2078476.3422870636,-283323.2265696898,1615559.6122280955
-260212.48859437183,5001983.665012628,-650211.219326146,4091559.95709211
-52908.94798064418,-11217545.228145242,-606709.5349671021,-11877163.711092988
-174163.6997505445,9897526.784285903,-337487.4519767761,9385875.632558582
951282.4597569741,3412544.3807884455,-677843.6454504132,3685983.1950950064
31406.35717279464,-5397768.093448907,250966.75798411667,-5115394.978291996
-725639.6951951738,7371475.441164017,-834502.1322229207,5811333.613745922
-975972.4589295164,3632320.696455449,-356628.7976622209,2299719.4398637116
-275262.747466024,5651871.043468416,-448129.12087759376,4928479.175124798
59706.34927419573,-41342.183606266975,462330.0240130052,480694.18968093395
-420250.33911566995,9941751.48623699,-1261582.7148981094,8259918.43222321
-616544.7829318326,-3629097.3674835563,75818.84676845372,-4169823.303646935
-408903.3727253955,2454584.2505081594,-37526.307681292295,2008154.5701014716
385442.09055032954,3468433.0625701547,-201724.20572124422,3652150.94739924
-534410.7713587005,-2914525.025280297,-798781.0476025939,-4247716.844241591
-326232.1610968653,-1050320.101737082,268400.5779761374,-1108151.68485781
-110999.54341548495,2437075.9849350452,-347681.75421722233,1978394.687302338
-559129.2968361732,-1907110.8535561264,182978.03341284394,-2283262.1169794556
-275088.6238263119,-1997248.2299144268,194703.80158453435,-2077633.0521562044
134519.41136719286,15071296.286663413,155650.03474114835,15361465.732771754
-242572.4948862102,48617.47481632233,-331101.2515990287,-525056.2716689166
114432.11496090889,-3707417.644156277,-15520.833542332053,-3608506.3627377003
112341.4885036014,1783939.11653167,318598.30961953104,2214878.9146548025
527698.7156236302,-9930781.678087533,377229.56631881,-9025853.396145092
-6383.127458065748,5195509.465931863,-325638.3483299017,4863487.990143895
927968.1125087794,-966802.8070148826,546427.6901116148,507592.9956055116
516628.830968393,-731607.8731647134,-682021.4668335766,-897000.5090298969
-719728.783006601,-1365310.0024406314,414538.7432320565,-1670500.042215176
103341.5154654067,1460234.2903811336,1252180.7112719566,2815756.517118497
-314465.5403144639,754335.7446317077,-18561.327193044126,421308.87712419964
-697253.5095721576,-3741998.537484467,-145339.40833152086,-4584591.4553881455
-11628.243300901726,4546319.173698723,-115483.33689875156,4419207.59349907
851937.1234700158,1958715.5221267045,-603736.4677917808,2206916.1778049394
-498012.20375948027,1285852.7933600545,-679951.9609668925,107888.62863368168
872109.6619018037,1322523.4713669121,-155875.35843853652,2038757.7748301793
-606716.1267226636,-1751630.6905639768,-225698.44624215364,-2584045.263528794
-555582.486517014,-1832560.6629272103,-492535.2354505211,-2880678.3848947454
250509.31187289953,3639211.12180382,-785713.6930195689,3104006.7406571507
-229654.05830728076,-1306706.273356676,-365935.4642607346,-1902295.7959246915
109358.133922996,-4675751.612522006,283870.34653812647,-4282523.132060884
-442070.3754202388,9336784.10444194,47940.87673315406,8942654.605754856
1901.0948577262461,1047284.8048241138,-177586.1917803064,871599.7079015337
-58719.60797596164,6083109.394321084,-814525.9631393701,5209863.823205752
-114490.15062735043,-3709594.3272199035,68739.8668590039,-3755344.61098825
-1153042.0403968114,-3108117.7393659353,-1290230.3756716251,-5551390.155434372
-130729.92441073805,2508380.969843924,816685.1533802673,3194336.1988134533
-17913.279585894197,5748439.325281262,-852431.883785829,4878094.161909539
-307787.98488849774,7603171.079015315,-1043433.3210324124,6251949.7730944045
-36784.549215685576,5823569.185010672,-985690.0641560778,4801094.571638908
382408.71712865494,-241883.95002520084,-669076.8561599925,-528552.0890565384
407292.32901849225,1539158.337626934,747257.92860654,2693708.5952519663
341521.53126504645,11702322.5956631,798518.0642453954,12842362.191173542
553279.806261057,2284571.3819699585,-253970.36632072926,2583880.8219102863
128282.62587390095,-990392.3941242099,289635.98986910284,-572473.7783812061
249767.9153446369,7251360.74340418,-257385.21047469229,7243743.448274124
230108.05070704035,-5079394.223750383,-354234.65145700425,-5203520.824500347
800955.652146846,-1938517.794316709,68946.12525810301,-1068616.01691176
513388.4856873695,2730949.87528795,-254193.7514411956,2990144.609534124
-410605.10369976796,5641237.304128706,-451161.31635677814,4779470.88407216
1030678.3604558688,8917325.939932227,-439740.6327847019,9508263.667603394
-817380.1678377688,9563868.95445031,-127137.18722233176,8619351.599390209
659648.2940860856,215983.55758658051,196697.93487085402,1072329.7865435202
-693193.4056706429,-1391315.308952272,-614430.7451000586,-2698939.4597229734
227045.62737270817,-3559806.9555757344,1041373.9598951191,-2291387.368307907
44095.89482849836,8961571.966351926,-84643.39517403394,8921024.46600639
291809.21799918823,2713602.4387195706,-86166.36847396195,2919245.288244797
-207991.76378924586,-838178.2333696485,543663.2451077253,-502506.75205116905
106635.25636217184,5784108.741014987,-127464.00470364094,5763279.992673518
-87945.05935539119,-634422.6281956732,259714.41427425295,-462653.27327681147
-531879.7269835286,1909422.7879630923,-1396245.6457291022,-18702.58474953845
-300150.6271772627,-1938207.694166392,-234978.18540658057,-2473336.5067502353
437836.10052235983,6136295.403945148,95210.79763223231,6669342.30209974
-300123.83553724736,1655332.940040499,-1344764.457690075,10444.646813176572
351532.77990347147,-10543912.41803196,1252543.3189506382,-8939836.319177851
-323644.87201415,4529041.974813968,-344103.7028738484,3861293.3999259695
-359554.15891926177,-4027828.5953347087,-246069.9125231579,-4633452.666777128
552167.817465987,52149.98031324148,539556.2206737846,1143874.0184530132
-214061.87263258547,-3941080.01345405,99034.0679332763,-4056107.818153359
320175.70504388586,-793681.3950872421,807969.2119221911,334463.5218788348
43440.703194124624,-3835891.2324052453,-614787.2171124518,-4407237.7463235725
386527.7776853591,368409.0579839945,-324708.64224853367,430228.19342081994
116593.97214000672,1173457.5301136076,-641624.0612454712,648427.4410081431
337859.69841046445,5541484.350210607,-96588.48941677064,5782755.559204301
-200573.37967256084,6391106.064089358,-54085.060577340424,6136447.623839457
337916.022195084,-972212.140108645,419878.7942876741,-214417.3236258868
626556.9015689995,7491208.669553041,1006672.2839692011,9124437.855091242
418458.39483256266,-4986704.987744033,498616.9684910178,-4069629.624420453
-304365.7344153486,-946956.7627313137,119541.4802531004,-1131781.016893562
-325068.4062713254,-1931448.6900148988,-36849.1048303321,-2293366.2011165563
272170.22554553114,14856008.563732982,-356483.0747456029,14771695.71453291
599290.8970694467,7165063.353580892,-597181.2853902206,7167172.965260118
91137.39943570644,1494009.489192158,-69548.55979250371,1515598.3288353607
360240.75190004706,4182537.16912359,-174029.63396185637,4368748.287061781
164065.44147190824,12660619.792020857,7426.165961563587,12832111.39945433
239475.98338762484,7049937.759129286,100125.93524047732,7389539.677757388
170978.2292582076,5562620.247339129,287269.98827907443,6020868.4648764115
206036.5814174544,-4666920.636872947,-246502.808091335,-4707386.863546828
13867.428442843258,4087427.8134425282,122826.81827940792,4224122.060164779
105689.81449533813,-16390104.38448733,-69729.27102260292,-16354143.841014596
237638.95726099424,1969520.987060845,-785122.5105503276,1422037.4337715115
-573753.5967518482,-605108.5674849749,95830.60791385174,-1083031.5563229714
259120.92911761627,7750538.251558363,-645765.1728412211,7363894.007834759
-93435.7389333956,-2549123.2241826057,166598.50525012612,-2475960.457865875
-179967.0413035918,5331028.077319443,207598.99448589236,5358660.030501744
-76847.5935583096,2244812.336360812,-319284.30103228986,1848680.4417702127
220986.14403438382,-2526787.912399292,142363.51809804887,-2163438.2502668593
-154549.5194223281,-3734556.184641719,-322253.49000909925,-4211359.194073146
-477770.5569587257,6215509.233000189,-38088.8699490428,5699649.806092421
-23133.03457556106,10340191.935431361,-993638.4995689541,9323420.401286846
178119.45488102548,4674651.058543026,550693.6579846889,5403464.171408741
-353827.6699256934,-5650731.222925693,-525393.9725813642,-6529952.86543275
-257866.69327249192,-5700030.2071835995,-382261.9872340709,-6340158.887690162
-228455.75863437727,7820678.145396769,27286.35374569893,7619508.740508091
175943.65153642,10120009.58613205,-291647.1427617967,10004306.094906673
-219927.1068366319,-645813.6375136077,440234.0280126482,-425506.7163375914
-466058.3718844112,650068.5941345394,76130.49985545874,260140.7221055869
775239.8077933136,-6803673.647122622,165648.76916275918,-5862785.070166549
-217012.54358971491,4960789.860618293,-195478.04367863387,4548299.2733499445
-141811.19209338166,-7128287.140978783,357424.16592018306,-6912674.167151982
-97535.00405563973,2585368.891882181,-238446.5262157172,2249387.3616108242
-512792.9147714339,850065.4625782967,650554.6158986688,987827.1637055315
657992.6929221135,4076885.1340355277,206436.8031237647,4941314.630081406
22948.538871854544,8694888.281136453,317088.0922899544,9034924.912298262
-93160.34409423172,-10537769.487667263,-540938.7756547779,-11171868.607416272
83345.46049294621,-4602008.379891396,-407805.07793145627,-4926467.997329906
-396141.4390142355,3297196.832089305,497118.5240855664,3398173.917160636
11417.951441708952,1742181.8442023993,-901799.0849386752,851800.710705433
-708524.0108895302,-64079.76147824526,-531042.389559947,-1303646.1619277224
-272504.6521816142,2114228.7775316536,-339168.5493488908,1502555.5760011487
-219345.48067468964,-7814236.204769313,-36933.54012168944,-8070515.225565692
-990372.6967064217,2957544.1185346246,-573160.458111383,1394010.9637168199
14747.465478019789,8272810.775519967,-245292.22623348236,8042266.0147645045
-151050.11367311887,-358678.0671786666,-541529.98359707,-1051258.1644488554
-807796.5039804783,3345728.8957963586,-106694.13208092749,2431238.259734953
33388.78221270442,-1371164.860123694,230262.50594881177,-1107513.5719621778
-708554.2173739262,8220333.4851228,-563859.5851997212,6947919.6825491525
108619.20189143904,1096610.1512073874,-456899.1682522148,748330.1848466117
-250398.0385132432,1352134.4663891196,-154804.58633422852,946931.8415416479
-78532.85820730403,-490986.38733989,-356995.8152638376,-926515.0608110316
-264986.79243071005,4981611.20280695,30649.856572166085,4747274.266948406
-73882.42897614464,-315930.317958653,36509.885792568326,-353302.8611422293
130023.32825963199,-868372.845998466,-600183.9080517441,-1338533.4257905781
-1367591.8829534166,-4042034.125801325,-1267661.943373099,-6677287.95212784
-251315.47607239336,4494196.5877043605,-80106.35690520704,4162774.75472676
93331.45328100026,-5718414.588950425,454022.1637491062,-5171060.971920319
224364.2969992049,594628.5194391608,771003.4178748131,1589996.2343131788
-312406.44001648575,1806877.2711458206,-55333.16242877394,1439137.668700561
-479848.5375999771,-6276701.210875094,269591.6430342421,-6486958.105440829
321774.3099157084,9690205.299734414,506690.90594916046,10518670.515599282
319546.283314202,-1792230.2170963883,1040622.8930073604,-432061.04077482596
-306976.6783517711,-2621778.406298816,180955.83125770837,-2747799.253392879
-68687.00999074616,2411403.2451217175,-71544.19699001312,2271172.038140958
-123235.23037900217,-176531.45617961884,191563.43625114858,-108203.25030747242
-574347.0224170052,-6820717.016613781,-1262345.4268143326,-8657409.46584512
-157999.47737324424,-7187009.202215642,-347387.8237108141,-7692396.5032997
-59773.06297020614,1263920.6334171295,-50809.86619605869,1153337.7042508647
-1030306.6245230306,10009763.959090233,-1275646.7163518593,7703810.618215343
341401.54840705544,-1266771.9312207103,339318.06542629004,-586052.3173873648
-997239.276798021,-5492000.636253178,-962932.438045457,-7452172.351096656
-72705.64719652571,12448727.968524516,448871.9587633163,12824894.280091306
-340756.5185473021,1498207.828156799,-4913.81691532582,1152537.4926941711
-164399.951745864,-12415799.744522452,-499.61897575855255,-12580699.315244075
114927.36328597926,-2875584.914724648,-237988.81034893543,-2998646.361787604
-281131.9235189669,-2347823.050198555,624139.4185307994,-2004815.5551867224
-218929.81646067277,5302925.966798127,-177925.3410527408,4906070.809284713
-584831.6461986117,6418083.664682806,-494625.8641000986,5338626.154384095
-446818.52482318506,-2501894.3757787943,334844.0354357362,-2613868.865166243
-544943.5797424726,-565733.712695837,269550.19810961187,-841127.0943286978
-27339.063691606745,868307.8673950434,-907172.9285641983,-66204.12486076169
-47404.975217467174,5221358.32851243,84282.3027093336,5258235.656004297
289504.0181560349,1154773.3974126875,-624683.9458749518,819593.4696937706
241738.0321238581,-2807505.6194690466,-167967.72185143083,-2733735.3091966193
363989.66417955235,6338268.096491933,506198.75816565007,7208456.518837135
531071.6445434429,3646288.608501047,39762.7257790789,4217122.978823569
699539.9951694291,2985504.9932097197,114143.91388826072,3799188.9022674095
-269664.1381701194,1932072.171022296,278706.8692601472,1941114.9021123238
232659.33758475818,-6784889.181161463,-254952.6485580802,-6807182.492134785
-121632.3271432668,-4975141.655177087,-1264564.4518883973,-6361338.434208751
176412.47708291374,-6487768.504944861,266352.8344360739,-6045003.193425873
503840.73540825024,-9325208.673047125,419290.97500646114,-8402076.962632414
-544900.0333933551,2533118.695477098,247641.27573481202,2235859.937818555
463404.5782811437,1541520.7891553938,238152.38596081734,2243077.753397355
-281424.7717951555,-3453720.703793764,-2018093.7325817645,-5753239.208170684
229349.40585828945,-3108449.5622197986,791183.2815650702,-2087916.874796439
-349718.9502561819,3673464.9707102776,1046107.653270863,4369853.673724959
-12407.973050283268,6710817.863320768,-537773.7214895338,6160636.168780951
-323025.84841796756,-6090857.004268736,316760.58206865937,-6097122.270618044
-657941.3285300434,13218379.622468054,-450471.2539555505,12109967.03998246
-365511.11376615986,9123276.089069784,-151178.66981513798,8606586.305488486
82312.37367248721,-2830414.9754413962,-706328.2177146375,-3454430.8194835465
123260.45089464448,8270789.756588817,-341733.67632111907,8052316.531162342
578968.3427838758,4380252.617272496,521991.26340070367,5481212.223457076
149921.9606590066,-1646806.3653421998,41270.30721049011,-1455614.097472703
-399273.50781430304,2268678.9011151493,-783086.1496968344,1086319.2436040118
-270175.71863452345,-4078406.5598495007,-570943.0524010509,-4919525.330885075
500694.1709417086,6092714.601285577,-192822.11256925762,6400586.659658028
232761.38193144463,-4319732.334678352,273882.5016779378,-3813088.4510689694
163916.19508796185,-84825.54664972425,-133739.64690744877,-54648.99846921116
472083.34174335934,5552210.568168163,-204177.05659586936,5820116.853315653
-156120.39732069708,-8928122.860634744,636958.0132732838,-8447285.244682157
-129941.31107930094,-3758389.0964814723,574182.2239636779,-3314148.1835970953
47253.36926736683,7333439.92895484,135143.83904263377,7515837.13726484
-158006.08432566375,3612875.3472839,-725152.7715472877,2729716.4914109483
-1731590.9551791158,-7914545.499866515,-3505811.902291298,-13151948.357336929
-493369.7795315534,5992054.986725807,129430.51009406894,5628115.717288323
171757.92430808768,2909870.2773219943,-623784.0158835799,2457844.185746502
-751155.3930780347,1752673.1282493472,-848604.4710764736,152913.26409483887
-497585.8223090619,-8321555.863763094,-734990.8266581446,-9554132.5127303
-1651.9336289279163,-1283357.0798282027,-449643.63379499316,-1734652.6472521238
-33200.30825159699,-15899.161379277706,335072.25565271825,285972.78602184355
125576.64622306824,6228785.219143331,-384582.02224303037,5969779.843123369
108879.64635452628,-878776.952465564,-645289.6995076835,-1415187.0056187212
-33444.890288894996,4677755.992515564,333094.1919464916,4977405.294173161
-301494.41329294816,5509950.038776219,-327213.01909772307,4881242.606385548
38844.93126284517,6195971.596497029,16775.930305987597,6251592.458065862
-309806.7923954334,-2249578.2136116624,117604.88623123616,-2441780.1197758596
23606.817978886887,432551.8861913681,228480.1849815026,684638.8891517576
-156010.83254380152,4393059.231993675,-419279.6509722397,3817768.748477634
-498675.7399179656,2886974.6761392057,-1235129.8771058172,1153169.059115423
77338.08387415484,-6069250.536504179,757888.1896596849,-5234024.2629703395
-201439.2843887359,2736494.085683435,4122.081372462213,2539176.8826671615
575341.1640367769,-1343172.2520312667,921761.0996356755,153930.01164118573
255382.4170211777,8006692.478754938,-1253796.6771346107,7008278.218641505
137496.09196173958,1178004.1219152808,-650634.417231068,664865.7966459524
-667224.5242858101,1967186.9747891724,-330385.7897067517,969576.6607966106
77340.1235663481,-1285135.130249858,133785.43738470227,-1074009.5692988075
1174974.1398623437,1859499.6200179458,602471.3581120223,3636945.1179923117
-58764.14213007316,-6262424.679291725,397700.8177629635,-5923488.003658835
-397103.7573997509,-3755771.8757410347,-207927.29127832502,-4360802.924419111
320408.4796562921,8109645.575642794,-756548.9089899138,7673505.146309173
110102.92672473006,-1443460.603357792,876240.5064828694,-457117.17015019245
423386.24911111407,-1873864.663805902,141746.87795636058,-1308731.5367384274
-208557.84963588975,1846657.5203623176,-346408.8638828844,1291690.8068435434
-325167.74006842263,-774006.271514833,-375287.5092372522,-1474461.5208205078
-544832.8897606004,9555418.794677496,-1050777.9713349938,7959807.933581902
-389424.6918889638,4307107.090151489,66262.69065669924,3983945.088919224
-1046082.7204980813,3669680.3043688834,-639283.6791855171,1984313.904685285
-221749.57513757236,767137.9509815574,422465.7246941626,967854.1005381476
1180079.0305961538,1304472.2320850492,-240763.14606575668,2243788.1166154463
-310476.46242983267,1180807.8661331534,-748997.9223834127,121333.48131990805
502985.77407679707,14580143.939555466,333999.11689548194,15417128.830527745
362977.8108116668,-2581540.052757621,-19680.86692841351,-2238243.1088743676
83293.49285416119,-8019313.142616689,432220.24797418714,-7503799.401788341
-269070.29437151365,-9522418.526459366,-691921.5073183924,-10483410.328149272
317144.8979522716,-6081650.498097122,-220885.31591832638,-5985390.9160631765
199192.56759451516,-3574788.643740624,135421.5522594899,-3240174.523886619
-458786.32701678015,3065629.1444973946,-986794.1675056666,1620048.6499749478
15889.376536702737,-1399982.0059745908,-385765.96358302236,-1769858.5930209104
175985.1914003119,-1500630.9258937836,-135675.91447252035,-1460321.648965992
-478597.11231830344,-2849035.178921044,-1095821.675051488,-4423453.966290835
7950.285147821531,1095599.1027491093,-163449.03726875782,940100.350628173
-404841.94179055095,-1903901.974865079,-216606.37137458473,-2525350.2880302146
-287497.7916782964,3706377.6493445635,-839819.1889062971,2579060.66875997
594044.2381463833,3801932.5591964126,158498.53709355742,4554475.334436353
403300.0153333023,4024007.3379635215,448023.2436044365,4875330.59690126
571027.8678063694,9230968.589402467,45908.36813300103,9847904.825341837
-189028.3294297792,4186710.333554685,-631756.1805135608,3365925.823611345
-82723.93993333913,-115624.9245929122,205748.30717019737,7399.442643946037
-113921.89400319383,5443020.351059377,-768498.5903445631,4560599.86671162
116087.22245197184,-8317302.874074429,-249990.24216860533,-8451205.893791063
-627248.8697079718,19453686.55909127,-1809.0323875546455,18824628.656995744
-294013.61017549224,-5128301.736898363,-182269.8571971953,-5604585.20427105
374534.8230432179,10175481.592635036,914156.34681876,11464172.762497013
19359.727566175163,17958337.626787394,-323328.26792663336,17654369.086426936
-116193.86349806748,-1804613.9425403476,138115.28940682858,-1782692.5166315865
550964.6268507931,-3007683.7162023187,203091.49793480337,-2253627.591416722
-568366.569562247,1593465.6342211962,-712687.726758182,312411.3379007671
193292.62922836654,-1684765.7447221875,-326027.8683902547,-1817500.9838840757
28843.256715081632,3771105.5409068465,-254654.79358895123,3545294.004032977
-13485.319833917543,-2601261.1019131243,108690.32884776592,-2506056.092899276
142538.8356416952,-10666524.43435052,-737054.7065336853,-11261040.30524251
420554.94283580966,-13670220.840220064,-406679.5533892438,-13656345.450773498
359653.77156248875,1525140.1549016237,-201984.87578259408,1682809.0506815184
169985.5368673727,-1763255.7784689665,-376329.219801791,-1969599.4614033848
369481.81866281107,-7126799.919232905,698140.0135968775,-6059178.086973216
-77228.74569785409,6453025.690748751,499008.4728199914,6874805.4178708885
252140.40551136062,-6012375.350608885,347910.97510938346,-5412323.969988141
1040325.5686454587,-147304.2518491745,95697.96476726234,988719.2815635465
91572.17438925616,98194.52256804705,-590082.3949679285,-400315.6980106253
540547.3508020248,-6702238.143413961,28659.50588941574,-6133031.28672252
283021.71402022615,4400673.246671766,-513895.1139186546,4169799.8467733376
-179433.43525028042,1658725.860164702,8417.26986233145,1487709.694776753
116233.30968189798,1392232.3806961179,-247496.6519601494,1260969.0384178665
-21035.605087917298,8575531.229266793,202900.820792526,8757396.444971401
-217419.44826871715,505944.4196860194,-577304.8513146192,-288779.8798973169
165000.9317048248,5577725.099084556,-365144.5942302793,5377581.436559102
68568.23715338297,-1537833.546920389,-296067.7135915831,-1765333.023358589
-145885.3397869207,-4947335.017093092,-1249939.8530373797,-6343160.209917393
233439.96877174452,4718724.169984162,294397.19127400964,5246561.330029916
-275344.0627678912,-2573893.0663190484,-218097.42802104354,-3067334.557107983
131460.1101763714,-3051786.7581116557,318599.0726504773,-2601727.575284807
316226.4348511901,-16841267.441267252,-2247.1097479611635,-16527288.116164023
-306218.403600581,12261968.489639759,-200913.40643895417,11754836.679600224
102504.38208736852,8450883.589548409,-234156.51443102956,8319231.457204748
-357191.56641541794,2801686.5608339906,307101.44261883944,2751596.437037412
217664.8539147135,-2436886.6085283756,70590.27637052536,-2148631.478243137
1037095.6524799261,-2979395.6030220985,244209.45492361486,-1698090.4956185576
523898.3883549068,-1699686.0775098503,651677.4476020932,-524110.24155285023
1566.3977002482861,2452781.6939921975,592335.4679299071,3046683.559622353
760935.480336016,5779363.50476566,-519972.1134866774,6020326.871614998
245997.362535296,3790686.1054736674,-807754.8592509329,3228928.6087580305
85986.11099419184,-1582835.9432005286,-219447.19669155777,-1716297.0288978945
-166370.79057158157,-2163573.1131714582,69393.20403824002,-2260550.6997048
-993003.5463180784,-2270468.8855834305,284629.6185367331,-2978842.813364776
-601509.9660373833,-3602944.045298815,-1141268.8972527683,-5345722.908588966
-53864.06574412435,-2108735.2200840116,-293197.13957744837,-2455796.4254055843
663676.8720680121,-3572760.8706899285,317566.23532550037,-2591517.763296416
-64925.66018640436,3632799.0980526805,-255136.9912782535,3312736.4465880226
-502019.34598068334,-696376.8522996306,-489301.6218204275,-1687697.8201007415
4086.739365512505,7630292.937195808,1031373.3364792764,8665753.013040597
-313352.7821138557,2795738.344193846,-14323.4888356179,2468062.0732443724
370658.3738785796,474194.14365309477,443661.94664061815,1288514.4641722925
-98967.68888900988,13402215.380633801,-421475.8294488713,12881771.86229592
-136564.11891471036,4420296.678645641,-411122.8042853102,3872609.75544562
241013.69535200298,6617947.019144952,360965.4966004342,7219926.211097389
-600861.201237373,-2527855.1348769367,-1169577.8715926483,-4298294.207706958
756279.3408959229,4297283.575674295,245232.46477207541,5298795.381342294
-769583.6050788425,4934813.762728393,-473078.13933923095,3692152.0183103196
109952.44724361598,2423811.064871043,124780.43460412323,2658543.946718782
-315302.2579732593,7252148.046094656,-799995.7892768607,6136849.998844536
-251495.44295716844,5453642.937846839,499420.0022166744,5701567.497106345
-238912.25687724538,854945.9671537876,-684177.5617558584,-68143.85147931613
118382.37308337912,1024937.8771392703,-1042483.0229279771,100837.22729467228
297451.1743250303,1625511.6413416862,724731.583327584,2647694.3989943005
-247776.7679446526,10977285.029468834,-701633.1369438171,10027875.124580365
54288.955163791776,-2576583.520163834,544473.2990856618,-1977821.2659143806
246518.88939818367,-5855427.48165071,-438475.628462553,-6047384.220715079
-108877.19141312502,-4465932.866344094,-18091.11606617272,-4592901.173823392
490874.6566976849,5957179.870779097,20972.43072859943,6469026.958205381
-197804.5208639875,-3329052.818822682,-746131.5478806123,-4272988.887567282
64214.52947585657,-2576641.1791359186,380756.1383600086,-2131670.5113000534
-119914.53332601488,-3449902.84205091,-286252.3479264453,-3856069.72330337
36262.70692432113,151098.7998124659,75263.30439648032,262624.81113326736
125520.83987267688,4313501.64907667,-485311.6940201372,3953710.79492921
474836.2882582769,1796756.0017369986,-52406.566867247224,2219185.723128028
142142.57893946394,11086187.408913016,395073.8968913853,11623403.884743866
439046.9518261589,5112026.985625714,-674715.0312445015,4876358.9062073715
-122120.68033308536,-8191398.956024706,-107427.62487028539,-8420947.261228077
152362.92409980856,9300980.058601737,-295609.4349889681,9157733.547712578
287674.1850548126,-3227664.407074809,-469234.61444063485,-3409224.8364606313
217044.27020596713,-1807568.4574001431,-707451.1524340436,-2297975.3396282196
-283172.04246721603,-5201386.91329217,-802240.4556085467,-6286799.411367932
-10538.28633143194,-5950235.420448333,-122183.25044582784,-6082956.957225593
-610831.9334788807,3817207.7660257816,-969176.1489528418,2237199.683594059
570925.2000951413,-2614131.6383295655,89816.57200616598,-1953389.8662282582
141989.1682264395,-259640.59196966887,-709379.5202367604,-827030.9439799897
-152294.5372239016,3118653.765343696,-689155.5325792208,2277203.6955405734
-262043.3723331485,-5943700.704377353,-749851.1389271095,-6955595.215637611
1224657.7790861502,3792917.841006458,-443104.4696903825,4574471.150402226
-420129.25710390136,-2279768.43914032,238158.45190282166,-2461739.2443413995
126530.69543120451,-9949294.257494807,400873.41100557894,-9421890.151058024
18443.444366712123,-7825602.90689224,324489.16633132845,-7482670.2961941995
-677396.4325552303,54019.817535698414,35783.26419167966,-587593.3508278523
-849970.066612184,-5755249.240113676,-700726.5992002264,-7305945.905926086
-645075.1372431926,-5512690.052048802,18771.594641551375,-6138993.594650444
499320.90918394737,437477.2660330534,993808.4210820571,1930606.5962990578
-485754.2603827566,10018010.593978286,45618.2584104985,9577874.592006028
-568342.5773852579,3299165.0393235087,-65509.67092350125,2665312.7910147496
146114.87223390117,3415458.4013546407,187915.57840210944,3749488.8519906513
-418469.251961302,8742447.941811293,-498774.5111982897,7825204.178651702
1091447.108691398,-4049179.4653645754,274183.5425371751,-2683548.814136002
4135.309024071321,-4548198.2678283155,8877.384349033237,-4535185.574455211
8258.212090395391,1000685.8673381209,1073439.3979968354,2082383.4774253517
-50489.94890617579,-112506.79674428701,-581300.5896509439,-744297.3353014067
-503872.89871381037,-5946083.483614087,123834.90321742743,-6326121.47911047
-117997.49731757678,8585064.401134849,-559007.5654378459,7908059.338379426
341557.8266331721,-828397.5080370307,-291946.0370769277,-778785.7184807863
132144.21885016933,1636685.4393874109,-256294.10966745764,1512535.5485701226
121118.37136728503,5371964.876842856,434785.2951598391,5927868.5433699805
-499626.10974549316,-5812106.808383882,-202431.41007842124,-6514164.328207796
-423349.5368861053,8436915.255162716,-928359.0539561957,7085206.664320415
-18811.493363585323,-4571898.071665138,-686830.4784596488,-5277540.043488372
154853.9129508268,-5127760.17932418,324157.9106147438,-4648748.355758609
-1034823.5158195421,-1746332.822593391,-329443.0203685835,-3110599.3587815166
432145.32375942916,7874576.596638858,210147.3134225756,8516869.233820863
-177580.2255446203,-3037873.1066180468,365842.042894125,-2849611.289268542
194118.07586301304,-10811403.517561972,-51501.390525363386,-10668786.832224322
-81554.15662994981,6677998.1320800185,-875063.566294007,5721380.409156062
-293126.2376143746,-636837.4008436501,10098.564604058862,-919865.0738539658
9933.234361009672,364800.31611061096,-431034.1062018648,-56300.555730244145
88491.10562621802,8268312.918147892,69244.07322276384,8426048.096996874
-469801.60122234,-3295973.7228966355,260418.85203900933,-3505356.472079966
-170190.51908499748,-7844695.376683801,-186180.2604334131,-8201066.156202212
-241611.66274073534,-2652815.6098490953,217279.07334676385,-2677148.199243067
911012.1004100628,4086712.5402790904,-196722.56104370952,4801002.079645444
126359.74863517284,6626427.174530506,281238.0167576149,7034024.939923294
-52941.29014632292,-1047814.73411268,11674.12074957043,-1089081.9035094324
815042.7264044601,3858671.243680209,431294.4686842114,5105008.43876888
176195.34344150685,-3341888.7921547294,223606.85851103067,-2942086.590202192
-791151.1863610484,-4905624.726965308,-1248407.4389806688,-6945183.352307025
-115920.08227380738,1414298.7517649531,158734.23421188444,1457112.9037030302
43037.56737444177,-3905701.1012313366,547832.8790206611,-3314830.6548362337
87088.17944067717,-3193424.3085334897,217278.06267127395,-2889058.0664215386
315132.4314603135,4293668.695278227,-106700.59100157768,4502100.535736963
-28709.40618122369,3440599.1212489605,-111696.71787676215,3300192.9971909747
92488.6504663229,64594.117234289646,-143642.30775485933,13440.459945753217
-709314.0275552459,1716670.1810901165,709181.0342639983,1716537.1877988689
-249549.76325931028,6918737.7042527795,875960.9186171591,7545148.859610628
372860.8677952383,17576905.08719191,-367964.09176110476,17581801.86322604
-140154.1022518035,-7269717.2793803215,-78825.56948050112,-7488696.951112626
-56642.280602354556,8260683.748884201,426334.24120446295,8630375.70948631
-241094.31833652034,1333121.552979827,122240.02124103904,1214267.2558843456
418284.37424102053,-8017852.600844145,1388707.8341668844,-6210860.39243624
-183349.6273114495,-5270658.3394524455,-1029387.7226705253,-6483395.68943442
-118561.24787489511,-3338885.2365919948,284696.6116602719,-3172749.872806618
110506.681317918,4826426.799427956,-120470.71649435163,4816462.764251523
546204.3395694271,10842101.14583543,391027.568695277,11779333.054100133
-314810.20903084613,-3042042.6141859293,255035.5868820697,-3101817.2363347057
181170.8768824134,-4834232.152457714,-236231.39244218916,-4889292.66801749
-258819.92404921353,-309948.641831398,-1040355.3169346303,-1609123.8828152418
-362207.0165678654,-1967814.043742597,-84876.27270036936,-2414897.333010832
-412422.51936414465,-9154413.61992833,-633131.0870024934,-10199967.226294968
18239.077216584235,-1378847.918145597,202618.22794649005,-1157990.6129825227
444095.0356967151,1475718.9774628878,189570.58521433175,2109384.5983739346
47841.96651577018,-3025098.7815043926,-662129.1792266443,-3639385.994215267
-195506.47040858492,3238734.9537487626,-450108.29537934065,2593120.187960837
380139.69550053775,-6721885.77151072,221569.86538945138,-6120176.210620731
364712.07776730135,3075498.1572960913,1097008.9340920746,4537219.169155467
-33807.01640147343,1942334.6045635939,152487.97504514456,2061015.563207265
-319215.923596615,-2468365.4546939433,176528.66940069944,-2611052.708889859
259263.38248502836,-13040301.559412897,393673.38043408096,-12387364.796493787
128542.41508915462,-5118668.623643339,445457.8596413061,-4544668.348912878
514386.9324604552,-5325466.122318774,177891.29342380166,-4633187.896434518
145553.08111315407,-5149754.799129546,-48338.80478088558,-5052540.522797277
272252.4026764687,-613276.0325616002,19324.786102056503,-321698.843783075
22720.13578940183,-6702414.300686598,-595464.1640649065,-7275158.3289621025
-27266.222022129223,5484303.756105453,436176.22246237844,5893213.756545702
-315233.16110082157,-10733092.287334561,-343475.93038004637,-11391801.37881543
475712.8560656719,-2333106.4400288463,720022.6159756854,-1137370.967987489
-151986.50259517506,1025147.6128520966,-311133.92417990416,562027.1860770173
63116.06334381923,-10305304.12097302,-915625.4329062998,-11157813.490535501
469470.07485157065,6993587.075567424,784525.3692713529,8247582.519690348
323851.4374901224,11367551.27142027,290362.0042980164,11981764.713208409
-14014.321396736428,1168675.1726104617,32806.3786726594,1187467.2298863847
-5422.568882187828,-5939442.583078504,622103.2367075831,-5322761.915253108
35250.100168963894,15170433.288175106,427821.0001946837,15633504.388538754
389359.1517478358,715382.6465268135,298853.59824858606,1403595.3965232354
-41101.00239262171,7064235.512924343,-648485.1876800358,6374649.322851686
-24315.691809492186,4499083.904729754,-366143.18377025425,4108625.0291500073
-249099.95818641037,3906834.30177933,46348.514794021845,3704082.8583869413
313972.8592373431,-441227.79021701217,-40988.84223806858,-168243.77321773767
-107336.11156518757,-2790135.91361171,55698.436643227935,-2841773.5885336697
539920.3051585685,-10809747.242689312,-391313.77715108544,-10661140.714681828
22206.274135753512,9782732.314667016,386214.7115576044,10191153.300360374
-416090.7285792064,70411.62410330772,-523349.69985213876,-869028.8043280374
-426986.4078640975,-2284350.9660612345,-957168.2415024489,-3668505.615427781
11190.272934140638,-6766314.92737028,-323644.3905340135,-7078769.044970153
-408086.5461662635,-55861.91667690873,-605004.9097657204,-1068953.3726088926
-614603.3501757123,6785680.793589145,-1106209.473411359,5064867.970002074
-528725.9257358834,5721728.951225162,293488.7633707747,5486491.788860053
-218292.25501806475,3397317.145398855,-553835.0322649628,2625189.8581158277
-616475.1726859957,-96073.1175429821,-1100535.4063048288,-1813083.6965338066
-43757.23579710908,-122120.46768769622,-88167.78168922663,-254045.48517403193
-413316.3450416308,9894435.43832463,-847662.3418011069,8633456.751481893
-472626.431818489,15143199.739353657,-993219.1947571486,13677354.11277802
-611174.0176576469,-6348579.289988339,-20320.93410653621,-6980074.241752522
-44693.76813516393,-7050025.087490201,-563832.3508489877,-7658551.206474353
288038.1511851568,1425979.9767639935,-229140.28789112717,1484877.840058023
144617.67592122965,2789768.4886108935,681211.0443317369,3615597.20886386
-199863.13955763914,1840413.6777819693,-168521.496422939,1472029.0418013912
130455.54985157028,4255146.897804618,-701901.9195820093,3683700.528074179
-760575.4074630067,6149490.74315688,706526.4453593269,6095441.7810532
-466131.8245988488,9820904.375245214,-255021.57387203723,9099750.976774327
-124025.23504296318,-5301568.978951216,-208708.97976630926,-5634303.193760488
196848.2671011556,-15436178.627344728,1906157.2414874285,-13333173.118756143
149039.7806067504,2409406.065959811,-54953.78776817769,2503492.058798384
-127776.7798203472,-252684.88339847326,-303640.43280749023,-684102.0960263107
-14201.391524480656,2780056.67097193,122578.28397023678,2888433.563417686
-248697.32807892747,9548769.118640482,-645012.3858989328,8655059.404662622
-628114.4385454189,3223137.5030451417,-662552.0284968019,1932471.036002921
-373427.50532216206,1170995.0694024563,-580632.9043285921,216934.6597517021
-756147.2533024978,-5166936.7164699435,-853054.9474722967,-6776138.917244738
-378072.5434741415,272323.9062104523,-818737.8251116425,-924486.4623753317
-213312.01990303583,9010947.572564721,-97329.87150982022,8700305.681151865
-75364.60208522715,-780127.013114512,-545945.5734030008,-1401437.18860274
206925.8612072207,-843636.2533618212,725825.6573979557,89115.26524335518
-699.0068427883089,-3755324.633493811,-597524.3059648648,-4353547.946301464
-468105.9700862095,4264492.688053936,-517535.5016364157,3278851.2163313106
-91060.91345407441,4590740.114601374,-1005562.2004422545,3494117.0007050447
-237763.21222348325,-845442.6429769695,-604652.7608451992,-1687858.616045652
-138910.85683321208,-5886200.698076606,482729.6401697546,-5542381.914740063
442929.06832946837,-1584452.8548000753,-404823.0260524303,-1546346.8125230372
32726.662983756512,2546159.353179604,-21969.538915760815,2556916.4772475995
-363845.3125936389,-1766287.4058499634,298517.930719614,-1831614.7877239883
69355.97394360043,2238796.127453327,234457.85553190112,2542609.9569288287
-7139.028612125665,4883364.393158615,-1088056.5371152759,3788168.827431213
-937117.1473836433,-9100392.628966898,-386133.6368844807,-10423643.413235022
109665.37654913403,9542678.658886552,-516615.0886773765,9135728.94675831
-69764.43287413381,249401.74822992086,56102.5666705817,235739.88202636875
562925.2934902832,-172082.8326769173,807685.2466912866,1198527.7075046524
-208087.4839880187,1076789.7858414948,432439.75119304657,1301142.0530465227
804663.9735076409,-2036365.4851065874,-384933.7199520767,-1616635.2315510232
-350308.9641987644,446312.07108047605,162163.72064314038,258166.827524852
-334610.3731238134,-9677087.389834255,-21252.458038441837,-10032950.22099651
663289.1535921544,-6902199.343351364,485088.48136071116,-5753821.708398499
275657.1742143817,-537813.216804266,63486.76488190144,-198669.2777079828
631997.4133305233,-2750328.5986548066,-58568.6891785264,-2176899.8745028097
572139.5430260804,-2000710.4784147143,-613816.2392151281,-2042387.174603762
1118975.1638419721,3928067.1205453277,354666.3445843011,5401708.628971601
162368.89823831245,-2655291.4120997787,-275776.4475896582,-2768698.9614511244
-110061.73196575977,9086552.7123546,-528876.3968488947,8447614.583539946
923164.7038778812,-166479.20989367366,786046.5512059778,1542732.0451901853
-297807.77784701064,6913666.0241446495,941715.1237064451,7557573.370004084
-227609.73715465516,5204625.370527446,110001.74818854034,5087017.381561331
6228.417492626235,12227578.070899725,-138035.867909804,12095770.620482547
-372572.7806560714,-6478299.901362121,-260533.68967558444,-7111406.371693777
590197.9079611301,-2206209.83264637,25188.150978811085,-1590823.7737064287
125963.9381691385,-3624011.644787073,301845.4487169683,-3196202.2579009663
-494498.6608130112,7743963.256807506,-21886.894239015877,7227577.701755479
175038.00182248838,-7493585.138930172,614704.2288774848,-6703842.908230199
-81799.80456556566,-1397982.7524532676,368869.7683233395,-1110912.7886954937
-697233.525609782,-618748.3759644032,-83896.22020556033,-1399878.1217797454
-134149.20075038634,-312055.90914577246,-413522.6330666542,-859727.742962813
251149.97194861062,328302.1250580847,-689622.1217699796,-110170.02476328425
121430.23386229016,4192959.7992978096,-207206.2297134921,4107183.8034466077
-284488.9693015516,6483720.27763471,-534488.674990356,5664742.6333428025
-476992.435895646,-13089260.358382761,-1044348.2485627681,-14610601.042841176
-124692.70027007163,4673216.4349428415,-215144.1623841375,4333379.572288632
-390787.5405630022,-1784950.6522872448,162903.16586102545,-2012835.0269892216
807205.1988230497,5953874.044762611,-468025.5705288574,6293053.673056804
312248.1800384689,-3588738.1343141794,71476.5231711939,-3205013.4311045166
412591.8076099977,-3147228.643191159,914617.869285889,-1820018.966295272
-251722.89865191095,8389751.07700944,-597613.2293571308,7540414.949000398
-27541.431916398928,-2056915.5348706841,-535709.7268102169,-2620166.6935973
101065.14175041765,4166550.843502313,131558.45683275163,4399174.442085482
380718.44974445365,-292718.8223182261,-387429.0263860598,-299429.39895983227
59881.75968249887,11131420.002337337,-841638.1661310121,10349663.595888823
-214193.31613641232,803982.3366010785,-292221.48185792565,297567.53860674053
14565.522080374882,-2835578.3356621265,73843.58126465976,-2747169.232317092
-16538.216733930632,-5678554.917684257,716301.879202798,-4978791.25521539
458266.8356652837,-1574881.6865065694,-400211.62401895225,-1516826.474860238
1332088.2423668802,-1929473.9262667894,62147.97366580367,-535237.7102341056
484596.9758340772,6122722.974868178,785418.2232500762,7392738.173952332
475244.4604171701,10698404.600504577,350062.22049497813,11523711.281416725
-700252.6077818666,1042707.272025764,-492133.8093237281,-149679.14507983066
123764.02808173932,-7512823.845699549,252868.33328589052,-7136191.484331919
-339347.4396173656,8051521.535193771,-1004490.6049286127,6707683.490647793
-2513.098976349458,3025183.2750099897,-469999.94815217704,2552670.2278814632
7548.300139699131,2695527.381575823,-575549.3047978878,2127526.376917634
-385312.84226098284,4822226.535338968,-317003.1265119985,4119910.5665659867
240951.24835733697,-760417.7873585224,19128.06256133318,-500338.47643985227
156690.18912767246,3116591.982758194,382087.10741232336,3655369.27929819
120022.52025149204,-2109811.424889326,-257460.45805364847,-2247249.3626914825
206414.77247931063,-117804.41861176491,407395.2096641362,496005.5635316819
366949.7938144691,-10138004.577309817,-765835.0952931345,-10536889.878788482
324850.5405263845,13743556.902158082,-1127557.4950225055,12940849.94766196
423920.04954639636,-6170409.083425701,107389.60805769265,-5639099.425821612
-310715.10137685016,8418271.940159172,-377135.6406916231,7730421.198090699
-394902.7739548236,3032989.818147719,504486.4827557653,3142573.5269486606
-186198.6689658221,-6782455.428565204,241811.70210392773,-6726842.3954270985
-263762.0739466902,1720896.1723412871,-910466.5232697725,546667.5751248244
447681.3854250796,527712.4241600633,-168616.38168547302,806777.4278996699
-405283.70539165474,-2505551.3138005733,-46137.61106529832,-2956972.6302575264
-246991.08574034646,14337136.470023155,708877.1234838217,14799022.50776663
-208422.82619387098,1129898.2504183054,-456848.0589661822,464627.36525825225
165766.10191478394,1489911.5645644665,-516121.89775143564,1139555.7687278148
-584065.3097255304,-1253446.1338594556,-568386.674700208,-2405898.118285194
202306.86180176958,612883.5114758611,162389.12560213357,977579.4988797642
-708043.5742505491,6439346.505593717,92882.89681845903,5824185.828161627
-142388.5204335302,4182577.8173455596,-253958.50355502963,3786230.7933569998
-781017.1158309635,-1800300.9003363252,-579632.821538344,-3160950.8377056327
1088323.7914901748,-5295940.435795128,663678.6850599125,-3543937.959245041
383148.79795352556,-3229018.437779486,129512.21669307351,-2716357.423132887
364826.83350077644,185781.56087359786,-963071.7415276021,-412463.3471532278
281106.74170509353,11954288.494324297,118471.61615025252,12353866.852179643
-386837.5810463205,1539014.1829389036,-280872.46061466634,871304.1412779167
-73942.56161485426,2656830.017896831,-443448.0351438597,2139439.421138117
-44910.56994637288,3461857.709068656,-686009.1099772155,2730938.0291450676
-180981.35641261563,-1266333.4197891355,-415638.77534392476,-1862953.5515456758
-454598.4105572067,-11126319.650519907,-965079.7211974263,-12545997.78227454
-5881.848340511322,-13153649.530585289,-164981.41250789165,-13324512.791433692
143196.08026353084,8818849.463322878,-136107.36012414098,8825938.183462268
-10155.851614587009,-2980812.0656288266,-499393.7972039059,-3490361.7144473195
-477551.4043225683,5001733.021545142,-677911.863951847,3846269.7532707267
-373750.98378256336,-5523246.012399584,-607193.1276326105,-6504190.123814758
-840855.9411618207,5916724.639893293,-777359.610972248,4298509.087759225
535503.900710728,-8759055.645821154,-1047863.4847992063,-9271415.229909632
-684286.8383811302,4091471.0062678456,-382676.1890064776,3024507.978880238
743170.9058616236,-4594597.2364266515,57692.963139370084,-3793733.367425658
710838.6438268907,16303933.20295,267805.249618724,17282577.096395615
-453557.17068941705,1657955.372650832,-282749.16418996453,921649.0377714504
-602134.6802668218,-3083734.8229037523,-1340292.2934148163,-5026161.79658539
62869.20564464666,7799901.443819374,-289924.5998940468,7572846.049569974
-352301.8122801073,-2388437.0158945024,-1340720.0354622528,-4081458.8636368625
-297085.35694669373,-2223998.2886490226,-65115.002346247435,-2586198.6479419637
492661.6429456249,-946418.9673598409,-172637.13409681618,-626394.4585110322
-1023.782248083502,-1358447.571450144,156955.66978007555,-1202515.683918152
-232677.78986367397,5670244.223196417,-721613.373165831,4715953.060166912
-709665.1347618327,-7590620.737069488,-900407.3903365433,-9200693.262167864
319503.51301679574,4925237.753131896,313766.4571712315,5558507.7233199235
-151129.3328363225,8256980.631704748,13680.995853550732,8119532.294721976
86659.08730322868,908484.3299436867,-954287.0132960081,40856.40395090729
770707.9946239032,4601557.618059218,54045.950276225805,5426311.562959347
-344377.27073632926,4136928.654533267,-95802.93045979738,3696748.4533371404
-169838.72723158635,4383888.853470504,-309130.88413954526,3904919.2420993727
212460.4443157874,-1690313.0512540638,-615935.3764359057,-2093787.9833741821
-289401.91913514584,-1926205.1589327157,278738.4853502512,-1936868.5927176103
29454.282472962514,-28677.889976859093,146224.79417627305,147001.18667237647
1099412.4053583164,-982346.8299258351,-218122.53370673954,-101056.9582742583
-119391.56901393272,4113634.370686412,-1407887.390916407,2586355.410756072
-320388.2305769194,-9902803.60440746,-265691.2890443206,-10488883.1240287
793389.77430447,550665.6043694019,-492491.1727267653,851564.2059471067
-492168.23004901595,5290455.113606572,-620773.8590851724,4177513.024472384
235710.9428875167,-9007671.280753046,80668.37752382457,-8691291.960341705
6052.147791683674,-7752352.346717238,-1285111.8137965873,-9031412.012722142
439101.8701946363,-5176509.815023929,-62457.26605705172,-4799865.210886344
-246875.6865183413,-3663468.582286775,-536353.1927503124,-4446697.461555429
-250622.64351190813,-9305916.71502155,115101.60499169677,-9441437.753541762
-318724.22817806154,-1485142.2202610075,-749739.4244690686,-2553605.8729081377
-33721.69937049411,-3652465.3139531016,-174731.8010519594,-3860918.814375555
43363.27501423471,13429107.603523016,277340.64558826387,13749811.524125515
337883.0631397646,6808876.094765961,-178919.61338140815,6967839.544524318
357011.0627826918,-395914.66696184874,471839.8148752451,432936.21069608815
-128688.77218699083,7619751.733621955,-224353.73905790597,7266709.222377058
472631.89108837955,15464308.89602393,-484184.3922879547,15452756.394824354
-25136.98413228616,33925.202750623226,288707.82510635257,297496.04372468963
282823.2505718041,6507255.722970575,-207337.35558325052,6582741.617959129
52999.736774686724,-4832523.320096076,-819743.3441496193,-5599266.927471008
20952.78916158341,115519.5523275435,-548352.7810323983,-411880.43954327144
210889.56944747083,8949961.177533358,71923.30396859348,9232774.050949423
-103787.4910256844,4976064.953695774,-75443.80413542688,4796833.658534663
-40637.19408758171,-1947669.2220127583,-383234.76033227146,-2371541.1764326114
-82007.36816900969,4537314.017254949,-401662.51273953915,4053644.1363464
-662994.47441772,1953520.7303230762,-247888.94342185557,1042637.3124835007
178376.1210151203,-4652933.29614079,7444.049803234637,-4467113.125322435
415177.0313439928,7474799.698502302,72322.08354499191,7962298.813391287
106753.04401651025,-3721875.6780231893,-746675.8724537343,-4361798.506460413
473119.3947964795,619527.4314042628,262725.62339065224,1355372.4495913945
-138074.2526741568,-4931855.274180949,-1242531.3839394376,-6312460.910794543
613191.1949984841,4479339.363554239,-204026.017063044,4888504.541489679
327675.91863421723,3825003.1426554024,-57540.869310215116,4095138.1919794045
179301.8270925805,8783806.24461788,648540.0741041154,9611648.145814575
-118832.47298448719,1958811.205796063,-157448.92956918478,1682529.803242391
220241.060452722,-1386938.248286426,-68501.26199446619,-1235198.4498281702
-162227.26912980154,7435867.885592341,-753468.8816131055,6520171.734849434
-60601.409360071644,-2168999.7449521422,7668.449012123048,-2221932.705300091
38725.05986405723,2802374.839626014,328287.99351174384,3169387.8930018153
281549.68079235405,-2876401.283873379,-1156693.534290634,-3751545.1373716593
80701.87098815478,5105267.8577102125,75288.0826971978,5261257.811395565
165711.25704782456,-3229510.898561716,-321077.52845427394,-3384877.1699681655
-222897.092733616,-1456930.003875196,-332797.87143334,-2012624.968042152
-326776.2458500862,-3315822.0719049573,340939.77173888683,-3301658.5460161567
69251.74409902655,9314196.556429505,320915.6052971333,9704363.905825665
-104699.57065447979,-2213209.300569713,808266.3371987715,-1509642.5340254214
-803284.2961343396,7009221.730194211,-417557.70394542813,5788379.730114443
-478128.5573950559,-1373068.331136644,-373261.3831833303,-2224458.27171503
-40009.827856671065,4010800.1531166136,398318.17526917905,4369108.500529122
-263795.82178108953,-3639449.5021908283,-871414.064943403,-4774659.388915321
-172117.44495727122,-5049781.549822807,445626.80066550523,-4776272.194114573
157963.34871247597,3491421.91120857,-753219.457068108,2896165.802852938
478738.1905434001,1275560.4182341695,30943.73953510821,1785242.3483126778
-9497.368119128048,-10113833.707654446,-70918.60889847577,-10194249.68467205
721507.2300693095,7073158.947426319,35323.051777385175,7829989.229273014
-302941.5257281214,7342198.203379273,-1243023.8551479802,5796232.822503172
46039.89930439368,-5440977.913722277,640753.5458581,-4754184.468559783
-428747.17390254885,1928618.3087227345,-52032.18365057558,1447838.95116961
837766.1328533534,-1268894.7096076608,612764.1113459617,181635.53459165432
571567.9626887441,-4015972.9353244603,222432.90740214288,-3221972.0652335733
-325420.4845459834,3386479.275133908,345242.75638104975,3406301.546968974
-432848.94587252475,-7145053.283326596,-132821.2786572948,-7710723.507856416
-673469.6877279021,2772840.9188824594,-1030712.3280768245,1068658.9030777328
-429953.98542514443,-434999.6477136016,-106752.30055563152,-971705.9336943775
-136620.96568186767,8491144.85789615,-560484.8890825212,7794039.00313176
-140221.64290683717,-3375758.4735922813,-688290.9166387916,-4204271.03313791
-433993.14755654894,-2907645.699051589,-22304.07141816616,-3363942.918026304
-452598.6953575816,-5755248.554810464,-836464.2402095348,-7044311.490377581
120279.1888530869,4130037.6608727276,-74356.12865366042,4175960.721072154
327655.32825945504,2230808.993114203,205839.59339645505,2764303.9147701133
-299586.2187000662,11475874.629277647,-2143139.9973484725,9033148.413229108
-65171.2838848196,67316.43270173669,180991.6297820434,183136.7785989605
32868.383841879666,-2261325.4985645115,-831913.9363599569,-3060371.0510825887
74721.81323947944,-648807.2259099782,-141965.10265979916,-716050.5153302979
140540.00828043744,3470370.7751589715,880004.1306507215,4490914.9140901305
-297378.0645743683,3258003.4781932235,-135857.19738746434,2824768.216231391
-28905.810960875824,2917786.2281112075,75601.3583239913,2964481.775474323
-225495.5437528193,6098568.219685584,363159.4002805203,6236232.076213285
19297.32955504954,4514279.868711203,-299757.8865953386,4233819.311670914
-443620.0044173002,-671656.8006125987,-1052668.1865724698,-2167944.9916023687
417437.16956633143,2461109.259071231,101901.68338474631,2980448.1120223086
210784.83848960884,6133315.364255071,330697.24541222304,6674797.448156903
527775.8861422762,633814.1788198352,1141978.300702788,2303568.3656648993
12935.239822287112,4204919.810780972,-131002.25074258447,4086852.799860675
-221971.34287934005,-1702457.8206511736,250750.3736716956,-1673678.789858818
152709.9604429528,-2562615.647505343,336709.94628401846,-2073195.7407783717
98837.66505673714,-8763991.670226097,962409.0243209228,-7702744.980848437
264355.04753568396,4412597.2153274715,-473645.61476104707,4203306.648102108
-199185.36266004108,-3736898.895527959,637566.6902895272,-3298517.567898473
-639338.8371399958,-2473278.622516036,-1278523.332630232,-4391140.792286264
188772.00060657784,-4353715.328534484,182266.98944030702,-3982676.338487599
298236.5667208079,698074.7364039421,-516494.39536277205,479816.907761978
-389719.1541647129,11306161.424099684,-262384.7807439789,10654057.489190992
67467.40036571585,-2295302.0654013157,-664446.5083281696,-2892281.1733637694
39052.12485869415,-2432206.619620204,682061.1836596355,-1711093.3111018743
472435.0413076207,12950405.724217355,-844818.3842120618,12578022.381312914
411020.3386248052,1933457.448626995,614807.9044614881,2959285.6917132884
177800.98067512736,4889782.2532196045,-820500.132052578,4247083.101842154
675671.5168603808,-1731934.3258413672,860926.3435085043,-195336.46547248214
293957.78159127757,13264001.636327624,41992.70765731484,13599952.125576217
-443934.1826654803,809570.1268480718,841846.875682719,1207482.8198653106
-221517.7233347781,1565997.0925323963,-379178.74338204414,965300.6258155741
273521.3021487426,-293857.35154494643,306438.92228989303,286102.8728936892
-659946.7637723982,6194442.724168837,410805.517208606,5945301.477605045
-613807.5436477121,-3350633.070848584,-136590.53885614127,-4101031.1533524375
286149.639206456,543530.802464962,-250954.66163630784,578725.7800351102
383939.28040597774,-6092350.981599122,1334200.4139746055,-4374211.287218539
-491680.55409011804,-211082.72596389055,-174722.19356952608,-877485.4736235347
70491.7154195644,4572453.74697417,-437198.9339319542,4205746.52846178
-301650.7115179859,-5485330.3158735335,-992560.3728093654,-6779541.400200885
-79237.94839088805,-5130649.767570198,-535276.835452199,-5745164.551413285
874856.6621884666,-6021304.812633008,354490.82144235075,-4791957.32900219
607680.4172780216,8288796.634812295,-630189.2358114719,8266287.816278845
-218800.15145948343,-10647552.929802299,-193790.20082174987,-11060143.282083532
581021.8244358357,-1878054.2374747097,947634.5834002942,-349397.82963857986
-116072.31266039051,-4311176.6072307825,436528.49676446617,-3990720.423126707
-1129891.0993015487,9697130.12921837,-28714.307017073035,8538524.722899748
-93852.04560353607,3701124.97531718,-916609.4292597249,2690663.500453919
69274.20029857568,1204456.7469644845,372833.87431554496,1646564.821578605
-888096.6426522508,-2604622.1171459556,-1291210.3575627953,-4783929.117361002
409395.6559706982,-1669371.1065479517,274585.40254472196,-985390.0480325315
-284910.1298707854,1328061.939880997,242072.3690123856,1285224.1790225971
28135.9232246764,-3532566.233076036,-193718.74792513996,-3698149.0577764995
410757.1876696199,-93141.11331003904,-190838.18184548616,126777.89251409471
466532.0335139558,-11778789.62931469,1352980.905287899,-9959276.690512836
26819.497942036018,-3849191.525306314,179010.05531798303,-3643361.972046295
-352306.99048371427,6722534.835055232,-235476.08020793647,6134751.764363581
206691.39267146215,4706596.602137566,441782.5351052508,5355070.529914279
59152.879698097706,-13670782.222495377,89962.05778111517,-13521667.285016164
577981.5263759755,-9747337.192807913,-7256.811658710241,-9176612.478090648
14243.252908740193,-1513127.69215703,-121374.29975894839,-1620258.7390072383
-876711.8065750431,2377874.252943188,392584.60929530114,1893747.055663446
-160122.21563235298,-2168448.9156215787,-292262.4509462863,-2620833.582200218
-307064.9246079065,-9712822.563345522,-149511.49988237023,-10169398.987835798
-600063.2339597046,-969318.2657868862,-79402.20182710141,-1648783.7015736923
637159.4716454279,-848216.6824718714,125870.52125056088,-85186.68957588263
-546233.0866565965,6566747.45208329,356186.93310913444,6376701.298535828
677741.0572723486,3921479.171178341,-52990.253866404295,4546229.974584285
-48721.45682715811,643502.2336389422,-173867.65486504883,420913.1219467353
-47690.864503551275,7445926.10360539,-954208.6971830651,6444026.541918773
-45857.305158877745,1890471.5545367002,-744306.0942714512,1100308.1551063713
-515496.62827990577,-5912653.588940263,-644087.2543073073,-7072237.471527476
-261312.778903801,-8966767.910838723,-991971.7383580059,-10220052.42810053
568957.3706427459,-5995001.681457102,769334.9299762249,-4656709.3808381315
18771.949653882533,-4534575.08409673,618515.5455452055,-3897287.5888976417
-177512.5830077771,6865887.497013748,-530708.073253423,6157666.840752548
110573.47202038206,-4904450.3818510175,-86517.71367082,-4880394.623501455
-867110.7029377557,5360280.087148011,-628562.5845589042,3864606.799651351
963986.4131233208,6187489.225795865,226083.08246751875,7377558.721386705
-431098.0692410264,-4673013.455128729,-631192.8306898624,-5735304.355059618
95118.59612183832,-4593574.060303152,-40339.53113748133,-4538794.995318795
-368670.75197155774,-7147995.30271548,-692750.7107517868,-8209416.765438825
-297437.4099174496,3246305.870071709,-54046.18797915429,2894822.2721751053
150931.12679010257,-283674.4863858223,641215.1194669008,508471.7598711811
-375960.52639900893,226395.78145366907,1173324.849692881,1023760.1047475412
-439120.29444425553,217393.46149867773,-441479.67879038304,-663206.5117359608
33993.069410583004,3623368.0427475274,215797.9048282951,3873159.0169864055
332112.9286113996,-2533190.3240457773,62704.395372733474,-2138373.0000616442
344814.2499675397,-1044063.7143991888,-99062.22354283184,-798311.6879744809
106907.77830199711,4470427.631982446,-596631.6656839699,3980703.744600473
-373338.1430430263,4474792.059267342,-341009.0807377845,3760444.8354865313
-158035.11714195088,10028608.61951667,-599510.8243698925,9271062.678004827
566928.7737289052,-865474.832243979,-564397.7633434832,-862943.8218585569
439533.5388103742,-1286549.2460109591,-413388.10944366455,-1260403.8166442495
56197.0702704601,8193.986386924982,216086.38838918507,280477.44504657015
224999.83067758195,16580051.530918896,-137935.58492093533,16667115.776675545
228974.90631094575,-1170687.6720101535,-308799.4573377073,-1250512.223036915
-610013.124654308,-6702664.559708446,56027.15850394219,-7256650.525858812
374926.1739245616,-2002676.3555557132,-686246.9310106188,-2313997.1126417704
1498417.009053992,1453783.4149506092,-127070.97320565581,2825129.4507989455
69384.09209960885,-904441.2732958198,881515.1970582008,46458.01586198993
-85306.10364865698,-5566931.283673704,728968.4139738306,-4923268.97334853
-361135.23571049236,4812493.4407759905,274271.69755954295,4725629.902625041
157245.69915637746,-6870174.714069694,-436705.0426179096,-7149634.057531226
-124360.27769692615,-3360783.3095663786,180799.3316545561,-3304344.2556087486
-387842.65781073645,8922958.603802979,196352.68414724618,8731468.630139489
-235576.61653529666,1134282.6568740904,191227.84346729517,1089933.883806089
-109355.81862853281,-7227456.479604006,-304670.35435560346,-7641482.652588142
-201706.95254557766,-5358310.279120147,-662614.6387877315,-6222631.870453456
419066.392153766,3652457.2087516785,87523.34644918144,4159046.947354626
547119.7219180241,-14960781.446987748,704230.0927222073,-13709431.632347517
118888.91838672385,-224129.13417756557,50311.627399645746,-54928.58839119598
251615.54774306715,-606353.6076170802,-23222.167699694633,-377960.2275737077
-2136.975920656696,-5130138.39254576,-137823.32567246258,-5270098.694138879
-273249.46183762886,-1564316.5200170875,64046.965491592884,-1773519.0163631234
-581526.0765286349,-5587124.31905219,-1825227.8846561164,-7993878.280236941
-73037.46257140115,-4999683.625297189,-543959.9938131273,-5616681.081681717
-546237.3794875666,-74162.17146480083,-493290.20707936585,-1113689.7580317333
347001.8347810153,-2041718.0148861706,-613534.8275198191,-2308251.0076249745
-62086.48215393722,-8773790.268731713,-68814.60998278111,-8904691.360868432
-204614.60346494243,-7393422.409367353,-175811.802735582,-7773848.815567877
-33563.36706726067,-786586.1400387883,-400725.09972791374,-1220874.6068339627
232477.37388508953,8445905.427572608,67091.21473276615,8745474.016190464
45595.31354073994,3072774.934910089,-283772.9692123458,2834597.279238483
444136.24464812316,-5056355.126376212,654077.6793004349,-3958141.2024276536
-88617.07188148238,-8494490.502303213,405187.1334994361,-8177920.440685259
6310.035428432748,-1485387.0979829729,-336474.1558652669,-1815551.218419807
42684.153687004,5960235.546352118,-123058.33437921107,5879861.365659911
-188441.05611865595,4823547.938802838,-1309153.2520475537,3325953.6306366287
463653.0943109542,-7487280.680616379,-100562.57328259945,-7124190.159588024
91409.00051163696,-8136111.459594697,335711.3132099062,-7708991.145873154
132264.8403419815,375588.9799705446,-32387.505381800234,475466.31493072584
414095.63704666495,13470506.620150983,-2163.6756026521325,13882438.581594996
1363256.116668621,-9266861.842340589,202595.3219832331,-7701010.403688734
259733.74105119705,1270941.9760043025,-428290.4912337959,1102385.2258217037
46268.46664982848,-7638281.895871371,938594.1143701524,-6653419.31485139
-113706.1739016287,794209.8819755912,-612395.7540732026,68107.95400075987
37063.58958384581,-10379786.68141383,65830.92442587018,-10276892.167404113
-578848.8090205863,1636277.3309120536,-755550.8746477216,301877.6472437456
119461.09823090024,-10901517.135051668,235395.64774339646,-10546660.389077371
-269572.73014035076,6734323.2558243275,-123438.32874464989,6341312.196939327
-241642.6235689409,-14723223.931535512,-846491.654756248,-15811358.209860701
-87322.4358312171,1541033.9143724442,-416168.6697519943,1037542.8087892327
-505209.8182147909,2096668.0856720805,-403179.10553215444,1188279.1619251352
-450103.8450161237,-16857111.592317015,-383044.54304827005,-17690259.980381407
-185864.96863623336,-6703647.809174806,-592806.557524234,-7482319.335335273
-48206.751627877355,4323166.796528757,-269521.96182985604,4005438.083071023
717541.382222794,2350817.2435027063,1148040.4729907885,4216399.098716289
-212449.69110653922,1079654.1664351225,-385513.39538335055,481691.0799452327
11737.49339023605,-14318769.101398706,107003.4302289486,-14200028.177779522
-37126.251070447266,-6941770.856870502,-99157.56887693703,-7078054.6768178865
243750.72196387872,-1133974.7032610774,-466470.2616673112,-1356694.2429645099
-263782.21974799223,-23083.645321249962,-283300.8370697871,-570166.7021390293
-311960.7558826525,-8898485.565586627,-769070.55529055,-9979516.876759829
-956073.1569113936,-5176880.805019051,-433561.1261994988,-6566515.088129943
334237.3832526356,4255019.161983848,1093272.3475394994,5682528.892775983
-442064.3464006353,-8940626.433200806,511045.7865332514,-8871644.99306819
-437029.6829651408,1538452.1198282838,-44485.12638130784,1056937.3104818352
-396053.9648451824,-4022652.5549786985,-183143.0240764171,-4601849.543900298
329.5648854393512,-4896997.892878175,737362.876890108,-4159305.4511026274
-494296.2415230833,4701109.926602721,-191276.8758738935,4015536.8092057444
-135072.77221844345,4775691.401211262,-236190.17153543234,4404428.457457386
603410.2180778459,1870120.6221096516,757992.8673218936,3231523.707509391
-130168.33096058667,4375400.010823369,71761.67415498197,4316993.354017764
-680946.940782126,3498493.497493565,-936137.537957184,1881409.018754255
86240.3464014139,-1614989.0898778439,488203.40250454843,-1040545.3409718815
-31636.53246571496,957178.2042608857,-416614.78290748596,508926.8888876848
-616991.2673260998,-243265.30926799774,-66087.89279545844,-926344.469389556
107422.10506319441,-1935268.262692511,752683.7561950535,-1075162.4014342632
222989.80678667314,-4906449.333526194,4141.383906394243,-4679318.142833127
-208228.36189365387,-4639238.0191293955,-41344.694366171956,-4888811.075389221
-273150.6101089325,-3118453.2888014913,-1058361.867522344,-4449965.766432768
-798783.0882746726,1887893.4310789108,716040.8578694314,1805151.2006736696
200593.88404708728,8913406.153773159,193015.24093933403,9307015.27875958
281406.6696259603,-9170053.5863671,319812.07140333205,-8568834.845337808
-75356.76404338703,6546694.882440954,-472844.2807726115,5998493.837624956
-1015059.799478123,15827234.741207272,-1712364.4711842388,13099810.47054491
-113903.88371370733,8310023.116468042,125758.26978618652,8321877.502540521
271897.61764013954,1587532.008228302,421615.3862741813,2281045.012142623
553505.0632631183,-397201.3711473346,189082.14908602834,345385.841201812
135631.10170168057,1187508.8120895028,-138987.3167347908,1184152.5970563926
-757857.3496627789,7570166.562438846,-526185.1424784064,6286124.07029766
-341311.0019384865,8393900.648003787,-608887.2546077222,7443702.391457578
-767944.4059799779,-7315268.5220531225,164709.84745937586,-7918503.080573725
-26293.24170106463,9392291.079210669,-70863.2118544802,9295134.625655124
-287591.5203355346,-1592226.5060777068,-470603.9663594812,-2350421.9927727226
-720989.3340774421,892741.88709566,-504850.1301206574,-333097.5771024395
-226165.2531107068,3601998.266777247,-631879.2059044689,2743953.8077620715
531.9740155264735,-2666386.367341459,715531.1807466522,-1950323.2125792801
210230.8099556975,-3910139.3986252546,293866.4014904648,-3406042.1871790923
-402162.0792225003,-2105066.5255891383,-304295.6323295906,-2811524.237141229
-115776.31462259963,3207877.1541956067,-593064.1702094972,2499036.66936351
-430592.94310309924,10370964.97925505,-252574.67971069366,9687797.356441258
-579781.914820116,-5018177.715014279,-128430.63145504892,-5726390.261289444
-223228.67993138172,3857983.1988690495,603216.1820522398,4237970.700989908
243743.1446850784,3139820.572489381,-449810.3434122056,2933753.3737622537
-607906.8774746228,-1748221.9758042097,-320102.48383784294,-2676231.3371166755
-188188.0271855872,-308738.9375143051,-966266.5175305009,-1463193.4822303932
-945784.8307314888,-3591071.523602903,-831151.1528634354,-5368007.507197827
-298980.966118034,-5273176.508025855,-110367.58036386222,-5682525.054507751
874836.0801411215,3767043.29233706,171024.10539248586,4812903.477870667
423427.43922662735,-227469.54024463892,295934.6456031427,491892.5445851311
-380661.7423110958,1986341.8082826734,-769437.7772804126,836242.2886911649
-589952.0594831314,11046279.045364976,-589451.4678233936,9866875.51805845
-303729.19691689126,537880.1281293631,-231491.7150098905,2659.2162025813013
-614055.3745132107,-3022403.551755309,-320603.46910429746,-3957062.3953728173
-152328.5981816966,-6242929.518961281,-1145578.7914296538,-7540836.908572631
184567.40430582128,-10958303.142182827,16104.66777689755,-10757631.070100108
170323.36491896026,-4311039.5471791625,572484.1598289087,-3568232.0224312935
297716.91645769775,1986665.9224548936,-171447.04944034666,2112935.7894722447
299051.69150082767,6052190.936887145,189837.00739894807,6541079.635786921
465281.52165268734,178565.1143527031,-212548.14472989738,431298.49127549306
301863.0861318093,-2440052.2499036193,28371.937677264214,-2109817.226094546
-323444.5293319393,-17584485.15813604,-728469.0420613885,-18636398.729529366
607722.1265168246,-2269493.3260008097,264249.34104742855,-1397521.8584365565
-580174.8199466821,527741.1196562052,-1000893.5998630673,-1053327.3001535442
203884.9489678759,-5470474.55808109,386305.1845488548,-4880284.42456436
-373909.05063505657,-5684330.527949721,109779.24550662935,-5948460.333078148
309803.54696084,-237604.38305863738,161241.03954586387,233440.2034480665
-338924.36160650104,4271024.082232535,-716068.93841701,3216030.782209024
-391559.0908232033,-4068542.5856761634,6250.491000913084,-4453851.185498454
16857.666036909446,-5571589.637642294,223717.8306530565,-5331014.140952328
275109.65284290165,7157412.295577824,360181.6063310355,7792703.554751761
-221296.73498181626,322682.69954687357,1054986.3190488517,1156372.283613909
-130012.24349175766,-1007312.7213185728,-411254.1504559517,-1548579.115266282
11016.941421918571,-1769395.3436279297,-1472949.8022006154,-3231328.2044066265
121575.5542449858,4659106.11206907,316888.80586291105,5097570.472176967
92371.3117703516,-1059693.0607591867,-780261.4235462174,-1747583.1725350525
328190.7327818107,887751.919763118,368630.11941634864,1584572.7719612774
70495.14925250784,-2459646.7247042656,-96919.87052108347,-2486071.4459728412
1558554.7624944914,7272653.33423388,74933.79617998004,8906141.892908351
-597358.7115002386,-2201920.833895564,-287265.9281823039,-3086545.4735781066
-88597.44284704328,2685448.5857735276,-206741.33484569937,2390109.808080785
310257.7925284542,-6869903.54887706,1618162.7066696733,-4941483.049678933
101538.85962883756,1573370.8754965663,321909.93684437126,1996819.671969775
127300.11186131649,5195599.934166372,194190.29827548563,5517090.344303174
-118069.90029770508,-3027329.3626518846,1295858.6819108278,-1849540.581038762
-909302.7788525857,-1983724.2584071755,-193022.3263880983,-3086049.3636478595
-23176.654767049477,-6708519.71954596,595279.0421702638,-6136417.332142746
646155.0714073684,-7235121.902190149,480105.3277590573,-6108861.503023723
502117.33107385784,163846.77457368374,95336.91298077255,761301.0186283141
-391452.4766800869,-6543667.224547058,-711864.9732803479,-7646984.674507493
110208.918084912,-978290.8420584202,-230563.59132634103,-1098645.5152998492
28199.467910150066,2759966.0119294524,2543.544532433152,2790709.0243720356
160961.92411925644,-479993.4752794504,6209.098643831909,-312822.4525163621
-139017.88212629035,-1415243.513908267,-291677.2268484831,-1845938.6228830405
-237227.16393242963,-4727222.5160855055,11778.0204885751,-4952671.65952936
-370068.52015425824,1586584.6660215259,-200483.55748866498,1016032.5883786026
-311140.5187099315,-7874839.49919945,-81805.98162522912,-8267785.999534611
506555.49278489314,-2096222.3145274818,373516.80356197804,-1216150.0181806106
302649.4208609164,1008018.9743712544,-1216323.0117190778,94345.383513093
233277.079692116,-793246.3603700995,298898.7876803428,-261070.49299764074
-860314.5278901048,1172828.6659840345,-1538834.7936067358,-1226320.655512806
338903.19453182817,-3833304.069158435,-392562.52201360464,-3886963.3966402113
-430677.2172455322,6360497.164203584,-771122.6941798031,5158697.252778249
233578.92583255656,1604160.3000687957,-38151.99795757979,1799587.2279437725
22994.031777476892,-1935331.3059393167,-707256.477534011,-2619593.751695851
92644.93733197078,7684978.238096476,-183211.8025996983,7594411.372828748
217165.16743526421,-4764762.919385105,213201.4100190252,-4334396.341930816
982249.7826123461,-978957.8658618331,66699.71060113609,69991.6273516491
92067.30796360038,-3374961.9966388345,338281.2858462259,-2944613.402829008
92257.82637029514,1082777.0603535175,4933.414221584797,1179968.3009453975
-32147.265618836507,4450896.280478716,-622360.5413205177,3796388.4735393617
339627.43856949173,-5190399.52642417,351054.7957115844,-4499717.292143093
24330.481997290626,4832584.773553133,41452.889924533665,4898368.145474957
70677.01485171355,2509938.407001525,-218483.45801067352,2362131.963842565
-461148.4837080203,2136524.349246472,64777.14881771803,1740153.0143561698
504457.7448015548,-1011747.5365273952,459415.2173186317,-47874.57440720871
224690.07173139974,11828774.241661131,-570517.2170033678,11482947.096389163
563059.8786081783,-7218152.790689588,-330454.9700534791,-6985547.882134888
-124663.90270184539,1488941.82138139,-188729.2612010613,1175548.6574784834
-849341.3916412834,-6881148.781291783,-1511922.6336928979,-9242412.806625964
-162028.25357455015,5359843.710876644,-502568.0030375868,4695247.454264507
250427.27499684505,-1438162.762805879,-338515.5459288582,-1526251.0337378923
-25515.290003810078,1314456.953148067,-260992.9602856487,1027948.7028586082
47769.25629385933,-6865373.266739249,-31038.08318401128,-6848642.093629401
-407812.10077508725,726744.3829866648,-793276.1406268403,-474343.8584152628
-88094.01325092278,-4798785.410772353,-405549.96958862245,-5292429.393611899
692986.2621988803,2421371.6405257583,141313.88082697988,3255671.7835516185
386451.5839644708,-1100728.0245743394,-169855.2990165949,-884131.7396264635
373099.893308118,-83417.0208774805,-592109.532063067,-302426.6596324295
26988.686959987506,-7301481.498554766,758291.5363289565,-6516201.275265822
-239752.99298450164,-4142313.6939314604,-190559.56476660073,-4572626.251682563
-212869.6455456484,820951.0895582438,-1166053.3424366266,-557971.8984240312
-464096.36538587697,2684574.5107622743,-74949.78158263862,2145528.3637937587
-53404.073073653504,-8689191.777145922,-69079.17304818332,-8811675.023267759
138256.75462341867,6579689.384101719,-399102.093957901,6318844.044767236
106259.610016983,5273737.207927406,-463296.820585005,4916699.997359384
-463159.74988763407,5350208.31858629,-496398.7391153127,4390649.829583343
-338134.65691772103,2412648.8708543777,224108.78519192338,2298622.99912858
-9465.893130820245,7002753.539099574,-98651.72796151042,6894635.918007243
345881.6588506531,4931586.007438242,83022.3930721134,5360490.059361009
-307167.615593344,-148107.61388903856,-765991.4835828319,-1221266.7130652145
-380330.8138075117,-2666014.003371358,-331202.59621840715,-3377547.413397277
-218651.4142984338,2510475.683208585,-110149.65851658583,2181674.610393565
-210409.47583730705,-4827447.976788282,-217007.52017565072,-5254864.97280124
179796.2174571287,6688119.633259773,-12444.93615076691,6855470.914566135
-196473.2871885728,1792188.1532156467,-1344736.7801358998,250978.08589117415
-740108.3049225863,-11279199.633232653,837992.5326395854,-11181315.405515654
-407613.80141036585,18318867.16518277,-1944793.5423361212,15966459.821436282
-63289.53411148302,1186907.6633826196,-80795.4058644697,1042822.7234066669
-72638.6067938339,-6962168.151358664,343073.02406454086,-6691733.734087957
214102.0837952383,-3271302.667192787,-282359.3636749089,-3339559.9470724575
224457.6042004209,8395681.950349897,-702080.4971617609,7918059.057388557
-437776.7755429521,2910556.760993898,-764430.9022733793,1708349.0831775665
36376.98308986239,-442162.8793640733,-666043.924270913,-1071829.820545124
160432.9492942728,-4669726.511538088,639561.9065158963,-3869731.655727919
334053.8789930027,433799.794316411,-399256.5605583191,368597.1127510946
-183632.7838947177,-442457.17699712515,-518545.7701361403,-1144635.7310279831
643828.7409697976,4740498.5616286695,-286594.4108840823,5097732.891714385
-57646.24689886533,7680368.077079862,34146.740943312645,7656868.57112431
272408.727531163,3339529.603810549,-474490.69114308804,3137447.6401986238
149678.54256159998,-4895516.5409575105,245407.0936664641,-4500430.904729446
298708.16166830435,1535631.648675084,88010.23797933757,1922350.048322726
-583309.3816860933,-3343049.9647883773,-276229.97884333134,-4202589.325317802
41049.421545160934,-3866704.760200441,983071.9326336309,-2842583.406021649
490080.2713805549,4844578.658544332,34886.873713739216,5369545.803638626
109086.68022114411,1385475.7738735676,-282793.1234922558,1211769.330602456
33141.204402551055,10217980.772381693,16410.032584875822,10267532.00936912
-663994.8562829196,-1658898.0567546189,-152470.9570898041,-2475363.8701273426
219994.47448273934,-5175538.708198249,189646.78263041377,-4765897.451085096
576058.8383300416,-10623701.958918571,860292.5500686318,-9187350.570519898
-283881.1347377766,2221681.060849279,-149271.2614016384,1788528.6647098642
488211.91085968167,-6156761.289779007,195957.61255643517,-5472591.766362891
-289971.09062561765,-1831518.7499097288,-259904.45423210412,-2381394.2947674505
-100838.40690795705,-10469152.41754961,746120.5044796392,-9823870.319977928
67451.01004241593,5581603.792849362,-460645.13009779155,5188409.672793986
-344614.90263140574,2581914.2636981606,667168.436750792,2904467.797817547
218429.9532634467,535823.5170036256,402664.1190097928,1156917.5892768651
-461240.0028608162,3625577.0475182533,-86826.21231757104,3077510.832339866
-81330.86663891934,-4333561.320978254,-10329.999905228615,-4425222.187522402
234918.6447177343,4891613.8028101325,856114.8126592487,5982647.2601871155
94219.97734976746,-1536106.7781318426,466746.14557721466,-975140.6552048605
-17942.882377572358,779524.5844853818,-426075.73542972654,335505.96667808294
-259124.82482089102,3473385.656912923,-656103.4629397914,2558157.3691522405
224301.19446357153,-2826311.1386610866,-152370.1517706886,-2754380.0959682036
-172121.88245661184,-3871395.0494279265,-299737.69292132556,-4343254.624805864
-419047.0654182434,5848908.902046084,89181.19733507186,5519043.033962913
4442690.647343047,-1510630.0667312145,2485594.570475273,5417655.151087105
300189.2716363743,-5890163.204407185,-15779.976558491588,-5605753.909329303
-201662.47934021056,4809492.66275081,-1242968.5398723185,3364861.6435382813
649569.6700534839,-15392094.751853347,806866.6416482329,-13935658.44015163
142327.292194942,-834624.0761773884,-537364.3834113479,-1229661.1673937943
726549.4697111063,3265522.185752511,-64205.33898037672,3927866.3164832406
-341646.1874365527,-4855491.859229237,-239153.2180786729,-5436291.264744462
-53389.56879242696,1550525.5002000332,-462842.55242317915,1034293.3789844271
-88115.75897488743,5818811.519867837,-789551.9163731858,4941143.844519764
-800987.6833772175,1099338.0705180466,201781.8067035675,500132.1938443966
298950.84796421044,-3880946.8098521233,-752473.2707970962,-4334469.232685009
713924.740126621,2336123.8668417633,279642.56435900927,3329691.1713273935
-107466.97157642245,-1367095.0816787481,-303643.42553222924,-1778205.4787873998
-602171.1043262891,6806573.605560601,-627071.9775535166,5577330.523680795
163370.14978085086,-353854.662466228,604700.415733628,414215.9030482508
-204652.5496084597,7551353.6509923935,-410003.37773983926,6936697.723644095
1088811.0035663024,-7197585.023751736,1414262.6418479532,-4694511.37833748
8870.251276956871,-5885805.144066393,290008.0085648447,-5586926.884224592
340156.54334147833,1986132.6769247055,34243.17372024059,2360532.3939864244
334518.82740166783,11739016.591060936,274056.2607407719,12347591.679203376
-780217.1740820557,-4862110.309066057,-453832.54274556786,-6096160.025893681
-223176.60797261447,1023949.9915625155,-347580.13163315505,453193.251956746
60495.59963475354,-3393932.0175592005,-371283.6327946037,-3704720.0507190507
-470212.26439725235,-4024102.7623474,-225974.931780532,-4720289.958525185
81812.14341768809,-1410895.7874130607,-132433.60104776174,-1461517.2450431343
-321351.82360256836,-2510495.2142295837,-151638.89661435783,-2983485.93444651
-87219.13865121081,-1611906.1492441893,132717.59243432432,-1566407.6954610758
-282026.2821413316,745347.5745769441,-111393.30764823407,351927.98478737846
-908640.4548659902,391881.1533488631,-835351.7639542669,-1352111.065471394
-480016.5353874825,2982106.684858322,-342413.9970268756,2159676.152443964
-127549.39594111405,-3167660.721546769,-258723.15859864652,-3553933.2760865297
35531.01123252325,-2170277.6087597013,-534719.9377288595,-2669466.5352560375
51114.65005704388,-1789469.658278346,532452.6933558807,-1205902.3148654215
-878119.5678389948,-3480412.6985310316,75168.13466757536,-4283364.131702451
-602014.2167607043,-989628.1948907375,98637.16616052389,-1493005.245490918
226415.0183916092,-5440935.606423885,144436.77637829632,-5070083.811653979
28816.67398357205,-4152218.71636945,-276258.16754843295,-4399660.209934311
-549378.5644920059,-8097234.649328232,-821237.4997096583,-9467850.713529896
155187.0184144657,-6204173.42759639,-389321.5926453173,-6438308.001827242
147462.3465195559,1851507.258732617,-289873.52331596613,1709096.0819362067
-569116.1078353096,-5510735.098437369,-1187045.629113689,-7266896.8353863675
284169.6731423922,-2136593.001235485,896672.7578820139,-955750.570211079
302439.9695627801,2541684.776865244,-88436.76991966367,2755687.9765083604
580661.4077889193,-5283762.341119736,-61586.896535903215,-4764687.82986672
240755.2479509674,-4642303.014022827,141297.9862780422,-4260249.779793818
135924.5793656297,-3836320.0503436625,540759.0088225827,-3159636.46215545
107943.50670779683,-4656227.796012461,427046.4935589805,-4121237.795745684
457048.27815411054,2194762.0771362185,612032.4868968874,3263842.8421872165
453569.3931618836,6137298.043018699,-28949.62772139907,6561917.808459183
-500748.43541669846,3449521.659194529,-267006.292287007,2681766.9314908236
-578605.8900819682,7987678.082704753,715269.5517203733,8124341.744343158
-202913.89763695188,-1604504.051232487,-299574.0526744351,-2106992.001543874
10686.587847331539,-4985153.059974372,198502.1922321245,-4775964.279894916
358306.88193589635,4965555.782215118,-347904.9967833385,4975957.667367676
-133199.99051059037,11407470.721574485,350759.19323735684,11625029.924301252
-146097.54041717388,-817029.8877317905,-383367.2668685615,-1346494.695017526
166375.33287316933,-1952310.5405235887,155834.1985553801,-1630101.0090950392
-232610.33419956267,1495060.231785655,-1133345.6357217878,129104.26186430454
-186819.9072478786,-5702153.758894384,30265.766284130514,-5858707.899858132
379547.2844552323,-9622719.450611532,412577.4222726971,-8830594.743883602
-381767.09592922777,-159121.14916852117,-605494.3416437879,-1146382.5867415369
241354.86968540028,-4611295.18602252,839160.074997127,-3530780.2413399927
739690.9774463773,4009211.54099676,664417.8392100334,5413320.357653171
293783.205019746,-626391.5881919563,686416.8053005487,353808.42212833837
35225.90286345035,14798897.586782813,-220514.44436769933,14613609.045278564
654444.2419406362,-3802179.6567234397,853713.2298842967,-2294022.184898507
-149960.23381294124,1215893.918826133,-717966.7786218375,347966.9063913543
-17115.58157467097,427109.00039353967,1249067.4003896937,1659060.8192085624
-28096.829529246315,10391148.058441222,-319972.395888485,10043078.83302349
-227480.90051710606,7000527.725618809,-337421.2323157415,6435625.592785962
-7408.827550770715,-11451902.430410743,448807.30194692314,-11010503.95601459
-649623.9142992795,-2605090.7109160423,491288.73840715736,-2763425.8868081644
346771.24277422763,6117530.398461163,895252.3454247862,7359553.986660177
-451305.2715394441,6615062.678938866,285163.227911219,6448920.635310641
81498.38389991224,7322979.139638543,193943.8466910571,7598421.370229512
-71290.05430951342,-1280337.3692828417,-617738.6210568249,-1969366.04464918
-215500.3104190156,-2594801.906142086,-372637.4623271078,-3182939.678888209
-410856.63593037985,5074699.214703858,-116223.39438842982,4547619.184385048
154576.69094279222,-326576.11256217957,185060.77998258919,13061.358363201842
-64049.61210814677,-7671676.166556329,-32653.442136324942,-7768379.2208008
546407.5928975679,-3582436.940320283,615219.7621864825,-2420809.5852362327
37154.76061125286,-3308288.871438682,84621.15942365676,-3186512.9514037725
173997.48475300334,-89803.87893915176,-280977.50887323916,-196783.90305938758
-218002.2464477308,-7420616.182311326,-36070.54706245661,-7674688.975821514
-1101313.1413641796,-8441993.19386983,-1200435.8915125057,-10743742.226746514
123806.23577166349,1072055.1151236296,30686.714136205614,1226548.0650314987
-887676.9559142906,1181502.8698166907,-703564.6052854657,-409738.69138306566
130765.70877279341,392728.6223924458,-314636.5285190642,208857.80264617503
91795.86305219308,-9899940.003765106,435381.5745534152,-9372762.566159498
799471.584709324,3455935.586257398,573390.6709595621,4828797.841926284
-330320.8869740162,122831.5474138856,136590.44003257155,-70898.89952755906
321746.33878495917,6739229.305907488,418861.4864702448,7479837.131162692
-70158.1261093989,-6866689.002099395,-910978.3129788712,-7847825.441187665
-283931.02278686315,-7126371.964569867,-187714.44575525075,-7598017.433111981
102976.50807489082,-7642368.521187127,15546.241001322865,-7523845.772110913
-92856.55242488347,3555003.021187961,-200437.76912106574,3261708.699642012
-388504.53361831605,2196286.734163761,-468794.0303722769,1338988.1701731682
7437.189142432064,9969245.58728838,53787.47451494634,10030470.250945758
-179756.81500408053,-199584.32709652185,-47947.194589197636,-427288.3366898
277942.28465592675,-3312129.0193566084,13261.724108889699,-3020925.010591792
414019.6625042502,-1032370.3062864542,800124.6115012467,181773.96771904267
436035.3267008979,-1480849.390961349,942889.2821454257,-101924.78211502545
-371747.21886946075,-291125.54667687416,-1012211.0396213084,-1675083.8051676434
-123646.01597538777,-9678004.756561875,476737.40494573116,-9324913.367591532
427906.0551015679,5796638.259666771,630369.8089702204,6854914.123738559
-746179.5053628702,-8561353.20335865,-653342.1397963539,-9960874.848517874
-140001.121559456,-2683767.4601439238,95858.33084307611,-2727910.2508603036
311755.3546698876,6957469.538462043,25794.38575003296,7295019.278881963
248655.58087098226,1321353.007628858,373465.65844228864,1943474.246942129
-641269.2435421553,-551102.7521782517,-1030513.8026250228,-2222885.79834543
-562299.973302275,869644.1381910145,-1179063.3925392032,-871719.2276504636
599808.4384167492,-5795431.764597565,-613344.0709614009,-5808967.397142217
233740.87683011033,-2869557.8272286654,-235297.59705100209,-2871114.547449557
-353795.84757403657,-5740849.7913399935,-1009532.9190481752,-7104178.557962205
-470493.0368433334,-3643499.3199804425,153041.84005010128,-3960950.5167736746
-150419.51610549726,-4888524.704780161,-1477638.8913379014,-6516583.11222356
-171942.7833520621,-5414313.968299717,883816.1458600312,-4702440.605791748
-404629.4673293531,4910728.319080412,-702994.460448429,3803104.3913026303
-442872.96975544654,3013218.6545847356,-1020404.142676428,1549941.5421528611
180709.89327307977,8368190.628238589,116585.88903228939,8665486.410543958
107039.36775241606,2499309.3911982775,-260483.17332147062,2345865.585629223
-266365.97875585593,-2028781.7498268187,-1031684.5959900245,-3326832.324572699
-164796.5285541881,-8926004.848433197,-152465.12584073842,-9243266.502828123
269533.06562298164,-120751.5424516201,-1303844.33708331,-1155062.8139119484
-218227.3808454126,6479342.258765221,96990.88086163253,6358105.758781441
-20439.431489638984,-34405.227287471294,-576799.7472997457,-631644.406076856
1009153.0348351654,-8014782.9909054935,362206.8915594965,-6643423.064510832
232553.73987531848,-820699.8829007745,238389.1269191578,-349757.0161062982
32607.541906677186,-5428827.201066673,621678.9048426747,-4774540.754317321
-564357.007166937,3417057.636429429,-735178.3347748369,2117522.294487655
374870.5231345501,-427952.5846194029,164734.33874376118,111652.27725890838
-422766.3318625353,-2796312.0654919147,-1216959.5629745424,-4436037.960328992
-490411.17809909396,-7534710.156951964,-1360583.1022396833,-9385704.437290741
-60275.32428830303,67637.73052453995,-18181.59897351265,-10819.192737275735
-404880.01638691686,-763650.9217885137,-887388.9587647468,-2055919.8969401773
350374.6059936229,8255700.599678814,47121.77079986781,8653196.976472305
-57531.03857672773,1159785.3848942518,-98498.10806761682,1003756.2382499073
361009.88134264015,-10849772.112860322,494765.6556866914,-9993996.57583099
210279.4852154348,-4749056.781354368,535360.6756259948,-4003416.620512938
748824.2808269896,7991145.896765113,-448452.6678735763,8291517.509718526
-708230.7712891381,-11456414.310881436,657438.4652628303,-11507206.616907744
1091395.0322476812,-6083661.380740464,866143.0657048374,-4126123.282787945
-97790.9379927814,-3341849.5237959623,395510.901195541,-3044129.5605932027
-1117107.1724775452,234274.61910310388,-526490.9505704939,-1409323.5039449353
529867.5637810025,2577294.015942216,-666112.3444648385,2441049.23525838
-84142.19956052303,5782441.809280276,473475.9948512092,6171775.6045709625
-323763.08760624565,2155278.244818568,16959.09330651164,1848474.2505188342
533861.7684972007,-6861505.764323592,1878.9320132732391,-6325765.063813118
-379723.56732738204,-5783048.493212789,-203122.0574614331,-6365894.118001604
-635344.650310725,-5007420.397846371,-414221.2911646366,-6056986.3393217325
197626.2103797421,-3939576.0090256035,1040571.15184284,-2701378.6468030214
101897.13212663308,-7007979.172268689,-198166.5304422751,-7104248.570584331
-775784.5916094035,-3369796.689575076,59251.79818764329,-4086329.4829968363
440316.2029019296,555108.6714872122,-215027.2032983154,780397.6710908264
-607064.9585351497,-3636326.015176654,-155111.06751415133,-4398502.041225955
307460.5226384159,-4726197.715699643,248752.89427623153,-4169984.2987849955
-827402.745156277,-5633312.872519493,-321622.99737392366,-6782338.615049694
-106540.32228037156,1432317.595539391,-1519073.9708076417,-193296.69754862227
-166790.6610695012,3355900.1070637107,755595.1445535347,3944704.590547744
361796.0059021283,1617488.0104763508,-106146.75456154346,1873137.2618169356
135234.1661114227,-355320.46268084645,374600.3593136817,154514.06274425797
-147563.78251769952,-7774861.882011414,-289086.2568753511,-8211511.921404464
-144760.92562796175,7415301.349480331,-1211057.1366212144,6059483.287231155
-426540.33945116214,-7421983.62905556,-892269.4128989428,-8740793.381405665
631683.078868771,-852960.2339237928,90502.70532526076,-130774.44972976111
24858.14157966338,821694.1390636563,219497.20449524373,1066049.4851385634
-164566.28256401233,-6732843.308967233,279982.1338529885,-6617427.457678257
-427186.7572354581,-5349205.113690615,-672201.0777515471,-6448592.94867762
116681.57663848996,-5693370.17075038,129463.5991782695,-5447224.99493362
55901.68238876946,6648815.030007422,-186767.60261906683,6517949.109777125
-680307.3982827179,1944345.1858690977,-890624.3685646653,373413.4190217145
621072.397687871,-302595.6884970665,343113.1908560842,661589.9000468887
469446.87731625885,-1126088.3925302327,539090.3545810208,-117551.16063295305
130731.21787279285,355713.4580654502,-305081.12761630863,181363.54832193442
525116.4187343139,8021915.305452526,1006793.6045642495,9553825.328751089
-297184.10466250964,11455136.11800754,-401093.065793857,10756858.947551174
-1814.0948359146714,-250164.49594131112,65690.51271730661,-186288.07805991918
-352187.25819814205,3051050.2752666473,-709025.9698203653,1989837.04724814
-361314.8899034485,7010752.09940809,-303858.69417176396,6345578.515332878
-217354.20473721623,-1152059.8058931231,-735677.1229248568,-2105091.133555196
-652676.038120551,8914659.034413338,-439776.28922440857,7822206.707068378
-358969.85321265087,-804056.9606886804,-405308.2797455415,-1568335.0936468728
96926.88088006154,845456.5411646962,-315620.3550912589,626763.0669534989
921332.4691777229,-7901418.26362288,283983.06008929014,-6696102.734355867
-102014.6066665668,-3683579.0149023533,-275889.8272236064,-4061483.4487925265
-144164.3838485051,5009750.7426483035,276482.65911230445,5142069.017912103
-942014.3652558718,2191417.3360396028,-1444229.341979064,-194826.37119533308
226854.49286186323,6397868.298283219,-261820.6992879212,6362902.091857161
49156.45701497421,-6668482.605242968,728799.7308186144,-5890526.417409379
30888.431728614494,-12876559.396214485,326420.2555011511,-12519250.70898472
927296.7573583908,-6890952.048604548,273447.2501003146,-5690208.0411458425
-347828.43484733254,10968241.30547458,-2164.3464704677463,10618248.524156779
76955.7335961461,-6373851.788477421,-123755.09054558724,-6420651.145426862
-443990.37995716743,10746648.603120357,1118355.1856690943,11421013.408832284
-21397.727245552465,-3827247.069940746,298176.6798391938,-3550468.1173471045
-393472.1113864258,-2397667.6688164175,-388446.53682512045,-3179586.3170279637
258902.4110086728,-6710425.467285991,718954.5063572004,-5732568.5499201175
514973.09966326505,-3615491.6625400186,219710.7147874683,-2880807.848089285
153957.34161664173,1061540.4797093868,-338428.53822503984,877069.2831009887
-365363.8226340655,-5584784.149115086,-248418.99488852918,-6198566.96663768
-223398.22020874918,4912739.384435713,-430459.21280795336,4258881.951419011
-370827.6859876886,-6974494.40438962,265454.27522879094,-7079867.8151485175
171998.91150937788,15903672.24013114,-149920.7689256966,15925750.382714821
-542217.076953223,2767964.6216806173,524523.3696980774,2750270.914425472
-346952.67494524457,1709874.0305958092,-62528.52267713845,1300392.8329734262
-87633.91112881899,-536274.9669749737,169110.8972903043,-454797.98081348836
-1901.3755225799978,-2390003.3837658465,277611.9882451445,-2114292.771043282
-851258.6821252629,2689413.266747892,-900465.566248931,937689.018373698
-328743.9106583744,3950295.9101850092,-648004.3064517379,2973547.693074897
584083.3944436219,-10522284.098816395,-322831.5816540569,-10261032.28602683
-383687.5703717768,-1038198.3997487426,436891.0644452572,-984994.9056752622
-614380.0229944177,-524695.9137462378,-501257.1123538166,-1640333.049094472
552501.9322773591,-2869923.105245471,-248498.58547327667,-2565919.7584413886
-425740.9597953446,14841513.98777479,-1176295.3587982208,13239477.669181224
5577.326712850481,7866255.417122781,321100.51046448946,8192933.254300121
-197484.1844455488,-601995.7750861645,-624994.4591834769,-1424474.4187151901
-245675.00423488393,2655653.3294950128,-563417.8177359402,1846560.5075241886
-391018.09717518464,-911840.4385877252,-727181.2634951174,-2030039.7992580272
110973.10142704844,-2389432.371744901,132489.0918015316,-2145970.178516321
-353569.48943900503,-1519452.0206777155,313810.25500258803,-1559211.2551141325
7102.428673548624,10027065.587129593,-1906922.0776095837,8127245.938193558
556599.3469716497,-5046131.32303822,803171.752516374,-3686360.2235501967
81640.49505078793,-78982.77147001028,-1665612.6021232754,-1662954.8785424978
-456610.0347486567,3720585.476878643,-662738.5489112437,2601236.8932187427
112969.90437076613,-4253201.089201093,781846.6699274033,-3358384.5149029233
706798.7713134959,-4254522.91405803,66217.13438687474,-3481507.008357659
28506.62552519329,15346049.805820137,551043.9744873643,15925600.405832695
426473.79097097367,6794834.374373764,-21624.664790056646,7199683.500554681
556684.7629079185,-5280595.755138397,338465.0227590278,-4385445.969471451
184213.64900311455,-2069366.9705671072,-146905.3822954744,-2032058.703859467
-147104.76824753731,4413017.674836099,-201342.43464812636,4064570.4719404355
-1825691.3089114688,13959890.636634678,-3538767.562324837,8595431.765398372
302904.72521603666,4755750.535169125,-1189052.1309928074,3869603.129392354
-449136.2015140224,7425862.169218957,354285.76122017205,7331011.728925107
-259522.14578622393,-1150748.738441527,112294.54580827802,-1297976.3384194728
-157781.15631451085,-1826124.5723859072,170703.38088856637,-1813202.3478118517
241297.24514712766,-2215359.4082935154,-127506.55009771883,-2101568.7132441066
18138.1078926865,3079235.357545644,-569878.273940295,2527495.1914980356
842059.8366438877,-5307790.770779252,1122760.2144585177,-3342970.7196768466
373105.00522727333,3619665.524480462,-1405512.169803515,2587258.3599042203
-324166.9703062717,307139.20489513874,-195696.45593625307,-212724.22134738602
501459.2711900659,-4397525.027946115,1525116.7207520753,-2370949.0360039733
534897.434636198,213526.76765096188,-238900.96500225365,509523.2372849062
-198081.48966405168,-3363567.86565423,-813387.2872163877,-4375036.6425346695
408803.3596339375,-7882770.828076839,525167.1195199192,-6948800.348922983
271426.3619005699,10047725.198339492,394297.4057256952,10713448.965965757
330609.96851210296,-5246783.610304892,155732.26061578095,-4760441.381177008
-115711.73709432036,-2958912.5066195726,-293834.32603969425,-3368458.5697535872
114104.5471378658,4452152.30066067,-194685.7364463657,4371571.11135217
-341016.65785871446,-4974745.115557432,-527990.5371787101,-5843752.310594857
11298.42405041866,6505513.623866856,107559.76537275314,6624371.813290028
-10283.754990912974,-274409.0471573472,-840162.9792462885,-1124855.7813945487
179522.81041070074,-1458416.8852603436,43540.78855293244,-1235353.2862967104
-32974.15171609819,5170094.914347053,-289084.5365311876,4848036.226099767
415818.67681346275,5694671.8569301665,175352.01666630805,6285842.550409937
-526494.271385124,-2528044.2182534933,-696680.5780815482,-3751219.0677201655
-258344.43913274072,4155830.088385701,-398583.79269242287,3498901.8565605376
-283067.912302807,-3465120.1960828304,-217213.96045412123,-3965402.0688397586
-297552.16501940973,-5063957.628327906,-66307.05562709272,-5427816.848974409
423870.402683774,-4182757.799661219,236125.37331654876,-3522762.0236608963
874037.4039379116,-303530.9482451081,-511367.3969882354,59139.05870456807
-111836.7004381381,-5151189.3244225085,-222420.77078810334,-5485446.79564875
-544895.3150594067,-2569100.728474736,-85675.43722877651,-3199671.4807629194
-34765.165178122,781310.038174659,242810.58997044712,989355.4629669841
255000.84150413238,1565862.6546140015,811302.6426906511,2632166.138808785
-88210.60668307915,-99729.07646593451,-894251.9979823679,-1082191.6811313815
35701.8786569424,-6767882.506666005,700494.7057675943,-6031685.922241468
-216938.24209474027,1010385.4397683442,-702461.5372916013,90985.66038200259
145138.9175221026,-3485711.579750359,232239.4575434327,-3108333.2046848238
-475522.2697703596,1850295.626983881,-193010.40430413932,1181762.952909382
383429.7494916003,7378333.501984715,107556.25231612474,7869319.5037924405
385792.27384642325,145307.4437967837,-267044.62958335876,264055.0880598482
613852.0226224326,9049193.417181581,687779.8820998371,10350825.32190385
55212.32671152428,4772865.413725436,-442676.2066256404,4385401.53381132
-413163.10056079924,-6676252.9813242555,-177515.48841556162,-7266931.570300616
-313305.05196301825,-3832081.281714618,111897.51445818692,-4033488.8192194495
-75854.27831758186,-2199365.532928467,-546768.4819585681,-2821988.2932046168
-345595.9008832015,6368503.84409675,-634585.879425101,5388322.0637884475
509739.707497675,-2146492.3189620376,-393677.9520393163,-2030430.563503679
-99172.57552365772,707497.1921635866,-27255.00929186493,581069.607348064
-134210.75427672826,-9862512.906377912,-123823.55817814916,-10120547.218832789
152111.25219331682,-7095683.421202451,-395289.3967986107,-7338861.565807745
192427.724902587,4702875.497147024,149998.54434132576,5045301.766390936
-567672.4861241244,-1196575.6525433064,-555307.1929358467,-2319555.3316032775
1013150.850025665,-4799437.574097097,-240464.51610321552,-4026751.2401746474
-712396.0033424031,-958330.7586636245,-820868.3477223963,-2491595.109728424
-1272106.0793123264,-10576744.9917745,-164234.27760916948,-12013085.348695995
446770.85030779615,8473173.2056157,470067.0552145019,9390011.111137997
-479015.67743082717,6330474.436281323,-174986.58642852306,5676472.172421973
1370.3886581249535,3296570.1128535867,-445047.46076937765,2852893.040742334
1771.1918013133109,-2657851.105905533,425628.3279999718,-2230451.5861042477
455939.9506379068,368057.775144428,773.2686583399773,824770.9944406748
411069.81453973614,2258464.591547042,272491.41307511926,2942025.8191618975
-570239.0804080646,-4736958.177244037,455215.1229092553,-4851982.134742847
-608743.3074220102,855355.2316204011,-438755.8144095391,-192143.8902111482
246142.4706509523,5681709.059202999,942797.2458024919,6870648.775656443
-1296986.1767322663,-9742460.47822097,-989968.3914875388,-12029415.046440775
58148.07280519791,1630974.3453508317,1133865.4967227057,2822987.9148787353
60972.17991503887,-3266927.3584641814,714475.0587563515,-2491480.119792791
-397499.98843806237,-5437782.866763085,-612482.9894603491,-6447765.844661497
-251657.70239945687,-8258547.544955194,1328227.6906622648,-7181977.556692386
354512.4353338964,-552449.6107523143,449855.57744541764,251918.40202699974
508370.0141269155,-8648646.209257215,-467124.0340675935,-8607400.229197893
136391.62177571282,3446529.62791723,70668.53989373147,3653589.7895866744
-192512.6588883046,253387.74775195122,-5421.381280325353,55453.70758332126
-324178.24859371036,-810164.0386307836,-189836.78100013733,-1324179.0682246312
11491.63584166579,2471827.609807968,216137.8414651975,2699457.0871148314
272146.03319864534,4385872.294246137,-249711.97476577014,4408306.352679012
-676184.6741448864,2968551.478206426,-639152.6187223792,1653214.1853391603
477433.62031521276,907471.5953167081,-885611.4391851127,499293.77644680813
-409788.9634197168,-6945349.138517231,-160445.54434223473,-7515583.646279182
232934.51153020747,-6843708.97265029,-749489.8169360906,-7360264.278056173
-345716.5202630125,-1431377.405322373,558212.6412853524,-1218881.284300033
-142771.68486922607,2074645.3808023334,770607.2202386633,2702480.9161717705
-242943.98246083222,2484424.8533166647,-794706.644292593,1446774.2265632395
101724.96199890412,6948482.239850819,-338011.269347623,6712195.9325021
-238505.341319995,-8612965.417616636,-28904.999662175775,-8880375.758598806
-571332.3235261366,-4889767.133910954,-292904.7918774709,-5754004.2493145615
-156469.86072608456,-5041493.817073643,434507.22042022645,-4763456.457379501
21922.34812456183,1295822.663408339,-415157.5453700349,902587.466162866
-4182.389971956611,8839485.446892887,-1104736.6681353822,7730566.3887855485
178198.82592501864,-1581480.0933410525,16716.333934366703,-1386564.9334816672
-179489.8276774604,8632263.607506663,-368340.35765527934,8084433.422173923
447276.4169268161,-1781539.27648592,733140.6803235039,-601122.1792355999
555226.4407240115,-8556709.856571674,592888.6877964735,-7408594.728051189
539751.684691241,-2138835.028382957,-388255.2660730481,-1987338.609764764
-525143.4312620927,-717700.6239588857,-526738.2245327011,-1769582.2797536794
-111588.56686566956,-5539662.351585865,-352313.55534543097,-6003564.473796966
534152.1523585394,3111381.575909257,-109795.28334766626,3535738.44492013
542776.6221971139,-2994520.317931205,128476.3036724925,-2323267.3920615986
-95935.46983735263,-4365315.545426607,237594.13492087275,-4223656.880343087
67488.2781012468,-4879426.498443067,-579353.0111269951,-5391291.231468815
70539.11016354896,8748438.25413993,-496344.2872186005,8322633.077084878
83596.25664462708,-171726.9947218001,-128048.88257288933,-216179.62065006234
236047.17023656517,-6947947.364423096,-386612.0336965844,-7098512.227883115
-239861.30807783827,-150381.49728745222,-373666.5297759101,-763909.3351412006
-150744.90543660335,3233178.2529824376,558523.8428810239,3640957.190426858
-753999.756222887,-4698782.966688693,-776097.2844353393,-6228880.007346919
-567757.5076140147,-3105742.2982266545,-199998.9188829288,-3873498.724723598
255769.03111338615,1664858.1411989331,-625332.6619575098,1295294.5103548095
-432936.84972278774,-897419.1594231725,847676.6178198084,-482679.3913261518
438505.0777349584,-919070.4276282191,500511.1923137754,19945.842420514673
-109436.22473186068,-3953299.775511682,-197262.4570960477,-4259998.45733959
117747.92911116965,-559392.828818202,-515252.70918316394,-956897.6088901963
517636.7455798499,274504.65239703655,889072.2740391418,1681213.6720160283
-859698.3168910611,1120922.1914714575,-488643.3029966429,-227419.42841624655
437674.2047666088,-5213356.063255787,18349.708848766983,-4757332.149640411
97897.1454118304,15544597.264856994,-786567.1175047755,14855927.292764049
93293.84186448716,-7942751.919165134,490122.3044664115,-7359335.772834236
-377238.67310013995,-202256.86588418484,124131.03342582285,-455364.5055585019
84614.54157561995,-2816314.3974023163,30160.928155094385,-2701538.927671602
-11043.74705317989,2517901.714151293,-589556.2906900495,1917301.6764080636
99385.00896785036,-1536408.0459551811,47038.09167350829,-1389984.9453138225
-70917.97001709603,-209123.9198242426,506436.6349286884,226394.7450873498
-343906.68037536554,4415119.661092222,-429742.48067512363,3641470.5000417326
-293220.812815642,-9134397.997523367,1043623.9987535477,-8383994.811585462
-230174.72973187268,1365346.071971923,-466448.69813907146,668722.644100979
155840.5319431238,-2609132.3683071434,-625514.4689868614,-3078806.305350881
-40309.49421817064,1341370.1360548437,-566289.0062771589,734771.6355595142
-232385.13216505386,2304849.178845197,-343028.2072197348,1729435.8394604083
377756.7991113756,5519866.442244202,86114.57348264754,5983737.814838225
-808222.0826991033,-1186636.0419606864,-1109885.0483757034,-3104743.173035493
351162.3818823695,-8748498.325605392,-302445.6812831983,-8699781.625006221
-373493.08862923086,-1956450.5819330812,-497641.45114684105,-2827585.121709153
-574534.0544005632,1392846.3969333768,-505810.06411956996,312502.2784132436
-1438417.418804001,9008943.024582863,-956793.3567640409,6613732.249014821
151483.7825233061,-4718602.758408964,-720856.0815551281,-5287975.057440786
142108.93353512697,-1794041.1126645803,-468054.3625932038,-2119986.541722657
-286545.2539398428,-4703470.465452373,-594613.5557278097,-5584629.2751200255
-486029.28918403387,-6119937.520972788,15051.652608729899,-6590915.157548092
247298.31241958402,-10281527.69608748,-1054399.0306111127,-11088628.414279008
212201.08339045942,-2081431.3892443478,944333.2964841351,-924897.0093697533
577365.9783991054,7578865.590007842,68257.2406616509,8224488.809068598
216481.3167512752,6520936.579169214,-56113.03253188729,6681304.863388602
-615860.118972322,-6559791.237319827,-39778.78473537415,-7215430.141027523
50088.59665787406,14975390.69697538,632606.9508139193,15658086.244447174
128546.93090454489,5749073.423618436,-553466.1667360291,5324154.187786952
-513319.0578205809,-14460368.345572114,-425681.3284441978,-15399368.731836893
95085.40230965056,-11754685.160390556,-186845.46180780977,-11846445.219888715
-845779.2625539862,3093992.677341163,-71161.75732224435,2177051.6574649327
-216249.68888561428,173942.3051533699,819153.7665138766,776846.3827816322
-51183.71969126724,-12815591.391586423,-58575.405877158046,-12925350.517154848
-43049.15720170364,1925066.3875585794,-488695.1095260605,1393322.1208308153
363173.4508434199,-1100446.6135228276,-332795.2937503904,-1070068.4564297982
-148862.03977128863,-10922336.77702427,80099.5083635822,-10991099.308431976
168055.11682045087,3782352.9649145603,87258.89579669386,4037666.977531705
305468.56486661173,-5425987.233133167,-416378.3133665845,-5536896.98163314
-312062.61439051665,313594.47879457474,142666.97730612755,144198.84171018563
93965.73914854974,-8590523.970532984,-145471.46606633812,-8642029.697450772
-518267.0961084347,1270341.0095103383,-299297.6961079985,452776.2172939051
680818.1601204742,-4883314.9189071655,658541.5889529362,-3543955.169833755
-205763.47361553647,-10905565.286260188,-218398.62095413357,-11329727.380829858
-118064.53073058277,-7632558.077958286,-1020071.6428741887,-8770694.251563057
-525574.8119974155,-496527.468557477,-670978.8171941862,-1693081.0977490786
-293332.3145578038,3114593.2539446354,-605859.784351632,2215401.1550351996
-854140.4391637258,-7295684.210142583,-404951.55003421754,-8554776.199340526
-50832.55762389861,-6086040.629483849,-816239.6637390107,-6953112.850846758
-42877.178987821564,15731994.558576763,-303614.4669595957,15385502.912629345
-458678.2665368058,6014736.475463331,-820773.7348872647,4735284.47403926
54789.52162665874,7011749.438282669,407788.0069203153,7474326.966829643
-252594.21482319944,-3039737.3061899245,-524261.81403613836,-3816593.3350492623
-296481.1783827096,5871835.379859507,-275796.58653767407,5299557.614939123
185237.91679315455,-213239.445720613,165481.49805356562,137479.96912610717
334031.77585711516,-6992694.939174026,-83803.01021214575,-6742466.173529057
-546118.8766340241,-2816612.4702757597,97641.29494185,-3265090.051967934
293807.00749692135,736014.987393558,25511.161080516875,1055333.1559709962
125991.63251366466,125589.06424149871,-761716.8032689467,-510136.10651378334
-12287.668384632096,-5429351.065086246,-518541.22680228204,-5960179.96027316
-189031.0548123084,9295783.15487945,-17096.749598428607,9089655.350468714
285320.3120322358,-4605018.255336106,-596363.9703957811,-4916061.913699651
19024.863932471722,1362740.4966444373,139048.08468357474,1520813.4452604838
427793.5065325983,2184802.1180955768,-372697.06093637645,2239898.5636917986
-380287.2928256318,2010451.2674741447,-398657.1530250758,1231506.821623437
-42954.107021942735,4547336.977978289,-245859.3412596807,4258523.529696666
-208428.29247029126,-1075183.3118172288,97227.03972210735,-1186384.5645654127
-12731.977988475934,-4369519.769486934,-346934.1771915257,-4729185.924666936
-30089.27914857492,3094110.022834152,-850184.8804948032,2213835.863190774
-52041.91844773665,-5233032.783007711,125714.7811062932,-5159359.920349155
-585431.8821923919,-96272.77006989717,-1137334.0357943699,-1819038.688056659
235825.56441872008,1075378.2307387292,-457989.59457390755,853214.2005835418
-200834.72318373062,2946451.590954125,-612774.8341489658,2132842.0336214285
-771144.1136602014,6612410.694515765,59171.82333749533,5900438.404193059
255968.87138351053,13687879.900623322,150411.51309743524,14094260.285104267
-573599.0290033016,-3043324.350658655,-697526.9019969404,-4314450.281658897
857879.51804634,5786831.214541107,738822.5409265906,7383533.273514038
809375.6588712446,-10100737.827325642,112713.72259891033,-9178648.445855487
-168625.36588595808,-8412951.460098803,-1153817.353845626,-9735394.179830387
-146256.3779405374,6250537.461835533,217630.9378837645,6321912.0217787605
383517.3354515396,2132882.8321805596,112111.48072244972,2628511.648354549
113650.48258703202,5825839.948086262,-68119.3430056721,5871371.087667622
-81596.53908995911,-2188085.80904451,509852.28800427914,-1759830.06013019
215187.23535846174,-5384340.051236451,407350.02574206144,-4761802.7901359275
187016.76110957377,1776431.7832646966,274034.1095736176,2237482.653947888
-218743.26241827384,5052621.666448772,-899526.8453633338,3934351.5586671643
388175.3376863301,-6680605.431654692,-354687.26096467674,-6647117.354933038
-161244.9707004018,-5216597.192555875,-575643.0502705872,-5953485.213526864
-5819.471911376342,5468098.40023306,-5814.5452741235495,5456464.38304756
-21487.978590540588,5502437.522561371,-126211.15227545798,5354738.391695373
507544.53570898995,1709666.6909647584,307559.75269174576,2524770.979365494
-73601.53676549345,337119.90189525485,-120375.29119046777,143143.07393929362
315955.55320299044,-1921574.4581273198,-300230.3297358155,-1905849.234660145
106652.63843728788,-5071857.272805929,-98905.35756581277,-5064109.991934454
-362159.65936492383,5768615.979132235,-508688.1965601668,4897768.123207144
-390561.5451346468,-3596536.6400558352,-450131.52346134186,-4437229.708651824
128679.48376137204,-5891015.239871621,-270688.9788882956,-6033024.734998545
-324739.2301734388,-10145192.351106733,542266.9020587131,-9927664.679221459
-107754.17606831715,-12656348.38443017,691697.6470395476,-12072404.91345894
246243.39402362332,3040892.161901593,442833.2282974571,3729968.7842226736
129799.68781837448,2482206.5970065,-169962.94870711118,2442043.336117763
1063459.9859817438,13450488.239320397,-346204.6778506115,14167743.54745153
374518.4974014163,192181.0079343617,874227.4121562764,1440926.9174920544
-110249.05281329527,-4591117.519609213,-243843.62415279448,-4945210.196575303
-140336.41528409347,2484626.481588125,81138.36696381867,2425428.4332678504
-112569.87420913205,3233347.111104518,-418026.9335398823,2702750.303355504
-87504.7752817031,3370365.5137987435,-160296.3549600914,3122564.383556949
-89178.35612167232,2398406.6082621217,-602214.038081646,1707014.2140588034
72999.8242452424,6646999.88299641,426143.3936999962,7146143.100941649
-30470.114055803046,-3667714.387147546,-1084315.0368397236,-4782499.538043072
506737.8869638331,17023731.174027294,-6585.285461582243,17523883.775529545
-537097.8051542062,-3018480.97618258,-1109065.7626621574,-4664644.543998944
-991291.3136368655,-2282225.0748584867,-552988.5589391366,-3826504.9474344887
-326598.754038265,6346636.94155252,-819647.0889160037,5200391.098598251
117188.19183625467,1630180.31519863,268547.60512632877,2015916.1121612135
-465697.75195295364,-2054812.1521606445,-672363.682592988,-3192873.586706586
-746222.3158704657,-8806326.151289761,99736.58793190122,-9452811.879228326
-128943.45396194421,2329515.3254139423,-150087.26222393662,2050484.6092280615
330201.2285217177,8157328.699772418,112555.19557893276,8600085.123873068
-275726.49659445323,2055219.2030436397,-3000.832842670381,1776491.873606516
-714839.1842802763,-9768086.215183109,-1067514.2608636767,-11550439.660327062
-572607.7345785573,6022921.976566404,-257551.34916342795,5192762.892824419
33599.13142913021,-4328070.647462934,173508.61563149095,-4120962.900402313
-350254.97725121863,-4024662.1910861135,-390728.2241129726,-4765645.392450305
-379432.6506956443,6467143.508112192,-861779.3796712607,5225931.477745287
451174.46092291176,6509962.342208624,-856685.8513541445,6104450.951777391
-580143.2992049679,-3717390.463379562,-33184.2903919518,-4330718.052976482
87906.62022520974,-1653411.9345501065,-168888.17363105714,-1734393.487955954
-207838.0556415692,2816633.3148985803,-370066.2176030353,2238729.041653976
190005.8150106389,-4242945.896060824,-474824.013461113,-4527764.094511298
-406054.785690045,-3062861.8407197595,411187.30186413974,-3057729.3245456647
244285.69053062983,-506378.5067204833,362749.223707512,100656.40751765855
346202.01423622295,-8338.788652062416,-234018.7018262744,103844.52375788614
-720173.8166225813,7701511.905821413,-299423.3922813386,6681914.696917493
-245554.63619432598,6845491.702608407,-1002756.9172236323,5597180.149190448
-555057.9669000804,5937097.880600095,-435256.5057583004,4946783.407941714
67043.72289552167,5450827.758728087,-263884.0379106328,5253987.443712976
-582755.8803716525,10449714.791077316,154195.40794347227,10021154.318649136
230323.65510798804,-3689746.663649142,460196.48352976143,-2999226.5250113923
-140453.28873646818,1497417.814518571,-694479.7414422408,662484.784339862
-469786.5888535809,2622699.336890608,-488571.7661064565,1664340.9819305707
374550.7279184386,-5437196.178808689,-103656.53978906572,-5166301.990679316
363666.7510564402,-3056048.2983512282,828127.4638055414,-1864254.0834892467
-461557.6636875961,12417968.413519263,-295131.6341139376,11661279.11571773
-584660.0808642618,1032993.8745976686,-403156.89200776815,45176.90172563866
-421619.605405841,1440729.0165534616,-598851.9108671993,420257.5002804212
323131.2992927823,9450808.56607905,-880043.2178163156,8893896.647555517
106780.76268864796,2399801.329434693,68829.80840744078,2575411.9005307816
-869113.5144783203,3375333.5339347124,-1261627.6876720935,1244592.3317842986
-345013.9806580115,-9867745.058429033,1148876.5102751777,-9063882.528811866
-34178.26962823421,380332.6684985459,-468441.2340051234,-122286.8351348117
25758.155483173206,-8729441.74064079,-335394.8480118513,-9039078.433169467
-133188.10534378886,-6415794.523276746,-1205146.1345109642,-7754128.763131499
461162.09721603617,1634454.6020655632,302350.7425328791,2397967.4418144785
-194590.00908615813,-4781337.704743564,101157.20078610629,-4874770.513043616
410797.8600173518,-3508820.868147373,233145.32230235636,-2864877.685827665
4927.1494671385735,5207281.045389593,134535.79410222173,5346743.988958953
110964.60345210321,4053798.855702728,-273361.6429428011,3891401.81621203
-339071.7104036063,-3418927.431545317,650867.9471065775,-3107131.194842346
332488.1379349381,-6447290.026827037,-321853.71770484,-6436655.606596939
-204748.07594382018,5130283.714191377,466975.51088784635,5392511.149135403
544471.8299650643,5405365.105149746,596927.748330608,6546764.683445418
26350.760401017964,-8090158.916769803,406553.4951134473,-7657254.661255337
185736.6614346318,15815306.872179002,136923.2026848793,16137966.736298513
609795.94028675,-717213.2899648547,-313215.74177385867,-420633.0914519634
-332349.8865140565,-1754952.1647396982,307773.8792540133,-1779528.1719997413
-649140.2464735731,-1315981.048572719,-776852.0356837809,-2741973.330730073
-420540.0330697913,-763709.2565983534,-591415.5703076571,-1775664.8599758018
279738.5634133201,4247729.167275339,-732199.2086546794,3795268.52203398
-639392.6396038253,-7442477.889057398,282088.46024410427,-7799782.068417119
194437.69760364294,-1186047.684032321,-50442.0585437119,-1042052.0449723899
195538.5793205276,-5668157.07083559,87173.51339302212,-5385444.978122041
253706.87028199807,3167678.0580067635,1148278.7652277574,4569663.693516519
297057.3731543869,2354616.3467342854,352478.8802445978,3004152.60013327
575775.2696021218,-13613743.223161995,640756.5602723509,-12397211.393287523
-109728.68199365214,-4449203.038308889,56742.91313382983,-4502188.807168711
397093.3611897528,-4220445.104443312,441230.8872611001,-3382120.8559924588
276063.8589954432,3192186.4845897853,185263.89676828682,3653514.2403535154
-158086.28470944613,-472073.9602199197,-547474.3238143027,-1177634.5687436685
-266641.84960753657,1785944.5609794557,103240.19882980734,1622542.9102017265
81983.90634563006,2278353.787830442,-477138.7007558346,1883198.9934202377
-741949.5927835908,445842.5170855522,-1229537.4903642163,-1525644.5660622548
518542.80446019024,-12440511.31073612,343380.9871984273,-11578587.519077502
14348.275039687753,9353122.357698798,718251.1512389407,10085721.783977427
-302656.7360739969,-3274142.523569703,-395861.79895492643,-3972661.0585986264
-922852.0694722012,-2845089.534157574,-1538619.288172625,-5306560.8918024
462720.3503583148,5753622.014762878,509220.0266188234,6725562.391740017
90364.6170595903,-4716022.758586526,425293.07832196355,-4200365.063204972
165507.82870046422,-881106.6553179622,337544.6764754206,-378054.15014207736
627083.4274064228,6155417.655986041,-104730.31485912949,6677770.768533334
225736.44989714585,-6512229.5657710135,59096.64293459058,-6227396.472939277
-66979.87875538506,2173831.4780643582,298339.66772983223,2405191.2670388054
-335647.9906392507,-1626888.3020603657,-624231.5639948547,-2586767.856694471
-130442.22929495014,738196.4475543499,-1070322.701046005,-462568.48278660513
-708939.5360237062,1374377.0357506275,-481639.2265572548,183798.27316966653
209099.61493253894,2040463.2761410475,30398.807121910155,2279961.6981954966
-399410.0200754646,2370996.3761571646,163448.69638845325,2135035.052470153
-172737.71405100264,799974.6260137558,503362.2469204217,1130599.1588831749
149745.54249182343,-429333.0289376378,240953.43103004992,-38634.05541576445
37324.051326749846,-10395655.54679501,-554788.9802031368,-10913120.475671398
-318464.6394292321,-8524098.731961131,-684949.700965412,-9527513.072355775
-303323.81744539365,1240053.013175577,-197412.56158875674,739316.6341414265
362718.99052260444,8780784.022247076,-88210.89468128234,9055292.118088398
815531.2927235663,-606623.0442537665,-628610.6154335588,-419702.36696375906
157690.66824357957,-6250656.944115341,-296250.8541869074,-6389217.130058669
484418.29588456824,9626524.85311985,120126.15000047535,10231069.299004894
-116387.29474471137,-6826162.63430807,591183.9465895295,-6351365.982463252
217962.5639523305,-586797.9582642615,-348019.6938513145,-716855.0881632455
-778952.3906870242,8194040.071077168,-769052.9281309098,6646034.752259234
-108961.31318560056,-4920110.030757725,-798933.7917671055,-5828005.135710431
-426275.1848973967,12233987.54827413,-510128.1691110134,11297584.19426572
-775647.057365099,-2452760.7226605415,153086.6072441116,-3075321.172781529
525657.20300062,-3595779.8433019817,-43685.53823889047,-3113808.178540252
-482307.56314723566,1458858.0875682533,-608477.066103816,368073.4583172016
245336.85718467832,-3660535.107503563,65806.13888972253,-3349392.1114291623
500441.3224313557,5284257.077994257,54681.042363889515,5839379.442789502
-56689.88161089271,1999817.760010898,847186.6977345049,2790314.5761345103
-228124.59641339816,83571.88593348861,-263789.19951853156,-408341.9099984411
200390.6095322054,-9045971.133812368,-142079.11478589475,-8987659.639066057
-22977.156216969714,-1729306.704756856,-432348.4666505158,-2184632.3276243415
-172501.24042209052,802558.0107960105,375095.08019021153,1005151.8505641315
591190.9940707646,8527617.367412746,-155004.31790700555,8963804.043576505
324538.83350230753,-324043.1980650723,-75826.03236332536,-75330.39692609012
-474487.7718497608,-2750051.277077347,-89854.18104749918,-3314393.229974607
293099.85604848526,1903664.9101432264,192961.54519544542,2389726.311387157
-96761.12507053278,-2924364.113371134,-205194.663299568,-3226319.9017412346
570540.9120936505,4884353.571667105,771204.1878966466,6226098.671657402
625131.9146232158,1704117.5847561061,469931.54069814086,2799181.040077463
629972.4179774225,16823608.098743528,-401729.7937589288,17051850.72296202
226639.4805176966,-2532674.3545419574,890185.9612971693,-1415848.9127270915
609922.700200716,-6043026.440864116,1518780.8926989585,-3914322.8479644414
30928.702988466248,6028400.351273924,-175693.78926906735,5883635.264993323
445355.96674657986,3769385.0105365813,132978.6952367872,4347719.672519948
-388329.37834085897,18537817.177780688,237656.52971499413,18387144.329154823
-666971.3626143597,687682.8698635101,-557201.724890992,-536490.2176418416
1240468.1282645576,2657381.1758259535,1046933.4630044699,4944782.767094981
422804.3354965523,1541919.845268488,-707184.6165337935,1257539.5642312467
-530786.1028331742,1867733.3960787356,-221068.4881851375,1115878.805060424
1074.6949477903545,-8746473.944417953,503501.7082970068,-8241897.541173156
-44498.92603821494,15759629.118305415,-154126.39487946033,15561003.79738774
-233093.53626694717,2054828.0811555982,-741590.2365181446,1080144.3083705064
234500.60072419234,50850.6286765039,-718837.6120069027,-433486.38260620646
-257305.0056031868,8385179.498227477,-1105998.1424307153,7021876.350193575
-109775.0558065027,2392913.0715501904,-150556.01511879265,2132582.000624895
-135264.266411582,-6121709.4307217,-381998.5349593088,-6638972.232092591
-168885.27835095488,-3028926.072776735,-275274.5400183499,-3473085.8911460396
-151169.1079299096,3406225.843184173,207414.62999272346,3462471.365246987
-259639.07100671902,4118622.4905285835,-384396.0932335928,3474587.3262882717
-27116.751178011298,-2483335.5855808556,128507.18967531621,-2381945.1470835507
340188.0561266951,8740863.313446522,578259.1654589623,9659310.53503218
-79445.9191018939,-9469143.493688166,618095.8973067701,-8930493.51548329
-303174.1260656826,-716588.6450066268,52976.13215969503,-966786.6389126144
952696.4320736751,-10290711.806087673,422780.82110662013,-8915234.552907377
-66410.24826092273,9852077.594789147,197459.73269354552,9983127.07922177
758698.3081412427,174075.8689749241,637231.076632835,1570005.2537490018
657104.6374066286,4141182.968547374,38022.82288964838,4836310.428843651
229862.44713040255,-1162833.87565884,874263.5932484865,-58707.83527995087
255358.2355324626,-6055101.538685948,-478433.4921658635,-6278176.795319349
438758.1997185927,3282258.5322194993,-26895.62603469193,3694121.1059034
48107.82715174928,3140513.5232599676,170673.74196808785,3359295.0923798047
831050.4903745465,563573.1148559451,-1043016.3352779746,351607.269952517
518742.1441369597,1070207.4443122149,686719.9652136192,2275669.5536627937
572345.9259630758,-3668405.277368307,354943.02265554667,-2741116.3287496846
147487.34674622677,-8666540.428138018,-36748.27320858091,-8555801.354600372
598645.0600089878,5484875.516485244,-848834.7544043064,5234685.822089925
678572.9438430443,-5362816.839746594,-539679.1964169368,-5223923.092320487
-497671.06523303874,-6771731.282036066,957214.093035385,-6312188.25423372
-340701.53738263436,814486.1799777746,-1167894.8939739168,-694110.2513787765
-170.00261137634516,-2015919.2787165046,257614.37212735415,-1758474.9092005268
645893.5525099542,5756148.143211246,242825.06839551777,6644866.7641167175
-157806.2621654272,-7563528.830132157,313679.14174012095,-7407655.950557463
-184876.03259512596,517654.3546113968,688811.2658387497,1021589.5878550205
-153669.81201882288,7778054.507966369,449153.10174585134,8073537.797693398
-808357.941486204,-2563049.1181918085,-397326.35677562654,-3768733.416453639
-312506.59508562833,-11939104.842899084,-243203.55141737312,-12494814.989402086
-39805.520720807835,2243109.2220182717,-713170.637344256,1490133.0639532078
113348.02878217585,-2293237.987655103,11375.166971936822,-2168514.7919009905
-191849.74081936106,5593240.081733078,-1500104.6154814363,3901285.7254322805
524101.10496423393,2845013.9575312138,-114906.03220021725,3254209.0302952304
19629.603104759008,1548195.314561665,-774066.3403903097,793758.5772761144
-336998.69000276923,-2841905.1767490506,921985.0848448053,-2256918.7819070145
114625.23035995848,-9736360.473017275,16052.459853097796,-9605682.782804219
915043.2671134844,7327837.102286756,486442.61984680593,8729322.989247046
344545.0544122383,-12786828.196689516,-465924.09544109553,-12908207.237718374
-244106.38559132814,-5374344.459667265,718240.6399539709,-4900210.205304623
155348.11307387054,-3939832.729401648,-46832.87960384041,-3831317.495931618
114326.90590356477,-1103129.8306637704,-891010.8588958681,-1879813.7836560737
586452.4944672212,12814605.900590718,668959.1533788666,14070017.548436806
-503019.51644381694,-2091917.9131299853,-45884.27560792118,-2640821.7051817235
421839.61493217386,-4552682.828673184,222053.18732152134,-3908790.0264194887
186378.388820678,3710547.441296667,155063.36744901538,4051989.1975663602
-219510.2398402337,1790110.2265544534,-143147.79072041065,1427452.195993809
-56763.94994147867,207799.13172125816,-534751.108514294,-383715.92673451453
-837336.1727814935,-1858883.1781670451,-618459.4693940878,-3314678.8203426264
-434717.42435947806,-4382825.33611387,-33640.452282994986,-4851183.212756343
-863887.3322192896,-11362466.08729285,-54595.712093383074,-12280949.131605523
325362.08182478696,5697551.127498984,413093.4420624748,6436006.651386246
405419.40661726706,9280701.726424754,-156725.95416036993,9529395.17888165
-614366.4272055607,2374743.495602727,-474576.81563168764,1285800.2527654786
55081.25074947812,6542534.706362784,-710145.3726746663,5887470.584437596
-725292.4652740955,-3217928.479718387,-663909.4634832367,-4607130.408475719
296270.7375889141,-3027585.5682757497,-651260.044100374,-3382574.8747872096
6276.136314224452,2258366.654307395,716016.2029987425,2980658.993620362
236898.82174442708,67351.39445358515,378931.5484868437,683181.7646848559
680684.9492783453,-3082608.6290725768,291458.49783236533,-2110465.181961866
375174.6447032932,-3400066.444156766,-139557.22888772935,-3164449.028341202
-462764.9599216301,-9943102.883879066,-1277128.000613287,-11682995.844413983
540865.512418069,5347721.2643562555,292310.8428197205,6180897.619594045
393724.4593036808,964611.5654084086,383065.09657102823,1741401.1212831177
-304958.09077027626,-161990.74615192413,22343.717065282166,-444605.11985691823
57406.14120026305,-4399311.1399226785,-198680.29453076422,-4540585.29325318
107009.2658980675,-4815816.834055483,-331926.299415119,-5040733.867572535
-1387364.8635712508,-1572584.8376956284,-1011724.6002976447,-3971674.301564524
-131619.89044212922,-1299901.8817859292,-380752.00269126147,-1812273.77491932
561439.1844269857,-1136868.3088626266,85094.82019905001,-490334.30423659086
-206523.60956143588,-1820399.415891111,-914256.302422218,-2941179.327874765
-211662.4160098713,5846910.586019367,-449181.6625279188,5186066.507481577
-378298.52907524817,3422509.3984674215,-608497.8830771372,2435712.986315036
-154967.49752238952,3030673.032533586,118310.06058964878,2994015.5956008453
-360532.23441204056,-10987170.27820915,-682287.9484843463,-12029990.461105537
-125305.08014880493,-4857833.663956344,-90650.20246602595,-5073788.946571175
-419275.6909426842,-3661959.12362206,17825.522369861603,-4063409.2921948824
277513.65174900554,-1283321.739818722,128242.74955616891,-877565.3385135476
634308.8421280347,-7370170.423976719,-880209.8927618414,-7616071.474610526
786215.2041756976,9837820.564492285,511030.8614642024,11135066.630132185
145670.13340863585,-706781.9912903309,-44005.186353452504,-605117.0442351475
562749.3595731407,-6162976.30782634,388037.8466687426,-5212189.101584457
-210962.764473686,75826.51233154535,-705724.0875481069,-840860.3396902476
-286000.0855634883,5137854.138594061,64046.910620838404,4915900.963651411
68248.57083909959,2774994.1285030246,260556.73498160392,3103799.434323728
-532947.214379143,-3701961.3073877096,-492280.6862413436,-4727189.208008196
330100.98899467103,-5848193.531178176,400965.8994804546,-5117126.642703051
-587666.0561122298,-2994140.946798414,-469349.0951115936,-4051156.0980222374
-90009.35478192009,429240.25641798973,-325748.461000666,13482.440635403618
-798153.884297967,4168006.1465231776,-19877.469147115946,3349974.7930780947
45702.05112489872,639722.807489574,160277.99331677705,845702.8519312497
1073760.3001655284,2444764.9357106686,-428360.71137215197,3090164.524504045
1028925.5981045179,4412228.214942694,-27500.156355455518,5413653.656691756
747076.5234388746,6267168.8586912155,480061.52653956413,7494306.908669654
-215397.06388056278,-4871008.918057382,-212871.5216048658,-5299277.503542811
-338460.2968590427,-2463902.5286311507,-680655.5819092616,-3483018.407399455
-758579.0994581189,3203947.701515615,-913418.5456299856,1531950.0564275105
529207.397280097,-16213454.021887988,1510066.7769013047,-14174179.847706586
402168.338560598,-4924155.811027586,-1337786.2090004534,-5859773.681467442
-260543.71560275555,8873338.037397385,-592154.9849841893,8020639.33681044
-64708.98273704946,-3564217.456865728,673307.117724672,-2955619.3218781054
67356.59649076685,-3611084.092570722,648449.1146739647,-2895278.3814059906
-102957.81282137334,-95121.38746678829,709731.3481769413,511652.14788877964
87889.15744690783,786105.8681396246,541913.0806501582,1415908.1062366907
-210708.56228148192,3686166.0880312324,258014.29653210938,3733471.82228186
-275425.8686444964,9499686.663679123,-540276.0126765743,8683984.782358052
-352831.6699820664,218775.44666975737,533767.0455363169,399710.8222240079
-706990.5352518223,534980.3660408854,127043.07005515695,-44967.09915577993
-100122.00166981667,8659166.11493367,-308201.8511445448,8250842.262119308
-544152.3182965983,-4836293.782770693,-477465.5641730204,-5857911.665240312
-86417.41724537686,-1966980.0867102742,32775.284033857286,-2020622.2199217938
706844.3903994113,7429350.8215741515,1026257.011733301,9162452.223706864
90725.63426294178,-1011183.2668274045,-646583.5667418838,-1567041.1993063465
289405.8189042695,-10837770.512264311,-239440.9458245188,-10787805.63918456
171965.97803597152,3808962.6200068295,-727486.6539607719,3253441.944082029
120462.31457996927,-2507304.198536873,557711.3277615234,-1829130.5561953802
142274.42342939042,-9557145.798598647,-108887.69110240787,-9523759.066271665
-232911.31152777374,-2792567.032608062,-19472.662262156606,-3044951.0063979924
406059.0971077122,-3272910.702576965,194554.50929086655,-2672297.0961783864
-46233.481490559876,1074014.4718346,451174.6449166164,1478955.6352606565
332158.904826954,-8093711.990137279,1135657.3671640381,-6625895.718146287
287635.4387209937,5571612.312842071,509684.1185197234,6368931.870082788
-63147.78766100295,-12126338.406740308,-312527.3890533075,-12502013.583454618
-751686.3210490998,10547878.376304865,153102.9873161018,9949295.042571867
-293618.5415166151,6101366.512360752,-633903.3657174036,5173844.605126733
-356499.3059827965,-2016880.4691499472,-187471.63469035923,-2560851.409823103
-231042.01577381417,-3354498.184056878,26102.18172404915,-3559438.018106643
-983573.7424341124,5765119.663076937,-745833.5078187659,4035712.412824059
-24542.59992000833,-156169.14486804605,-56450.75707527995,-237162.50186333433
-224230.1098123882,2959967.5660201013,-33357.939906813204,2702379.5163009
133681.57404300757,-4737464.088513672,318278.96340391785,-4285503.551066747
169907.99752558582,-2548823.5099809766,683069.2890547514,-1695846.2234006394
-292082.07532499917,8046295.67621541,34373.079808577895,7788586.680698989
-762986.908143526,4708192.4638310075,-668672.2371644825,3276533.318522999
352484.8875671085,-7415122.911452562,1029333.9454433993,-6033304.078442054
190371.1439339742,-1687636.149841249,1151851.5089320987,-345413.49697517604
-56125.89536866918,3915073.591122806,-101039.64425799996,3757908.051496137
-96810.9178439565,170707.5722026229,-184600.2394284308,-110703.5850697644
-405316.7124147881,-8017560.1391605735,385532.86221170425,-8037343.989363657
-369237.8864910342,3805165.5856865942,675448.4307217896,4111376.1299173497
-363719.70290135033,473756.83124148846,-100651.85629412532,9385.272046012804
357816.57268925756,-2261974.8314524293,390459.0114195645,-1513699.2473436072
-1056878.491267955,591622.3278675675,-1208570.4632934034,-1673826.6266937908
-314700.1324554719,-4298828.940010726,519054.06039239466,-4094475.0120738037
-100466.20162188075,1809653.5180036426,-68795.70581676066,1640391.6105650011
663017.4744589776,10780021.294903696,-765887.7518735304,10677151.017489143
-432864.25772607327,-3394539.0671126842,673630.3335878924,-3153772.991250865
-337320.6162072271,-6763704.072481334,-780438.3122052699,-7881463.000893831
-452222.6795398388,7368729.835628122,-259862.4982983619,6656644.657789921
-92429.84063225985,5796610.564130902,13245.965852737427,5717426.68935138
-600354.5700544529,8129796.945277154,59320.91943489015,7588763.294657592
-456368.78485375084,1712034.258679688,-361862.24463871866,893803.2291872185
-341163.7083123252,-5360970.4209346175,13958.82669132948,-5688175.302555613
-10319.0084385816,8371559.979781866,-593326.9472029284,7767914.024140356
139713.69868714735,-1437843.309641689,96654.30861990899,-1201475.3023346327
-338367.56437090784,-2674873.276028335,-584670.2616585717,-3597911.1020578146
-204640.6671371553,-8174428.682973385,-1068426.7004799321,-9447496.050590472
-202445.73963475786,-5640061.744946539,-37981.77005973458,-5880489.254641032
-97278.64830131829,14242320.769359916,-588711.3227113858,13556330.798347212
455477.32131544687,1206527.747779429,247495.07593603432,1909500.1450309101
577858.3387135174,9741618.682520568,663668.8624414355,10983145.883675521
437502.38865557127,-3287677.044933498,881980.346387133,-1968194.3098907936
29666.2682293877,-6391309.787356138,292363.58049593866,-6069279.938630812
161023.8523677457,8129311.937458217,-294258.4554128051,7996077.334413158
22982.206658078358,-4441665.051647246,821476.8007981852,-3597206.0441909824
24733.779718890786,3329481.6993878484,-591835.4991348982,2762379.979971841
154531.18910123222,-4826390.957086563,1195745.4796466604,-3476114.2883386705
249115.79159413278,-5567482.059360564,381621.4536740035,-4936744.8140924275
343683.7974841893,5138074.105691016,321130.571270749,5802888.474445954
-966835.5571117233,-14918119.059989363,-266739.5947449282,-16151694.211846014
-255274.43750479817,-2422934.2528072,88854.52826684713,-2589354.162045151
109581.50330649316,1615013.1472080946,8834.838932842016,1733429.4894474298
-92480.01376543939,2102554.7427048683,71944.3304696083,2082019.0594090372
-342959.9766899869,-2044646.3419469,889813.3004807383,-1497793.0181561485
-500964.28450869955,8265848.47405836,-419479.4671305269,7345404.722419133
-173183.4597221054,13109886.520292044,336893.58385431767,13273596.644424256
-241412.0086651072,-3634280.843180239,-317031.84586140513,-4192724.6977067515
-124575.59333701432,-2620841.618661642,223015.16916634142,-2522402.042832315
-309533.70338327065,6166330.540073335,-787965.6905590147,5068831.14613105
-94486.3211670611,5922462.337209284,-898045.2242572159,4929930.791785007
-298097.94957117364,11288533.538907796,-703550.9704577923,10286884.61887883
-274410.39564354345,-1123335.860420227,569198.4595910683,-828547.7964727022
554827.0387042388,-5616423.340723634,387907.80738674104,-4673688.494632654
-275777.6895867828,4835850.359354496,-581740.4540601224,3978332.215707591
72939.37212763913,325591.8119997382,-74699.45780205727,323831.7263253201
215597.92177845165,-3609025.119142294,846152.6093060225,-2547274.5880578198
426914.0994236618,-2735361.21892187,221346.08788470924,-2087101.031613499
-406647.7164688669,5139601.331878185,-671012.3445671201,4061941.2708421983
-24317.463214773685,4515668.845038742,-710667.7953485847,3780683.5864753835
-192188.19888478704,-387200.8185875714,-27717.18512223661,-607106.202594595
-74979.3686386291,43614.208082824945,476357.62666906416,444992.46611326
-31334.76873009838,-9088517.617903471,823411.5699135214,-8296440.816720048
-511682.49043809064,3868921.266916752,-290534.2950511947,3066704.4814274665
-387825.07506161183,-2809483.168119967,8892.258770242333,-3188415.9844113365
17301.039571937174,8756639.815977693,-907243.6162854433,7866697.2392641865
546608.0053776968,-5608781.204648286,-81401.7939742282,-5143574.9932448175
90931.28848568164,5576075.841997266,-142770.47498244792,5524236.6555004995
221503.79611677863,-3022975.044247508,-685902.3345817924,-3487373.582712522
-674486.0829344187,-6302021.825552493,-478784.2823487073,-7455292.190835619
72695.34644864686,-7104576.157905757,-721154.8952210918,-7753035.706678202
-102206.74718590267,-8791918.010648489,-870366.0447524637,-9764490.802586855
-331125.8720785193,412860.00945055485,46168.26537484676,127902.40274688229
683812.3141386583,-3296550.7040161192,-477927.1992820576,-3090665.5891595185
-3629.954349014908,2544195.6584133506,269368.47409388423,2809934.17815822
637772.0245816149,-2662662.402890146,464244.3916236311,-1560645.9866848998
-217124.13623895124,-5151192.438201487,-235880.1735270843,-5604196.747967523
168516.5240028035,3285456.374373138,-389782.2955528572,3064190.602823084
183975.89583906345,-9820499.510837168,-524769.8819046244,-10161293.496902728
-45066.04904663935,2683634.9542468786,-461709.00737662613,2176859.897823613
277199.91510950774,376750.1008093357,210973.00020335615,864923.0161221996
-62565.400143774226,-1694416.5325639248,-786815.5016720444,-2543797.4343797434
-200371.41061929055,-7993920.410389781,-452247.39546553046,-8646539.216474602
-143951.06175212562,1943036.3840777874,-23878.802205063403,1775206.5201205984
711801.8251066357,2529397.56245476,145840.3164010942,3387039.70396249
146139.8864759542,7737455.9563468695,326584.8843349144,8210180.727157738
1518663.5917412806,4177544.636986673,-208827.00077733397,5487381.2279506195
-541154.1126819476,1269290.1914397776,-625354.2679832503,102781.81077457964
-292381.5519793872,-630403.5469874442,-1358080.5758575127,-2280865.674824344
-258597.8652797565,-4817102.128537476,716613.8835908622,-4359086.11022637
89260.11395818926,506277.9899303913,345704.12591026723,941242.2297988478
443777.13256657496,3056765.0812388062,-149504.03764814138,3351038.17615724
320911.0612443201,-1135914.4668647647,1463666.6416503042,648663.2360298596
-543934.2206726931,2304476.1027733684,-947451.2784299403,813090.6036707349
62709.97895787656,-3342753.7014740705,418653.19473421574,-2861390.5277819782
-1068085.878791673,4598922.911637813,-1039741.6253134385,2491095.4075327013
345870.0007170476,652685.8743314147,-4728.15087518096,993827.7241732813
567093.6686876193,7439404.818959475,-261605.60211413354,7744892.88553296
1080252.8667431194,3250532.525475234,841848.9902131483,5172634.3824315015
-78498.67462683655,-3915383.8146524727,-402999.94372805953,-4396882.433007369
83780.19891330786,14875124.031252444,-156835.04370978475,14802069.186455967
-140583.11002433486,12441307.353863299,-1027395.7365092933,11273328.50732967
-476743.96368080936,2506403.2157042325,-888383.9840595722,1141275.2679638509
-490420.40580017306,-44812.65989744663,-275838.19687175006,-811071.2625693697
-224666.79725264013,-4468224.498545349,-492051.8146420345,-5184943.110440023
236229.09416699596,-2344549.571493238,-735195.1660081893,-2843515.6433344316
-5886.999546930194,-1204781.88553375,-347907.4741521627,-1558576.359232843
-10674.437390312552,862657.3988700807,283424.3033149168,1135407.264794685
-830312.2152791005,3192478.9413940012,-773441.1878461018,1588725.538268799
-376386.9079278745,8258197.3924456835,323555.7493055314,8205366.23382334
30565.6015794985,-831857.3635265231,-878755.2784000561,-1680047.0403470807
-41900.11600377411,2877317.1783548594,412754.1372047514,3248171.1995558366
-161708.22690304555,22994.927094370127,-282046.0161409825,-420759.31594965793
-818230.5001078676,-1942085.2430684566,-628806.8777681887,-3389122.620944513
-486929.2747361399,-2169465.2431032658,-914126.8109472394,-3570521.328786645
59571.61462218873,-1601457.6406726837,-920507.4305293038,-2462393.456579799
-73798.23607270047,-3902345.993175,1280218.1197143942,-2695926.109533306
-260354.42135699652,-2289219.5439751744,-496421.28784523904,-3045995.25317741
146715.89166623913,-1879186.1078700423,620784.1464942843,-1111686.069709519
-10684.93474890478,-10962351.340405345,-257052.51754136384,-11230088.792695614
-108061.93764799088,4572593.336123139,253389.40148726106,4717920.799962409
-511540.944345532,-1341709.3418279588,-884847.2047022954,-2738097.490875786
-70749.1135221757,-2809786.150758326,-445550.97221052647,-3326086.236491028
-227487.59630116448,-3710928.2489537,650630.8557712436,-3287784.989483621
1096484.792144755,8097602.103291869,433328.8754256293,9627415.770862253
695238.7148770764,-4924071.158581555,1487540.7758973837,-2741291.6678070948
-1168538.4124022312,14620724.145551324,-1211580.3046844974,12240605.428464595
-828665.0429693088,-2684626.040338278,-1148964.730953075,-4662255.814260662
-813606.6649417598,1288074.7275276482,-713189.4973067939,-238721.4347209055
-339775.976813348,3107081.137124777,-393594.06478723884,2373711.09552419
48889.79946513288,9080456.486922354,208170.3835850358,9337516.669972522
-667868.3056638166,-5501803.381716251,-200895.56106550992,-6370567.248445578
44635.78395275399,7500960.754301608,546919.5662765801,8092516.104530942
-165682.8667000197,437719.9521872401,-861319.3687133268,-589282.2832261063
190841.70793953352,1256964.673547566,263490.47022652626,1711296.8517136257
-876029.4245861862,1649055.6891361475,-1216464.73025392,-443438.46570395865
-145863.84871420264,5941340.542152196,-1138929.3988426477,4656547.294595346
744333.9687681366,-1534641.5580881238,334197.46871708333,-456110.1206029039
-18058.730009758845,-142802.54455956817,-580995.6422284245,-741856.9167977516
-656516.2876187228,4772174.554259479,-43879.346850536764,4071778.9197902195
38632.60880411789,-2429597.855533421,-192385.4607681185,-2583350.7074974217
-145450.55024265125,2900703.0335392654,-90887.60792221129,2664364.875374403
-530666.844138179,3199178.006877482,-1015053.3525284454,1653457.8102108575
560014.8160443939,-7240613.416099608,-233271.3110799715,-6913869.9111351855
39002.03362381086,3896603.0534685254,-106087.46253765374,3829517.6245546825
557286.7497445252,2407629.4472932816,1671116.0961222947,4636032.293160101
-323124.16971536167,-937254.9244309664,-657421.4677079767,-1917800.5618543047
-205891.4639606271,2696130.776594132,292425.7038952261,2782665.016528731
163299.24284358695,3358972.960526198,40393.1936108619,3562665.396980647
-179010.43988827802,166769.7425825596,600237.4356553257,587996.7383496072
-264612.1198570896,-11446797.846394658,290099.918314144,-11421310.047937604
471213.18637383915,-654767.6640450358,-267045.5663887784,-450600.0440599751
288340.6145093832,-897073.0465238094,274498.85966926813,-334233.5723451581
-19888.755560074,1351704.3439677954,-134274.04791082442,1197541.540496897
-366191.51608918793,-4874622.273873091,-648787.0903841332,-5889600.880346412
455029.58498975076,-675218.5095834136,-685575.0180757195,-905763.9426693823
-838829.2673904579,-7208722.4152492285,-700208.3244502395,-8747760.007089926
422061.9819430262,-3327519.342359245,493515.29269610345,-2411942.067720115
-344651.8840231206,1130193.19846946,-702960.4814717472,82580.83297459222
321683.7147938609,-7523265.917849451,211196.10755835474,-6990386.095497236
-253690.81927042268,-6043870.131351948,-1062065.9856681973,-7359626.936290568
744738.6336381119,2888189.29019624,523902.68650159985,4156830.6103359517
-443229.52572947554,-62271.50186535716,-557964.9342601746,-1063465.9618550073
-268491.76926815696,-6398395.371690035,31366.03207553178,-6635521.10888266
89479.3162733633,-253579.6243661642,597520.9873763174,433420.6792835165
575485.4170305878,3007964.8694197536,250982.24477293342,3834432.531223275
-279110.4879796561,1147623.810981989,-810998.6764198393,57514.64658249356
579599.4403900895,6708439.662939459,232199.99271464348,7520239.096044192
270462.9661354814,2879598.4476871192,-291565.7524805367,2858495.661342064
-187052.87119326368,-2283500.599958062,-406992.54145605117,-2877546.012607377
-515626.73409704305,6079775.381102622,-380718.955125995,5183429.6918795835
-151014.79861561768,-6148756.050892413,-402455.5903553143,-6702226.439863345
-315015.2166865356,-1103048.8845310211,-159446.48507726192,-1577510.5862948187
976686.9520340599,-5306517.983124942,428051.5079499036,-3901779.523140978
950681.5265191253,8460489.905793935,768210.9660628438,10179382.398375904
-27539.57197249867,-1810122.7166935802,-598008.7308692634,-2435671.019535342
506984.7367592752,446126.36415469646,-34557.67114878446,918553.4297651872
-106614.25776551478,-5900961.65492779,-491723.2133654207,-6499299.126058726
-88889.96626528166,-4266514.079418272,540061.7739726752,-3815342.2717108782
184716.43587610498,-9290089.203765571,1102858.1243887767,-8002514.643500689
-489483.06084742397,-3741420.1357184052,-1153103.545083478,-5384006.741649307
-252972.52796939388,2758465.665793389,-836955.9855620563,1668537.152261939
357688.5800077021,-4986265.72094357,132471.19195144624,-4496105.948984422
-58336.090472700074,-1383271.2480672896,367395.0356898457,-1074212.302850144
-111194.03816027567,505206.3951982856,-332742.9656904638,61269.39134754613
-563610.2595756799,4158073.5101493597,-2166.2269545421004,3592297.0236191377
-596274.3146892991,5413850.616259068,17243.776955522597,4834820.078525292
309900.66772444546,3966408.4601094723,467068.13597331196,4743377.26380723
-568764.7841317728,2280647.0559301674,-756164.8652916402,955717.4065067545
130545.49585519172,-136676.67946195602,-909055.0317523256,-915186.2153590899
-23377.205345468596,-563066.9420920908,1209649.5572441816,623205.4098066222
9059.541707232594,1159369.76601094,99364.33295595646,1267793.6406741291
479750.8944549337,-7100637.411528707,239118.06845925748,-6381768.448614515
74623.37333926558,1496513.3229700327,182770.79649801552,1753907.4928073138
323395.6549203973,10758601.176813424,532828.1600916088,11614824.99182543
-82533.82934975438,-9068322.542809308,-164331.08487202227,-9315187.457031084
-101710.07577192225,1940898.4154189825,-773208.4702438936,1065979.8694031667
-462301.79879353195,-2444454.419473052,-861445.836352691,-3768202.054619275
-203001.58953551948,16478400.07061994,-118798.5670683682,16156599.914016053
-411414.3820391372,2780363.6527305245,-6211.072951450944,2362738.1977399364
-390505.1393808201,-10205756.136148572,209794.31016889215,-10386466.9653605
8752.333220334724,3210527.164750159,-18077.948955975473,3201201.549014518
241212.92476078123,-837144.0474474728,277047.3666036278,-318883.7560830638
-394888.0560827721,-7448189.660227567,471364.5405678153,-7371713.175742524
-24359.984279807657,2682111.1509304643,-685698.8178639412,1972052.3487867154
38650.87801243737,4925368.693038851,-711917.8938179389,4252101.6772333495
-681352.5558547676,-1115175.5693958998,-433838.35386642814,-2230366.4791170955
-439533.17270463705,-3414798.6280793846,100388.44532780349,-3753943.355456218
-45600.97631279752,2769303.709600508,253466.55149312317,2977169.284780834
-150008.3409643341,331057.67664951086,-66050.66894999892,114998.66673517786
-69824.94997547753,-6249250.879015744,-629688.7944200411,-6948764.623411262
201101.44178897142,3168125.8403669894,287334.6078309864,3656561.889986947
-384150.8498295732,7027066.971535027,-1049025.7300787866,5593890.391626667
475379.11507465877,-1686974.7796372175,69424.86816101521,-1142170.7964015435
775237.6272099689,-2210451.4797152877,69839.72629466653,-1365374.1262106523
-247760.973200934,2039498.867518574,301874.6016661078,2093612.4959837478
806448.840786811,-1360209.3169138432,-363664.57371778786,-917425.04984482
330010.1730183922,1267234.0254318416,-331581.9703499824,1265662.2281002514
-48478.20335325971,-5098440.69681111,144612.5038863048,-5002306.396278065
503839.5311714206,-1048894.9215234816,560955.6059128568,15900.21556079574
-671692.0367554836,3263612.5529375672,-962055.555816263,1629864.9603658207
416981.877197681,-3749945.0105313063,-577877.971235618,-3910841.1045692433
-142023.40262522548,-6921322.164507657,-12756.997562259436,-7076102.564695142
301994.52130854875,-3406825.090661168,280174.1895548552,-2824656.379797764
-624619.5018800944,4672332.627067447,-139863.8166751638,3907849.3085121885
106213.43448083661,1489012.320379287,10817.699543856084,1606043.4544039797
-274433.44686654396,-1297917.6803129315,-499375.0540268123,-2071726.1812062878
83234.0510525722,1000369.9041018188,46725.71592640132,1130329.6710807923
12359.600442107767,-3532489.247755587,-455145.26869460195,-3975274.9160080813
-663200.6362759434,-1539367.028466016,-325955.079764843,-2528522.7445068024
289429.17639038153,992395.141675055,-354071.065822497,927753.2522429395
-228515.1910502296,1086721.3340841532,-451653.6622891277,406552.4807447959
64060.1880522538,9489756.760893166,-147769.30321329832,9406047.645732122
336946.7310535535,2521639.9390543997,362885.2299538776,3221471.900061831
374073.743228849,-8782999.32993114,209115.5614418611,-8199810.02526043
200171.78968652338,-5241081.176952064,-6824.170921474695,-5047733.558187015
283407.80698780157,-945680.2902743518,-343528.47765567154,-1005800.9609422218
303488.4807368424,-3288793.348587036,-357543.96907539666,-3342848.8369255904
-122423.69513900764,-10117809.078134477,-702890.0814480484,-10943122.854721533
-279127.970946325,-11178632.4785738,-374361.74126039445,-11832122.190780519
-418530.8164290171,-4273645.292696834,-1477492.256654568,-6169668.365780419
431570.87330669165,6295254.846788883,1187039.619708173,7913865.339803748
-314672.54657664895,-1149812.1961253285,227409.31065383554,-1237075.432048142
-1126471.5548382662,6841528.796159506,-772966.2288489565,4942091.012472283
-74307.2665830236,-5727042.528423011,444952.1309917271,-5356397.664014308
-228596.28483441845,1608961.7135460377,-648404.6922134236,731960.7364981957
-229149.4524939116,1464352.5751992464,-362931.5524160415,872271.5702892933
303227.40111221746,1975318.538066417,535860.0430895686,2814405.982268203
184299.05592110008,9334204.313294232,807712.3553631753,10326215.724578507
-36387.84691636078,13617450.833702683,-324144.46308390796,13256918.523702415
-460875.93787585944,1482268.6145750284,-12544.490808419883,1008848.1858907491
325527.2767746877,2844464.553936839,-961444.3932609409,2208547.437450586
68174.58341075666,2342656.240162641,3634.519538924098,2414465.3431123216
-553568.5394843295,2621122.0720556676,-473629.55009925365,1593923.9824720845
89515.16627578624,10017006.393998891,-785690.6527880281,9320830.90748665
438902.00656781346,-5613344.971601427,654719.4808062166,-4519723.484227397
286364.30946162343,8815639.855460167,89495.3848106265,9191499.549732417
-379778.23626748845,4625671.866963416,-713126.0732080489,3532767.557487879
-149372.27385154925,-8938429.949845612,-338139.28330830485,-9425941.507005466
426790.8993377257,12795362.778134257,-624523.4138910696,12597630.263580913
-240001.83295734413,9777329.926971376,-447141.2617356032,9090186.832278429
-347099.5213220902,4427454.6388094425,-594865.9078967497,3485489.2095906027
-501579.0418935828,-12517472.420073152,-1512413.2748300582,-14531464.736796793
308908.3814625945,3497724.7938691676,207873.45163299143,4014506.6269647535
-243759.40546455793,-761810.4368762672,360378.0279852599,-645191.8143555652
-609778.3779236451,4646336.490134478,372914.04407277703,4409472.15628361
194725.14663315937,16004025.245767385,-447682.44034425914,15751067.952056285
172917.44041113928,5914555.021566927,22698.4849075377,6110170.946885604
1547156.8442188725,-7260203.248125732,-138362.021094352,-5851408.425001211
194689.564777622,-165005.18357226253,319077.30426632613,348761.6854716856
122865.07975334488,-1148113.109468639,-484738.98203492165,-1509987.0117502157
-445986.91306078434,-4390788.159840107,-374646.3003643453,-5211421.373265237
20584.242193439975,-479747.9815004766,-316548.69512011856,-775712.4344271552
143664.47792565823,-545904.2477049828,216583.53007119894,-185656.2397081256
-43252.8193928916,-4768313.252613187,-779478.7312018871,-5591044.803207966
511310.2954641916,-4786484.794457316,-773690.98150599,-5048865.480499115
-605885.977578504,-7470035.452504575,-532125.2962220609,-8608046.72630514
42806.67404231243,7679143.872956693,-320594.0042584017,7401356.542740604
285341.680406807,6152033.269526899,-309373.5913704708,6128001.358563235
-431381.92343468964,-3091551.7437959313,3640.347877703607,-3519293.3193529174
-70562.36064818501,5970402.557599068,-705006.3232176229,5194833.87373326
-894876.4694329295,2038837.0889258385,-86631.27632821351,1057329.3431646954
787743.1999154091,7983609.899212271,607539.1103618443,9378892.209489524
-68352.98686239868,-674380.3014569879,-138801.12232999504,-881534.4106493816
431916.57053160854,993607.8910369873,-363645.6241504401,1061878.8374181557
229227.1047392916,5494077.786905378,378120.964786306,6101425.856430976
187189.4753649626,-3073277.6705435812,-317917.0380319208,-3204005.2332105394
-565946.7268320713,-207299.97420722246,139967.57586804777,-633279.125171246
-705175.6856425311,6176617.77754873,-393814.16673416644,5077627.925172033
-313535.45969913155,4361974.925316274,-985090.6753614843,3063348.7902556583
-22688.008952196687,13460507.448026597,356968.87838526815,13794788.317459669
-123354.551951617,-3679257.0545018017,197051.17671328038,-3605560.4297401384
-534291.1926195696,2676016.4841623604,-1025945.6184237897,1115779.673119001
496143.4456225354,1818377.9685055912,-636733.584051095,1677787.8300770316
534214.230864659,778271.9151697159,-540512.4909807295,771973.6550536454
-130710.64350774139,-7111351.951974452,-476035.90159520507,-7718098.497077398
-301824.48834215663,-5794979.895090818,-687404.8241321892,-6784209.207565164
470447.1844326351,-3930855.9810961485,7017.987971022725,-3453390.8086924907
513341.2243917156,6689021.019088924,274020.3205672875,7476382.564047927
27619.412338165566,3673456.555611998,-728163.597524099,2972912.3704260644
361034.89999710955,2138384.7333799005,337077.7418207079,2836497.375197718
124180.54121208005,-3657954.2422549725,63334.449648573995,-3470439.2513943184
-80411.10130257905,5447027.03256923,397492.8884698674,5764108.819736518
-535764.9328199308,-7386679.699677706,-877779.4596930146,-8800224.092190651
-51369.65895132348,9986532.384520888,-102871.79724114388,9832290.928328421
-165511.43234156445,-452558.17211571336,-316784.61885511875,-934854.2233123966
289689.2056878917,4347964.928632975,-264409.28727935255,4373244.847041514
845124.8807894066,7703583.139023602,627820.7549831271,9176528.774796136
75577.39542374015,9595522.93099904,-318501.27703535557,9352599.049387425
125902.8306845352,-1506948.7277674675,-121238.2570823431,-1502284.1541652754
-176868.0251964908,-1761403.3410145044,2325.357306778431,-1935946.0089042168
-500558.31785232946,2319033.3796984553,57327.866295427084,1875802.928141553
-981998.7349482123,-3162462.826456368,-995294.7098818272,-5139756.2712864075
-422384.61953511834,9553445.629685253,-879073.1169306636,8251987.893219471
-438888.9330278393,7196040.583522797,-176036.95909693837,6581114.691398019
-235341.52724235132,805451.3927834034,-309961.5991927311,260148.266348321
-167667.32429662533,2067732.3489732444,-280760.6445709616,1619304.3801056575
116146.73721071891,11612503.999163687,-136927.15102236718,11591723.585352039
-662714.3560853228,3778165.871839255,-195554.01883363724,2919897.496920295
63288.02645251155,2013585.7930189967,-570978.5945435911,1505895.2249279171
21736.705575415865,-5628316.879274607,-671512.7852897942,-6278092.958988985
966145.0194052998,-684940.4427651763,218946.49115293473,500151.06779305823
644033.5096547306,-4219275.163090587,-306224.26153678447,-3881465.9149726406
-560551.8828941006,1292090.2809370756,440263.718356058,1171802.116399033
-427432.1991443839,837648.6386691034,-95320.63917920738,314895.8003455121
359441.7399390321,-5068124.62317571,530701.4161798358,-4177981.4670568425
-27176.645800000057,-1362520.9538712502,221460.3198517263,-1168237.279819524
80588.47964834794,249643.83122360706,-713437.2946580425,-383204.9837860875
330485.5798685774,-252755.13509830832,540378.4437859207,618108.8885561898
69267.15780083835,-414701.4535586834,-903944.623680748,-1249378.919438593
374428.7701529376,-6610953.012500286,11823.32074419409,-6224700.921603154
93804.79492416419,1832387.1633292139,8353.066006883979,1934545.024260262
-451986.1232909914,1994414.439992249,182646.96241170168,1725075.2791129593
12539.791439335793,-3145445.387974143,-115862.80604666471,-3248768.402581472
-89903.39229747839,10357966.3134287,-448683.53610524535,9819379.385025976
-71087.40115599707,-5180185.535204411,-56797.60603182018,-5308070.542392228
-877705.786811905,3528360.6229593754,-1183015.2574206889,1467639.5787267815
-167281.88732639886,2580294.9352808297,128367.31275838614,2541380.360712817
261530.89820712805,-1825208.785896659,-150124.68660710752,-1713802.5742966384
-243949.43279842846,2052732.3480977416,197077.6995157525,2005860.6148150656
-338571.5136122592,5496013.021336079,-1073219.9127538353,4084221.594969984
-455497.9433872048,4774125.440311313,150820.8135887161,4469448.310512824
-660551.1978172846,3253137.720791638,-670107.9741705209,1922478.5488038324
1026421.4180437736,-601481.2330253124,399451.8011563122,824391.9861747734
-24199.433992849663,6306418.246057451,977072.1604711339,7259290.972535735
168904.50031602196,3175616.602463186,-1218314.990167424,2126206.1126117837
-565024.314595731,3761763.9414052367,-911141.7617024258,2285597.86510708
319783.7042851392,-4436075.365425676,644163.5236332491,-3472128.137507288
860171.2697761208,8305129.138302565,1203643.9905736595,10368944.398652345
-32242.094664547592,2703336.02988863,-586386.7801913768,2084707.1550327055
173177.38916240074,-1774571.2041392922,387399.65393589437,-1213994.1610409971
-94417.39744665474,-5529561.049413264,-664477.587855354,-6288456.0347152725
-614458.5524513666,4287898.315195084,-559743.1007112935,3113696.6620324235
-98056.85829094425,-8716624.84217298,-76899.26222810894,-8891580.962692033
302857.9292111881,4094568.9044236243,-89256.37328761071,4308170.460347202
167885.4776713159,-9602510.582690746,-747949.7251596451,-10182574.830179075
-179048.88863912597,8436604.190986365,-184932.50113608688,8072622.801211152
-851096.2221500259,-3651041.2456721365,4083.4845189601183,-4498053.983303202
188913.71990863048,-2480613.543759644,-266503.359893322,-2558203.1837443355
29315.874215856194,-6587595.713460624,208219.4233211726,-6350060.415923595
416889.4756350927,-14260787.231882364,43560.43835901469,-13800337.317888256
379445.60140097886,3543138.2684052587,939795.6899525076,4862379.559758745
442997.2346987445,-1976651.9038425088,115377.91842137277,-1418276.7507223915
1443268.6644963268,-667118.546128571,-298129.9605669528,478020.15780080296
704761.6382038593,-3902329.1044038236,339318.2326839119,-2858249.2335160524
-18203.338765375316,1915485.133511275,85697.68771532178,1982979.4824612215
-359413.97740682587,6449901.780177146,613528.8361198306,6704016.638890151
-452638.5625243541,-6057387.365375251,-406514.9175937548,-6916540.8454933595
-113423.18950369768,4714164.294080168,-209768.0919352919,4390973.012641178
412879.19510989264,1801076.6463937461,-58636.55231318623,2155319.2891904525
-405844.48498004116,3060322.296490729,-473905.67272233963,2180572.138788348
-90609.5059434101,-2873835.8306755424,243367.0864918232,-2721078.2501271293
69940.6206251271,1070986.4190016687,547564.719572559,1688491.7591993548
-70001.03997768834,-3202844.647634357,-302095.51201735437,-3574941.1996294
-631933.2588126268,-8569937.54215312,-1264093.1341975331,-10465963.93516328
-134156.23027944937,1595930.5990231633,-600440.6094041094,861333.7593396045
-508940.7904074937,-368848.9992197156,1344530.3685767502,466740.57894954085
449975.6655380763,-2475695.574524641,-332972.96051784605,-2358692.869504411
806818.446086634,-33085.411333203316,233736.77022598684,1007469.8049794175
430165.64843101054,9860396.788799345,173801.57241728157,10464364.009647638
-464004.41164052114,8790489.55321747,-169420.03286530823,8157065.108711641
581561.9616020881,-1836517.7310004234,853574.0327970311,-401381.73660130426
503767.7227326073,-4220423.2020769715,-644009.0919978023,-4360664.5713421665
808257.3043414652,2630936.709850669,-156047.4653801173,3283146.548812017
-279579.13815086335,4327976.907495618,-476220.52342157066,3572177.245923184
-331874.67390676215,3959937.972949177,550866.8447061926,4178930.1437486075
174202.69595849141,5179453.614884913,739660.2857026458,6093316.59654605
-395643.4076198675,707764.8711271286,338875.0637523383,650996.5272595994
-664669.4015130196,4930326.929313898,-251823.20386832207,4013834.3239325564
321608.63856208324,2117006.74099192,-682542.7836919278,1756072.5958620757
293106.7393894736,-12257679.208491206,159849.63005150855,-11804722.839050224
391379.78191350773,-2524685.1647943854,-88901.56871733814,-2222206.951598216
538670.5934314188,-12008349.486282825,-72302.47745168954,-11541981.370303096
219729.95376862027,811407.3604357243,52260.326666012406,1083397.640870357
-196908.31937534362,9466025.652342916,1161649.6533537805,10430766.986321352
-252053.18252302893,-1313008.4159145355,58302.75376930833,-1506758.8446682561
-85835.3695217967,2012786.4838405848,88257.05067683756,2015208.1649956256
-323654.51641148515,5174563.537961274,-656766.3558344916,4194142.6657152977
-205042.77108555846,-7420561.483159989,-275086.36003412306,-7900690.614279671
-514775.5917808991,-3444535.5589745045,64416.742823287845,-3894894.4079321157
169768.87123730406,444612.433382988,433809.02395717055,1048190.3285774626
323440.02547861636,-7195877.174528688,-180054.8846695423,-7052492.033719614
621033.1076365598,7029426.108397514,1022044.4299145415,8672503.645948615
45879.14849879965,-1902551.7682044804,840175.3222602308,-1016497.29744545
15457.899415887892,1174632.8861163557,-1682048.1941669807,-491957.40863473713
350495.9597826153,-2211245.1373087764,-620793.9110711515,-2481543.0885973126
848073.6945334077,4284391.804669976,4856.55808519572,5137322.05728858
455462.71236078814,-11818652.21491751,-229541.03960479796,-11592730.54216152
-297381.4215504974,-2467248.597917855,474711.5362666249,-2289918.4832017273
-100992.70909293368,-8217009.765512645,65274.33339961618,-8252728.141205963
306187.9169094302,5733774.797139108,90056.75263484567,6130019.466683384
382866.6697137598,-2554487.9072026014,-794343.2659287602,-2965964.503417602
335516.68669248745,12537630.046928465,-328244.8703716621,12544901.86324929
-314698.93516137823,-4549006.481369615,517635.26306243986,-4346070.153468553
164895.40330068022,-5045714.439634353,-720657.3849327788,-5601476.4212664515
-436151.1913399566,-2671765.2553794384,-841112.0666214377,-3949028.5133408327
191078.30035547912,5635056.087086201,-93397.69098617136,5732736.6964555085
-224061.48559827358,4602600.403702527,202273.98752326518,4580812.905627519
-81404.13854723051,3209173.806325376,-236128.36565178633,2891641.302126359
-163061.34723242745,-3601601.145863086,-692951.5531603843,-4457614.046255898
-225842.7420856431,8724610.695160627,-390876.6346790865,8107891.318395898
-264239.33276462555,8661059.461069942,408897.99070297927,8805718.119008295
-8850.237990071997,-4185251.2753162384,799168.6696974561,-3394932.8436088543
126731.78672451898,-2845762.642573595,42094.000286862254,-2676936.855562214
-219674.22626687773,-6887677.955214798,-187246.04649956524,-7294598.227981241
-227477.93385018967,46523.8697180748,-118185.06193808466,-299139.12607019953
448865.7942288928,-1384852.2735019922,510500.5098737553,-425485.9693993442
-192431.97809708118,325605.4450548887,-462924.94295953214,-329751.4760017246
119130.44426682964,-5816076.146050036,-495805.4328672588,-6192751.134650465
-53392.16616826318,-1748009.642579496,-63039.6945291087,-1864441.5032768678
371103.4887479227,-3139038.8140245676,17072.62102815509,-2750862.70424849
434235.1695074588,6058000.985628843,1004327.0953454822,7496563.250481784
-550801.4975815099,4238015.448382318,-948278.4253429025,2738935.5254579056
902771.7600701917,-13412556.581941694,990176.5058134794,-11519608.316058023
-84110.12508224882,4079658.620268643,439868.8580840677,4435417.353270462
-649643.5812522471,-2753623.0352010727,46210.8144909963,-3357055.8019623235
157907.35864373296,-17841130.328146696,262928.000635691,-17420294.968867272
247614.9677293785,8463950.646982223,-732113.3964717835,7979452.218239818
774280.0504871029,-9650356.698362231,550072.486492686,-8326004.161382442
356170.08618409187,6949840.472100794,-385244.0092856139,6920766.548999272
-131222.36152361147,-1933576.1938275695,113924.73382687569,-1950873.8215243053
-455264.3111937791,-3566427.6441990137,-1323467.3029845133,-5345159.258377306
682563.0370434616,10489944.100668728,633353.4650563523,11805860.602768542
-133168.95685315318,-7645687.258948803,588278.6705800071,-7190577.545221949
126766.54680582322,3133358.1783952117,-759934.5637502968,2500190.161450738
233320.63895887882,1686370.1890155077,-246354.47179355472,1673336.3561808318
569120.7462496255,2617907.431226313,376193.3212185353,3563221.498694474
-131573.59330510534,624001.6844522655,-1367965.8893046826,-875537.7981575225
-367403.51913841255,-11788831.736380875,141411.0303772986,-12014824.225141989
-917930.8540862761,601781.5382524729,-341209.6629721895,-657358.9788059928
16579.09005832672,-688821.8567247987,782945.0582972467,110702.29163077474
221523.48902910948,-2774938.1127265096,-948773.055497691,-3502187.679195091
-620665.9911901634,6150386.837357819,136851.85581246018,5666572.701980116
493264.8479363825,6285415.337724984,-271541.8410893753,6507138.344571991
294934.823968878,-6869380.732059687,-614455.5841856599,-7188901.492276469
616563.3242741432,2569877.2978616655,419348.1522297263,3605788.774365535
173099.20831802674,-390272.4143015146,905283.686313577,688110.4803300891
826251.5681688935,-3254580.292106271,264601.29666813463,-2163727.4272692427
439786.8332094401,557926.8704346418,561190.0056164563,1558903.7092605382
129333.95573179051,-8221845.909573674,695904.9456952065,-7396607.008146677
302866.4261195436,-658702.8399311602,-146709.83979269117,-502546.25360430777
-83143.36321156844,12029604.508919954,264678.1378594339,12211139.28356782
-250557.3519379925,-8130533.12468195,-327979.97957066447,-8709070.456190607
-98959.13114593923,9367624.597605556,-1301074.1614191383,7967591.305040479
-426359.52622596547,566233.725579083,-441388.69367916137,-301514.4943260439
-92664.59133622609,-8249696.916359752,894574.8843052983,-7447786.62339068
-1417.2154506351799,-181269.53702187538,163750.5930187255,-18936.159453785047
-205565.93624764308,-1366685.5103949904,44334.34781052172,-1527917.0988321118
-319302.4989120979,-4466940.596386671,-283294.68742747605,-5069537.782726245
-134726.71172952093,5672214.036385655,-208102.86355391145,5329384.461102223
-174121.979970254,-9739181.59660983,-585122.05746454,-10498425.634044625
581537.0387979802,2158458.655635208,346006.42525397986,3086002.119687168
-19495.57645286806,28463.28343528509,-989344.3827260435,-980376.6757436264
-287797.64745537564,-9200157.915168226,-305669.13857797533,-9793624.701201577
436760.3568604514,2300437.531048417,451740.30522722006,3188938.1931360886
-143672.0421603676,-524801.8092105389,-350124.5531753972,-1018598.4045463037
198294.53394606337,-5452950.394944251,-62527.369063191116,-5317183.230061378
429954.0822697878,-688061.9984112382,-59826.749130263925,-317934.66527171433
-325282.0293467138,-1924841.0748622417,-44372.3950759843,-2294495.49928494
-343809.9518568516,-4995499.170979857,-405306.31290623546,-5744615.4357429445
-438849.45855771936,827914.9883993268,-965192.999248296,-576127.4694066886
554713.3376177102,-3030383.60963884,424625.36820319295,-2051044.9038179368
-74139.1593545936,-719381.7505755424,176802.47754193097,-616718.4323882051
-205658.54925183393,4229193.682872117,183691.5952913761,4207226.728911659
3660.2151889111847,8241228.276442617,-44658.625745519996,8200229.865886008
319424.768737955,-2546404.3577973843,59787.02704927325,-2167192.562010156
131835.7528802976,-13692140.758736402,348490.33150212467,-13211814.67435398
-708116.038900638,-3006319.420809865,-529132.4322946668,-4243567.89200517
-122660.36856573448,5394343.150772601,-935915.321694389,4335767.460512478
-250201.99952682853,647452.2874397337,325398.3927142173,722648.6806271225
-29511.87501232326,4900996.492514372,-1012280.5961423665,3859204.021359682
60569.60843123682,1369627.8509349227,525442.844784826,1955640.3041509856
-324475.4312604219,3202721.2097318172,-9757.49466612935,2868488.283805266
182650.286310751,1248001.8233645558,-428249.98819963634,1002402.1214756705
-838816.6870419309,-485778.01006138325,133793.6886210218,-1190801.0084822923
-66716.22818515077,367413.4190803766,507918.8182128668,808616.0091080926
-184054.99556394853,-3491137.2318890095,-23822.913364499807,-3699015.140817458
-411533.6789330095,2704295.313596815,406451.6334875971,2699213.2681514025
853489.8364784587,-16926607.853612214,-157923.4370265603,-16231041.454160316
1025611.8350077141,734962.8284451365,2109154.539135903,3869729.202588754
567965.1632362287,-57154.93426883221,841816.317223087,1352626.5461904835
-236232.65157629363,-2335564.3763721585,1476719.0444265231,-1095077.983521929
298331.26473915577,1670591.7776941955,-693506.4050982296,1275416.6373351216
87248.70717416704,2159071.9464304447,-37178.16495092958,2209142.488653682
-113453.80452569202,-456926.9304088056,674987.7394187674,104607.00448426977
-674681.7281781547,2416524.204360664,-28819.65725389123,1713022.818928618
148893.87251764163,6314813.899098873,-155971.42716948688,6307736.344447028
-296107.15020585805,6041234.422252595,-510287.17656701803,5234840.095479719
-15698.707885658368,58834.37431669235,-224233.9977499172,-181098.33131888323
-683917.8562356066,5495797.165676653,-141901.5680092275,4669977.741431819
-1456154.0892973281,-12779332.382812738,-1852776.8934785128,-16088263.36558858
812387.8090637941,13255412.861842752,384063.50424385816,14451864.175150404
-464521.05920339935,-1203130.3147205114,-739574.6247137934,-2407225.998637704
-268645.3729886692,-5143990.561828017,-10941.406904891133,-5423577.341721578
244627.17284706794,-12696496.75039211,694157.1592888832,-11757712.418256158
-35380.67905024253,7024496.997903496,619513.1118187606,7608629.430672014
-98876.9513368588,5535619.316550553,-79462.37061585486,5357279.994597839
119478.37170119956,1477545.308947146,117200.07767035812,1714223.7583187036
-90520.64733413048,-7072927.24023962,-962002.6847497821,-8125450.572323533
186531.19068494253,9408.511734008789,149414.42718440294,345354.12960335426
-14825.69062532112,-8806011.67699349,157112.06927563995,-8663725.29834317
-13440.978546703234,-9983375.6426768,-537623.2008999065,-10534439.82212341
77788.3400512375,-4913810.7919486165,-523868.09428782016,-5359890.546185199
291480.81477777846,-3918880.013534367,-78459.13905744255,-3705858.337814031
548127.903033495,-980484.327801466,477012.01190946996,44655.58714149892
491616.70693578385,115106.1989659965,466773.17135840654,1073496.077260187
-120762.85075272806,501318.6466489434,-121429.39432021976,259126.4015759956
80319.78742840514,-2816035.9476233125,-390405.3038069606,-3126121.464001868
-132569.46322685853,917050.6313485503,55583.56839554757,840064.7365172394
-441021.77551276237,-7664958.762729168,-132671.3674658984,-8238651.905707829
-171724.36185974255,-765086.5297694802,-52551.62708672881,-989362.5187159516
291033.86041101255,2763853.1943785846,-751431.7922326475,2303455.2625569496
217724.18122540973,4877146.424433351,-95147.02329963446,4999723.582359126
-252597.02552920207,-4295563.233389318,-386941.57553368807,-4935101.834452208
-462677.1161083523,-4391841.57360822,103106.62883741409,-4751412.060879158
160963.55464438163,5299401.39684853,-49607.198898136616,5410757.752594775
790286.7000170089,-9445295.227817833,423140.08608305454,-8231868.44171777
1089984.172277633,-4590823.690651268,1651087.4345072955,-1849752.0838663392
-148783.38093591295,5743885.0210620165,623250.1058457345,6218351.745971838
-43515.180843904614,5810040.7276626825,-305190.44022867084,5461335.106590107
299000.9192840904,-5715865.629534274,871958.206501916,-4544906.503748268
122066.79616102763,-3019036.9075011015,-375437.54344145954,-3272407.6547815334
-379263.1680087503,4418557.603421688,-802854.8927426934,3236439.5426702444
20796.228843631223,5082579.235691965,627233.9957945198,5730609.460330116
-218543.95597757213,1083709.8584564328,-813643.7513485998,51522.1511302609
-413249.03527054377,94512.3699016869,416968.2480894029,98231.58272054605
505913.8132930249,2086980.4480246902,193505.4822427556,2786399.7435604706
-170448.34977407008,2401651.9589957,153149.26350945234,2384352.872731082
-311730.16649526544,-4618214.672721922,-256072.5666566193,-5186017.405873807
-357275.4673891533,2191152.6874369085,330116.35354254395,2163993.573590299
-58977.25983307324,4803864.582866073,-866479.7330195233,3878407.590013476
-292403.7941306159,15578628.732679665,-804082.470364362,14482142.468184687
-972316.8161304798,-4952892.218917131,-509948.885749422,-6435157.920797033
310984.03679955006,4484630.923893154,449626.2949869782,5245241.255679682
-299731.9165627174,4607552.243729502,-299515.8996781334,4008304.427488651
-440839.35267396644,-3449202.94561854,-1123703.5022371784,-5013745.800529685
-553855.6518428437,162545.92556160688,-1240711.9110632762,-1632021.637344513
-314661.0652688723,821931.890575707,-1171089.744258657,-663818.9189518224
789760.9227692187,-6487354.157985121,644942.6360122561,-5052650.599203646
150326.03561393172,3590815.604651451,-164457.58926348388,3576684.051001899
387582.3879577145,3983302.6871621013,-342395.7051227242,4028489.3699970916
517250.5724268928,-4225956.252013683,470055.4058129266,-3238650.273773864
-21374.248899301514,-1938568.3509814143,-501649.285987705,-2461591.885868421
-80772.61848009378,1589803.1907178164,63353.73427512497,1572384.3065128475
-134031.24949046783,3808840.0065711737,-536853.4080552384,3137955.3490254674
-30401.27280663885,-6649622.911215931,-1074571.5064192861,-7754595.690441856
173244.48300153762,1531116.066619873,180508.0940142572,1884868.6436356679
-231047.288631415,3805129.5656570196,435015.5194539651,4009097.7964795697
-254033.37509506196,-1578160.4561588168,850255.574973844,-981938.2562800348
202759.8699382916,9442947.966639757,1253557.5182111561,10899265.354789205
-466977.16724205203,1444987.6491675973,-292964.77411419153,685045.7078113537
152947.99516186118,2194917.85597232,-718151.4188400656,1629714.4322941154
68740.85133636557,1691175.8918299973,-63268.51528029889,1696648.227886064
-558112.4593054522,-2772664.652996987,-768547.3859089687,-4099324.498211408
241566.74204963446,499710.4970329404,-1015116.6028715968,-273839.36378902197
236670.06864546053,4154638.3136930466,316135.5109230727,4707443.89326158
-585131.259859588,-2096567.8481909633,-890253.991880782,-3571953.099931333
260927.82843480818,-5486608.331943095,-310964.0281146541,-5536644.531622941
279835.543796828,-10425374.101033986,90153.026625067,-10055385.53061209
869517.6117052007,1002386.7111797035,113299.89619874954,1985204.2190836538
-286482.97320293635,-1412062.4701365232,-64065.112652391195,-1762610.5559918508
-207218.8996374961,3091711.196440816,-37470.33566734195,2847021.961135978
-442587.19328348525,3720376.03206259,-2280834.001682438,996954.8370966669
-588088.7994347923,-2348403.2718818784,-1165947.268257454,-4102439.3395741247
264619.7959024031,-4784686.093824267,-240956.90320916474,-4761023.201131029
-566843.0758903623,-8332419.757716894,-912133.8737850338,-9811396.70739229
280757.65251934156,-1705169.9830371141,161857.12039332092,-1262555.2101244517
432927.5235021841,-2429587.359656453,-99908.6207049489,-2096568.456859218
-227044.88715731166,4770645.486072302,-663595.3482840508,3880005.2506309394
-882347.5301014241,16007731.00998032,-891054.918598108,14234328.561280789
-478872.5910869632,2295094.382273257,643717.3289579824,2459939.120144276
227335.5972668305,7175589.855407506,225142.84285537899,7628068.295529716
-106643.35622298159,-5147743.267797053,583447.7784319818,-4670938.845588053
-381018.96694257855,-3792056.731607437,-385555.2402602881,-4558630.938810304
-135984.7530781068,-3503093.1250579357,475637.37564851344,-3163440.502487529
-447836.1429845486,6582731.01599443,-254452.94763682783,5880441.925373053
96511.706662843,-2235099.5199127197,-1153029.6300144196,-3291617.4432642963
49163.56741956435,-328192.78068208694,1206847.2950143367,927818.0817518141
139342.6360566374,2563597.595189631,1542.4587597250938,2704482.6900059935
147844.03134886548,-1590531.3358072639,-437537.84060720354,-1880225.145065602
81236.30161808431,6466116.770830512,367972.95790447295,6915326.030353069
259386.83721444942,-9979600.832634151,-413007.2177759558,-10133221.213195657
-337945.86031311564,-6552133.350773513,-741965.4282837957,-7632044.639370425
-296774.3932625968,6530042.674742341,-106248.90926258266,6127019.372217162
-217882.46718166955,6366722.127162784,-568380.1622892469,5580459.497691868
3359.267861539498,7500719.077192903,276199.444224298,7780277.78927874
158883.08011081256,-1565896.8145629764,189151.84127622843,-1217861.8931759354
494116.358390823,1787920.2587437034,401218.5674176812,2683255.1845522076
107387.78224159405,4895963.860595465,-331844.6795412749,4671506.963295784
288848.96530373394,500775.06058371067,414459.861598894,1204083.8874863386
191726.72606747597,-1706646.7567870915,231699.09278910607,-1283220.9379305094
-120949.17649912089,1856007.8951662183,399965.72896547616,2135024.4476325735
873543.0025608707,1190514.5116570592,243841.1474338621,2307898.661651792
-9029.907557008788,-6262311.637948453,451314.7139159292,-5820026.831589533
-225298.29687232152,7455461.74892813,-735079.1630877852,6495084.288968023
-55311.65926635824,1715356.6447538137,-146075.47247448564,1513969.5130129699
1296893.2395073846,-1979905.4958972335,705018.2091242224,22005.95273437351
135763.44869687594,-6633544.123671472,-101045.68718701601,-6598826.362161612
-28267.20800758712,4111700.673686087,484033.5695600882,4567467.035238588
73760.82284419052,2750213.2143719494,-316488.7078530416,2507485.3293630984
614136.3608843684,10936379.03366226,699948.8465764225,12250464.24112305
69085.74570569955,-4895970.802826494,990337.6068305969,-3836547.4502901975
-315903.67318955064,4612192.3690795,-794363.2845535576,3501925.411336392
340338.454128176,-13751683.70589903,1046515.6402104795,-12364829.611560374
-53994.139629146084,2064781.0712388456,111586.72730320692,2122373.6589129064
59799.80775998719,1640698.1415651143,-641671.9645265788,1058825.9847985227
-155118.18682742678,-4051720.1037389934,67189.71054531634,-4139648.580021104
-246844.1694838386,-872421.8510089815,-560405.9003471658,-1679671.9208399858
927142.7623817809,-587931.2458979487,263533.5741003752,602745.0905842073
-66301.22106295452,-2443491.188351661,669973.9286066592,-1839818.4808079563
498825.5946644433,-13808208.998318255,1043757.5592171848,-12265625.844436627
-95292.83503523283,1951081.3114539385,-379277.3232252151,1476511.1531934906
-285723.42258174904,3307976.617889762,-745723.0147073865,2276530.1806006264
557946.7161619887,-4494876.416398108,-72391.56235772371,-4009321.262593843
-123043.71932834387,811475.2113573253,-108264.39503804594,580167.0969909355
530232.227418324,4193658.1652610004,666134.4483080879,5390024.840987412
53586.51000297256,-940124.4390447438,-975923.1810007244,-1862461.1100424957
-212246.0777643025,3719459.210325122,-165898.40618997812,3341314.7263708413
-47975.11112190038,-3156105.4633363485,-275105.72468170524,-3479186.299139954
121493.45460619219,-100386.75858071446,114982.65036176145,136089.34638723917
-260413.83493470214,3834149.635888815,394580.8003173843,3968316.601271497
-179040.1143765133,-9374818.317943335,218756.0199875161,-9335102.412332332
-272189.1401114296,12999522.76880747,-479067.20087499917,12248266.427821042
20508.700351050124,834814.7920969129,53892.18886098266,909215.6813089456
-967773.7894339282,-3966529.6655766964,-428203.1745379269,-5362506.6295485515
-14638.309049230069,-11851557.693037808,-537877.1906124204,-12404073.192699458
-18602.353325072676,6616310.512362659,-28962.840478867292,6568745.318558719
-48354.77162949927,5131130.922531784,110148.00329045206,5192924.154192736
-129094.45665162057,-468698.4456606209,-578867.8766127825,-1176660.778925024
286208.29753088765,324677.247658968,-82690.09134377539,528195.4538460802
-83671.21689968929,663392.4410806298,-326788.5640390292,252932.66014191136
-511397.9217854906,-6954214.811888695,-730673.524765417,-8196286.258439602
-128137.75404046662,11968429.34922415,-808944.6566466987,11031346.938536985
-83553.1539617721,8292870.92212081,12885.176813051105,8222202.944972089
38292.51313512772,-1054070.1062756777,295004.44708509743,-720773.1460554525
481359.1204721555,2017575.962215662,-539826.7969785929,1959108.2857092246
245794.54475332983,5332986.434014082,8518.441039070487,5587299.419806482
-577840.984822819,-10479414.48208052,-358871.04589802027,-11416126.512801358
-136508.62540245056,-2777542.918657154,1279171.2908537984,-1634880.253205806
-293875.4050961677,-7591146.180285722,-474082.4909822792,-8359104.076364169
478522.41360806115,-4135007.7737588286,396725.86885613203,-3259759.4912946355
351380.08249798976,8293933.414949864,70502.85933218896,8715816.356780043
557039.7204686068,-5322595.737905502,-212260.23181904852,-4977816.249255944
-490222.0795285478,3790597.97638309,-351896.63854418695,2948479.2583103552
-661479.2704703547,2833735.3719973564,-1004994.6980454326,1167261.4034815691
-758525.7141650803,-1834788.0879743695,-100025.8789550364,-2693339.6810944863
-392261.31581167877,1837914.9637081623,-42645.50494641811,1403008.1429500654
730645.5930725634,-7855628.3027665615,211735.57269245386,-6913247.137001544
354073.9005840514,-12142223.815937966,843269.9186009914,-10944879.996752923
-235655.67007353716,8034266.265043259,-621209.8239077777,7177400.771061944
538815.2891040407,-6599182.3427993655,1069789.7948290706,-4990577.258866254
-112430.36830901355,-6871618.937329322,-721784.8147556484,-7705834.120393984
-483643.79615041055,4459924.244679689,-324541.6734255776,3651738.7751037013
40232.532098561525,5392670.5928120315,12855.234356962144,5445758.359267555
438953.10711774044,-2716536.7673519254,-581975.856168136,-2859559.516402321
68269.27873902209,-2906121.4152911305,-65489.56292266399,-2903341.6994747724
-97169.55096555315,3846284.9371603727,232241.5233154148,3981356.9095102344
1055287.455845138,-3341935.730879605,-117832.22051261365,-2404480.4955470804
-1274390.573729679,1697595.6545463204,-878972.089193128,-455767.0083764866
-962971.026230678,-2466650.8330848217,-652805.1627217159,-4082427.0220372155
923730.3309739362,1027846.999902904,369356.33363331854,2320933.664510159
260821.3291583173,754692.1197260022,-109573.67372316867,905939.7751611508
767168.9710966833,-5041284.784018993,874237.531446442,-3399878.281475868
590801.9609434344,-8115332.850155562,567981.534228541,-6956549.354983587
138445.15715403296,-7639717.754373312,18814.15517861396,-7482458.442040665
286010.354308445,-11323492.851152182,346828.7617445737,-10690653.735099163
-854394.825152915,5453944.564021289,-543882.2424048111,4055667.4964635633
127947.81501593441,4808146.426019669,-508502.06432907283,4427592.17670653
-131825.19370261393,8959719.638533771,-1334800.7529124096,7493093.6919187475
-175213.88696264103,19160473.971670866,-10545.899539805949,18974714.18516842
210086.74022039585,7798695.811609894,-407418.8892625347,7601363.662567755
214949.11566706002,-10641998.803719282,-81160.06880900264,-10508209.756861225
188584.701540675,-148132.54532206059,589915.7978236079,630367.9540422224
240647.4908566214,-2091281.3171520233,204694.71538303792,-1645939.110912364
580281.08213857,1200382.9561069012,-171981.3222284615,1608682.7160170097
-348524.2914266754,4547304.0271066725,-626863.6190773249,3571916.1166026723
249327.07992350683,2005129.2554240227,538255.403087616,2792711.7384351455
14427.487951107323,5269128.0285998285,-83043.33030001819,5200512.186250918
-686728.427787615,2747593.5250772536,-685978.8459061086,1374886.25138353
-274270.46212159283,-10171199.15437591,-610518.7469936684,-11055988.363491172
581840.2852513846,1209936.5731130242,1043462.4606721103,2835239.319036519
284779.9039645642,-3975187.164935857,-122658.63349416852,-3813065.8944654614
209701.96211187728,-1257893.2116971612,34499.754491224885,-1013691.495094059
668476.2893597092,5106105.401488721,1251209.1231771484,7025790.814025579
-158911.6901087202,10696266.362257093,-749961.9325404912,9787392.739607882
219571.91989459842,5656009.569308847,-541092.3551539555,5334489.13404949
-122722.59151425026,-216501.0772446096,-244064.45269587636,-583288.1214547362
443749.59294642136,78773.21745663881,723091.7318817675,1245614.5422848277
-525161.8391457759,7259105.875274509,-127708.2509508431,6606235.78517789
77268.308683509,5944586.576481938,393841.6867826283,6415696.571948076
-360456.076895155,-11413101.80233398,-286464.9552135542,-12060022.83444269
647032.1624389831,-4863143.206081688,516959.3677593097,-3699151.6758833956
-150266.03016993403,-4085746.1213105917,-620962.2040597498,-4856974.355540276
-151256.92717397213,-2619391.385873854,375501.4300596118,-2395146.8829882145
-353239.09291400015,-942852.6329543293,-1071369.8370252699,-2367461.5628935993
-114225.1112082582,1811694.7209461927,158681.9525917098,1856151.5623296443
1069895.9059213381,-4117059.2790108025,110903.94795167446,-2936259.42513779
140214.7635036409,2392590.05532372,-224488.05207098275,2308316.766756378
1709374.5371029042,-1694636.9328929484,1225342.091936916,1240079.696146872
84414.51356480457,-1765553.6211907566,430930.98655254394,-1250208.121073408
-547144.8917920273,4886528.9444471,-719939.0939694494,3619444.9586856235
107473.04110851884,2250246.455950886,-44577.15107925236,2313142.3459801525
-251482.70336451195,3044783.039766729,-59509.84763112664,2733790.4887710903
-181602.813536359,-3834016.6198780835,-145456.2488361895,-4161075.682250632
-604293.636037156,-1741582.2342910469,-1000900.7231613845,-3346776.5934895873
284371.2223653253,-1870803.7763494253,-84427.61503957212,-1670860.1690236721
-482788.1932103131,-7838142.5846609175,-253954.60524311662,-8574885.383114347
-378835.7549476046,3266635.9156214,-428526.51463885605,2459273.646034939
974631.0747255385,-2116874.8600461185,-929427.9438686445,-2071671.7291892245
425601.3583446946,13942433.994196862,227390.09874285758,14595425.451284414
230186.26072168536,8482873.385252595,-320825.28773638606,8392234.358237894
7672.045213097706,2466840.3304874003,287889.9653669521,2762402.34106745
344406.68857460655,-3992537.8164039254,-79.75613588094711,-3648210.8839652
-1327468.6022198834,-3376350.6801801324,-544788.054433234,-5248607.33683325
80590.00699345209,3026969.9145942926,-670286.6557051241,2437273.2658826206
228718.48128188774,5929833.088084787,691988.0824157596,6850539.651782434
-437277.4245878607,5658854.669962704,-180301.9022255838,5041275.34314926
-503265.1318820957,-4197583.330566227,-973848.637947686,-5674697.100396009
341332.83854599483,3066179.594617218,178253.02730890363,3585765.4604721162
-818141.4292456843,-786285.0833263695,-238483.6237077266,-1842910.1362797804
377657.63761634193,3695261.1871950626,-631492.3030690476,3441426.521742357
568077.7479908857,-4861632.754466236,-310706.3634111881,-4604261.369886538
114791.8836673256,4783196.9001998305,-158411.72569914907,4739577.058168007
-129067.48146531172,3422693.7950400114,21821.167278259993,3315447.4808529597
-462392.7718897052,-9228473.256880045,-467646.493798621,-10158512.522568371
-610963.8544302452,-1934827.1842823029,598146.3641455695,-1947644.6745669786
216449.87538436055,-7396524.347728133,-88117.89756023884,-7268192.3699040115
-704726.9645525627,-3308527.5994654894,-770412.2090356499,-4783666.773053702
-41592.84736361541,5485904.327843547,293431.97076352686,5737743.451243458
-703563.1221253593,3916223.217618525,-243837.62666478008,2968822.4688283857
-564635.2784597687,1635257.910039872,-113771.65503589809,956850.9765442051
-480911.7194897607,-2781272.2253147066,-367098.4995753318,-3629282.444379799
172871.33110504225,-4423338.567436576,-269042.1765550822,-4519509.412886616
193624.6484709978,-6724489.215343237,501750.8999099508,-6029113.666962288
514070.0117077343,-4962029.11142081,133569.33013509214,-4314389.769577984
-332564.12861425243,-1751965.31384027,437319.0169445127,-1647210.4255100098
-45780.997111784294,-535553.1212289929,-620993.0212469324,-1202327.1395877097
-340630.8875395041,-2030182.543186903,-1065578.5144948512,-3436391.9452212583
730371.9048080891,5720173.207978785,-649057.3294543028,5801487.783332571
165297.16342372075,6440356.888389975,-232019.66670770198,6373634.385105994
-165701.51541529782,-7650301.568426013,533106.3126289323,-7282896.7712123785
-424697.8290413581,9915883.534125388,-1206424.585541457,8284761.119542573
431463.6833100077,4946693.97508198,1024164.5904843584,6402322.248876346
-228278.18966522068,6178605.851172209,757175.7069078982,6707503.368414886
-256548.51198871247,-3426636.2377741933,-136075.7749794349,-3819260.5247423407
-81600.13521433435,-19182944.208067656,-2126128.256032333,-21390672.599314325
204490.72940506227,-3530913.144206226,-302284.1305669546,-3628706.545368118
759786.5862789229,-4785195.279734641,572646.6801630706,-3452762.013292648
-510915.415840704,-3441670.940511316,-260763.8728408441,-4213350.229192864
-495207.839446269,-11449925.897783756,1002066.4621694237,-10943067.275060602
435268.48049703427,4057233.9529658556,-322320.5312181264,4170181.9022447634
13451.805728863925,-5422300.954759538,-693781.9658535495,-6102631.114884224
557515.6093362533,10660694.07052666,213193.88238456845,11431403.562247481
-364308.3420273103,2275663.724405408,-20892.10071399063,1890463.281664107
-268215.1375423968,-1771018.2400479317,-425733.163666524,-2464966.5412568524
26391.182882050052,-5773955.204652131,459820.71806626767,-5287743.303703813
-505946.00901181065,2251793.4102677703,-879679.2232771665,866168.1779787932
682403.2073134948,4418788.00287053,-837885.8908069655,4263305.319377059
1014046.6682941467,684401.4243677855,362476.7333390415,2060924.8260009736
246078.23992422596,-7226333.568361104,-42109.255892790854,-7022364.584329668
-502532.7987596411,-5466740.877794206,-269897.80764465034,-6239171.484198498
-907446.5836663228,-3735200.051999122,-644173.6118430421,-5286820.247508487
759873.3003171515,1325763.0957288146,654222.6656208038,2739859.06166677
-423515.110634353,8384804.075739443,300843.2975585982,8262132.2626636885
207825.20952253044,931196.4728264213,775076.4052869007,1914098.0876358524
-195594.95490768738,7415524.001344085,365708.2005278468,7585637.246964244
-550414.1297110077,8977201.014205098,-419826.9512206465,8006959.933273444
98438.51384741999,-53234.460051745176,346471.2092651278,391675.2630608026
-212979.7885723319,5129853.259638548,-512511.63224990666,4404361.838816309
-1028815.851458434,1742027.1848763525,-891448.8576706499,-178237.52425273135
-149345.37684980966,1641702.1027753353,-655923.5851433799,836433.1407821458
-373292.75278077833,-3368994.1621212363,-1087122.043888554,-4829408.958790569
-144889.41335895285,3791659.9798878133,42659.679088294506,3689430.245617155
281847.26321625337,-13327129.648041934,491893.0761820525,-12553389.308643628
120959.02860046923,-2713084.894547373,126157.33038765192,-2465968.535559252
150521.2666891925,8571015.248560786,54145.97197957337,8775682.487229552
-120327.1450101845,4952965.620449156,-41621.86651813239,4791016.608920839
564064.1980194002,4812873.472580016,75907.10766167939,5452844.778261095
-377154.87105703726,-3307470.0805481076,505968.1663238779,-3178656.785281267
970466.4829073679,-12741384.473424375,713780.4718284458,-11057137.518688561
21289.089830502868,5992531.57181108,-402422.4778239429,5611398.18381764
-40938.9559391588,-4559109.4748363495,-426481.7827544585,-5026530.213529967
-10913.447161028162,-6404358.047878861,192469.6892543286,-6222801.805785561
-193779.02824398875,2861072.829456806,-176687.5013941452,2490606.2998186722
335770.410217274,-1387234.7011162043,363509.5495329201,-687954.7413660102
361881.1459049471,6489588.762193978,736510.4630122483,7587980.371111173
-212567.98315299302,-3906902.3022039235,-209949.51384038478,-4329419.799197301
-428081.0927494038,14335676.188239217,-739265.1335254759,13168329.961964337
8348.673468817025,7388290.917826831,271583.229330346,7668222.820625994
354848.1195784807,-188074.64382213354,996581.1294825152,1163354.6052388623
523435.0288737044,-9474534.509375632,-82507.92169811577,-9033607.402200043
58119.25793135166,-4759475.18606326,-548760.9010373428,-5250116.829169251
415262.66354926303,-748429.5366593599,-626465.2834600955,-959632.1565701924
613326.5376450941,-5181592.166669518,844867.2150520235,-3723398.4139724
-547105.1496308818,-1088401.407993257,-387239.65054520965,-2022746.2081693485
-17996.07312314026,-6107453.0212984085,-141437.47423873842,-6266886.568660287
-312598.3620564863,278966.67466777563,-160512.54365453124,-194144.23104324192
-445042.8276522439,7198697.952342719,-572592.824451983,6181062.300238492
430324.51662049815,3903230.4225635827,549497.811209634,4883052.750393715
-34987.42021110281,-10246264.606515944,-342933.2877257094,-10624185.314452756
-520177.4199868031,8567230.363706678,-835828.2202364802,7211224.723483395
158841.1857568752,39107.261879235506,742849.1979346424,940797.6455707531
-266836.3839601297,-935084.8195199072,17022.83561553061,-1184898.3678645063
104013.16544775851,-7971011.14692992,-216557.32932595164,-8083555.310808113
-763699.42079583,-3830137.6626321077,-647525.2375528961,-5241362.320980834
157914.61774379946,14693164.972584307,532524.6002392173,15383604.190567324
456445.94934105873,1106952.205417931,-855415.2491267622,707982.9056322277
234434.332944924,3179246.609321773,1374721.794297561,4788402.736564258
-31290.39488554001,-9489181.664557993,-459819.56769295037,-9980291.627136484
14728.238365415484,7897184.447863787,-19587.594230942428,7892325.0919982605
-180801.09723002277,-6017766.516243398,3122.336878038943,-6195445.276595382
655237.9015555233,-998273.097415179,264473.47158144414,-78561.7242782116
-159385.71146230958,2126438.704049468,-1104996.2107631415,862056.781824017
323165.55750155076,-4055943.9577961266,1367585.4177437872,-2365192.9825507887
-184002.02646663412,3435069.2726866603,-800447.4692921788,2450619.7769278474
-223406.67083208635,3388625.801001847,-791093.9337725341,2374125.1963972263
-1051873.9351963233,-2569168.1675917506,-1279668.228937611,-4900710.331725685
-1289.805768320337,-6236493.683634251,-339944.93198400736,-6577728.421386579
-290232.06527582,167191.47211125493,145677.89305129647,22637.29988673143
-205595.84395846166,-962796.8501092196,-1999.3372417390347,-1170392.0313094202
409810.54697817005,-2969039.7912287116,717472.5433385372,-1841756.7009120043
-332580.51377125643,13054303.793343872,-586762.5867908522,12134960.692781763
-160674.41200607084,2701473.3759283423,1284385.153233558,3825184.1171558294
-263230.13484524377,8975976.907137483,-719745.637430191,7993001.134862049
105592.64760409296,4159954.9128252566,-415975.0251806453,3849572.5352487043
163580.18348477408,-1121091.3803379238,798860.8425204307,-158650.354332719
306146.4010196496,-2849248.4136998653,-206967.08767189085,-2750069.1003521066
141367.93064255454,-6764450.276018858,-190001.34641318023,-6813083.691789484
-238412.7463300489,-1042403.0857825875,-393206.70337948203,-1674022.5354921184
125543.68209119886,-1158736.2435153425,-47360.62797471881,-1080553.1893988624
-678067.5385417473,9552093.073079914,-709223.7021725848,8164801.832365582
252389.83154448867,762332.8589456975,-137620.15118121356,877102.5393089727
217848.79654576443,2519355.3320170045,168811.8432272002,2906015.971789969
495621.5041196514,-4867214.762683988,557244.7518763393,-3814348.506687997
-304079.1692651324,-2382267.8384913206,-829432.3635186553,-3515779.3712751083
34386.67053681798,1427285.7507984042,384029.5348585397,1845701.956193762
-526951.4075105563,7253590.60741663,-806933.2259051502,5919705.974000923
401427.6568143517,-2077703.1982145905,439291.31742466986,-1236984.223975569
-1071143.1047643144,13394001.501128018,-386719.16905774176,11936139.227305962
-450449.78733723797,-589751.0727146864,-158824.53778731823,-1199025.3978392426
-305552.1658644136,257565.37055408955,254518.20288220048,206531.40757187642
3723.252945696935,-4838105.252306223,138065.202384077,-4696316.796976449
541324.4619474337,7745454.736920416,-8504.35199572891,8278274.846872121
123249.15686864033,-4494092.258020639,223539.28346540034,-4147303.8176865987
305104.4139313847,9588643.807783991,150185.7085498199,10043933.930265196
424612.4153263718,6703320.820137411,-1133844.1802480966,5994089.055215687
247433.9612722695,2307075.943271756,421734.90048670024,2976244.805030726
-537132.0392964128,-1205758.0179550052,-759861.144914113,-2502751.202165531
-58196.56536887586,4163691.548750639,-506409.6343070492,3599085.349074714
-195458.96271579154,-883567.1529917717,24148.957487903535,-1054877.1582196597
-249504.43325298652,-5371833.2312194705,-675416.0586403608,-6296753.723112818
-285703.68041574396,-42322.577347159386,393155.16876251996,65128.91099961661
-503133.77518436126,676029.9198505282,-455799.2130394727,-282903.0683733057
393769.4487548657,1012001.0740185678,96229.9574920237,1502000.4802654572
-561345.2629684936,-5375313.132490784,-26053.75470264256,-5962712.15016192
-165666.0862106029,3351288.5644942224,-1327049.8656592444,1858572.6126243751
589726.080919072,8149633.284171939,-1553181.4428018928,7186177.922289118
-95020.83801736683,1580696.0571616292,-165468.07726169378,1320207.1418825686
517013.96182328276,-1489249.3516907096,769235.8121038973,-202999.5777635295
-227049.56451486424,2559488.7856500745,-430760.0926871002,1901679.12844811
611652.1724862736,918312.2873282135,-549344.3847518638,980620.0750626232
-133215.57825865224,-2168991.3796318173,325036.67674459517,-1977170.2811458744
-155619.43565463088,-1724961.1467991471,-453744.6905864179,-2334325.273040196
-14936.087122522295,-1640782.7889777422,-662905.2452171892,-2318624.1213174537
-529597.2915978543,-2396133.0407733023,53834.512447461486,-2871895.819923695
269992.4799119532,6492005.045019865,-388649.307327196,6373348.217604622
69167.40961132199,-8276297.4295789,785883.4989949465,-7421246.520972632
-227588.8916080892,364806.4445658326,575513.9148798734,712731.4678376168
-921370.7096971385,-9688207.205710292,-654933.9373249114,-11264511.852732342
69554.09122512862,2447295.07835418,-383795.4360780418,2133053.7335012667
-192666.7072163038,869780.8277327418,-604726.8294715956,72387.29104484245
-342966.42318629846,-2795429.533753276,-342205.71574976295,-3480601.6726893373
-132876.30237044767,-2119941.910933435,82806.50576988608,-2170011.7075339966
-373909.4923710376,-3149764.2660602927,-502497.2806973234,-4026171.0391286537
755926.9625592083,6344678.521255821,504751.4625004828,7605356.946315512
583621.9625590332,-1171432.989821434,203875.8009004742,-383935.22636192665
-155460.62499897927,3109976.990672469,408978.56128542125,3363494.926958911
187208.87334026396,2344841.102712989,-226760.23288168013,2305289.7431715727
535398.5785509255,726845.8185606599,-754236.1164705604,508008.28064102493
-406007.5985386241,-3456405.4493275583,-404026.3314893916,-4266439.379355574
371976.09850228205,186104.7305548787,-75819.98686222732,482260.84219493344
7485.9463155362755,-15954633.228477776,-425233.3351271376,-16372380.617289377
-175916.3114992939,11100394.488551378,219086.18550623208,11143564.362558316
-258627.03671332262,-1095084.1034903824,492021.59754603356,-861689.5426576715
312499.7046578694,-1516483.8651826978,-274669.1722897291,-1478653.3328145575
-108509.40803712048,9001197.880419642,-43347.09821740538,8849341.374165116
269703.9766141325,3517134.673763603,-852555.5300024971,2934283.1203752384
335709.69397255965,-5391161.656218171,423323.2285274714,-4632128.73371814
285279.53726822697,9501711.165632278,268874.6892328933,10055865.392133398
-462.95726866461337,7904799.006247133,208516.39981552958,8112852.448793998
-314580.03649197705,2884757.7868336737,31564.981726579368,2601742.732068276
-774471.161978757,1718308.1139349341,684925.6915400028,1628762.64349618
135524.67929595336,456551.49628573656,-72593.56494497508,519482.61063671485
153928.67389089055,-699263.9376128912,126598.76667749137,-418736.4970445093
125896.96429831535,-5622360.829966933,-1735221.700526014,-7231685.566194631
-162588.13757076487,4539675.1866080165,-1073130.6813328713,3303956.3677043803
388880.5719172098,-601253.6979242265,-393735.7107151672,-606108.836722184
190311.7719972022,9595925.763894737,75420.91413536668,9861658.450027306
123364.3131510634,-10761332.681147993,214909.87842906266,-10423058.489567867
652839.4472590704,9267026.744782507,6067.363374307752,9925933.555415886
-901116.229615977,2188563.173443705,-521137.26944156736,766309.6743861604
-607462.4465341326,4198714.936453342,-616213.5094192326,2975038.9804999772
-630332.053542126,-9516940.519949049,-981077.7052874789,-11128350.278778654
50647.91315723583,-1525517.3761621714,106163.5539598167,-1368705.9090451188
-359756.89876706526,-6076308.275810957,-142440.96906416118,-6578506.143642183
-221760.3786862623,387855.3933162093,-324621.10231573135,-158526.08768578433
-25160.15033897385,1376131.5852398574,-578984.6642118692,771986.7706890143
215752.84690625407,-1585145.3298787475,616075.1700350791,-753317.3129374143
-308349.9783099741,2904667.433666587,-223636.8720252961,2372680.5833313167
-54713.96473922208,-881360.4348758757,70763.65416677296,-865310.7454483248
-246464.48260032013,-4461103.716998696,143353.33678145707,-4564214.862817559
124319.55832271092,2948184.614177406,-15885.38420740515,3056618.7882927116
76283.6743819341,-4826446.551256359,-582656.8596997857,-5332819.73657421
-234835.75109664164,2649256.0753855705,-197930.81449712813,2216489.5097918008
-885480.9521003496,6901476.341798484,-1816711.2907791734,4199284.098918961
-823019.1961232554,-479089.73333242536,-1262404.9478762671,-2564513.877331948
726551.5496596359,663159.2236434221,266302.8094166666,1656013.5827197246
78219.08920998871,1129312.4715409875,-557089.4952393323,650442.0655116439
215180.22488748096,-3270580.4750923216,5831.099873095751,-3049569.150331745
-340900.54948584177,-7693475.487481445,789302.1546630561,-7245073.882304231
240856.180768352,9603253.768604398,111366.26020973176,9955476.209582482
-138104.01194777526,5112625.36320284,-238926.888186343,4735594.463068722
341785.7062633522,-9115888.170781136,1294539.8342590556,-7479562.630258728
-540420.7698768247,-5949645.646559298,-331931.0367414728,-6821997.4531775955
-385235.5470150076,-475897.49739944935,-386788.94152706116,-1247921.985941518
276454.0551485438,2761359.5172136426,76018.80354580283,3113832.375907989
-361915.03144345805,1691232.8139736056,359326.43826880306,1688644.2207989506
458185.1953982916,9303365.760223508,-518970.84116886556,9242580.114452934
-47912.04325954057,14560263.977554083,-57498.719108216465,14454853.215186326
-918995.7098442689,-2438903.4351609945,-281407.8859569654,-3639307.030962229
232430.92756409012,3160519.699154973,-76739.916688703,3316210.71003036
-293302.0818855539,-5572705.181500047,-1074149.7617218643,-6940157.025107466
860641.0711263046,-5646133.491683036,-24286.21095367521,-4809778.631510407
-124133.50991391204,10639981.85741657,380840.73232772946,10896689.079830388
-344794.4901595339,-298014.6321605742,-402228.52985904366,-1045037.6521791518
-246202.99074806087,2160480.653464079,-389026.5130015835,1525251.1497144345
-526413.7356152609,-4813213.959127426,-494779.35113462806,-5834407.045877315
392316.7455281038,265576.83595615625,103495.56935498863,761389.1508392487
-199090.2249892708,-5717844.903866947,-83653.76465730369,-6000588.893513521
-199175.16425101832,-4909763.665041447,514915.0843103677,-4594023.744982097
-394934.9108149074,16127656.908732146,-441814.09686055034,15290907.901056688
-235431.53473453224,467856.60718658566,-1205978.254378803,-973553.1819267496
328733.3839892093,-4667986.636354923,662878.6542054713,-3676374.5981602427
43262.771094638854,7198762.225301981,-383618.2285180241,6858406.767878596
-40404.08351142332,2465212.5891342163,-419020.5342235714,2005787.9713992216
204863.5380701404,-5880711.862614751,-271073.7447492555,-5946922.069293866
-175444.41210213304,-1595133.4733929038,-309584.8574228808,-2080162.7429179177
48340.84803251363,-5061675.587681532,440862.0746000111,-4572472.665049007
-248304.9647660274,284061.38204681873,-687090.0147601739,-651333.5974793825
-517675.79893290624,5405835.852542162,-1085484.2504878119,3802675.803121444
-993377.4035425298,19624066.272880256,403863.9382529557,19034552.807590682
236983.54170770757,5829946.121508539,169745.9607018605,6236675.623918107
909638.0088687353,-2117925.3353846073,407157.8774662316,-801129.4490496404
44455.03012721427,2193635.2879666686,-179627.02936391532,2058463.2887299675
-108658.37130077742,-2008266.7428293228,-59380.90666218102,-2176306.0207922813
147176.42308746092,-7686723.836631417,1049203.1199126989,-6490344.2936312575
-238265.8960972987,1016772.8476560712,-698812.1004001647,79694.85115860775
104656.58229612745,1259438.7901492715,1274596.475554496,2638691.847999895
64263.97346252203,883290.6107802689,636598.9145432338,1584153.4987860247
115900.51483385079,-260552.5754095316,846580.9058455378,701928.845269857
598779.0360427182,-6128212.60421598,-142423.0345686227,-5671856.602741884
385198.59801108204,-10001081.537860453,400024.0931235105,-9215858.84672586
69113.89460765757,-1109659.2437565923,-385066.82561127096,-1425612.1747602057
-203272.97416742705,581365.5012817979,-118517.36504094303,259575.1620734278
-1453.652172645554,11807437.590933025,279825.7561539635,12085809.694914343
56606.945676906034,-11699162.178037941,-132713.69953975827,-11775268.931900794
-496444.2675955836,-4821333.715642035,-797857.0390965343,-6115635.022334153
257954.9867144283,-3890587.35638085,773315.3186066821,-2859317.0510597397
-338556.9871658813,10016560.535556436,-297873.3581037,9380130.190286854
30690.79029065557,-311515.725638628,-1460121.1740053147,-1740946.1093532871
-134963.57999040745,896414.0242349505,-505161.78417544067,256288.66006910242
-101488.1551912725,10980163.959806085,-881553.6498254538,9997122.154789358
146149.05188577063,-5418624.339595556,-162642.63035835326,-5435117.918068139
-139037.35905684158,6754150.642919898,-967314.8877965808,5647798.396066476
125311.02023584768,-4963616.531892389,-240227.96729242802,-5078533.478948969
-708705.5019981265,-2909023.5557608604,-1442445.0565617085,-5060174.114320695
-284352.9080551863,-5213058.501404613,-425647.5428232327,-5923058.952283032
-410654.030573193,-3027593.1593588293,-918754.8715513572,-4357002.061483379
604363.4799332805,6824496.971053362,85086.31536904722,7513946.76635569
-349289.358125424,-400435.4131088853,-400152.12633440644,-1149876.8975687157
21304.716968022287,651591.2327001691,-4280.655513808131,668615.2941543832
-210103.16393042915,-3586223.4568918943,163697.99045322835,-3632628.630369095
173509.81380447,-4821774.168513089,-126601.65396155417,-4774866.008670174
-698409.0346544906,-6731990.63707751,-505357.2854115665,-7935756.9571435675
-90660.35212084092,3770495.650610447,-435951.5952228755,3243883.7032667305
-68857.435808409,10930286.226439059,491478.7605882436,11352907.551218893
-150999.42741905712,-6736624.895945281,-486533.9146107957,-7374158.237975134
1053883.6307665147,-1884390.041707486,452444.0585304722,-378062.352410499
289372.01154309884,-4018287.286158532,-235508.76301503927,-3964424.0376304723
792817.2870589066,6089241.409435928,514681.33634883165,7396740.032843666
206721.64890231006,4641066.256474912,-793077.6839985102,4054710.221378712
64989.181766450405,-2928561.512881398,365471.1785732731,-2498101.1525416747
-22166.321426197886,-6539141.74312824,-61543.127761267126,-6622851.192315705
111318.5139095746,-2989768.1930276155,357969.22729250044,-2520480.4518255405
190611.37487834878,4841230.025432259,-446705.4107199237,4585135.989590684
138332.66903317347,1311566.5909535289,-638205.1472384036,811694.1127482988
222432.7853540592,3038578.7628234625,412385.2191259563,3673396.767303478
-38619.390098450705,10023065.627376854,-688114.956020616,9296331.281257788
331909.1208257228,-537876.6118412018,1581131.6844587624,1375164.1934432834
348736.9619816113,2139593.2104400992,288279.2390056327,2776609.4114273433
-200722.4802290406,-3420160.097070247,-1807.7256650999188,-3622690.3029643875
-266447.95422262885,1120544.759313345,-537217.2188968807,316879.58619383536
102336.16443504207,2756588.9705129564,579314.7550266087,3438239.889974607
327454.3861116469,-209319.7442293167,-68459.46167495847,49675.18020737171
-477123.30235126615,4055997.9941492677,-676281.5167777985,2902593.175020203
-470933.5389714129,-6777616.974806249,318980.0906421989,-6929570.423135463
-37948.365917630494,2041681.058377087,160723.65234145522,2164456.344800912
117611.24158356711,-8610743.676594377,-25108.684501633048,-8518241.119512442
565886.2358544692,-3675254.106946707,1103770.8041388243,-2005597.0669534132
-438390.01028958894,-6742742.102029204,-823209.3178757355,-8004341.430194529
-597066.5400947742,-4154171.1885279417,-620613.9538779035,-5371851.682500619
212370.0948324427,7705212.474332184,-281589.3652165085,7635993.203948118
309484.13602716103,-7267936.709259927,396804.0536838621,-6561648.519548904
478117.10953991115,7683779.5293831825,172633.27272079885,8334529.9116438925
-302945.2259476781,2731594.2800454497,-217769.47443868965,2210879.579659082
124459.68094262481,1008678.5164411366,655368.058408387,1788506.2557921484
-179395.22878444195,-959893.483356595,-361725.3837126419,-1501014.0958536789
844128.3608379513,2632575.710037142,112825.87749536335,3589529.9483704567
28573.144300349057,-3970334.851291716,-494963.9733610749,-4436725.680352442
31885.412117244676,-11349082.217784703,-687234.3175582141,-12004431.123225672
-332229.01063695736,-2435613.3167419136,-213882.3530747667,-2981724.6804536376
-1001056.0432902928,-3230063.2976260185,-613890.5832507685,-4845009.92416708
-889520.0840445645,-3684163.2699537873,-776684.8670490086,-5350368.22104736
12659.825412567705,-7412290.473958105,129442.70622354001,-7270187.942321997
139646.262084594,1828268.4623066187,-69146.9688185975,1898767.7555726152
29305.766866337508,-755520.2334316075,306748.9422361627,-419465.52432910725
1681251.2920564134,-6856011.506631702,852726.0022799224,-4322034.212295366
-151503.16976503655,234065.45680093765,-800559.9973935783,-717997.7103576772
113980.28515191749,-5980075.121276528,-465532.3238634914,-6331627.159988102
196873.09225537628,-4750899.956296384,-429271.38641598076,-4983298.250456989
84867.477929499,11542833.507723808,-302630.54190853983,11325070.443744767
-363544.31679491885,1448525.7879120708,118891.66365023702,1203873.134767389
-257118.88147541694,4940374.116963983,-37548.24994299561,4645706.98554557
401336.4279335495,1136850.825960219,1108688.4100771248,2646875.6639708932
311567.2487324644,-3592498.873991072,347178.3194183409,-2933753.305840267
-336676.5691745151,7140910.970999926,145939.64317140728,6950174.0449968185
-224752.83016150445,9730608.45184946,253056.13915802538,9758911.760845982
320021.54964026436,3129105.9089574814,182984.61635674536,3632112.074954491
71984.26978361234,2136616.0310344696,309726.66784898937,2518326.9686670713
-957940.0067044757,1239748.8084141016,-538327.4314405322,-256518.62973090634
-397436.4808173608,-3480879.56726259,-253394.2294986248,-4131710.2775785755
-87724.60837041587,-4563371.01687935,-268626.30252073705,-4919721.927770503
196251.86775716767,681404.5253250897,359850.7921446264,1237507.1852268837
52252.14399978332,4451903.583832562,303060.16065871716,4807215.888491062
404131.16062632203,-1120099.333840549,126294.02648752183,-589674.1467267051
13299.403212804347,-4431973.873498619,-901200.3567264527,-5319874.827012267
-20474.958344116807,-1558981.996549487,-548856.0734444261,-2128313.02833803
958175.9705162179,3710365.997041106,651345.9064539596,5319887.874011284
635792.2628682014,3078817.6914277077,-667718.6371065974,3046891.3171893116
-422781.14762435295,-1539771.9343768954,-649725.7128025442,-2612278.7948037926
-342128.0067453347,-57861.751914322376,-261139.98545669764,-661129.7441163547
-5562.138044990599,2589840.5585448146,-1561433.0798042193,1022845.3406956047
1098013.7015450858,12450.493781030178,393717.7421543449,1504181.9374804609
123482.03502619267,-1182605.073900193,-96378.93985466659,-1155501.978728667
23143.727715749294,-1680248.6571259499,1380154.4214630574,-276950.50794714317
380527.2001190875,-5577437.978295952,139663.51978120208,-5057247.2583956625
-441627.3343322072,6598022.804599524,-50961.33187041432,6105434.138396902
-270225.2082284782,6180131.341394961,123819.84786167741,6033725.98102816
131765.38499491476,1044173.5192517638,-203248.46710526943,972690.4371414091
-252148.09327119403,-742998.8269460797,-286742.95876948535,-1281889.878986759
-68192.30791397206,-4985791.959404349,-617465.5661368221,-5671449.8334551435
-234912.11537290178,-1396291.7897107005,-308024.9452638477,-1939228.85034745
299075.5999257732,6272554.409147888,-417068.27494359016,6154561.7341300715
-474216.22944441997,-1230832.6776373386,54256.68635427207,-1650792.2207274865
-741403.4837746061,-1062109.8536764681,-233712.3963176459,-2037225.7337687202
-271136.61158844456,-1387732.3959410489,-647983.3502378091,-2306852.3577673025
-319484.0506374091,4852778.852524012,692421.5550341904,5225716.356920794
-442480.8881874364,1812393.4990344942,28332.650025695562,1398245.2608727533
161958.99990085326,-913604.430352807,316174.69898301363,-435470.73146894015
-130973.79614562541,3373927.171930909,-695340.2822604403,2547613.0935248435
126662.89464469068,-3773702.581204146,248548.87759003043,-3398490.808969425
-148735.3346746303,1143269.5836737156,20368.1763600111,1014902.4253590964
-64097.65418121964,-6612755.309553236,-495716.09695789963,-7172569.060692355
421550.9704629034,-2292844.9051184356,229651.12769912928,-1641642.806956403
259016.84445652552,-7554523.56043309,-178329.58114359528,-7473836.2971201595
-549641.6670445073,-4498268.247684002,344871.0427133888,-4703038.87201512
-356544.6602989193,-2528237.870072782,106676.94811568409,-2778105.5822560173
168290.64205635898,3619053.227875948,-749434.0147911459,3037909.855141161
-189588.8114374671,7396570.065522283,300282.22090919316,7507263.474994009
-217588.024842944,-2405276.1503092647,-473918.698704496,-3096782.8738567047
-177391.35074814968,-4864225.504231453,-760835.5232459009,-5802452.3782255035
-629814.6153551023,4857881.818445802,-1164351.1199975759,3063716.0830931235
-167301.52223758958,-11271605.056261718,140194.97969456762,-11298711.59880474
-570714.8722451981,-5316894.476566136,231445.78176434338,-5656163.567046991
-9279.427072104067,-9321404.916890502,232177.14186353236,-9098507.202099074
-327438.5000411179,-4003462.446565211,-369581.3933683336,-4700482.339974662
-251999.11456017755,-999319.6151406169,-86885.16407515854,-1338203.893775953
-440719.9322034102,-112693.65899917483,760491.6412182897,207078.0500157047
437062.9571587872,-6218850.362283468,-50547.67834439129,-5832335.083469072
-191204.58112353832,-6673716.13621676,-333107.6176427752,-7198028.334983073
-668479.995101165,-993321.248540163,-397038.9853115082,-2058840.2289528362
539781.2918713633,-6395263.551177651,36210.716866619885,-5819271.5424396675
-69229.75227679685,6751788.76898548,-661899.2938237488,6020659.722884934
131110.5660137441,8214016.725934029,26500.744814403355,8371628.036762176
760244.5988366678,2883842.025677681,-274027.96385216713,3370058.6606621817
-47108.70400713384,-3393332.18691051,-389363.9236563295,-3829804.8145739734
14981.470670491457,1910680.7027869523,463102.42968562245,2388764.603143066
-188617.07076039538,-323648.45992186666,-169875.89106319845,-682141.4217454605
159335.18541366048,8364806.730108589,-330605.8750585988,8193536.040463651
-424052.17468252406,7850007.781588167,-908705.7992567122,6517249.807648931
-173777.21381036192,-7894502.83955881,-350609.56753988564,-8418889.620909058
415793.1274293959,5581723.038511723,242549.09908317775,6240065.265024297
124799.2526313141,-4933898.180983424,-593168.6535648629,-5402267.581916973
307379.2051652409,643422.2043926716,-59580.04897227883,891221.3605856337
-247213.72768542916,5897215.426258355,-1088173.0960754156,4561828.602497511
-506124.02020232566,-4239175.385214806,455448.418828018,-4289850.986589113
198410.1537116468,2503016.545676887,-248190.9120822996,2453235.7873062342
-415946.6832759343,1977776.2426820397,-698589.0522420481,863240.5071640573
-562047.3032278568,691265.3866072297,-555679.4344124421,-426461.3510330692
-321648.23839590326,-1102704.4178197384,71387.92408508062,-1352964.732130561
-42900.96278478578,2564286.4482718706,144869.4203962013,2666254.905883286
-471223.28646056727,-4487776.018769085,68853.1781944409,-4890146.127035212
-445494.42426683195,44670.75469762087,-617103.1635369435,-1017926.8331061546
44231.13325554691,8011322.808427364,551536.0510501936,8607089.992733104
549052.5899372064,5312963.936001688,59071.6249499172,5921088.150888812
-281354.94762610644,2513428.4556860924,288948.49626434594,2521022.004324332
270183.7606537156,-13073048.107758552,893897.2351932973,-11908967.111911539
-285523.8894073218,-1065992.9535668492,239834.9670074135,-1111681.8759667575
192682.74646165036,-1361428.6203110218,-685973.1999337524,-1854719.0737831239
32706.70880072564,-815342.3427808285,555749.728650555,-226885.90532954782
-17983.134063608944,-1468468.8554359078,819467.5573539585,-666984.4321455583
628953.0410504881,6396074.774858385,3155.740727722645,7028183.556636596
-129071.2141056899,4652288.44205904,-639133.90313375,3884083.3248196
-234876.81010596454,-2224849.2704616785,-1123754.0847729892,-3583480.165340632
-356612.63766554,-4372180.987296522,-136519.62505216897,-4865313.250014231
394142.21652406454,5804610.249707103,31352.939118474722,6230105.405349642
-298826.55589217134,-766062.598371923,-61007.6969229877,-1125896.851187082
403009.9192557726,7670994.168149263,-480456.5495333895,7593547.537871646
566955.4442537148,8801975.927719623,1582038.495784156,10950969.867757494
893928.0406070407,779146.6816049814,671994.5050813034,2345069.2272933256
-165060.91649463028,-1700803.042797923,-986160.678827174,-2852024.6381197274
645580.7075447086,12739148.402207792,-310483.1768080145,13074245.932944486
-418988.042516103,1598993.4364154637,18450.168696552515,1198455.5625959132
-1020578.6818997189,3606959.8368216157,-872523.4071432427,1713857.747778654
-328098.1403947342,-2832042.716063261,904502.08389768,-2255638.772560315
-237455.7863799818,-3217243.3869723678,-35382.57203094661,-3490081.745383296
384108.29198578745,-1211854.7253158689,-179811.43970364332,-1007557.8730337247
-82137.69629865885,-3355704.607574284,-148485.28176108003,-3586327.585634023
56923.271775567904,2922114.4056523144,-1005330.9031005427,1973706.7743273396
-421885.8705414161,3262245.542458296,-926664.379173249,1913695.2927436307
-113596.51895376481,997905.8954253197,-288654.0435913652,595655.3328801896
-421635.46098346077,-5002568.482116699,-362297.52473784983,-5786501.46783801
173261.65971699357,-598785.2595250309,-245425.00242379308,-670948.6022318304
-378390.8501286153,-1293303.7555517256,-230950.9848458916,-1902645.5905262325
114593.20370456576,-2128253.0537730753,58917.893499448895,-1954741.9565690607
243550.8135832958,-1447578.4082632065,73515.8377853632,-1130511.7568945475
-194826.1354799401,324670.56973671913,65317.6173132658,195162.05157004483
-565346.4760189019,18217411.743048936,-312909.5862013772,17339155.680828657
31922.45489540696,6403330.415388495,-23967.197376959026,6411285.672906943
-191750.29681205563,-7105641.438533366,453422.2092318088,-6843969.526113613
-314699.8425567504,2646641.4357382655,-535882.180072993,1796059.413108522
44327.4805633463,-9384060.549305797,-104866.48302228004,-9444599.55176473
264028.54357247613,6806397.425605178,-80707.70001074672,6989718.269166907
400283.9672474582,-86398.1084009409,-212372.08429901302,101513.77454750426
-183350.7108692266,4134631.4364989996,242248.40069171786,4193529.126321491
-558798.1436996032,4738067.532472193,212607.75808869302,4391877.146861283
-180446.41087509692,-273984.35915374756,-1007145.220859468,-1461575.9908883125
-250152.96559580788,-5153434.236097723,-584331.1195362061,-5987918.321229737
