stocks,fx,bonds,total
12130.859645871446,26188643.950179935,-6606.215017110109,26194168.594808698
-202162.05952927098,7030621.498584688,-83174.29863908142,6745285.140416335
-22030.782686006278,21059042.164262354,-17399.043293997645,21019612.33828235
-138348.49860483035,5758105.588044226,-422540.9349729866,5197216.154466409
-179684.98898094334,-2913405.715068519,-269419.46234354377,-3362510.166393006
139629.46333893202,6634322.019574165,-25741.133937977254,6748210.34897512
176865.2839309685,-4586395.143945992,-198647.87527457625,-4608177.7352896
56234.878902738914,-17928357.032539368,238725.0587752983,-17633397.09486133
291020.27213451266,-2046094.307231456,142809.37765935808,-1612264.6574375853
110449.67176080868,-3604534.9963549376,267339.1554902494,-3226746.1691038795
-171126.04902218096,6346235.046028018,200971.00321917236,6376080.000225009
160493.97855390795,29991980.120095998,-63156.786138154566,30089317.31251175
-96986.52461227775,-6676364.741863668,14433.649778999388,-6758917.616696946
170124.9071349539,1021441.5242966115,-191769.96571537107,999796.4657161944
-197845.1988332104,21202391.99198979,-345241.6144149229,20659305.178741656
-105154.40935855545,-13368278.70838365,74727.81698347628,-13398705.300758729
345632.358879067,-1059159.5929042995,494452.8293453753,-219074.4046798572
-330714.37970686704,-8203929.726248622,-365952.48975227773,-8900596.595707767
72043.69301197864,-6001909.810587972,-82981.18083013594,-6012847.29840613
-196758.6048341859,-5441927.371822804,-45591.70047809929,-5684277.677135089
220355.31228319928,-13467972.164550513,236077.98977082223,-13011538.862496492
236074.07874756306,8581289.445765078,-230174.10440690815,8587189.420105733
-287525.0414892081,1723376.0360248387,-281940.7806740552,1153910.2138615754
192628.83900718018,-5788570.667591512,-75387.78978157789,-5671329.61836591
-94714.34807266667,-8146047.878557235,111907.13980941474,-8128855.086820487
313525.0054465588,5627551.518827379,138885.37372811884,6079961.898002056
257632.47538785823,-6858831.84042564,64089.99987614155,-6537109.365161641
-6996.814945347607,1659926.3533554375,-405374.1038509086,1247555.4345591813
159396.21264067292,12550510.704527766,-288411.9490582794,12421494.968110159
118706.70761461556,18380628.02415508,-283697.77163270116,18215636.960136995
246636.87449612468,-12753441.10496676,458556.2420413047,-12048247.98842933
-51745.56399592385,9007880.882447183,-97763.82307653129,8858371.495374728
12167.16978568025,8319226.710245669,-158172.0339389071,8173221.846092442
59266.90298125148,-9985744.27908039,110583.95212868601,-9815893.423970453
-2392.212376471609,3814034.1320385337,-30067.644232824445,3781574.2754292376
115983.71509136632,-7751749.094984949,48005.10461028665,-7587760.275283296
183074.40421545133,-4818707.6656190455,521743.5687264502,-4113889.692677144
196998.9287795443,-12068234.176587284,-58841.48240380734,-11930076.730211547
224507.2999365274,-1004893.3788010478,124111.48553367704,-656274.5933308434
-40385.33070501126,12237768.699801564,-477608.22531747073,11719775.143779082
520883.4602363799,-8509148.575829864,183452.28580859303,-7804812.829784891
125589.94762335904,7104778.1614506245,-192382.524239704,7037985.5848342795
45658.905688494444,-15540433.087332964,117003.1691364497,-15377771.01250802
324999.77429130115,-1600034.3961804807,192292.16509652138,-1082742.4567926582
-414474.3912447747,-23380904.313593864,189956.35808855295,-23605422.346750088
-375664.52181824297,16359263.768019319,-422483.69876280427,15561115.547438271
-155383.92249468155,11680291.678026676,-143840.2400086671,11381067.515523328
224496.843930142,-18746870.4010683,416945.56662374735,-18105427.990514413
-222717.76113422215,6383584.178708285,42434.80185614526,6203301.219430208
183064.6870477479,-8819594.228838563,207286.02282441407,-8429243.518966401
-286290.7221746072,-7356783.649306864,40707.389196135104,-7602366.982285336
-136407.12450868078,-4763800.0402059555,201856.95589406788,-4698350.208820568
-69543.1088115219,-14269497.77004069,-617202.9540906698,-14956243.832942883
117513.58447783627,11668906.469782293,10873.674132734537,11797293.728392864
163680.72314878553,-8404465.761552393,251995.94255797565,-7988789.095845632
-147771.08573492058,-2299527.2451213,-138919.36622853577,-2586217.6970847566
-7831.749438377097,-2821246.919814408,-190478.99989584088,-3019557.669148626
74534.03428184614,-22132170.112786233,72462.9353871718,-21985173.143117215
-84780.31267443858,22437085.258042097,-112147.49315704405,22240157.452210613
303965.6195810158,-10373307.336844444,347388.01962812245,-9721953.697635306
82697.67999629676,-7093113.966517806,162179.22909085453,-6848237.057430655
141004.66670470126,19793127.523379654,285027.0659926757,20219159.25607703
162236.8110989537,-9304801.882305026,212244.3386547193,-8930320.732551353
-9857.065424863249,10650123.399394244,89914.91606862843,10730181.25003801
-182989.35334649123,20610156.149396002,-418849.8933765739,20008316.90267294
-28815.66833862476,211150.9539333582,-524975.2765518576,-342639.99095712416
5327.95637306571,3598068.5258746147,-30822.107074439526,3572574.375173241
-119250.70700157806,3934872.290464282,-31191.290499955416,3784430.2929627486
191081.79981911927,6064330.844532549,219034.1729395613,6474446.81729123
-18478.289033511654,-8737708.707594067,1768.7445470914245,-8754418.252080487
5601.501027042046,16394456.035854757,508708.3109386191,16908765.847820416
-279553.77237277664,-192253.06811022758,64368.386746793985,-407438.45373621024
310356.8197183814,-7797222.159314066,94148.10103656352,-7392717.238559121
83302.40493332967,12461415.891725093,465742.02955015004,13010460.326208573
-189000.29603178427,1378799.0887651443,-251089.97349086404,938708.819242496
349765.1960374564,3711387.16167441,-133315.36861786246,3927836.989094004
-29879.131471557543,12187722.098696351,5158.448596604168,12163001.415821398
-23789.805919246748,-2210641.0632142127,-77996.2484306544,-2312427.117564114
-45625.8854072243,-14257790.83986482,327037.23226016015,-13976379.493011884
-47072.67498184927,-12622776.304495871,82935.4142749533,-12586913.565202767
265054.1563608777,-13036391.482717246,15724.08303976804,-12755613.2433166
60520.024214819074,-2206086.8482718766,144480.48441430926,-2001086.3396427482
201977.77318190224,-7756777.539018691,505444.0515414104,-7049355.714295378
-341318.34138920903,-13336412.711224526,-225303.95591650903,-13903035.008530244
-96025.47172485664,13304612.926819742,-430426.987690337,12778160.467404548
87692.99143423885,1391949.1247652173,-197186.91289887577,1282455.2033005804
14612.47491802089,10789047.87328571,-659373.3510359675,10144286.997167764
-87334.008548012,-10207351.676141262,250461.55720558017,-10044224.127483694
153606.8739209883,-6067051.254193187,236558.51498161256,-5676885.865290586
-92116.417486649,7341735.641928613,-326477.60348749906,6923141.620954465
71987.37629088946,93526.70475947857,-103845.90809557587,61668.17295479216
-98874.59875629656,13276532.806406796,-84167.69001818448,13093490.517632315
-80394.07818197273,8802702.372563839,-141197.798903659,8581110.495478207
-16152.760475998744,-3431090.5083672404,444836.5587814599,-3002406.7100617792
30704.07039400749,-9477074.526034474,84515.37521822006,-9361855.080422247
199368.52049346268,-7615948.911536485,107374.06318471581,-7309206.3278583065
38478.67727590725,-14593670.3748945,247134.00306231529,-14308057.694556277
-203761.69601256028,7620699.826975077,110984.88323676586,7527923.014199283
-168134.95864283852,3939822.483546853,167564.23163965344,3939251.756543668
90695.16058893688,13892477.901399821,281453.8179612607,14264626.879950019
128906.15696271695,-3719833.66195184,106820.8304605186,-3484106.6745286044
14785.778518708423,-9286217.707963228,-71110.34764359146,-9342542.277088111
50261.4269233644,-18839136.92687446,-238826.4401153326,-19027701.940066427
-113676.39785270952,434646.8572720289,-470941.5615052432,-149971.10208592378
6075.63793845661,5585027.654656887,-12907.142829805613,5578196.149765538
-56513.913278589025,-3857851.9037026763,113159.34845075011,-3801206.468530515
-306859.1715340577,5075997.345553935,-392584.36785370857,4376553.806166168
255138.9607102964,10068492.54900378,553081.0214642137,10876712.53117829
-10125.585912138224,7829580.764263153,-491761.28172219545,7327693.896628819
8684.731862869114,-8227605.601439387,350953.7321611941,-7867967.137415323
157316.64272267558,-13812156.668348432,257131.50768737495,-13397708.517938381
-191000.03337680362,-8375927.487096727,-437447.3491488397,-9004374.86962237
255033.7746889647,-8530475.95559597,206569.76889560372,-8068872.412011402
-42299.71296417341,5022127.180481255,-539027.6029779911,4440799.864539091
-182830.93291349895,-7527538.378509909,-243319.78769303858,-7953689.099116446
148159.1613818463,-728637.4401471019,-379235.6088982448,-959713.8876635004
240347.4963229671,-20359110.97527224,177171.93206605315,-19941591.546883218
-258521.33861222118,-14649059.215181947,-55712.74137857556,-14963293.295172743
335795.40798898414,8855268.645521551,-180800.932684049,9010263.120826486
-108647.65908579156,-9701504.017598271,-164714.4154401198,-9974866.092124183
-163644.95212595537,16726734.014227688,19606.39995212853,16582695.462053861
37457.78060615435,-9802683.061475962,-46087.82785104215,-9811313.10872085
353236.5296032559,-7007692.191741884,475584.69309241325,-6178870.969046215
37725.166590740904,-13486156.985406429,-201859.01722107828,-13650290.836036766
-135046.69267202727,11180499.153262258,333151.5778275579,11378604.038417788
58529.35280026309,6529708.914499134,-35099.48064329475,6553138.786656102
-136012.38297920674,-11848488.496258259,126466.6704915911,-11858034.208745874
-48727.497551780194,-1254518.5187669992,-14822.048842653632,-1318068.065161433
134335.06664623506,4311335.381598353,46767.176765441895,4492437.62501003
-241160.4734055549,-3861396.8544633985,-226669.8048852235,-4329227.132754177
-268116.1367198434,-2398778.03634423,-243537.16370253265,-2910431.336766606
261631.8103549257,-6214579.686404407,306514.60206121206,-5646433.273988269
53057.68973739073,9756532.079152793,234258.96698498726,10043848.73587517
-333845.70170161687,-3512266.7717005014,-402958.50796867907,-4249070.981370797
-24643.696840830147,-2004822.2146692276,-37131.331155605614,-2066597.2426656634
217437.46718811616,88355.04926526546,80500.85456480086,386293.3710181825
263743.5053151343,-12504686.89471963,412748.8602692783,-11828194.529135218
27563.022336576134,-7613001.63984108,389804.27993895113,-7195634.337565552
77826.30106150918,6056837.228229761,-445415.9628142342,5689247.566477036
354361.80003142543,-2766841.4763899446,-105103.09804852307,-2517582.774407042
155628.87438260764,-3607445.811670184,-38847.18105466664,-3490664.118342243
-389151.47003517114,31566754.647066742,-332004.67874111235,30845598.498290457
255789.3674788624,-5077756.296600223,163926.29609957337,-4658040.633021787
-363300.66451849043,-702632.7593121529,-369765.7262262851,-1435699.1500569284
-54586.66871859506,2485309.7541429102,-104316.66387400776,2326406.4215503074
-108222.1174580995,-12919476.397736073,19887.573276996613,-13007810.941917175
-173952.99353027716,-14822040.897455513,240132.15825744718,-14755861.732728343
-132211.61478268355,-11053566.872693002,-18084.115158177912,-11203862.602633864
17880.691337490454,1358170.0931701064,-100753.3069427535,1275297.4775648434
19411.019785672426,4453059.44639796,424194.861627914,4896665.327811547
-480130.6047365479,3866097.793849826,-317428.64840305597,3068538.540710222
3673.542976958677,8489656.284455001,11310.996237523854,8504640.823669484
181108.93110752106,-18782904.866716832,-111784.33689813316,-18713580.272507444
-178702.65882525966,-19087789.64035213,-157562.61074732244,-19424054.909924712
101171.4269682616,31278700.738487482,181040.8245266974,31560912.98998244
-410946.9248701893,20882031.66070521,17317.07725341618,20488401.813088436
368740.0944251362,-19109101.82282847,88943.53976844251,-18651418.188634895
202547.08872564882,-10071064.137584746,420725.8143401593,-9447791.234518938
305286.81289038435,17907850.90551564,239031.38772426546,18452169.10613029
483578.4965639543,-577449.4542481005,399466.8491967395,305595.89151259325
116541.96888423525,-8964918.523305625,146522.06324376166,-8701854.491177628
-472224.4970079046,5101235.64996019,-277384.7064159736,4351626.446536312
64795.21178472228,7523746.437934399,-148471.55639226735,7440070.093326854
382130.38922838494,-12246098.694876313,172910.8693766296,-11691057.436271299
339164.3929148931,6093618.954898238,184713.777980417,6617497.125793548
-393766.46171531454,5262253.737418145,-573929.3158909604,4294557.95981187
-108539.34664397314,-2558132.78155607,180543.27669599652,-2486128.8515040465
-311426.9324432723,47325766.71392578,214313.77104972303,47228653.552532226
391148.75233575515,3390208.739847183,201918.22704615444,3983275.719229093
52189.562891552225,-4700443.205298305,-329463.5619391799,-4977717.204345932
-421343.01588977315,4681841.449855089,-251518.03939422965,4008980.3945710864
305130.7408849336,26756208.09625092,-494791.0094889328,26566547.827646922
55940.53928042762,-7074946.797778308,-336940.756347239,-7355947.01484512
-175839.7906917762,12502838.677367479,-453846.09649437666,11873152.790181326
19199.97047199309,6287128.625307053,-45384.837877586484,6260943.75790146
154423.93477380648,16610916.599940479,433761.5110023767,17199102.045716662
261222.56120810658,-4477520.094303966,-175972.62359675765,-4392270.156692617
44849.857365494594,12139019.538208842,-27110.082410782576,12156759.313163554
122258.5687541347,-11029385.986129075,136388.57532083988,-10770738.8420541
195125.56552197225,10156863.91171375,-447920.6954795867,9904068.781756135
-46175.751164820045,15826295.073470324,-77263.15275988728,15702856.169545617
-33165.075372148305,-10038617.515766114,265207.6562144011,-9806574.934923861
-288018.11367324926,-13873420.737830758,-154686.167623505,-14316125.019127512
306956.2399256937,17247780.08310747,216840.11814706773,17771576.441180233
-182979.16718463227,-9032040.797488987,-57652.87536242604,-9272672.840036046
43421.32126217522,-12192724.592348933,-132679.65332120657,-12281982.924407965
379429.92884252034,-4616352.859233111,362961.3773157373,-3873961.5530748535
-209686.64553388394,17571960.41293329,-281083.93715368956,17081189.83024572
162558.4173426237,-18855986.46861571,-25819.76291665435,-18719247.81418974
-287859.4729849044,1175821.7780812383,-228819.41729782522,659142.8877985086
121297.4164783489,8017094.934665829,313073.1352281943,8451465.486372372
26870.367478445172,6613609.229009837,-28674.056180089712,6611805.540308192
-328148.121470578,-3090304.52870667,-496022.9836075455,-3914475.6337847933
385129.6255490687,-4422101.760401607,130622.57209849358,-3906349.5627540443
-288555.38630208746,-1872669.7903278172,-132105.3374978602,-2293330.514127765
-46107.15095670521,5053583.7492417395,-138154.01428877562,4869322.583996259
-10392.00151883997,14356735.47726646,-43940.08334568143,14302403.39240194
317806.88240500726,19969686.03494066,174836.2858897075,20462329.203235373
435023.39171198383,-12202023.676452339,444950.2493155524,-11322050.035424802
-481151.5303872172,9267050.146890491,-240764.0764637068,8545134.540039567
-334267.92879426107,13667047.221768796,319265.5877714157,13652044.880745951
157021.54719774425,843520.0287396908,305166.4691502154,1305708.0450876504
34575.891614988446,6262891.097944558,120984.9678247571,6418451.957384303
238837.76892307028,560948.2347481251,41365.48694887757,841151.4906200729
-170817.05510911345,282467.414447546,-449500.4588472545,-337850.09950882196
452741.15409482643,-9043905.446601838,30759.09943509102,-8560405.19307192
-387032.3405215498,3364153.3880214095,-568082.2948236316,2409038.752676228
-136089.10796217434,10124686.346931934,24153.37445604801,10012750.613425808
-297416.18616887555,-10567705.932804465,300610.96679481864,-10564511.152178522
66511.00836568326,4307932.560358584,-43374.040256001055,4331069.528468266
-296535.8136866633,2452654.907181442,135341.96830691397,2291461.0618016925
-115166.75172993354,12329967.422068,-4519.994169414043,12210280.676168652
-271615.7889420036,-9387019.57895556,-55422.91418889165,-9714058.282086456
325203.46510337293,-2291624.8264243007,98837.59625249356,-1867583.7650684342
222899.97003120743,-13109105.028378785,49809.669994071126,-12836395.388353506
-505471.32828475535,-24528357.224765837,37217.468476995826,-24996611.084573597
-147602.88855771534,1784126.71385175,232474.83695562184,1868998.6622496564
-10208.831561334431,-417710.0170497894,-14530.081033073366,-442448.9296441972
25920.960218597203,-18267350.28756705,-401560.9881292358,-18642990.315477688
1436.2611406706274,13369518.918173611,-83330.52541228384,13287624.653901998
-251220.41117056832,-7535545.621923447,303337.1184706688,-7483428.914623346
-338576.84340550937,4979998.143353313,-143518.62590646744,4497902.674041336
-378079.4799565617,-16685220.946584225,-191489.71440817416,-17254790.14094896
90941.12022423744,-4447637.906897545,224777.20592722297,-4131919.5807460845
227028.8687500246,-8437619.177096516,31660.711971752346,-8178929.596374739
203195.56379522383,8450067.622184992,27355.48204024136,8680618.668020457
-272181.48688944057,-9852987.78733015,-556621.4470060915,-10681790.721225683
-308143.5591458455,-2602182.085380167,-549300.8459918424,-3459626.4905178547
-42419.18485773541,16621138.163503438,154949.25469364226,16733668.233339345
-61639.61594098434,974344.4077675343,-198673.65132845193,714031.140498098
-50114.673645542935,-4173175.9752421975,122320.52106012404,-4100970.1278276164
259275.89897813275,14677751.919536352,370825.8601963073,15307853.678710792
284038.9580917321,4283060.7060932815,-306385.94667532295,4260713.717509691
126254.89924621396,-7303574.276368797,410328.80693261325,-6766990.57018997
119522.48059855215,-2856275.089557767,-20178.865350939333,-2756931.474310154
8494.3565999493,-30352929.598661244,-39053.01316489279,-30383488.255226187
197516.28975218534,-599667.6961774528,603239.5748166963,201088.1683914289
42456.51566260494,-2028140.0817474425,-4109.012453585863,-1989792.5785384234
402826.7307296321,895139.931806922,30895.82264211774,1328862.4851786718
-42382.764068674296,4869461.557382166,332346.438995637,5159425.232309129
22298.635928524658,3212982.5460879207,-141546.1021175757,3093735.0798988696
60844.20478024334,18987687.589838028,211413.65883283317,19259945.453451104
-131270.94888574444,12537247.972210377,207446.1401160881,12613423.163440721
163836.30712748505,8309319.561519861,228464.3348402977,8701620.203487644
-153397.04439288191,-1896382.882584691,127057.97541233897,-1922721.951565234
-19590.18927495368,-385328.18575933576,63581.33593159169,-341337.03910269774
31887.576828712597,-7875035.227578849,-248696.00895051658,-8091843.659700653
10702.949542248622,-1798612.955033958,148561.8652023226,-1639348.1402893867
-144376.92849473096,4528675.790176332,93000.74814298749,4477299.6098245885
91067.08608500846,17489710.95320633,542869.1664729267,18123647.205764264
14378.387969506904,-8012309.956370175,-378439.6736540124,-8376371.24205468
453030.564465262,-9745852.882954419,267625.6901740283,-9025196.628315128
99595.9831675645,3768540.7285637558,-121578.24077102542,3746558.470960295
199695.08753759786,17597858.12921235,329677.3479379341,18127230.56468788
-95159.09844451956,9967379.68950677,-244966.62891975045,9627253.9621425
12724.142422279343,-17260572.937443614,64848.393776357174,-17183000.401244976
248947.2372591514,-7121858.102475464,144341.17968067527,-6728569.685535638
-178920.4041636847,5018427.117178917,181763.39810092002,5021270.111116152
257694.69261665642,13904183.444327235,79701.93042812496,14241580.067372017
-30626.288736874238,-22912427.0892967,151054.8264053464,-22791998.551628225
-215926.40814094245,10515465.479476243,-359183.09942026436,9940355.971915036
178170.06162392907,13452770.74942857,293456.0505927205,13924396.86164522
182592.47771198116,-17270198.09626642,-130047.16618853062,-17217652.784742966
-41943.42268868908,-10995168.5180901,249352.78714601696,-10787759.153632771
33124.33804766461,-11284387.510188758,-20599.426819823682,-11271862.598960917
25536.636524889618,-2626940.3510831296,-170340.7641333863,-2771744.4786916263
39044.27229204588,-2527001.346850097,-15822.827994138002,-2503779.9025521893
-39198.929865997285,6393638.320372045,-323098.18131908774,6031341.20918696
184205.57653728127,18537374.551742613,-31740.806951642036,18689839.321328253
48488.99700142816,-4917256.636978984,69767.57417854667,-4799000.065799009
-60847.142016930506,-13963659.507080793,321595.5057820305,-13702911.143315693
-10895.527530148625,16180545.27177915,-225230.51989068836,15944419.224358313
-37129.087933540344,-24522343.276468992,-28774.300574168563,-24588246.6649767
-532888.7929327544,6553720.198789954,-529488.780569166,5491342.625288034
-232796.21980202198,-4651309.470664054,-154594.67768663913,-5038700.368152715
33308.26124282181,7630487.034243107,47842.83614488691,7711638.131630816
-111367.55216731876,-10320973.463731498,-314473.65289351344,-10746814.66879233
-142141.15472926386,-4196994.939786285,-169290.3641251102,-4508426.458640659
-212560.1622236017,28207617.710175216,-14095.89968379587,27980961.64826782
133006.37337691523,16539073.401913464,-448235.9334379658,16223843.841852413
-100413.06401221268,29713587.928689778,-121143.84791529924,29492031.016762264
232486.37190087885,-4774566.395110577,-58234.99903281033,-4600315.022242509
220900.29659460858,9854746.762207717,495051.2787402719,10570698.337542597
272680.3127520159,-6814843.016698301,545961.225837186,-5996201.478109099
142781.75729698502,-9359097.885743499,411390.5844712183,-8804925.543975295
-231747.70692958497,-5430741.753845036,-92756.47452519834,-5755245.935299819
-199121.789143499,29309455.56517011,-460918.9217756316,28649414.85425098
-404446.7831061352,309055.10939991474,-183487.9792806208,-278879.6529868413
-349399.9000598341,-9723083.01584351,-308564.59486475587,-10381047.5107681
17078.56962859258,27214686.45121053,-522048.0477896929,26709716.97304943
-9040.19803920947,2381622.3834608197,210774.90391863883,2583357.089340249
323810.6815115772,-1708096.4145941436,207124.3518646285,-1177161.381217938
-131552.2287997082,-2883468.72845912,-69572.52639517933,-3084593.4836540073
-381143.54762113653,-12339958.701695979,34500.228412263095,-12686602.020904852
184147.10658444278,-18402399.345204085,220467.843045488,-17997784.395574152
-172881.8069186397,-410193.5447550714,-93477.14798824489,-676552.499661956
-353208.4860091824,13663612.997858316,-405107.9164158553,12905296.595433278
316574.7093614731,9227902.998809665,198460.50207751244,9742938.210248651
-162415.39150788262,-5202695.264858663,-308763.0726404041,-5673873.72900695
352708.55395673774,12377404.975061297,-79227.6050042063,12650885.924013829
-151523.72207278013,-9851140.434792876,-1002383.5493152812,-11005047.706180938
232132.15307297558,-10607870.455883414,-60810.681762076914,-10436548.984572515
-234818.93700775877,-12582144.345475316,-212181.39218598604,-13029144.67466906
-50830.927956150845,-318530.97886377573,424815.2392562479,55453.3324363213
-243715.9888452217,1632734.2348303199,-171487.2720205933,1217530.973964505
137410.54679263756,-14035614.113232732,103127.21521086991,-13795076.351229224
328509.2383758407,-6421185.223502696,-44600.53070771694,-6137276.515834572
-113830.48263356835,4394820.599788219,72343.96768566221,4353334.084840313
43476.111588306725,-5310149.541395724,-183794.74159812927,-5450468.171405546
205450.34080094658,-7645927.545772195,-188406.48355729878,-7628883.688528547
9251.033055195585,16750372.004253566,256581.7139499113,17016204.75125867
-173196.5901094079,17877736.193078995,-46971.70973324776,17657567.89323634
284121.0558123663,-31096945.719003856,165159.5927677378,-30647665.070423752
336182.06750325114,-13540413.774752915,357184.6351156682,-12847047.072133996
-135523.03690012172,11535950.430945545,168256.6268204674,11568684.020865891
-353073.23393371515,12225018.600005895,-161066.14013641328,11710879.225935766
256494.38703728653,8776114.856227398,134564.17402733862,9167173.417292023
87062.46330819465,-6986840.88165307,291977.3661030829,-6607801.052241793
-50633.978551350534,19606564.28529784,127787.21483952552,19683717.521586016
226992.19320120662,5693344.706034958,13563.809099800885,5933900.708335966
-241169.01319914497,2081634.9585900009,318488.40493287146,2158954.3503237274
148351.49375723116,2841276.1998028457,-243572.16843281686,2746055.52512726
-275623.05295599997,-10380149.283646643,170900.2269795984,-10484872.109623045
-346725.1924320422,2764813.288151145,-96485.23284428567,2321602.862874817
-61742.65102769248,-4189901.5012135506,-106723.65489596128,-4358367.807137204
327147.86609483697,3898491.817397386,362584.5659471154,4588224.249439338
-262796.41243131086,12471965.336137533,-279473.11546070874,11929695.808245514
57788.341569978744,-17063541.09756869,152393.5699673742,-16853359.186031338
-104828.27783363499,-2281178.3306982517,-22908.26996844262,-2408914.8785003293
-41836.08058851585,3926488.5777377486,206631.76510106772,4091284.2622503005
-8381.56142289564,-2923510.7705155015,-152826.12942562997,-3084718.461364027
151267.80108468793,5258637.0999035835,322433.33291472495,5732338.233902996
244138.56005124934,636274.9760643542,241136.85440836847,1121550.390523972
-395322.13892525434,-955098.8260358274,-328518.967472814,-1678939.9324338958
106311.31467162445,-3355905.0383611023,-123954.53016881645,-3373548.2538582943
126856.1901754532,1414307.9610078037,-392615.0109301433,1148549.1402531136
-222444.85260723718,-10306130.944801152,-60014.01732324064,-10588589.81473163
146322.2168455217,-17094315.2785275,171088.2592009753,-16776904.802481003
127945.47777840309,599219.9221071899,392707.8590351641,1119873.258920757
422769.1377342697,11479620.908776522,120495.02572902292,12022885.072239814
-104686.77268400788,-1724158.4810658395,-285625.7889961675,-2114471.042746015
-219944.37729121558,-3933360.5222147703,-66634.73497593403,-4219939.63448192
78645.7208788395,-10903519.772807598,-203385.61912771314,-11028259.671056472
324511.445731923,1358148.067388773,148986.44773101807,1831645.960851714
221413.12560002878,15679828.984245718,221184.03205085546,16122426.141896602
-176936.9403467644,1485245.742494613,-173108.81590513885,1135199.9862427097
-63646.150688551366,43201791.89985001,24803.57329980284,43162949.32246126
-98849.72350658476,8742845.746540248,473897.58046572655,9117893.60349939
-8462.508259905502,-2617739.0645717382,-36249.16729641706,-2662450.740128061
41097.972606094554,-5450426.146305114,-378833.29493780434,-5788161.468636824
-318081.36603119597,-25010976.14402622,-378559.0753182769,-25707616.585375693
460366.2624399513,5862913.410617322,-483710.57729200274,5839569.09576527
177221.29628862254,-2622153.340177119,117605.33178663254,-2327326.7121018637
10602.557373221964,6262066.815746427,32000.076964892447,6304669.450084541
211804.8559725508,-11963125.073652446,155547.46142362803,-11595772.756256267
486519.7108102832,-9324963.104438901,29714.72446011007,-8808728.669168508
-315589.3950675577,-10755010.558799088,-70675.38369858265,-11141275.337565228
-350506.9185789935,4978813.789830089,684617.578985095,5312924.45023619
149276.05426304415,15256903.56873563,-289261.9745806381,15116917.648418035
182150.97265418805,-12601767.865415394,216812.03596044332,-12202804.856800763
347282.92534091696,-31593804.55949545,6438.090677544475,-31240083.543476988
-74211.06169975735,-3412611.718353659,320882.54652357846,-3165940.233529838
-72244.37605106644,-6031351.4473106265,126552.55350340158,-5977043.269858291
107879.07844302803,-783486.247915566,103856.63867294043,-571750.5307995975
46362.75991486013,7053979.35006088,386610.5052597746,7486952.615235515
123466.09837335534,10941517.74206853,-34218.174056753516,11030765.666385131
46739.61570550129,-3220276.567312777,86755.4021602422,-3086781.5494470336
202458.53081193194,12766755.749902666,152009.66951863468,13121223.950233232
127687.47667871043,-12344908.941498905,90555.27697326988,-12126666.187846925
268443.8477079477,-10755439.24123776,-12469.976297736168,-10499465.369827548
36555.18010608107,-3974859.6493180394,280096.13130523264,-3658208.3379067257
39352.471202831715,3638606.1752574444,116466.97639493644,3794425.6228552125
-425612.78618446365,-8129316.843575209,-104022.34166317433,-8658951.971422847
241115.14322078787,16185905.752018064,93368.49593184143,16520389.391170694
193560.9270600956,-22538825.695946366,286702.2767996192,-22058562.49208665
-19335.319931747392,3421354.85719344,490896.879030399,3892916.416292092
410852.0111926887,-345617.71581962705,211863.1521775797,277097.4475506414
327143.987583261,-4031121.355954498,-620130.65818578,-4324108.026557017
264282.68024426326,-17244228.01291278,410206.77760805935,-16569738.555060457
511045.46311623976,6772542.855391979,347206.70864059776,7630795.027148817
95261.27966356836,13865529.359317064,376906.6370177716,14337697.275998404
-101416.59451134317,597.4205141067505,-110686.66101457179,-211505.8350118082
231147.04084795713,-1044712.1095076501,-128795.1331358105,-942360.2017955035
-25696.37166815251,4973597.065480471,224595.86843146384,5172496.562243782
51919.42664043233,30102422.315097004,62584.869607537985,30216926.611344974
-214270.2594946921,-4061131.908952892,284569.6297824532,-3990832.5386651307
73508.60704774782,-14950978.051677585,-37111.15986263007,-14914580.604492467
25823.741168739274,-6589117.456854641,51896.73149125278,-6511396.984194649
131223.76302106678,8913213.42863828,319092.0128002912,9363529.204459637
-23080.886384448037,-9267414.219564468,-52489.22992961854,-9342984.335878534
-184690.74753696844,-4328214.19495824,-316113.46090521663,-4829018.403400425
108395.0364752002,21148281.064433753,-204301.0273673907,21052375.073541563
-82264.86596460082,-917697.7099032104,168925.37204054743,-831037.2038272638
217107.57059024647,-10473300.089004755,-171529.82919134945,-10427722.347605858
199919.3207549192,-1333533.0461837053,106620.78505975753,-1026992.9403690286
153229.9984219782,2982456.7063769996,277173.34320679307,3412860.048005771
193227.39655557647,-857820.5645175278,193087.42929837108,-471505.73866358027
-218321.26985131577,-3540218.147662878,-53951.84676152468,-3812491.2642757185
-66357.12660932168,-425062.8511134982,543108.048708871,51688.07098605111
92796.36454400979,9290269.239724576,-151813.2087198496,9231252.395548737
139071.46866984852,18071003.832147002,-16548.564565718174,18193526.73625113
-216231.519779386,2950454.688126862,215696.27959238738,2949919.4479398634
-387851.8816553373,-8452062.930135459,-34279.70983175188,-8874194.521622548
13618.19785454683,-205723.94927078485,307342.20200261474,115236.45058637671
100771.67798461951,4505792.999533236,-366407.4259123653,4240157.25160549
39552.29566323757,16615210.800484836,-70187.41042385995,16584575.685724214
140990.61396789923,-3504903.610525191,47747.14961929619,-3316165.8469379954
-305987.5203052908,2335527.584413469,-57074.7906390205,1972465.2734691575
39631.14323135093,-11660157.408981264,232946.73727965355,-11387579.52847026
-143029.32528093457,4248989.771175683,-392691.5837139115,3713268.8621808365
133470.52404288016,-4039361.429626107,134538.78473241627,-3771352.120850811
-171369.96864233352,-1242435.5529889464,-224074.41658129543,-1637879.9382125754
-163661.50215317868,-905922.1691957414,-273872.6002436206,-1343456.2715925407
54335.76304449141,16241295.505816936,198521.54198727012,16494152.810848698
195370.23996299691,-15289102.069939941,116939.25457561761,-14976792.575401327
785794.9285433404,-12383930.930776298,466468.24807946384,-11131667.754153494
-45137.13309576735,-21342609.876362026,-154780.77547365427,-21542527.784931447
-189582.73349557817,-5766210.785728753,330382.31648388505,-5625411.202740446
113941.24147065356,6281407.12067759,-212885.32214735448,6182463.040000889
-128133.39430448413,1257362.314743638,-475972.4941095561,653256.4263295978
72019.65236898884,-13592004.132614732,60740.52449788898,-13459243.955747854
-66686.40096565709,29806360.3467955,159367.80401987582,29899041.749849718
340615.60366733,-17941362.773779273,466356.7793116495,-17134390.390800294
-318043.06343557127,-25636904.928532153,-248712.83810782433,-26203660.830075547
300421.4627893474,-1500100.6033312082,51584.733001202345,-1148094.4075406585
-172463.7942613624,-2967397.7877959013,-22256.579580575228,-3162118.161637839
-212113.94673866965,10564022.855181545,-203270.9519599229,10148637.956482952
434166.0741246324,5831160.803701282,418550.51558128,6683877.393407194
271961.8152748216,-15985345.64224881,413356.6267760098,-15300027.200197978
-175511.79103744775,-14476189.422606409,229229.264966771,-14422471.948677085
-177510.9278663639,-7123729.143342435,339596.04946117103,-6961644.021747628
-148726.49511688016,3788829.010913551,-115749.77242092788,3524352.743375743
-286002.97452484816,4924609.379871309,-237664.16338869184,4400942.241957769
248924.43691904098,6281196.986411244,185887.01586583257,6716008.439196117
88329.36053244211,5766772.00040096,94091.56871397048,5949192.929647373
37557.47261033021,1838923.402244389,120548.73802441359,1997029.6128791329
-215239.01526153088,15655412.758141577,-175002.10033483803,15265171.642545208
-90684.94603942521,-14863115.226570725,161267.73193947226,-14792532.440670678
-164869.86284935847,239731.39735507965,70904.69472810626,145766.22923382744
533624.8477950543,-2098302.2753548026,152403.56102578342,-1412273.8665339649
-120882.26260748878,-6713424.937423348,-171161.48113030195,-7005468.681161139
-193898.02785174176,4271077.734519929,-137349.0459650904,3939830.6607030965
81208.85415267013,-15648250.184416234,176853.67534715682,-15390187.654916408
30512.038210222498,9498149.183756799,21272.391942605376,9549933.613909626
-259137.8393373862,5294397.971800685,-51918.973532401025,4983341.158930898
-86453.43154102191,194352.0184853971,-370130.7999846861,-262232.2130403109
-138336.3944338262,-9760977.41446516,-205578.53879743814,-10104892.347696424
-34252.24799806066,-30536990.50825298,-109059.76838041097,-30680302.524631448
218447.4148412589,1051945.3578580022,551633.3292528912,1822026.1019521523
168423.03051855043,13449324.283499897,517546.87600838393,14135294.19002683
293964.36081570014,11349259.141743183,561373.2027301192,12204596.705289003
115560.7173550073,-6184138.240587175,28768.990207880735,-6039808.533024287
146533.9173111003,-197110.63166320324,191568.26558003575,140991.5512279328
-413738.63057693094,-11438257.476978987,407055.18016439676,-11444940.927391522
-16408.66020283848,2492932.0431946516,69685.47942769527,2546208.8624195084
164723.70529944822,13157948.82590133,154394.73117236793,13477067.262373146
372545.74803732336,-22937.52709144354,93908.9567239955,443517.1776698753
-265152.124028448,18312859.99015516,-609355.0886347815,17438352.77749193
-202062.09253871255,-228628.56731376052,13330.460876822472,-417360.1989756506
-3000.4471340067685,-15738048.611615181,-214977.39906459302,-15956026.45781378
17180.94908158295,-3857041.505051911,23857.24988590181,-3816003.306084426
-5901.772960618138,8733969.235357165,-270908.46698912233,8457158.995407425
-198285.87153997086,24426139.818992496,-34516.19872136414,24193337.74873116
-176382.0596780181,4573213.015549034,-363449.08207294345,4033381.8737980723
-363028.6155089922,11119866.675669372,36349.41108813137,10793187.471248511
177967.19765508175,7610642.890774012,241859.25735849142,8030469.345787585
-27698.552250497043,-9735432.944080204,210723.98469363153,-9552407.51163707
368333.1986380294,-7917997.728228986,58489.3386823535,-7491175.190908603
94194.66350786947,4326807.638598621,178902.7147296965,4599905.016836187
14165.37636192888,-5388423.982114255,42065.35565433651,-5332193.25009799
-207483.9426273536,3498182.604863107,-379500.6984641999,2911197.9637715537
27953.222112054005,3260861.994979918,-366446.35639953613,2922368.860692436
-1500.3363919109106,3039745.5333518386,224644.19508853555,3262889.392048463
254203.36887869984,8075203.741532564,-130557.09022443742,8198850.020186827
591330.6063807718,-20315733.60611531,534835.0944589004,-19189567.90527564
-30514.72610825859,24206159.620553136,222641.42279494554,24398286.31723982
-239016.27636381984,7918294.797599137,57878.63712665439,7737157.158361971
-20957.324006626382,4775878.100525439,249559.8674501106,5004480.643968923
-200290.98293386772,20176414.082487464,87887.32550106943,20064010.425054666
-22541.4456905853,8235616.176833332,14678.04359882325,8227752.7747415695
10963.991964591667,3958544.124805391,-135756.86790280044,3833751.248867182
-219048.52392545156,11090143.522432625,-247339.11226207018,10623755.886245104
-263798.2188961543,-10474244.121284157,-236992.61559729278,-10975034.955777604
90466.94064045139,17748898.98758793,118371.90537232906,17957737.833600707
136080.9302100204,10329014.966362894,405758.68778567016,10870854.584358584
345556.97204959765,-11480109.805915922,481035.9836629778,-10653516.850203346
-452385.87620777637,10084844.384155065,-302451.7291612923,9330006.778785996
-102380.62805159204,11854654.4106386,-73342.37829209864,11678931.40429491
49317.758600255474,12340143.977451235,256360.55771463364,12645822.293766124
-100619.0065609105,-5700270.276950419,-54783.68098825961,-5855672.964499589
-128714.41736546345,-4976244.1683066785,-100629.04898230731,-5205587.634654449
262695.62698871084,-13091436.803157657,206666.1991860792,-12622074.976982867
284293.0476526376,9642658.518097103,257525.80664016306,10184477.372389903
-8184.37628737092,51128.19793224335,-311682.11388120055,-268738.2922363281
-233748.26267554797,12394212.47109431,-437266.533425197,11723197.674993565
-39449.054922971874,11414046.501222104,784.0699245780706,11375381.51622371
42597.993585085496,-4029118.9112476707,140983.00332535803,-3845537.914337227
-47655.84530808404,-454370.0385200381,161982.01439429075,-340043.8694338314
-3123.720100970939,-14677672.457796693,-460516.93943638355,-15141313.117334047
3651.2006728928536,18194193.09366277,171579.75018780679,18369424.04452347
-437185.46999407373,9696660.607191741,-335373.7570245564,8924101.380173111
-348734.58384479955,4227316.115367085,-173683.8440214917,3704897.6875007935
56825.20099468157,11481784.282078624,-201403.62139680982,11337205.861676496
93262.58668019436,-15721505.510421038,-365700.3810868114,-15993943.304827655
303190.99837468006,-16704044.55462709,249827.43110048026,-16151026.12515193
361644.97535813414,4568642.375325024,-256688.21884544194,4673599.131837716
-58207.4439382609,6686245.989402354,-243216.04450164735,6384822.5009624455
546081.3474442717,17057985.14135647,495385.3824328482,18099451.87123359
224910.42755808868,-8657457.16991824,-9530.691169090569,-8442077.433529241
-72898.44691519067,27780376.901360482,-407846.68486458063,27299631.76958071
52732.58633853868,-1185405.1184974909,-597970.4144471735,-1730642.9466061257
290440.01988404244,7298816.594624758,150402.1741805151,7739658.788689315
-294174.00717635825,-3658548.3790841103,-387093.4789515361,-4339815.865212005
10933.084871970117,4749533.667623401,-153523.77314446867,4606942.979350902
-63619.40711210109,6473196.020242304,125453.71111811697,6535030.3242483195
-92857.16341226362,-10539148.997812003,261217.3924593255,-10370788.768764941
-199250.41389587335,10092125.284957469,-428090.7769858092,9464784.094075786
3762.4077234715223,-3082285.085790217,112677.53931981325,-2965845.138746932
-244603.95061754808,8062045.546333164,8050.295828513801,7825491.89154413
141457.2922366578,6258739.7394135,-79137.85718253255,6321059.174467625
-239334.86005834676,556773.3962882757,-240649.28674370795,76789.249486221
273688.69527954794,7484670.718004644,472252.7485222891,8230612.161806481
-115482.4957464654,18542182.16980034,191150.24925295264,18617849.92330683
-22427.371680323035,-25640239.83437255,12812.983850762248,-25649854.22220211
365853.47207307257,13605551.391391993,-149585.3601836413,13821819.503281424
-79768.60315206274,-3590286.0811084807,437396.3953014985,-3232658.288959045
-130512.59733288363,4491976.795211196,-237834.56370478868,4123629.6341735236
16754.380103519186,9500324.796251833,42567.321192875504,9559646.497548228
-49715.0069797989,160593.7507711053,-411707.4153172076,-300828.6715259012
18709.867326289415,-3641797.1013801694,-471015.50197818875,-4094102.7360320687
110963.54493214563,6813271.488088965,-340692.5101495981,6583542.522871513
66255.70258158818,-10114003.013335824,489159.9309054017,-9558587.379848834
-67382.7302596774,4033246.243009925,124514.57270094752,4090378.085451195
-52670.686168409884,21671885.01498151,-284611.04041258246,21334603.288400516
-397418.59078894183,10507890.377270639,-78846.75266629457,10031625.033815403
-26227.890588428825,11831877.263066947,-152192.18192765117,11653457.190550867
345962.58098436333,2440402.350730598,69347.0586092025,2855711.990324164
217977.24997154064,-15273305.679155946,-361092.9612901211,-15416421.390474526
23979.6751198899,6341352.536514074,-115102.8095382154,6250229.402095748
-173168.4321231544,2918666.871516049,-84176.12506053597,2661322.3143323585
365851.35215153545,-1563486.700605929,204169.52533127367,-993465.8231231198
-101241.26534155011,9083612.954751909,-179105.6829424575,8803266.006467901
-30259.84035127051,-6144007.742191881,-35666.651044905186,-6209934.233588057
-10830.194699533284,635535.7989228368,-72388.94509432465,552316.6591289788
-73141.01751483977,11578323.73996836,-540389.8173939586,10964792.905059561
-89168.96167342179,8766937.60540992,143200.9395289719,8820969.58326547
66402.67097187229,3333285.546832919,201500.1207538396,3601188.338558631
43273.39756573923,-3407707.4893931746,400469.4438170418,-2963964.6480103936
-514305.2558451649,18279737.036884457,-200547.9148682207,17564883.86617107
354617.5635874644,14320488.46623087,74569.65097264946,14749675.680790983
-26198.60821454972,-19228868.73721963,39933.60390406847,-19215133.741530113
-245869.9874668792,-7812185.170032352,57282.35023267567,-8000772.807266556
-348815.3798734993,9891939.730844527,-387787.6527184695,9155336.698252559
-496383.1850977279,-1408241.3282588124,-519454.3961197138,-2424078.909476254
226702.60470811836,11073662.927746385,-60145.70030002296,11240219.83215448
154614.9430005215,-3492279.175517857,86621.92440332472,-3251042.308114011
-420956.4106127452,-15721555.560771704,-201206.46459789574,-16343718.435982345
72532.09973497503,-587572.3382568359,-136190.13634552807,-651230.374867389
124924.022535339,20195912.24231541,-130741.69482007623,20190094.570030674
-58600.70832192339,7946104.038413346,-83854.91793943942,7803648.412151983
32069.413029620424,-10724890.920327812,141518.21040001512,-10551303.296898177
8379.4729902111,-21638656.996172726,111146.58318476379,-21519130.93999775
-279781.29410847276,2007996.8301916122,-516496.8855509311,1211718.6505322084
186924.42754079774,5606327.015202343,320434.1271796748,6113685.569922816
42064.79820695147,2601590.561304927,-150703.1570627913,2492952.202449087
-92365.03424338251,4785550.729602933,-238522.3365431875,4454663.358816363
53212.85864826478,-4662710.605548441,-443248.64339727163,-5052746.390297448
127692.54910633713,-11799021.301602244,95778.75124236941,-11575550.001253538
85025.7933307644,2530288.3580773473,80729.9564282,2696044.1078363117
-39.21542560495436,21804660.94858402,133013.2885256037,21937635.02168402
86210.74881893583,20118872.023364753,204815.9847914353,20409898.75697512
251761.97609214112,-869222.7464957237,-28380.23728351295,-645841.0076870956
225169.46276462078,1461413.3576107025,348723.4583389759,2035306.2787142992
-178274.32285499573,-917066.822627604,3105.1874104961753,-1092235.9580721036
-95205.03166676685,5634888.323442757,-240347.45079346,5299335.84098253
-106609.82378693298,-1068924.6687870622,-86998.38552161306,-1262532.8780956082
-516207.3788206782,-4902801.933461785,-263147.1124280542,-5682156.424710518
-399710.8863517232,-10330711.435420811,31477.44794794172,-10698944.873824593
-104668.50456426665,6439375.307823181,27784.614054858685,6362491.417313773
-382458.8104373161,-6792409.668714881,-70730.6937828511,-7245599.172935048
230803.0557009764,1917886.593873918,-7158.379639498889,2141531.2699353956
-188390.5114935208,-3894325.1851721406,-234254.456327416,-4316970.152993077
266440.9851821512,13935973.277972639,-25208.852982588112,14177205.410172202
454522.07403337955,32892693.39461857,-19800.94511076808,33327414.523541182
-9053.893573084846,-9649929.755611926,257804.8330758661,-9401178.816109145
-326883.6577913109,-16182846.847103864,298951.87817604095,-16210778.626719134
89433.71587003022,157516.50858977437,481921.5426630378,728871.7671228424
421013.9362644758,2059386.0550151467,254364.0356720239,2734764.0269516464
108467.71956327558,9593886.473789334,158902.70373389125,9861256.897086501
-69002.95692090504,14636498.28682527,143141.99028026313,14710637.320184628
-312823.8882797994,-1531745.6889814436,-313773.5593986437,-2158343.1366598867
90661.88640611432,-17700670.654911697,322666.38647473603,-17287342.382030845
-512313.7930273842,8824636.234212816,-532554.0029773638,7779768.438208068
232160.41695293784,9832796.489394903,-7193.850496992469,10057763.055850849
-430.16226443089545,817455.9626531601,318723.08479733765,1135748.8851860669
-168963.7951535154,-8336911.630792826,-194509.26738592237,-8700384.693332264
-124845.612834014,-10421803.617557704,692846.3770775199,-9853802.853314199
-104674.8987328764,21825111.915095598,-786677.8228424564,20933759.193520263
230675.40806143545,8507645.893818736,177358.57443271577,8915679.876312887
-29049.766670498997,10764184.072616875,162329.89089137316,10897464.19683775
314745.1733443327,14114040.189286351,518069.870856598,14946855.233487282
-47615.90291271545,-17946360.490460843,65522.962283454835,-17928453.4310901
48859.20691228472,-28518758.979667783,56678.41234572232,-28413221.360409774
528725.3828155007,-4676967.024113417,-162442.12574393302,-4310683.767041849
-164320.7694991976,2933192.796622008,-38588.40750170499,2730283.6196211055
66131.45216272585,20579101.255690277,36255.34813848138,20681488.055991486
314214.18939070776,-7247731.513863444,-213825.3604420647,-7147342.684914801
53521.16452889331,7043120.8120037615,-50028.993116393685,7046612.983416261
-244200.73619118147,21849822.50086665,-115867.92451942712,21489753.84015604
-255974.2605712749,-3785965.841827363,-219607.35264237225,-4261547.45504101
126368.76652999409,15835020.062229216,-154716.963975057,15806671.864784153
79036.399692351,11842791.009471118,-197904.98627129197,11723922.422892177
-188870.64369693212,-3731398.69209376,44129.92416904867,-3876139.411621643
-78507.93956156634,-24901422.520891845,-205563.1987992227,-25185493.659252636
-82617.22087921761,1546742.5981178284,-8030.349670186639,1456095.0275684241
-376221.69436461106,2182704.5461547375,168350.72689525783,1974833.5786853842
-145191.1813760996,3695711.7263420224,127676.55541862547,3678197.1003845483
293580.6533169132,-1544222.536283791,133307.36242711544,-1117334.5205397625
83302.41552853957,-4946303.438903421,231785.14815859497,-4631215.875216287
77053.92541072704,60649.93124616146,15395.04808460176,153098.90474149026
-238423.69253121316,2451166.813721359,174259.58460808545,2387002.705798231
81347.7289852947,-4227787.423101634,678256.8306161016,-3468182.8635002375
-22935.104823742062,-13165313.054024458,109237.4200156182,-13079010.738832582
173209.6264095176,20667182.05637282,-1262.2735969871283,20839129.40918535
276469.3071010094,-8613352.570281506,314906.50050899386,-8021976.762671502
258159.3882114496,-14756839.709083855,243987.36257053167,-14254692.958301874
-193673.2064962443,12923838.32962799,-348074.4141283706,12382090.709003376
-157990.1522766743,-11530731.393145472,-370900.1847994253,-12059621.730221571
-127734.99471666478,13157692.422722042,181252.08731126785,13211209.515316645
23653.02240936458,15004010.784885615,170314.68939197809,15197978.496686958
-4321.856460018083,-5411269.63341254,-158098.98692902178,-5573690.47680158
-160264.50537502207,2068814.5009126365,-265120.85128082335,1643429.144256791
-124568.47052309848,2663371.721271485,-195025.98103143275,2343777.269716954
-66680.3331242688,-12013920.377653778,-30860.197398222983,-12111460.90817627
263313.3233771473,8364071.256278038,57114.32586181909,8684498.905517004
18368.47161900997,-2704220.8807902634,-274306.53936802596,-2960158.9485392794
-8359.48079815507,-6524313.63906759,323380.06770317256,-6209293.052162573
2959.5905309207737,22560431.216233373,98966.34726116061,22662357.154025454
8650.10242178291,6903034.908750117,-118118.18472601473,6793566.826445885
-30421.676233783364,-9509115.014618963,136694.7010774687,-9402841.989775278
-356935.5850393344,19107436.137884796,374440.73553186655,19124941.28837733
-117192.26332669333,12694497.927781016,-61817.48945490271,12515488.17499942
245640.0426844675,-760203.7911656201,-30714.394599944353,-545278.1430810969
30343.294534038752,-11669196.593458593,-459641.17799762636,-12098494.47692218
-6888.086304549128,12141371.377272129,-863573.9267734438,11270909.364194136
459059.68441561237,16721956.624693334,202381.06659222394,17383397.37570117
4388.990004532039,-4695019.661855042,131259.17813625187,-4559371.493714258
250185.24934737757,29184311.8066445,273836.3801306337,29708333.43612251
20849.67162499018,13389235.653289497,25805.006702698767,13435890.331617186
347857.2877308391,-4593973.567351341,-226567.09466124326,-4472683.374281745
-441366.97040716186,10102038.147716612,-607006.5846698657,9053664.592639584
-89495.51946399175,-15470791.449854612,-7452.2805241420865,-15567739.249842746
69335.58308080584,-2521233.7312875986,-87566.79020198435,-2539464.938408777
-323506.9213115331,5397376.8505093455,-432629.16371296346,4641240.765484849
537061.552759517,-4982202.355076194,279664.7456796095,-4165476.0566370673
-435447.2431990281,-3460794.1918887794,-90059.54924251139,-3986300.984330319
-243447.4192772787,20484077.724957347,70732.607323654,20311362.91300372
970.8213941529393,5374630.413723826,-127235.10997313261,5248366.125144847
-39660.349682366475,-11233500.151472569,-219577.70028439164,-11492738.201439327
-293526.9542168956,18653245.738905787,14396.563674114645,18374115.348363005
129463.38873180375,-4971889.330080688,169462.51891299337,-4672963.422435891
128773.13875266351,2366003.016700387,-43996.41582661122,2450779.7396264393
158381.77912605926,-1031211.3044690788,101462.61965782195,-771366.9056851976
-231582.46436615102,22999826.94037357,141321.77704538405,22909566.2530528
-77671.33142491989,9499212.7868796,-365.1414014622569,9421176.314053217
-364872.19038839266,-6490372.203732252,-94120.8003988713,-6949365.194519516
271662.4080245439,-9983877.678183675,-226565.30380609632,-9938780.573965227
-448120.2879570499,-7944045.800700009,-91532.29825545102,-8483698.38691251
-421337.9805425182,22392897.442742348,-437279.1683005318,21534280.293899298
396151.05234836973,-7928103.633934736,496680.9416250065,-7035271.63996136
229472.37385789864,10184336.580764502,341714.7315769717,10755523.686199373
-93124.52610123158,-20667413.42131406,-124675.23051407933,-20885213.17792937
-321644.76034700125,-3947891.774800271,-949969.0539931506,-5219505.589140423
553543.5642378926,-25209165.391030937,428923.35118077695,-24226698.475612268
-28361.051536861807,-16554647.088282406,-395684.36209975183,-16978692.50191902
-221267.8581222836,-19878754.70535162,-42930.70878818631,-20142953.27226209
237255.39021244645,-101199.4273199439,-646209.8447080404,-510153.8818155378
127704.99004954286,1917870.36866498,8902.316608473659,2054477.6753229965
59077.75011348352,-5403243.5302475095,104726.53244984895,-5239439.247684177
-303964.7823076062,-2867809.078652203,-436942.6628306657,-3608716.523790475
136114.51073875837,-14713168.16755259,248461.69301939756,-14328591.963794434
70227.58976059221,-5346563.270062268,-168959.66840220988,-5445295.348703885
-109609.88026775792,-17282307.40576011,91879.37741830945,-17300037.908609558
4758.948004525155,-5172633.776908994,-76318.05498755723,-5244192.883892026
88795.3193862401,-6685102.213347971,-14962.7409857139,-6611269.634947445
-22693.919399147853,-11859175.718055904,362634.12813200057,-11519235.509323051
43647.66859990358,-13483956.667576075,313887.49054133147,-13126421.50843484
199576.6819749698,22802337.89572656,175383.38586692512,23177297.963568456
148618.4443745222,727233.1700564623,391353.8459387496,1267205.460369734
87283.58977307193,12617460.567019641,305364.22373572737,13010108.38052844
408824.3506393675,-9755207.445988894,341223.45559418947,-9005159.639755337
115532.45177932084,-6298032.69842124,400613.47150235623,-5781886.775139563
222782.9440203216,-12094218.142640382,445570.94127236307,-11425864.257347697
80001.99725892395,-6344010.022632837,93311.16188971698,-6170696.863484196
-194681.39524263144,10384081.080894828,-585617.1430570632,9603782.542595133
19473.966169945896,-14015637.962679505,-283968.6672568768,-14280132.663766436
197940.40629636496,15807379.130349934,143845.88164500892,16149165.418291308
184547.5359701123,7979280.956917584,124372.89224960655,8288201.385137303
-6880.876206044108,21103549.666392744,-139520.8991343528,20957147.891052347
-119042.25484582409,11099884.005963564,-123810.94538669288,10857030.805731047
-78344.40621055476,-8896592.989328444,287230.45263263583,-8687706.942906363
13208.43741997704,-3132238.46251148,-315939.99757579714,-3434970.0226673
-216019.3125234954,-3779312.8016837835,-203086.01723621786,-4198418.131443497
-295640.1091898475,8760337.3377482,-385667.84757772833,8079029.380980624
336742.41180738434,6154883.589364886,181444.11054005474,6673070.111712325
-38910.17675665952,-10891993.405379713,686662.378167808,-10244241.203968564
244540.90070136078,8332520.071500003,-222656.57895537466,8354404.393245989
465982.3634283412,-16730605.652525932,139457.9694519937,-16125165.319645597
-257048.17798567005,-16237639.255097508,-320413.28707641363,-16815100.72015959
26445.511640673503,991385.8675413728,-550235.7516886592,467595.6274933871
24351.059122778475,-7835903.19233799,286444.8194177672,-7525107.313797444
-1301.6834611669183,5937020.363909185,-263690.59729899466,5672028.083149023
-453005.4092791751,7599648.647254884,-294597.0021928251,6852046.235782884
-87646.25275567919,23529645.004924297,286312.9461764842,23728311.698345102
124967.21834621578,11169164.374959946,312539.56589432806,11606671.15920049
-261543.5302385725,-3958101.4435681403,-546941.7905419022,-4766586.764348615
-286357.46357871406,16149441.59257248,-688357.5003635585,15174726.628630208
-93019.79804477282,2329156.17043072,249849.4276869297,2485985.8000728767
-59699.3758279942,6350081.495259404,124917.88089598715,6415300.000327397
79446.31991381384,-3375966.8262808323,-3775.7724850922823,-3300296.2788521107
-113194.34265605733,1158433.5466086268,-364338.22676606476,680900.9771865048
46192.34332714602,16890101.186828732,294404.18510396034,17230697.71525984
317012.02829550393,-7418864.591967642,215835.20688274503,-6886017.356789393
147037.24522526376,-16947428.193665504,343234.1482079029,-16457156.800232336
-339609.11775578186,-878661.9952891767,345355.4849986583,-872915.6280463003
-213546.93140227906,21579788.958220363,-328999.65282455087,21037242.37399353
63481.14327485673,-9755186.599782646,17455.45447678864,-9674250.002031
2798.759713349864,-5001528.441948354,-56999.19063381851,-5055728.872868823
-425790.17981375754,6513707.947249711,-227257.6621701792,5860660.105265774
376837.13403208554,-4666825.494827986,165534.70187801123,-4124453.658917889
-292373.2166605592,-22822791.070165575,-68469.22580765188,-23183633.512633786
-120034.15806487761,14504201.264511824,104722.33724305779,14488889.443690004
-198925.32748534717,12985071.352965951,-513559.85663339496,12272586.168847209
-149303.0720872935,-25720539.215920866,58143.913645364344,-25811698.374362797
98635.18880570494,3716576.3271183074,585140.4376382977,4400351.95356231
-358625.1431574933,-3822607.2782943845,-74830.89841283858,-4256063.319864716
-290756.06094434485,2164760.4367387295,-428309.47198655456,1445694.90380783
161205.92627906986,-13027761.488368273,-120688.25571623445,-12987243.817805437
90346.62858236581,-1244522.377572775,201411.94556809217,-952763.8034223169
90455.70256185532,7953798.273391306,-413380.2208388522,7630873.7551143095
-86003.87608523294,-16342366.276569456,-24412.829190962017,-16452782.98184565
-87085.25338473357,-16248590.952568084,237655.70708519965,-16098020.498867618
-413014.1934946552,-2102376.3457245827,-374677.5798378736,-2890068.1190571114
29946.579318564385,17892964.89643368,-189068.3644988835,17733843.111253362
-40302.24050785415,3739397.010002792,70914.5983017981,3770009.367796736
51414.30655505136,953664.7744089365,-449082.6795101017,555996.4014538862
289094.8153778948,4134567.4656638503,-4319.194736048579,4419343.0863056965
55925.86008822359,7406616.648349524,200557.38508499414,7663099.893522741
-63842.68346426636,-6927886.603261054,-50713.22803941369,-7042442.514764734
189489.75100393966,15667997.923411608,-331274.429897815,15526213.244517732
74314.44171889313,-5367372.583105713,57769.41305358708,-5235288.728333233
95928.99226766638,-7798243.385868549,-39874.717977397144,-7742189.11157828
-165493.74176093377,-10784735.2623595,-588962.1748375297,-11539191.178957963
-318042.27731440775,-6445259.934080362,-616259.9517655894,-7379562.1631603595
-179198.49094675295,7545993.319852948,-129890.82169421017,7236904.007211985
-184824.1541204676,16770725.07758522,577142.3092728034,17163043.232737556
33295.77784271352,10607886.663493812,-200146.94133938104,10441035.499997145
-125258.44081810303,12680543.731677115,-8762.06860935688,12546523.222249655
169974.65581748076,10701498.715976566,297472.8032927066,11168946.175086753
-194299.02424076572,27223715.201418668,-131043.29264265299,26898372.88453525
188537.63835901767,10131466.42215395,274261.10191934556,10594265.162432313
-305955.34081243165,20003331.44342321,275664.1392218396,19973040.24183262
54411.45063345507,-19323382.2286745,-65952.33322133124,-19334923.111262377
-16472.6344239749,-5002985.991194606,-138713.6045858562,-5158172.230204437
-134270.8176869899,4623513.743031383,-29933.587256789207,4459309.338087603
-401902.13368933275,-14608781.411712348,199364.9310291335,-14811318.614372548
267888.9962617494,14295557.817608029,-223848.84439957887,14339597.9694702
-97560.63578102365,30262746.903918743,293654.78184051067,30458841.04997823
288987.53206418455,-1182439.699258864,157148.35940998793,-736303.8077846915
666284.9677091949,-3577266.5973435044,184972.8497870192,-2726008.7798472904
250492.4484033417,17777887.285124928,-79006.35988142341,17949373.373646848
113945.65893255733,-17810192.999029517,199003.81775007397,-17497243.522346884
182978.04888022877,-7474803.143899769,78372.84068606794,-7213452.254333472
233835.184403738,18125797.397672832,268840.8735182211,18628473.455594793
248859.42169572227,6604143.161034584,339060.408331953,7192062.991062259
66029.35824827664,5215344.901030481,9166.19305112958,5290540.452329887
188438.65330603905,4247617.53685528,272302.42130479217,4708358.611466112
357679.87163828686,11702117.11116755,201395.70748014748,12261192.690285984
127023.97532103956,5999053.267797083,200581.70957183838,6326658.952689961
-48015.20415437035,5051514.677706867,-116844.68789671361,4886654.7856557835
-269113.8829238862,12103558.579253197,-13164.662435173988,11821280.033894137
29326.12507469952,-17920126.954063058,205650.17647659034,-17685150.652511768
-46816.77083681524,5859773.72052294,181261.6132273823,5994218.562913507
-228249.47404238023,14182431.534599006,-166354.09117271006,13787827.969383916
-102638.04589988291,-6258229.2542925775,-272462.6150445342,-6633329.915236995
40715.56126595847,-6836724.526600182,-87606.1269762069,-6883615.0923104305
-297943.79710858874,-19275300.54127544,-328015.382060349,-19901259.72044438
-51280.69032243267,-4175572.03579545,10050.726423472166,-4216801.999694411
-785.4572872668505,-3840998.6139921546,-327577.48129793257,-4169361.552577354
21172.607622582465,19432052.808423698,-214744.7131138295,19238480.70293245
-25305.321858214214,-1638499.8890506625,-16403.48030887544,-1680208.6912177522
490785.61265583895,-5049343.567278028,442679.5940194279,-4115878.3606027607
-138065.09806710668,33728817.63120994,365535.21684603393,33956287.74998887
155623.90314484388,5945645.145267606,-102491.70461347699,5998777.343798973
115398.74191489816,-7575912.881189376,-362323.0841822326,-7822837.223456711
-276099.7932270933,-2708527.20685488,-336933.8660684973,-3321560.8661504705
-169622.38439740054,-7374232.264194012,425418.2644543126,-7118436.3841371
24353.758782897145,3520723.946198821,-108424.78402426839,3436652.92095745
316298.39934212156,-9120803.663129568,328192.9568190798,-8476312.306968367
29387.853444240987,34581172.03694475,-290698.2534208074,34319861.63696818
-143963.79644512944,14594931.428851187,-49407.951919436455,14401559.680486621
280777.64724482223,-9355372.196282655,17080.73478575051,-9057513.814252082
206172.22878305241,1369509.4664655328,252313.53007968515,1827995.2253282703
283714.6482977588,-23966799.7809332,417507.8205306381,-23265577.312104806
-69260.96739453077,12110573.906750679,6490.158788621426,12047803.09814477
-291409.7353807315,-8078585.631120384,-643861.4820336252,-9013856.84853474
-438217.91913607344,-6295833.715990007,-38514.05932435393,-6772565.694450434
270253.66418924555,5170595.380282283,179983.7445665151,5620832.7890380435
-237235.9333672151,18703179.770183027,-50627.50241571665,18415316.334400095
141668.23938669637,2871646.26036945,204911.25831832737,3218225.7580744736
-43553.351348752156,-4740438.336548448,-287402.19415346533,-5071393.882050665
172292.92780619115,-11821156.795907497,129909.07563968003,-11518954.792461626
-234067.90036665276,13984640.983541787,288419.02538574487,14038992.108560879
316474.43576271646,16143053.544579744,98460.57039418817,16557988.550736649
-303020.81609672494,-5566345.135252297,-463189.70594005287,-6332555.657289075
46500.825531868264,9611311.135360539,-571424.9927335456,9086386.968158862
161672.600153042,-26247894.84915632,-140220.51476688683,-26226442.763770163
180194.19227664173,1915975.450051427,-114984.16929791123,1981185.4730301574
-572595.7107924502,2955536.4773569405,-962125.2907305881,1420815.4758339021
357903.9929886833,-3148498.9809141755,-207613.0559372753,-2998208.0438627675
20450.78673883155,-10050187.590433747,-211630.15418243408,-10241366.95787735
242590.44837267697,-4229119.59219718,368277.9519424364,-3618251.1918820664
158223.5537318047,14310884.929372728,-24750.406971119344,14444358.076133413
-324579.66466168687,12022083.437311769,-231679.7035367936,11465824.069113288
-99556.1055394467,998320.8260689974,552635.1815460771,1451399.9020756278
-174254.185080152,2719720.172789991,104689.47339296341,2650155.4611028023
112149.51466286555,2120110.6769928336,215533.6016247794,2447793.7932804786
-296368.43174774013,4482492.3635854125,-510012.3120306507,3676111.6198070217
329425.4133358542,-8770261.82500732,4629.971566319466,-8436206.440105146
13257.10415096581,-11243254.207990646,-108062.26009854674,-11338059.363938227
-99335.23905026726,-15821399.643211246,-334500.41733745486,-16255235.299598968
-347051.06926357374,26650514.350228697,5025.498243480921,26308488.779208604
-124269.09578659758,-5177664.900219142,-166663.79629591107,-5468597.792301651
-130633.18244953826,18815304.361658692,-562547.0212562829,18122124.15795287
210881.08057642542,9555695.456476986,429341.8066896945,10195918.343743106
14112.267486084253,-20921484.90199423,94238.41273072362,-20813134.22177742
273597.33338525146,5499432.197078854,244720.03850791603,6017749.568972021
-166527.80443831347,-7465557.771193951,-100371.8729621172,-7732457.448594382
71793.50630697235,23646417.621514022,236136.39391249418,23954347.52173349
393546.01068758033,-20001206.789845437,305446.33722522855,-19302214.441932626
359385.25394649804,-9449863.66336745,511846.3250568509,-8578632.084364101
63290.27997888252,-1657827.1601387858,-731414.5282588378,-2325951.408418741
186318.9241682049,-4343594.401116073,127802.54931843281,-4029472.9276294354
402826.1334661674,-12992079.066472083,198729.38756017387,-12390523.545445742
-228475.8487880975,17831889.657010913,-402487.387160711,17200926.421062104
178027.32492445968,-19639063.356208563,195500.8646768257,-19265535.166607276
-402658.39413490146,6022837.159971923,-508525.6854220703,5111653.080414951
177031.90979867242,32887429.059629202,413656.94311983883,33478117.912547715
196098.92428890988,3015518.3968345523,503442.17515297234,3715059.4962764345
-31948.7731045112,-6072115.161084652,-556365.1757316515,-6660429.109920815
-271423.06351326406,2798573.658144653,-382970.2113213837,2144180.383310005
71851.24905068055,-14286997.932923019,326956.37509351224,-13888190.308778826
45772.42596625164,5280231.862460464,-281243.58866711706,5044760.699759599
-6595.144419083372,-17977720.8416667,51770.67626851052,-17932545.30981727
-457171.4961565919,1598523.4864953756,-656811.274662748,484540.71567603573
149428.00335956737,17713010.842484593,16969.21728889644,17879408.063133057
164778.49553676322,5629350.439617693,452900.9400838688,6247029.875238325
-30097.946064082906,-452118.73453730345,-302805.1052451432,-785021.7858465295
-58687.36570368707,-5004688.760448217,244622.01917517185,-4818754.106976733
-337732.0332370885,20267267.49631551,431915.14368994534,20361450.606768366
166343.96809796058,32533290.2745488,-154453.6805717945,32545180.562074967
157771.0942989625,-722074.9115560055,70915.92820820212,-493387.88904884085
-127104.71699439734,5598303.416044831,-51806.80350802839,5419391.895542406
-34585.68891317211,19254501.757808626,75085.49285336584,19295001.561748818
-90287.81978785992,10210981.836971223,350758.2794318348,10471452.296615198
-108537.50306037255,-2634678.1506197155,-351183.3947300166,-3094399.0484101046
-281922.88292717,-5495165.545997441,-151578.6992233023,-5928667.128147913
12281.556994827464,4951964.9508808255,269960.2141854018,5234206.722061055
-115260.5356431622,3691688.980966121,223000.9259383306,3799429.3712612893
326823.9415826611,-5286592.1622771025,-263819.78083750606,-5223588.001531947
-90008.1493923217,9749947.566292197,51360.512652255595,9711299.92955213
97833.9559187442,-4531340.047997266,113186.53459414095,-4320319.557484381
-111147.44074422121,-16497301.718232304,-155061.02784015238,-16763510.186816677
352397.31649255194,3816357.0788288713,174811.0767704919,4343565.472091915
120748.17073693499,-6792523.81048578,-400893.3753091246,-7072669.01505797
29544.115819109604,-17441957.266225696,-19218.01555841416,-17431631.165965
50179.71139198914,-1339564.6307199597,-354074.826459378,-1643459.7457873486
50576.46764749475,350221.5529703498,183089.49913094193,583887.5197487865
-122180.27754037827,12858975.7674734,-18507.83499212563,12718287.654940896
95690.18040721677,7444799.018244982,407229.8482570872,7947719.046909286
124799.94224362262,9178642.319821,405499.08617762476,9708941.348242247
-6374.631008459255,-13074162.644509971,47469.13535696268,-13033068.140161468
-164715.8554505892,6429976.929800332,177336.82767622918,6442597.902025972
-187838.19881171547,-8274610.210063219,-496018.79863549024,-8958467.207510425
-76864.92413076572,645957.5721456707,-88503.97748240829,480588.67053249665
-313109.8875568472,6777578.017774582,-212344.09799862653,6252124.032219108
-304575.3869820498,-1538984.3947472572,205648.75038527697,-1637911.03134403
64516.944500556216,-5996997.93516776,108114.43905580044,-5824366.551611403
-138221.32696128078,4269963.255451977,-387564.87172055244,3744177.056770144
-244441.3886303529,7624448.289200604,329387.5194596499,7709394.420029901
-405357.2982396595,10884711.080492854,-123855.27241872996,10355498.509834465
69642.04912600294,14812384.127892137,466658.70436762273,15348684.881385762
-168297.48178485222,13292989.73562771,-266899.76763282716,12857792.486210031
-240940.98114703223,-20853071.972974718,172145.80279573798,-20921867.151326012
272101.5273291804,-16124865.185163379,-42353.313361525536,-15895116.971195724
-238339.21779679134,2003157.7527288795,-70706.89239354432,1694111.6425385438
-20782.673178793862,7080274.544598103,10128.363777890801,7069620.2351971995
49335.88382395543,-8108667.401307821,-335940.00910557806,-8395271.526589444
175876.85790924728,5065747.181998074,451356.3279221207,5692980.367829442
-442951.40124232136,25525918.615429938,-59467.18593877554,25023500.02824884
280788.7119461335,-5381027.043924093,-96218.78854703158,-5196457.120524991
-139261.54745866172,-12359321.813414574,-197253.02838925272,-12695836.389262488
-286630.5335405916,-4488425.889928758,-570670.9431496635,-5345727.366619013
124883.31955114566,6131576.890624285,258096.4383519888,6514556.648527419
161554.0500960108,40570392.79588872,-138558.97187888622,40593387.87410585
190899.75060506538,9955912.774928123,-97178.64974373579,10049633.875789452
-970.2942586280406,-21200962.85103327,367294.3761397302,-20834638.76915217
-166669.59720912948,-23183638.831439734,-374939.114152804,-23725247.542801667
-177292.2034056913,-3423824.659763336,-113155.77516204119,-3714272.6383310687
105131.54870188981,29269156.685961246,376033.68462664634,29750321.919289783
179326.9288824033,-1918524.4736663103,-182233.90994240344,-1921431.4547263104
46642.56373848207,7844793.632805705,152185.92385035753,8043622.120394545
382099.5959846582,21954397.601209164,-503857.66389873624,21832639.533295088
-414010.7141480446,-21348582.846103042,115425.96594147384,-21647167.594309613
-73146.84922660701,15678510.26015681,-387378.1834834516,15217985.227446752
42791.710753235966,-2649604.216584742,156989.84144890308,-2449822.664382603
57831.12129233591,4010314.6060595512,194691.56873379648,4262837.296085684
2876.5104788914323,-672413.7911826968,72692.67876472324,-596844.6019390821
291577.24664334767,12623158.114051491,570465.2486673966,13485200.609362235
-184746.35415712,4928667.846321523,-464332.696474351,4279588.795690052
74360.44007502683,-1726037.122410357,-307048.02390529215,-1958724.7062406223
-107186.38102293946,-3962486.3912267685,137435.1850414276,-3932237.5872082803
400888.43836309575,800429.1805350184,-162367.6621428132,1038949.956755301
139456.19867881387,20503071.837419987,200415.71026462317,20842943.746363424
-57770.40864140168,-18395241.44542718,381531.0563624501,-18071480.79770613
-120425.70140844584,4618132.280434996,25593.27642931044,4523299.8554558605
-311735.42574241944,-10085596.224265873,215579.84947635978,-10181751.800531933
-163446.53792017512,-7622880.652748346,-591195.7461727113,-8377522.936841233
249675.1424033381,-13137386.428869992,131846.64587563276,-12755864.640591022
-178895.75409857742,-10629634.489154518,-230293.29876941442,-11038823.54202251
62983.05626712926,-2324933.8213549256,187096.87250612676,-2074853.8925816696
-279812.0721589569,-589588.9927565455,183170.8091814518,-686230.2557340506
163636.54009239748,-12710129.27318573,-136907.8132858351,-12683400.546379168
-62269.82588290982,-19113723.83963874,16780.22998329252,-19159213.43553836
-69103.36164304428,6625596.296873152,69833.8342602998,6626326.769490408
24621.18264505826,-17899780.83116758,-62911.29332432896,-17938070.941846848
-237862.22978887893,-8121220.719724655,329427.79173089564,-8029655.157782638
-16040.93627378717,-638738.6330276728,143847.47491544485,-510932.0943860151
-87028.39629850537,-1380270.4912724793,-333565.12405754626,-1800864.011628531
212404.7824533116,-8493526.78417337,318463.56049472094,-7962658.441225337
71677.78404105082,-12946856.62394911,35952.58541370183,-12839226.254494358
23815.102458439767,-7615998.913314462,307559.0979939997,-7284624.712862022
-330141.5699725002,7419578.46021688,-160975.2326328382,6928461.657611541
-75759.06731702015,17553990.24107337,-162431.73666193336,17315799.437094416
134657.70931953192,-1417223.9010931253,402809.0870734826,-879757.1047001109
97914.99579137936,33638189.425732374,281835.19688877463,34017939.618412524
-72750.36348294094,-15986392.407913268,-136477.25536489487,-16195620.026761103
580025.6416893154,-10147565.1568439,-170244.1206568256,-9737783.63581141
793462.008287156,-13473879.612853616,90226.85940538347,-12590190.745161077
-208216.66117684543,-9731604.792393863,-194177.40225914866,-10133998.855829857
-58103.759321978316,-9405965.829171568,-243055.6780397296,-9707125.266533276
146099.78805237636,-12691331.15675497,424244.0735923797,-12120987.295110215
324763.59133307636,-9796872.606349796,-234392.30640430748,-9706501.321421027
152281.65547915362,-9953281.14366299,264656.4850004688,-9536343.003183367
-42308.09467397444,2174154.739905536,60180.124360367656,2192026.7695919294
-514870.5283481851,14238107.855651736,-245535.3711606413,13477701.95614291
75487.3448700551,4782072.488980174,-5422.336336329579,4852137.4975139
160925.3250896167,6163433.696534753,-111930.75726269186,6212428.264361678
-130290.66422584839,6690791.62067914,-199364.05616104603,6361136.900292246
-30196.991943683475,757807.8552113771,288728.7922167331,1016339.6554844268
65222.05822012201,15695338.848238558,284962.160303995,16045523.066762675
37631.32141328789,7664130.486633867,-284116.7048866227,7417645.103160532
-459723.91279823333,-7604762.206996173,-506636.43880016357,-8571122.55859457
-9356.247651135549,-11465588.422944188,-14918.406815186143,-11489863.07741051
128721.94722899236,4556746.689609081,-87253.6977852583,4598214.939052815
-191505.11520788632,-10153709.97137314,165858.08902654797,-10179356.99755448
91985.02589616738,13303275.379594207,-154673.35718290508,13240587.04830747
-24448.596985416487,-6461779.112010419,-257751.51735390723,-6743979.226349743
71695.94743685238,-11629259.270976603,310186.1200939268,-11247377.203445824
-345169.5692055002,-22519934.419434488,-533436.4431692511,-23398540.43180924
140129.24066898972,-13114012.542033136,379584.27626368403,-12594299.025100462
245350.90952014364,8456073.439442724,25981.17023411393,8727405.519196982
-174326.26059861295,6331481.873283893,129770.64783601463,6286926.260521295
9590.516373455524,5227702.139594704,-501099.5375350714,4736193.118433088
-278761.3440130465,-1915368.9931190014,-658108.4038458169,-2852238.7409778647
-350579.90139338933,-9603762.247839153,-584800.5125132874,-10539142.66174583
249012.63556410372,7262530.055457205,260354.72395782173,7771897.41497913
212618.88806692697,-15292888.225744873,-529000.5976952985,-15609269.935373245
377365.48184912093,-5490813.833134115,672682.2658389062,-4440766.085446088
94332.39058729447,10016470.67000246,-248157.64610752463,9862645.41448223
-93105.20337282121,7301918.077451229,164561.17570848763,7373374.0497868955
-273863.2517019473,16267613.875121236,269352.0997876674,16263102.723206956
284256.09486356564,-13736867.097691745,252609.07968249917,-13200001.92314568
226186.99385861866,1251520.8690637648,162030.45470805466,1639738.3176304381
-177894.59678496234,4078927.430370033,-69518.59194540977,3831514.2416396607
236504.96505159885,-2099709.3618076146,60051.657925359905,-1803152.7388306558
-230783.49059892446,-21052127.73251605,90303.54664373398,-21192607.67647124
-187314.44599405862,-23379615.10366568,-353010.80276764184,-23919940.35242738
326963.8298141416,106587.15162873268,-33693.375595130026,399857.6058477443
-116910.04966613092,-5917761.208986342,-405493.5058070645,-6440164.764459537
299951.7433423083,-3003232.656131655,214696.56945294887,-2488584.343336398
70902.28094698675,630668.5680412352,11364.371698006988,712935.220686229
153132.77151251212,9244966.359095335,277632.44098865986,9675731.571596507
-118387.20269989409,5046416.941398442,102127.82964003086,5030157.568338579
-109280.77528135478,-8697672.372960001,-424728.1980891079,-9231681.346330464
-289966.556072684,-13968236.37489599,-16078.14163056016,-14274281.072599234
56432.058677120134,15596704.779015034,-101807.1646912843,15551329.67300087
-146110.23449269868,-19235430.08193052,-87622.03128384799,-19469162.347707063
283781.26005264744,-2783849.604311645,272047.8189026043,-2228020.5253563933
55287.1903165821,9581054.614255846,-70710.11339765787,9565631.69117477
189184.58459704928,-22625635.683061123,-439981.9544493556,-22876433.052913427
25634.704512698576,21417852.461771607,338906.3002420664,21782393.466526374
-147832.82781518996,-15517374.037073672,250513.59330835938,-15414693.271580502
177398.0877773948,7816885.3920071125,-660488.7912102342,7333794.688574273
43234.41769791208,-13068930.26297453,212829.41913668066,-12812866.426139938
2930.9088785555214,7340214.676949263,-262154.26533376426,7080991.320494054
-456785.0991499722,-4274027.554756284,-670903.0079201236,-5401715.66182638
-58954.5517321527,5704915.233124793,-58903.69499331713,5587056.986399323
-118831.68540989235,-14120365.384965777,195446.00415699184,-14043751.066218678
290505.30669753253,3566413.5627666116,122590.02547007054,3979508.8949342147
199490.60707092285,-7685480.81412527,16535.700747549534,-7469454.506306797
-239140.80806769803,688933.4724056125,-402243.0632697195,47549.601068194956
92706.86877430044,-9850010.563761294,140872.57834925503,-9616431.116637738
19482.917391754687,-2244951.7442902923,319736.4098909348,-1905732.4170076028
-222887.85837809741,-3830109.9994303584,-136078.74303797632,-4189076.600846432
-45212.281622659415,8655901.650210857,-172224.4289779365,8438464.939610261
-299349.15896890126,-18387127.846894294,-138650.0352722034,-18825127.0411354
51845.660903720185,11028300.306856036,-49291.82864372432,11030854.139116032
-45492.247304348275,2082652.7476994395,-126416.39023812115,1910744.11015697
289130.18047338165,-7198479.722638488,193492.57692687958,-6715856.965238227
381184.0197293367,-26440278.193478554,515012.948451899,-25544081.225297317
350192.2831510119,15201966.19591096,-337348.81804567575,15214809.661016297
260677.60244893283,12393774.947184056,136680.28623785824,12791132.835870847
234608.51032401994,-12296498.333462656,55686.104947924614,-12006203.718190711
-50012.456302482635,-18384279.433485746,99434.02982714027,-18334857.85996109
32914.73842080124,-13883540.632630885,80946.30867793411,-13769679.58553215
-261594.401713185,-13360200.165122896,-143758.13859161735,-13765552.705427699
267758.60555874184,-4464911.355914712,675960.1425032541,-3521192.607852716
83135.76005502418,-9905897.862262428,-160371.6524901688,-9983133.754697572
153786.50064237788,17609033.19590658,-459589.01040650904,17303230.68614245
-60431.04208122566,2208876.4189453125,113320.544205226,2261765.921069313
132335.01980791427,-8151736.648815036,284084.1942731887,-7735317.434733933
325627.3088420052,8177016.486222029,244837.30605579913,8747481.101119833
272828.81459686905,-1833940.505186677,161367.84883079678,-1399743.8417590111
-95314.00146013126,15498575.007849336,-93000.89772807062,15310260.108661134
49590.32902906835,6780168.122035265,-11388.327884182334,6818370.123180151
422691.2430452127,21177360.361052692,330323.5095103383,21930375.11360824
-1740.5639826003462,-12121027.733725965,256116.82680570334,-11866651.470902862
114995.33723088168,22174874.025880665,361377.93238768727,22651247.295499235
-85084.11407548562,-11933658.617242843,-312478.0444230139,-12331220.775741342
226715.24260316417,-17450923.262176752,18918.46805590391,-17205289.551517684
235771.48587869667,-8558167.904739141,340962.45676106215,-7981433.962099383
-386291.4031481873,-2110333.40390265,-264074.7358254045,-2760699.5428762417
-284506.49622180127,-6683944.852258176,-305415.3925341219,-7273866.741014099
-375430.92917651497,-17295934.2530711,276591.78221410513,-17394773.40003351
-473551.30851260386,-9384187.765603423,-337740.0243504718,-10195479.098466499
-213376.8481988553,-4362009.680022985,-184813.9248451665,-4760200.453067007
300689.40537033975,-14728955.182560563,-147710.4788063243,-14575976.255996548
121585.66022959724,-8232325.292212695,-91509.3012670502,-8202248.933250148
103215.44336471893,10883280.156560957,-42653.6294099614,10943841.970515715
317019.4990221001,-4186759.3402211666,72673.33255880326,-3797066.508640263
-279937.9865532797,2358673.481346369,3126.3765153437853,2081861.871308433
146717.3098667208,-6148609.857033849,124151.15004209429,-5877741.397125034
249328.76421237923,-5240618.970287025,-30987.94603804499,-5022278.152112691
-40356.421078152955,3634458.0981398225,-96879.96325918287,3497221.7138024867
-42363.22686340846,4766091.3689033985,30949.091345861554,4754677.233385852
-191345.7593947556,5225522.168686211,-233728.0818068534,4800448.327484602
-25196.786588247865,-2030351.5938081145,142167.05982753634,-1913381.320568826
181849.3306518402,7921099.728380084,46840.96836233884,8149790.027394263
-88006.26184225641,8439442.33902502,-169537.22317832708,8181898.854004437
104604.6824483443,-31479910.694265068,203521.61692096293,-31171784.394895762
82822.74960791878,13982744.771366864,-52603.53598316759,14012963.984991616
-431156.44154717214,26304621.375723302,71866.88344140351,25945331.817617536
-142371.3099686373,14930048.246078312,-485607.5444916114,14302069.391618064
-254065.45940582268,24225677.026513338,-270761.74553579837,23700849.821571715
169184.2335897535,23568886.285922766,271440.5280438885,24009511.047556408
78086.11900341138,9301512.09386915,20101.998943276703,9399700.211815838
340397.92941637896,13260996.222359061,181352.18786878884,13782746.339644229
289664.32010283135,-8546727.136696458,-72233.23691673577,-8329296.053510362
-96650.56775205582,-15853820.123634338,-209426.10696570575,-16159896.7983521
86266.13667795807,-2961206.4315259457,258471.3198248893,-2616468.9750230983
-188282.80178309232,4574894.468286395,-66335.15774746239,4320276.50875584
-273853.8535175435,4054351.2989830375,-370963.96974018216,3409533.475725312
103111.83656625636,-9534957.410468608,356505.61892960966,-9075339.954972742
-245309.47630846314,6650714.009562254,-132657.89878325164,6272746.634470539
220616.30600493588,-2831049.1701228023,238831.50990754366,-2371601.3542103227
542238.0231376905,-10358427.765660316,-151620.62689572573,-9967810.369418351
-336649.14290454984,-4146991.6629395187,91434.26994465292,-4392206.535899416
69533.82863665372,-8838910.602192521,-332581.682328701,-9101958.455884568
-278126.28297433816,-20010564.319545954,23778.432077869773,-20264912.170442425
56085.28015158884,-10764598.459222853,179422.70150366426,-10529090.4775676
128344.7960854955,7501964.829734027,266102.06360170245,7896411.689421225
90445.18958613463,16996338.38904348,-162373.03773070872,16924410.540898904
220089.68981494196,-19396059.382532805,-19588.767033293843,-19195558.45975116
241200.15100558288,-8577651.885915458,407643.3907888755,-7928808.344121
64713.23150322959,-3320037.2443160117,48140.15578838438,-3207183.8570243977
323888.7210744284,8710326.988245785,713288.6369761899,9747504.346296404
222889.71010042913,13690636.340953171,-280289.02253575623,13633237.028517844
-51899.87646410428,-981184.2420116663,320495.9499384016,-712588.168537369
191647.61861357465,11803262.157644212,55171.0777951777,12050080.854052965
-339427.6185405478,1290016.3975793123,-181027.40147931874,769561.3775594458
-27692.063129965216,6834778.403111994,11448.703056305647,6818535.043038335
176343.0352305714,10950063.274209917,-56367.64798566699,11070038.661454821
112844.13802895322,2563046.4882015586,118116.30606995523,2794006.932300467
-139333.10083841346,16782107.23816216,129101.27763277292,16771875.41495652
-276963.35803968087,1222987.563019693,230928.25186289102,1176952.456842903
-56144.98014116287,-2415676.4041968584,-292379.9144906774,-2764201.2988286987
99549.44157438539,17992736.376946658,-452360.1220877245,17639925.69643332
44115.023037279025,11253329.842681348,-344281.7831771374,10953163.08254149
157876.97302948684,7025033.951286852,134369.4087253809,7317280.33304172
131295.46055868268,-9946244.082610786,427479.0545381084,-9387469.567513995
301341.41834505275,-16472883.685153663,494364.84340213984,-15677177.42340647
162249.5539954193,-2415036.521986425,851735.9054332376,-1401051.062557768
-453925.3334122915,-4496659.459964007,-159621.56168976426,-5110206.355066063
-162600.47583289444,8719503.986894488,-345.0044324621558,8556558.506629132
-6285.2193475198,6005610.069358408,-143049.29055606574,5856275.559454823
10269.195332631469,-7275983.76020211,-313742.94875923544,-7579457.513628714
-95480.08789735287,16197521.051186621,140490.69620910287,16242531.659498371
-142383.3355176337,-4705936.35468477,167562.39081035554,-4680757.299392048
-12013.035231359303,-128182.42269706726,270856.5590639934,130661.10113556683
-63383.29929418489,13800377.449729085,240205.09077390283,13977199.241208803
12776.306865014136,11797722.8986274,-261905.61039170623,11548593.595100708
-292776.7276175134,-1989659.0462919474,-858856.4406042024,-3141292.214513663
112457.94572323188,5785320.1531098485,328504.9373255074,6226283.036158588
-158504.27987113595,11435558.635514975,-207460.3447674513,11069594.010876387
-382059.34284382313,10911382.659074724,-208552.92199455947,10320770.394236341
-181157.45253538713,9376765.619017482,-435199.0838097781,8760409.082672317
124927.975026628,24859585.287947297,-228325.138857767,24756188.12411616
248364.78999492526,7762389.082863748,272602.7672913298,8283356.640150003
261488.094098391,3108479.754833728,-265887.06380681694,3104080.785125302
56408.58023474924,-16824414.286836028,-243020.13826628774,-17011025.844867565
338164.7385569401,1359138.70819816,-277398.4160255417,1419905.0307295583
218762.8988000322,-6733251.645870298,151588.1359673515,-6362900.611102914
-194156.2813675776,5570135.5557201505,-69396.33819434792,5306582.936158225
360613.3352581393,-5121679.698067874,133794.93533756584,-4627271.427472169
44805.520632039756,5006029.109298527,-30074.989387266338,5020759.640543301
-129632.47203855217,17615356.373903066,-93186.50812212378,17392537.39374239
192840.5039364919,-5177317.151611924,336726.5041818619,-4647750.14349357
31506.148301428184,-27364573.55016181,234847.46721218526,-27098219.934648193
-443362.6012520008,-2560025.040509701,-491451.1180418059,-3494838.7598035075
48264.421043056995,15155514.08581543,10469.777045026422,15214248.283903513
126657.9447776787,-2610718.7180458307,322454.7371846512,-2161606.036083501
148170.23219727166,8769383.931787908,319268.55684208125,9236822.720827261
-211062.13348405622,12078943.310660481,-168662.1599175483,11699219.017258877
-91092.65986937657,19796265.357754648,-429915.27777065337,19275257.420114618
-77685.9063347578,-7445013.0030555725,154006.0987253934,-7368692.810664937
196683.24869456515,12730293.909550011,-390161.39445831627,12536815.76378626
452472.9070888255,-2564856.6508071125,-87169.99015404284,-2199553.73387233
56963.5709951967,-17689152.98809004,-70718.83079609275,-17702908.247890934
-172197.31763300672,-6714596.85230273,-169233.10851003975,-7056027.278445777
126041.97090540081,-7051960.396684825,-25113.136092573404,-6951031.561871998
-125660.25259182602,4643012.926895469,-386820.2800118625,4130532.394291781
-74278.69212716259,-14392337.117841601,-354549.12082727253,-14821164.930796036
-91641.9526178278,10485482.766221404,-168997.70698361844,10224843.106619958
-500345.87142073736,25541856.164581627,-397084.37054143846,24644425.92261945
-203818.73088100553,-12477500.565102696,-174752.9659532979,-12856072.261937
206685.61663722247,-4437754.347335041,-410588.64734289795,-4641657.378040716
-145539.76539904624,-5380937.845409572,199509.19862435013,-5326968.412184268
-283293.355020402,16957900.63369149,-57932.71426200122,16616674.564409086
-451213.78000760823,-8230840.329429209,-311350.30181678385,-8993404.411253601
156318.40119469166,6977855.307404995,275741.8715219721,7409915.580121659
110055.02728789672,13021256.08793521,174295.10793422163,13305606.223157328
-216627.07079655118,4480597.3049251735,3015.2083231434226,4266985.442451766
411472.161991328,-6091416.624362707,-61106.95491784066,-5741051.41728922
122873.93394869193,-4399555.349833906,307565.38128522784,-3969116.034599986
-67741.01962204464,14874520.821513683,-85018.20750137419,14721761.594390264
393418.64940564707,-255738.59823065996,593945.5336278677,731625.5848028548
26945.53289226815,-3620616.9277121127,-208882.73684781045,-3802554.131667655
147194.1857260149,17900365.49180776,311618.5924463272,18359178.269980103
280785.2604122069,7084621.142638415,42751.80183406174,7408158.204884684
-12399.636953758076,-16682929.109699994,60548.0013397634,-16634780.745313989
166218.8324654773,15029529.106794864,-185944.11257363856,15009803.826686703
-242166.09760498814,-12971407.958613396,336552.8289616853,-12877021.227256699
-502060.40731294453,-8408976.998141944,-393217.97489117086,-9304255.38034606
-93497.45042321272,6865715.019300342,132585.81045557559,6904803.3793327045
7674.86085864529,7904471.5809339285,-20351.385493054986,7891795.056299519
69765.96388649568,-17632900.398802876,-283757.6956088692,-17846892.13052525
121978.7107294444,10670950.646662414,83872.76886021346,10876802.126252072
-218426.7045115549,5727552.367357343,-82373.51997847855,5426752.14286731
62057.6808520779,-20951971.222740233,610092.9810434282,-20279820.560844727
-255353.00169434585,-3645842.6075845957,2436.1091387867928,-3898759.5001401547
118541.82601403818,-8838145.533021867,720038.2559660226,-7999565.4510418065
40501.840101376176,-9105849.437794924,-578039.4181822911,-9643387.015875839
59556.3678297773,5352982.872047931,334939.31573724,5747478.555614948
7289.896298427135,-596224.1177969575,-74200.20127995312,-663134.4227784835
250475.33060563542,-283225.4172152281,542462.3300700039,509712.2434604112
-370375.8620079588,-1423037.4058506489,50751.940096221864,-1742661.3277623858
-6014.484283082187,-2615863.793447405,-328494.4681000933,-2950372.7458305806
-151947.47968847863,28388502.31245494,-372738.72573646903,27863816.10702999
37954.024207510054,9150310.40961188,-156058.13586580753,9032206.297953583
38105.898996962234,9131564.59728688,12658.313540965319,9182328.809824808
-50080.9078160394,19864109.688381076,-280308.6158351451,19533720.164729893
158725.4063668456,-40067.225125312805,-378738.0070429668,-260079.825801434
-72615.45106857829,-2167274.763815284,-107115.63496756554,-2347005.8498514276
-47340.67391784862,-10065568.862383008,4058.1291660666466,-10108851.40713479
-16962.501555416733,-11016049.075942934,-271229.16301219165,-11304240.740510542
-183534.61468068697,12446535.8527039,-115935.30575611442,12147065.932267098
29652.533298559487,-13899502.483090341,435957.42169328034,-13433892.528098501
70002.06680444442,2465424.6833794713,-259321.57521611452,2276105.174967801
176866.07287144102,-8303871.5527433455,285782.85709933937,-7841222.622772565
366853.5202606488,12294925.13586855,106142.22009715438,12767920.876226353
260393.0829890538,-2562309.897996843,-298247.6979473531,-2600164.512955142
-163942.05705728196,33119.17129379511,-203601.7827490121,-334424.66851249896
265369.0533782337,-3596373.720488906,-145830.5095896423,-3476835.1767003145
107291.45585447922,5884072.145469308,172197.70681542158,6163561.308139209
-102461.79026296176,11782352.244149387,-12445.384718760848,11667445.069167664
118464.80413811281,2711094.173484564,228263.4748877734,3057822.45251045
-40571.03358844668,-6250777.635641813,22459.48284163326,-6268889.186388627
-65807.92474140786,-13647038.393169165,-134701.5178349167,-13847547.83574549
268831.20167333446,9020884.670341164,463336.5340818018,9753052.4060963
96705.31606344134,-18825618.516316056,422531.3373941183,-18306381.862858497
-21657.191570144147,7484762.6317097545,108886.93433471024,7571992.374474321
-339043.3021513298,-1048823.7141900957,-103202.20666086674,-1491069.2230022922
-236221.4521445632,-4018751.5480465293,-344699.5479778722,-4599672.548168965
53702.21764877066,13920403.441301167,136248.19410929084,14110353.853059229
103910.72153375857,-7253969.408565164,373130.85048698634,-6776927.836544419
-46022.49041402526,-17892031.2276192,836071.5744154304,-17101982.143617794
200130.66982654668,11713724.273416758,108792.32152353972,12022647.264766844
313838.58655834757,2892279.3032286167,655038.7591653615,3861156.648952326
198325.55494872853,-675523.9959842563,-284357.55166354775,-761555.9926990755
251582.75376684032,-5585834.549291968,495974.5911295861,-4838277.204395542
-147284.32250434905,-13528844.440916687,-138239.92320697755,-13814368.686628014
402693.3367654793,3234300.5762592256,295296.68537452817,3932290.598399233
147457.76187210344,6719400.668811947,532287.1658793688,7399145.596563419
178633.09765792824,-10467428.497972012,-246677.40538764,-10535472.805701723
694818.2757553384,1172359.9318428338,473966.5494233966,2341144.7570215687
209682.37519764714,-7164683.283331335,188925.66522622108,-6766075.242907466
228999.6594879795,-9597458.720500052,-649249.2182938606,-10017708.279305933
-324441.56545669027,1999919.606529355,-446151.556663841,1229326.4844088238
135041.11691265553,-16182456.11935988,7459.958309844136,-16039955.044137381
83847.91631629132,-9243043.122892588,139609.0285897702,-9019586.177986527
-66196.21747547947,12985846.732657075,97643.84027840197,13017294.355459997
122878.1992603857,-5624993.539134651,-116325.31338724494,-5618440.653261511
6977.568390445784,-5756203.600491643,-427672.28550475836,-6176898.3176059555
19828.141257843003,4767587.5252072215,-300586.39773091674,4486829.268734148
123722.65345600061,-4819395.679472327,132614.67541749775,-4563058.350598829
83707.44408636913,26935296.259455323,120558.0228644535,27139561.726406146
610903.1105923429,7154384.336750448,145207.56803873926,7910495.01538153
197142.83223392442,-4375117.952873647,143204.53693611175,-4034770.583703611
-285009.9310394898,7023987.898211956,-241263.55182067305,6497714.415351793
-147928.97036214545,6780132.2774069905,607856.4959836304,7240059.8030284755
15953.657671812922,-3229094.3968037367,19168.618257403374,-3193972.1208745204
172885.61050018668,-8561738.640952468,-221238.99004900455,-8610092.020501286
-386891.2856075913,-16916601.71568796,-16875.689797341824,-17320368.691092893
-158220.7291189246,-6015219.479452491,-308799.11058703065,-6482239.319158446
-176611.01890722476,12632552.24268362,-12970.533005073667,12442970.69077132
179408.8995720707,-17881467.815286815,191130.4891018197,-17510928.426612925
95581.89647719823,-5066955.306202322,595185.3087255061,-4376188.100999618
332425.71094844677,10563079.897324383,212108.0043636039,11107613.612636434
-66752.4878558591,5225139.8351787925,-427618.1556783095,4730769.191644624
-39771.67096234672,4029569.955160558,148287.95089824498,4138086.2350964565
135475.32933716662,-8498883.096276999,-102297.63734265417,-8465705.404282486
-127515.29547234625,16111510.233600318,-217424.29556675255,15766570.64256122
130367.52992726304,-12533759.616377711,-290666.1353617236,-12694058.221812172
412194.7082880717,-885741.6251477003,-15550.686691388488,-489097.6035510171
385304.79466561973,-1502361.9795082808,553543.5530727729,-563513.6317698881
23938.98940180242,-1543173.5437919497,98006.53400176018,-1421228.0203883871
-180155.12173208594,8938092.283608794,-91258.91079241782,8666678.25108429
-107090.3207912147,-3051435.918502927,-230990.79594825208,-3389517.0352423936
342621.4045781661,-2782769.9164344072,107310.62688367069,-2332837.8849725705
97202.73777138442,-7905435.965128422,-296394.4736637324,-8104627.70102077
106067.10763406195,16605954.068626702,247384.3262283653,16959405.502489127
104773.99016123824,-7515284.662060529,205134.34761947393,-7205376.324279817
24299.21755192615,3340250.698056817,-26158.636723294854,3338391.2788854484
120782.7990458794,-6735039.676316559,77724.43018629402,-6536532.447084386
-388698.27435101755,-9800745.798547477,-163879.67387794703,-10353323.746776441
73020.23366906494,2220412.5463332534,-125801.40463670343,2167631.375365615
43123.00304554403,2040674.2585523725,134945.60855464637,2218742.870152563
-362020.7357656695,1560874.9775419235,-309873.49928568304,888980.742490571
-259435.23531029746,8155334.006149769,123283.75493195653,8019182.525771428
-337350.94029391743,4099329.9494945407,-356300.8329445198,3405678.1762561034
-104065.76270269603,-8822147.853589833,423386.2423442751,-8502827.373948254
-295394.68589561805,-28351990.38607776,-463668.793598637,-29111053.865572017
9111.470826374367,-79662.32768931985,-9763.482516735792,-80314.33937968127
207863.7631152328,26249252.912983477,-320147.2287114337,26136969.447387278
-146372.81093978696,2540271.5534932613,14838.760967679322,2408737.5035211537
-128136.25926783122,5882006.821139246,-229861.96403551102,5524008.597835904
-88957.67284890637,-6026471.2910143435,77993.91647934914,-6037435.047383901
-74151.91111230478,-9228629.374290526,-279576.513536118,-9582357.798938949
5416.38044414483,20164928.555341363,-370667.0235116482,19799677.91227386
192665.5970988199,-14363156.581246734,349599.62961140275,-13820891.354536511
700336.6426719874,8457702.770354271,577686.9302667901,9735726.343293048
-259812.12886705622,-5828189.9559235275,331217.21101459116,-5756784.873775993
-273403.6717878245,488630.5796240866,-199000.06306470186,16226.844771560282
-219054.51279142685,-5156533.247008622,-104286.79561084509,-5479874.555410894
198617.80358479358,-16682916.66339019,-237167.10808219016,-16721465.967887586
-162192.7624990847,5996463.208847076,-411712.416893214,5422558.029454777
69493.84590014443,9504698.457615912,301025.7434165701,9875218.046932627
290653.8596231751,-5965745.529736221,314746.50062166154,-5360345.169491384
77680.8666613847,-16466664.306717902,-86359.23573453724,-16475342.675791055
-89502.60056080483,-17434351.169377565,-260462.23312729597,-17784316.003065668
-86057.12733736634,-14806223.967375189,527577.1295507774,-14364703.965161778
-152588.79480730183,-5246167.699887335,-804.3882054463029,-5399560.882900083
-4843.067516181618,4687534.039328992,-173265.0900361836,4509425.881776627
89741.51795569062,26305343.194567382,113221.82134120166,26508306.533864275
-416595.3275188226,30058732.98474902,161036.80372411013,29803174.46095431
-209841.44487542473,-14118217.805790663,516110.17940980196,-13811949.071256286
-126171.11334893294,19577736.70919183,236144.71244822443,19687710.308291122
47358.38751909323,-12749392.78274563,-348414.6055049747,-13050449.000731511
-127628.07688773423,-9455741.00328672,-404076.5938909203,-9987445.674065374
-120223.7997294087,-19762701.31480354,-302612.0536880046,-20185537.168220952
-122836.80939308554,-3083745.733412713,137631.1344654709,-3068951.4083403274
123196.1511937771,-4258831.738266587,69662.743637003,-4065972.843435807
375661.0904982388,-241310.53434807062,30805.733258008957,165156.28940817714
372000.87204524316,-20363854.698967397,9022.862829238176,-19982830.964092918
9661.656388668343,-8605237.026808918,-163502.44264912605,-8759077.813069375
-270214.2066944223,-2148328.1461063623,-226317.17342953384,-2644859.5262303185
-149592.4845921155,-7470217.926197767,104483.62775592506,-7515326.783033958
-13479.490799240768,-7493801.809617162,-330214.0121192336,-7837495.312535636
38391.15352372825,-17392803.47905156,430004.7912224382,-16924407.534305394
-73886.72625925206,-10612653.913703531,419944.77590434253,-10266595.86405844
34242.89882502146,5289194.406221241,305986.3437052518,5629423.648751514
-213332.1419223342,-9975382.967779517,-167041.3852794394,-10355756.49498129
-162071.7648532316,-8019307.304235876,6602.23061196506,-8174776.838477142
24605.36519823037,-1308068.9622007906,-10001.58398745954,-1293465.1809900198
131348.2567802798,8039036.271800995,33578.46512722224,8203962.993708497
-14274.21981241554,-589497.1189671159,-253618.21192566305,-857389.5507051945
-157788.57554066554,-17159518.687182307,177684.05222047865,-17139623.210502494
-54778.54276518151,3608245.364200294,-106045.78150580823,3447421.0399293043
-38354.086832430214,6093655.182534277,11063.3306042552,6066364.426306102
225731.73961056955,6355434.219474107,269974.2271715477,6851140.186256224
363127.4211621396,575502.1872505844,51783.24379967153,990412.8522123955
262762.2750569191,5887977.603194535,74706.28822968155,6225446.166481135
158177.418278547,-1862453.8960928917,94387.1389791891,-1609889.3388351556
277506.16322719306,-5398376.117694378,39977.26380927116,-5080892.690657914
-269676.15186084993,-24540024.42058462,-106700.28557175398,-24916400.85801722
135847.41077245586,-11973107.681597233,-435932.6598302275,-12273192.930655004
-8016.234789449722,4761146.474647224,324067.45633372664,5077197.696191501
-391182.2910396829,-22947256.10431689,287112.42673104256,-23051325.96862553
-218010.71421636268,-6341942.934297502,-60638.9746325165,-6620592.623146381
-444649.73321444355,4525957.69687593,-418461.4358066395,3662846.527854847
-150199.16115658171,-2100268.669734448,-27093.167792208493,-2277560.9986832384
-168540.34248016588,-13242937.257965446,-87223.19975560158,-13498700.800201213
-112248.68958462775,3678698.308082044,126415.07098701596,3692864.6894844323
-104830.25446652807,1508352.5162644386,-230780.24737209082,1172742.0144258197
-310548.8697294183,-1656459.0157134235,-481615.30947806686,-2448623.1949209087
-175238.19678588584,-6585997.439334273,-96799.23598510027,-6858034.872105259
-207887.10939656943,-6242407.862902164,-223818.21589557827,-6674113.188194312
-66465.3224358391,-3826851.5335516334,392866.0102888793,-3500450.845698593
146906.92531329393,-5836943.056118786,115262.95770524442,-5574773.173100248
63177.62751160562,-7302694.542652488,-394747.10963305086,-7634264.024773933
51305.465446611866,-22443912.3127459,160563.0927501917,-22232043.754549094
34883.279157528654,4385651.294995904,-881.3694738671184,4419653.2046795655
59843.71343849413,250347.20208275318,-320555.96419762075,-10365.048676373437
-4952.742237787694,18796893.46513623,-115551.54231596738,18676389.180582475
-112652.6067646239,-2630431.6019743383,103008.41095554829,-2640075.797783414
36671.04047093913,8844576.033610731,-332250.358758159,8548996.715323512
273851.1329228021,-3987764.3960193396,-41354.29116995633,-3755267.554266494
-29064.491691758856,13967080.725034088,-72967.44481704384,13865048.788525285
46986.98201445863,5725457.587264597,292217.96580860764,6064662.535087664
-89719.96544899046,8377572.829339802,-259993.1838791743,8027859.6800116375
-58342.03120646998,23920981.981339633,-31205.834160909057,23831434.115972254
-17417.40855947137,-12903824.678654253,142012.75374932587,-12779229.333464399
460720.3616828844,-23517264.538996518,377414.0857190937,-22679130.09159454
130533.22632646933,2761214.6444013417,-11463.197673872113,2880284.673053939
95350.55252564326,-3403372.002434522,460766.8624745235,-2847254.587434355
11013.69055336155,5195636.1436828375,-78886.77630627155,5127763.0579299275
248409.60771941207,-18504033.87291947,136454.01678988338,-18119170.248410173
-92660.76566259563,-4933741.512293935,-264071.9329353422,-5290474.210891873
-219281.72580389678,-10194250.12419784,-317290.7971511036,-10730822.647152841
189779.77128060348,16227827.093528688,182664.04337591678,16600270.908185208
364352.9206244238,14859624.719806343,371305.69000893086,15595283.330439698
43512.27781662159,-11971483.503394753,646248.1860197783,-11281723.039558353
130741.42850905657,-1415847.467482239,-9963.203245133162,-1295069.2422183156
-40934.506322380155,-16968659.187954783,-228387.98221985996,-17237981.676497024
-41611.56309401803,-15101308.576353014,-72930.37855248153,-15215850.517999513
3828.81925249286,-525372.8015939891,83401.79183700681,-438142.19050448947
-84701.81386836804,43230064.19826794,21098.617998212576,43166461.00239778
-190102.80941090547,-5035426.2637889385,-36650.43649820238,-5262179.509698046
354345.6734288689,-14253847.25413394,623791.4897295386,-13275710.090975532
84084.60705029033,4409800.843876749,23557.95840525627,4517443.409332296
321008.5781299323,506719.73340547085,545026.091407314,1372754.402942717
-78580.98769951425,34323803.11773017,250065.25500302762,34495287.38503368
47221.15406660177,-2471085.190636128,130282.82228644937,-2293581.214283077
109755.44124252722,-1862914.7035149336,-81637.42939680815,-1834796.6916692145
130988.11918313988,-8907632.356212378,-106709.22045406699,-8883353.457483305
124710.79389155284,-5981152.030618072,-93998.60780041665,-5950439.844526935
-308129.58288362995,7576549.4402371645,273589.54698832333,7542009.404341858
-194554.06454120204,-5458195.553118497,-115029.14481350034,-5767778.7624731995
-40833.203698117286,2201347.0567345917,-423776.559800677,1736737.2932357974
-67922.17607765086,-9297708.001146913,-122631.82917767763,-9488262.006402241
267695.61723896116,-9710645.306518078,31281.32322435826,-9411668.366054758
-34223.132639274,-7750470.122228801,-272083.8652651906,-8056777.120133266
195080.32349653915,-4296523.349604964,84916.18863386661,-4016526.8374745585
29462.751163188368,-8014379.6019023955,74088.83676618338,-7910828.013973024
-138341.06986744516,-4845672.072187841,216032.8406721577,-4767980.301383128
-33215.88870349713,-7067537.697587252,-142840.6156070158,-7243594.201897765
-297608.650995411,-1782736.6769801378,-214520.53977639973,-2294865.8677519485
7712.714576261118,-2896064.0026848316,157135.113468498,-2731216.1746400725
732082.8923878893,-11162286.4871943,-107532.08192032576,-10537735.676726736
78375.49754738435,-16108364.454918355,-260342.06012506783,-16290331.017496038
252793.77926034108,40721273.715348095,621713.231120035,41595780.72572847
70211.08481818065,4184054.9956083,-6905.381357379258,4247360.699069101
-51756.56060847454,11183656.643261194,-156946.14857192338,10974953.934080796
-178313.36699867435,16486880.894621253,412862.51060172915,16721430.038224308
-44309.73367582448,-17327087.432444036,35170.200747422874,-17336226.965372436
35988.914360783994,-15274036.757853687,-239894.9691990912,-15477942.812691994
-44553.55533704907,-9790034.370151341,73332.43873534352,-9761255.486753047
-111081.10744729824,5050727.643829465,-85101.794164069,4854544.742218098
-244977.89593071304,-7422570.776078075,-152708.69978948683,-7820257.371798275
132828.22127060778,-6354680.589785576,172698.44518119842,-6049153.92333377
13147.025923931971,3916921.1451726556,-155281.38079511374,3774786.790301474
8292.090389192104,-2872602.675381899,-17841.324712887406,-2882151.909705594
-8518.771367162466,4684367.773314029,56608.90518464148,4732457.907131508
109125.74971258268,-21344435.34267813,-180631.3084884584,-21415940.901454005
-80104.82850052044,-2890160.7384590507,-30595.642232127488,-3000861.2091916986
-166932.9531539157,-13394845.35382235,98695.0580213666,-13463083.2489549
-314232.972066246,-19919730.41029513,70595.86308362335,-20163367.51927775
55006.65832235478,36052268.61690724,307045.1379969269,36414320.41322652
-246182.04281691648,7002552.811105043,-552664.7399557382,6203706.028332388
-339056.9894053191,9319087.531380892,91889.40239080787,9071919.94436638
103477.24493223988,6061457.730761498,-237109.81612053514,5927825.159573203
-183605.78859925643,-17458003.630838692,-382689.5535619557,-18024298.972999904
132469.37522234954,3455535.5053783655,-300533.3171112314,3287471.5634894837
63875.81894098595,-2672278.717073798,-181797.53234654665,-2790200.430479359
-63440.6305693835,15007366.9819808,65969.37084828317,15009895.7222597
-159648.57372363843,13827960.751853079,-226189.85332465917,13442122.324804781
-98430.27763007954,-12529275.049822688,223455.10609581321,-12404250.221356954
182596.9317891784,11109520.64229846,-238044.57757677138,11054072.996510867
64577.15589830652,-9484140.807464838,-101253.11605323851,-9520816.76761977
-222450.8507372588,5107121.094967067,16048.014337196946,4900718.258567005
-343514.0177297089,-6949827.849083424,-335270.7931842506,-7628612.659997383
-251501.79096030258,-8535453.255867392,-265855.3787689954,-9052810.42559669
-164189.489482278,-3615799.832939625,158206.31440924108,-3621783.0080126617
-55189.4112029057,9621437.57398218,-188365.83751901984,9377882.325260254
-9210.499139655381,2022672.5142123401,53200.70581921935,2066662.720891904
127767.34813577496,47442596.20780867,425245.15874032676,47995608.71468478
147634.66107927822,-3983623.7630140185,214582.65968970954,-3621406.442245031
-184727.5395473726,7911719.641525924,-218204.7269800827,7508787.374998469
-71869.5906934496,-5224809.466933906,-104591.66881727427,-5401270.72644463
420326.4253867045,-4422298.550846696,232089.4153600186,-3769882.710099973
106204.85645507835,-14177888.588083029,264611.56267332286,-13807072.168954628
23439.643625741825,-2343606.0096821785,153163.28720926493,-2167003.0788471717
189236.58373067714,2192971.9073162675,443562.1384149194,2825770.629461864
-9956.538078850135,6883656.282043785,28134.97413956374,6901834.718104498
219617.72206266597,25550704.679933697,-223840.79552212358,25546481.60647424
-343594.156199323,14288429.032998323,-319273.400136821,13625561.47666218
66787.03325190023,-18718836.65574181,-171634.36853058636,-18823683.991020497
-79737.7804078944,5364214.693420023,-152532.65416083485,5131944.2588512935
447502.63825723156,-19757907.076060116,515146.0550827384,-18795258.382720146
-274465.6180700362,5733169.663864374,-629287.6860265434,4829416.359767795
16654.53075259924,-11439324.209332585,-373990.49860212207,-11796660.177182108
-314975.1672253143,-21954974.395053327,-203049.42205936462,-22472998.984338008
267067.16063690744,-11786216.295029998,313209.4086685255,-11205939.725724565
160689.8971895408,-20060539.787967622,160325.7531326264,-19739524.137645453
-362.297260614112,9122656.550843596,210164.24207407236,9332458.495657055
168806.97084218077,18552909.171088815,-124530.39095180482,18597185.750979193
265691.7810014095,-3191027.917614341,426908.0911275372,-2498428.045485394
49307.90511425398,-1506964.9996658862,106730.67296586186,-1350926.4215857703
8489.284649310634,-1010680.1983682811,253023.99487492442,-749166.9188440461
115665.17840017751,-10334532.861982733,247879.56816348433,-9970988.115419071
18211.737836364657,-21320824.45850277,-142464.70505827665,-21445077.42572468
189541.28060351498,-12266262.881084323,260738.92784056067,-11815982.672640247
183795.650534736,-5409919.566730201,-290958.3676404953,-5517082.283835961
136497.75777764432,5490839.333062142,354963.6828153357,5982300.773655122
184114.0673611518,-8442628.115303427,322336.88589351624,-7936177.162048759
166932.13994807377,-17186588.141860604,200316.01187311113,-16819339.99003942
-243866.39821790904,13541100.832504153,-263002.77649740875,13034231.657788835
-17395.940705480054,4644426.957553983,90103.68835384399,4717134.705202347
108988.81775402091,-18242360.76603648,-369743.7786281109,-18503115.72691057
107060.50173749216,12387131.557484329,-403360.6570106447,12090831.402211176
-227325.31661664136,-2963577.846174419,-213866.670754008,-3404769.8335450683
70205.26579657942,-18104645.093510985,-564590.2757360339,-18599030.10345044
-314140.29583573155,-17963027.99353981,-22740.558004543185,-18299908.847380087
-303305.27981889807,-7072020.66843015,319679.6580376774,-7055646.29021137
-53333.761699585244,-13171679.5343588,404219.4557036534,-12820793.840354731
38676.15157625824,-5569498.968160391,271680.60643066466,-5259142.210153468
-154799.8657805249,-9207091.44448626,-130397.81519613415,-9492289.12546292
216734.78707522154,12551858.788490355,59542.86772483587,12828136.443290412
-165554.07821666077,28864682.27596605,-344905.7159573287,28354222.48179206
-4289.016319978982,14906379.516904235,47929.27802512795,14950019.778609384
-226671.30839370005,10724210.128352076,-409898.80399523675,10087640.015963139
70348.2072964143,-4489961.99592483,39488.803654678166,-4380124.984973738
17752.038088059053,18302880.034163952,183503.02964670956,18504135.101898722
240337.87954734452,-4509065.478491068,76756.54681093246,-4191971.052132791
-81567.69147730805,2291649.5709055066,-96443.77312397212,2113638.1063042264
-247748.6279988587,-22513158.976475745,-207958.08798135072,-22968865.692455955
250795.29894778877,-10031232.288346112,-330388.39635095,-10110825.385749273
177304.9402327314,-10040865.6791597,93845.01150730252,-9769715.727419667
334985.9418680463,1096328.9440487921,208121.01684702933,1639435.9027638678
56464.86074958928,-2380481.3564751446,-89178.11919064075,-2413194.614916196
-77859.37986186519,4093629.6018684804,-151769.9527830258,3864000.2692235895
-92234.48955682851,6202577.842758715,92911.75978389382,6203255.11298578
-281432.3820272237,-21800336.516711414,147187.62348448485,-21934581.275254153
6609.08257887885,851877.9536117315,296256.3159580827,1154743.352148693
6603.675815332681,9958749.900359094,-132934.01519574225,9832419.560978685
-77586.33794247918,3431740.1923986077,352001.55531933904,3706155.4097754676
129351.94505998306,-4958721.365403891,-63031.39882081747,-4892400.819164725
285821.2577388361,-6488185.721576333,-300773.8241988346,-6503138.288036332
129682.78346219659,-486975.49256539345,-82187.46486937255,-439480.1739725694
-373152.6718894206,-17106902.232822537,-320400.6757519245,-17800455.580463883
-270877.49336483516,-19862138.613769114,128066.24030324817,-20004949.8668307
-193893.3392871786,16899038.397764325,-218169.43005557358,16486975.628421573
-248483.1085157618,-2688419.6828711927,-455208.1327154413,-3392110.924102396
176556.8824733682,4757984.619514644,842231.6489182413,5776773.150906254
74466.70747524686,-12450296.201779604,338075.5693127215,-12037753.924991636
97770.78540588915,-10057754.569477946,-252309.56569803506,-10212293.349770091
-317254.71604765207,-5570412.624102294,-606140.1152088642,-6493807.455358811
111264.81966727786,-5938096.252833605,614687.5496453047,-5212143.883521022
50690.063648601994,27938181.80743283,239054.94729715586,28227926.81837859
130297.88740579411,4817913.442625403,-322122.9471705854,4626088.382860612
303648.2556386646,-3406015.4345244765,362894.78525210917,-2739472.393633703
-160880.9986748956,12195448.425316155,-2986.4870930612087,12031580.939548198
336973.2470308151,-11553462.072416663,198154.93670027703,-11018333.888685571
-187457.4405104965,9718307.216032356,-67601.99140765518,9463247.784114204
4753.473767425865,10359749.3461093,-72096.27031753957,10292406.549559187
149235.50739057735,-17510574.58638516,-39204.945219397545,-17400544.02421398
-159081.1119810529,6278354.750124872,-105462.74366082251,6013810.894482996
-195388.17337661795,-9413476.579602718,-166477.3272252828,-9775342.08020462
-10361.237597836182,-1228797.4268831015,147588.99049866945,-1091569.6739822682
-402441.3428618293,-11788370.226694554,294959.2243827805,-11895852.345173603
5974.615411322564,13172573.66359511,-393858.14370958507,12784690.135296848
40113.1155216489,19452390.922077924,273261.31780748814,19765765.35540706
-58395.59263793565,3076914.012399167,62792.36921519041,3081310.7889764216
190830.5631941259,4481366.734147191,-70886.45601332188,4601310.841327995
-87652.90490543097,-14944968.176431626,120141.36017537117,-14912479.721161686
-98761.93429718353,10636799.010930657,-163156.95551475883,10374880.121118715
83474.28974585235,-16694239.145849496,105745.9170442149,-16505018.939059429
-294500.34712202474,23312617.853999883,-359.9466141462326,23017757.560263712
370230.2148522623,1519927.4744918644,94079.59706424177,1984237.2864083685
84652.50237817876,16016649.255640656,272087.1048876196,16373388.862906454
50155.17189746536,6224645.274307698,7317.120217934251,6282117.566423098
9294.912333497778,5860848.375110179,-624426.0444317237,5245717.243011953
10718.369618192315,-12274461.015264094,-59315.89050030708,-12323058.536146209
223173.35081486776,15657470.777759463,7907.016292184591,15888551.144866515
-122799.48003529198,3193974.1705376506,209523.9342277348,3280698.6247300934
80626.0711063426,-21604732.610840768,250168.11895778775,-21273938.420776635
-62036.91316585615,-4225284.954556048,-634604.5016146228,-4921926.369336527
85447.1376092378,-993212.5580663681,-26367.36006038636,-934132.7805175167
-104766.38427220844,1885455.2000755966,43604.892638646066,1824293.7084420342
4861.020623361692,-2766087.1771728396,359239.8448539004,-2401986.3116955776
290375.56827489473,1079002.4406374693,-84312.16151017696,1285065.847402187
-345669.15885680914,-4663695.202059656,-530636.8052482754,-5540001.166164741
-215755.05214173906,-12262845.552678168,19400.644545972347,-12459199.960273935
1750.563415074721,49901871.12084061,515994.81092469394,50419616.495180376
-288107.6236071661,9516471.767122388,93945.0268612802,9322309.170376502
-10508.642339317128,10946643.40746361,367287.0161378309,11303421.781262124
46863.93911812641,11885357.921574146,461608.2261447981,12393830.08683707
-109305.37022291496,-9364296.823346823,248833.15812341124,-9224769.035446327
112343.92355886847,-6054323.973361731,295758.1258356795,-5646221.923967183
-100585.79402509332,-25623004.868587673,258741.7429221347,-25464848.91969063
258601.74231871963,10359025.82862714,-13987.409141048789,10603640.16180481
-105057.19662535563,30498421.56110525,-202530.39424742758,30190833.970232468
-137793.27631006204,1709895.22695148,5342.4857891350985,1577444.436430553
152770.13339540735,986282.2735308111,-84032.5653238967,1055019.8416023217
268465.99736041017,-4101154.1583812237,67214.0516339168,-3765474.1093868967
95931.92888515443,-4569650.941111445,-336473.52610910684,-4810192.538335398
128857.82449561916,-15145016.921086848,107658.56221920252,-14908500.534372026
-155807.45345858857,-5466730.687817752,-107790.52598361671,-5730328.667259958
-218289.87152572908,2753619.7622463107,-279332.1981886849,2255997.6925318968
153916.85319294408,13096385.432295382,-86753.69783287495,13163548.587655451
288058.44069251046,12383472.083055884,-72387.8088388145,12599142.71490958
44751.56044980697,-10484465.714522243,-149614.10696651787,-10589328.261038953
102885.22445162386,-12938296.14483589,-147874.6877977103,-12983285.608181976
-44521.916094426066,-26941094.205672473,-144000.45631940663,-27129616.578086305
221932.92753314972,-523950.22289815545,-412350.8626233563,-714368.157988362
-65023.61622868106,-14480658.244077265,-1900.9375030696392,-14547582.797809016
-216712.19385265,2591266.159927368,72570.13445810974,2447124.100532828
-327059.1848684065,-1178220.762331903,-238830.13354973495,-1744110.0807500444
-186801.2594311759,1104330.5615946054,166408.34898275137,1083937.651146181
-239777.2788638845,-5952178.017666817,-308073.3111708686,-6500028.60770157
-406405.74757205695,3915805.2766666412,-303923.39092890173,3205476.1381656826
91769.63929844275,9670751.372234076,-160634.45198236406,9601886.559550155
-35052.97689705156,852441.0604342222,246816.88280162215,1064204.9663387928
-266787.60945734195,-23013667.542381823,-77499.74297960103,-23357954.894818768
445501.2737079207,-11139058.199645936,264982.71664077044,-10428574.209297245
-348887.3716275804,3195475.2544183433,-477477.039185673,2369110.84360509
377531.0541744586,-10754448.53283605,209387.14855396748,-10167530.330107624
-299152.7008767333,8257015.009285748,-1066.509128600359,7956795.799280414
-187917.39080365002,-2051167.2788048983,-148518.9239700213,-2387603.5935785696
-493124.7677264679,-1259713.9156836271,-389245.2255884111,-2142083.908998506
362353.89261429757,-12069705.446424842,238907.55592083186,-11468443.997889712
178730.67035503872,-9044557.620986372,23875.293345287442,-8841951.657286046
23112.13294022344,23513330.73792231,-308388.70489120483,23228054.16597133
-120775.93137500435,-13276358.833385944,-151661.36766460538,-13548796.132425554
-565057.82281252,11812850.768171072,-316855.60084939003,10930937.344509162
95117.58976127207,1100485.3326362967,-253168.79685923457,942434.1255383343
-650916.6750178207,-5958153.51917389,-383036.0373575762,-6992106.231549287
-216464.9109656699,8366050.750494808,-154769.73391842842,7994816.10561071
133080.0702096466,-2805004.2621061206,-203613.80644679815,-2875537.998343272
376453.4173381161,-4135731.5219254494,319771.2189992517,-3439506.8855880816
-345647.0038370639,-5882419.901882052,-440241.52950494736,-6668308.435224064
-389014.60340199433,-18456978.422969013,-305469.0594132766,-19151462.085784286
-77597.17264895514,-4436900.167148232,-90586.49815022945,-4605083.837947417
-408957.14021552727,-13700939.026261747,-98240.40133012831,-14208136.567807402
107487.33748858236,16351426.076349497,-78749.69642582536,16380163.717412254
-332136.5729604177,-7610152.309034377,-157173.21640080214,-8099462.098395597
394535.8474502824,12625720.791424513,-34227.18303465843,12986029.455840137
-206572.61258865334,-11524253.65102917,247162.87854458392,-11483663.385073239
-247288.91415173002,-9044960.349618554,-190180.4690061584,-9482429.732776443
59991.197288267314,6204443.9617937505,-491702.3398491666,5772732.819232851
-280393.180510208,4999794.315926224,-129103.07369568199,4590298.061720334
176145.6540503353,15432357.22616607,247310.6859984845,15855813.56621489
71110.2077111546,8033675.859718442,-33678.819704025984,8071107.247725571
5887.606349611655,14438846.015581667,-103260.95211099088,14341472.669820288
136852.6897762362,-5298578.046004385,-492912.4902266264,-5654637.846454775
184920.24915413186,18905108.66807568,-492.96523056924343,19089535.951999243
303190.411567362,-8501075.425358206,-78964.90539819747,-8276849.9191890415
-67187.70623356849,-8526066.424517095,121310.03093638271,-8471944.09981428
-184473.81436872482,-11202390.594646484,-108083.82310735434,-11494948.232122563
29534.64773944579,-5393033.792425811,-284767.1000102237,-5648266.244696589
-353332.21342639625,-4243399.962120414,-47292.44149158895,-4644024.617038399
73175.18624036759,9752347.653862238,197062.14619533718,10022584.986297943
-187761.62036559917,-5260565.986228108,-205364.7775292471,-5653692.384122955
442476.27027879097,-5189304.242364585,-139459.0850731954,-4886287.05715899
-14285.22408523783,-11377824.517460883,-148048.01296696067,-11540157.754513081
7452.232084527612,19349951.690740317,-61726.365047343075,19295677.5577775
134341.37554642558,-19499338.87527275,-16433.810197368264,-19381431.309923694
-2097.2685838826,33712735.31979206,-160482.35138907284,33550155.69981911
109959.75992920808,17048356.566939265,-18863.812239319086,17139452.514629155
240871.06522641517,-5788080.304690838,-89801.53341841698,-5637010.77288284
67832.82647560164,4076884.955502361,404619.4926390648,4549337.2746170275
90597.86954009905,14329696.184581846,-113295.83830465376,14306998.215817291
-350062.5549192764,2046583.4356282353,-29946.71944206208,1666574.1612668969
-10692.748727526516,-4888518.877446055,-233319.10862193257,-5132530.7347955145
1400.3115407153964,17927343.74486327,-448557.18192368746,17480186.8744803
-22954.121960818768,-5043551.835508943,-408022.25390458107,-5474528.211374342
-227798.15186007507,15441404.652249098,-201818.91803572327,15011787.5823533
-32821.22409401275,-20537419.528866053,103547.00106082857,-20466693.751899235
83244.46871029027,7771034.446909726,226053.64845577627,8080332.564075792
-242079.4577609487,11384462.624686152,267094.1907037571,11409477.35762896
349605.94534669816,-19409633.86200255,-251583.06962756813,-19311610.98628342
15735.890182791278,354873.09335139394,-120394.58482895792,250214.3987052273
-56173.6193794366,-1383909.228075087,183330.6240600124,-1256752.2233945113
145611.02554577217,4190597.3609562516,115189.47889808565,4451397.865400109
130446.91878137179,1815938.1874779463,100595.78426426649,2046980.8905235846
-135562.96300394088,25760003.878700733,-324636.5867999047,25299804.328896888
-311379.6313919611,-12053784.815244526,95274.27851929516,-12269890.168117192
-191063.66511568055,17805532.5248096,-23244.355509079993,17591224.50418484
162462.58635702357,-568635.443177402,414831.5825367272,8658.725716348737
-105750.76233538054,-3089814.2612370253,587867.2594356686,-2607697.764136737
-798.8989317324013,323234.53015708923,11379.629342377186,333815.260567734
-70600.23174903356,-24867133.403731644,-189780.70135356486,-25127514.336834244
300130.89869136363,-15258537.03595841,84095.03391895443,-14874311.103348091
-81598.43963690475,8345584.734805167,-49054.29642799497,8214931.998740267
-325471.5624428429,-9237308.099131316,-287704.50289067626,-9850484.164464835
301043.62619637884,14090777.817443073,-198380.0249377489,14193441.418701703
189202.1391006913,6541244.813504249,384389.6344802007,7114836.587085141
-272040.01877972856,20203722.69701788,-251082.23995348066,19680600.43828467
19673.146398503333,-15405487.532581925,360184.2469454855,-15025630.139237937
-199974.22765985318,2523811.2442715764,-137270.2464182675,2186566.7701934557
3154.56627523154,1198996.1418566704,-278567.3539093137,923583.3542225882
-107197.85968043469,-8138600.482809186,53061.736081659794,-8192736.606407961
-605295.1021046452,-1270334.2403708696,-176788.52695007622,-2052417.869425591
72416.48727817088,16793786.170386076,-27307.005272060633,16838895.652392186
-49342.927797373384,18072521.359986424,-297344.12883529067,17725834.30335376
-17144.00602051057,-6377058.182572156,32659.17897299677,-6361543.00961967
232612.63431943767,19922518.792022437,249887.59709116071,20405019.023433037
-102359.28126372024,-9485667.193946272,194036.16464081407,-9393990.310569178
-322879.7912324928,-11531364.569499373,21149.038933761418,-11833095.321798105
-291230.00470783,-2524835.4400911927,-62809.44196666777,-2878874.8867656905
-205448.7748719249,-4526421.321724862,126503.61942844838,-4605366.477168338
-317451.0623096712,-8158206.909608483,-149182.51712933928,-8624840.489047494
529824.1136845946,-17128303.993483573,499697.1827251017,-16098782.697073877
-159870.02952127345,24287507.23817444,-235261.1861269027,23892376.022526264
33822.680824300274,-13928758.231931895,-254900.46798580885,-14149836.019093404
-195661.60670190863,20552004.385836184,239118.36694332957,20595461.146077603
77874.07569503225,3922454.577547729,-6426.76279745996,3993901.8904453013
-213876.35220513307,-22407470.734097123,20276.552609413862,-22601070.533692844
-355486.8671413902,10684765.821661085,-288039.6648577601,10041239.289661935
-411510.93579431437,-10259448.745507568,-371181.81599199027,-11042141.497293873
-142065.66365003958,18480493.878410876,-104530.83165539801,18233897.38310544
-265330.86460789666,19758494.73918152,-102233.65192314237,19390930.22265048
114033.46508307755,20504015.938641906,139341.49389698356,20757390.897621967
-52705.466876745224,11392409.82578504,-238600.9147777483,11101103.444130547
167607.38083653525,16129066.676796973,71304.80270922184,16367978.86034273
-434872.8821920678,-7027999.931934208,-574211.7825016528,-8037084.596627928
-180534.22137375735,-17497134.787084818,-673390.1962815896,-18351059.204740167
-55691.73447075486,3334952.8745079935,-47255.7738686502,3232005.3661685884
99643.68220998906,12551403.052020133,248614.435830459,12899661.17006058
253341.6514029689,8450725.486493409,-5210.220050439239,8698856.917845938
102637.06489038654,15689135.337947547,124774.9731503874,15916547.375988321
288839.1954046823,18334785.108487934,101153.64435973763,18724777.948252354
68277.30312422104,-2898075.725129515,-23362.321239963174,-2853160.743245257
-15981.590401828289,-10100907.140910238,-178211.52788505703,-10295100.259197123
-78298.71021622047,8410021.808755606,428368.7587930709,8760091.857332457
-138223.89119996876,-8276289.450350255,14645.526898607612,-8399867.814651616
401508.9585657399,-4789009.32077992,58979.19561556727,-4328521.166598612
1087.8121468797326,-22316144.619516045,129773.39940655977,-22185283.407962605
-222142.42708801478,3973046.439307511,357844.11645098776,4108748.128670484
-145271.00426220708,23396894.2771461,-17660.140229165554,23233963.132654727
140829.41000984237,4703806.800561547,155200.86579284072,4999837.07636423
8377.618835184723,8820168.477354705,108656.00536557287,8937202.101555463
37275.68712038174,-4637856.155885935,516580.7424868345,-4083999.7262787186
-492.3158550914377,657518.2194549441,163420.2025097385,820446.1061095912
351587.65185624175,35440539.14669734,29246.862605005503,35821373.66115859
-37001.273921404034,3564053.432240486,282908.8420688957,3809961.000387978
153866.15330089442,-9622110.305303097,233453.6167000234,-9234790.535302179
3482.3152293358,-4012901.2424898744,-195686.8310699314,-4205105.75833047
-483001.3862245232,-11138724.34656316,-473174.2200613469,-12094899.95284903
130462.71702025831,1041976.3172081709,377088.01136303693,1549527.0455914661
66557.52659488842,8964316.478171974,352268.4435693398,9383142.448336203
89700.9282039702,-7629006.328433603,279086.72582885623,-7260218.674400777
37335.78044839203,-4480784.820565224,-294863.5179074481,-4738312.55802428
123442.4222482685,-6088101.925616622,259195.91390711814,-5705463.589461235
29405.741071026772,-10140832.927987576,-94094.38262030482,-10205521.569536854
-166840.8297204245,-3680531.9387960434,-428270.03193576634,-4275642.800452234
-119022.69568961672,18504093.798841,-426192.89609927684,17958878.207052104
162763.79942824505,-5436807.833697915,186847.17237179726,-5087196.861897873
-186724.93427595124,14547045.557330936,-18678.732775628567,14341641.890279356
-67721.9306337554,-13383930.453610033,60874.12867319584,-13390778.255570592
-88550.25227368623,-11578991.81175518,206916.28515241295,-11460625.778876454
-84224.24879435264,1395322.4832575917,-436668.63548471034,874429.5989785288
365430.0597506929,14130511.840569198,378528.23116379976,14874470.13148369
161416.50534742512,-9487247.508051336,55822.49635889381,-9270008.506345017
-62412.32731550932,3179998.0141691566,-108668.99913487583,3008916.6877187714
-157620.84625499323,1070521.428618729,346151.120732218,1259051.703095954
171460.58813293837,2511332.6337050498,302167.78226497024,2984961.0041029584
-352577.90648485534,25718402.823372602,-421527.03895907104,24944297.877928674
-26484.917762970552,-16037000.700529099,-264165.6736226082,-16327651.291914677
428498.50573125295,-5340746.438006043,307086.063645035,-4605161.868629755
140846.95365315676,4932286.248538852,222701.01941182464,5295834.221603833
257668.44849626906,-4098502.6072487235,369824.36582811177,-3471009.7929243427
267444.253183322,-20183260.35242164,155458.12867957354,-19760357.970558748
-309022.0802676454,-12275199.656186283,124612.27593877167,-12459609.460515156
-47336.26954356022,14428218.23836431,102056.5292256102,14482938.498046359
-45669.13250442594,-16448643.550601423,-340031.1395416409,-16834343.82264749
-213516.63814604096,6311213.676435113,-291663.2127905637,5806033.825498508
242056.80956057273,-6611245.372181177,187620.4275617078,-6181568.135058897
79984.55452948436,4676399.541212797,15233.3924292624,4771617.488171544
-312433.66799838096,-20189298.84101689,150855.53772158176,-20350876.971293688
-201574.10008480214,16248232.392947376,-131718.304130055,15914939.988732519
3978.776909876615,-10985307.74087131,108524.70810332894,-10872804.255858105
-236605.34562220424,-19607725.373025477,-37091.93293443322,-19881422.651582114
-309072.10228426754,9005249.155131757,-134405.4305839762,8561771.622263514
-183732.2677523084,36853556.16214746,-172038.1678360179,36497785.72655914
-18754.84394763224,11111338.053266495,325296.52621243894,11417879.735531302
54405.21023846045,-537597.6226087511,-119024.98396871239,-602217.396339003
156831.57100548595,-13913728.849725008,-271684.51059907675,-14028581.789318599
60612.998631553724,-25326680.492632985,10827.442293316126,-25255240.051708117
-75347.65795807168,-7895805.36670512,251468.78763584793,-7719684.237027343
195201.34553673677,9042860.55974248,-300994.9200915918,8937066.985187626
-208735.28529071994,-1907995.2325838804,-435186.52187434584,-2551917.039748946
-115723.659789145,-511687.39364022017,-207929.64732167125,-835340.7007510364
-32521.391895568,3064169.466508448,-80806.2059944421,2950841.868618438
-83820.03944815323,-13124088.210710198,-221995.98969481885,-13429904.23985317
-133833.858046351,20048745.208508313,-28468.553636595607,19886442.796825364
5083.9997730739415,7160713.081639528,22426.928841471672,7188224.010254074
-398944.617038507,10150395.267820626,-480829.5011665225,9270621.149615597
-176306.04560098983,3978573.657782316,-36805.53765808046,3765462.074523246
17800.7868501395,-14039775.784720182,404509.6738698408,-13617465.324000202
154906.7001429256,3355256.660433471,159097.87826818228,3669261.238844579
14016.92369688861,18193595.816407472,189527.1403714046,18397139.880475767
450070.80787521973,-9721990.702907026,788854.6491182297,-8483065.245913576
11208.066943326965,-3507711.662712276,-141219.93004193902,-3637723.525810888
-281916.3104433529,-15911976.991114497,-392267.5045180097,-16586160.80607586
-89140.016532721,-17367824.07227099,-526047.3233315796,-17983011.412135288
558275.8213815968,-8724130.37541458,483887.01332202554,-7681967.540710958
181309.12903698348,2001929.542132318,294440.59247968346,2477679.263648985
187000.5684778914,-18509702.878036886,-244839.74042665213,-18567542.049985647
-240801.49514736608,-7406698.93105498,-41578.080029554665,-7689078.5062319
-386762.5612406619,-409346.2493492365,-281984.8470181972,-1078093.6576080956
-1817.075511265546,-13026847.404589891,70266.74638583511,-12958397.733715322
328296.6524335705,2028930.8450695872,527830.0561061054,2885057.553609263
-62951.031955135986,-25505121.78618434,-80357.89340597391,-25648430.711545452
111992.86541728489,-9554046.614472985,361750.76358422637,-9080302.985471474
21321.851020175964,-7187951.611167014,-304705.1240175292,-7471334.884164367
16088.836056366563,-20880264.00854546,270274.0504358113,-20593901.12205328
57635.520873915404,15286915.584756017,-133712.6027483344,15210838.502881598
165839.50399348326,-11413328.744941354,259872.73377719522,-10987616.507170675
-119093.01226088032,18947340.72036332,126241.06409664452,18954488.772199083
-81373.28011311777,2051340.3498063385,-141917.2701894194,1828049.7995038014
-143758.50058438256,-5794227.460555494,-159553.3729148358,-6097539.334054712
253873.02856939659,-2442319.798791051,-217320.93653264642,-2405767.7067543007
136444.46581837535,7803248.942809522,-167230.4784355834,7772462.930192314
-9331.431467695162,-15592179.638391674,-164768.83536898345,-15766279.905228352
73402.50897709467,6415799.52374801,-44728.87805482745,6444473.154670278
116047.22829292715,15309689.150570571,130365.64224950224,15556102.021113
-47366.550552332774,13863824.758034736,122286.4881150648,13938744.695597468
162225.22366436012,-17839927.552437752,122336.71284468472,-17555365.61592871
33966.49428488314,-5561861.284587592,-232371.45757035166,-5760266.24787306
-167496.0619992204,11102270.402989894,-86157.915864259,10848616.425126415
125674.0371714849,1619989.6760348678,-291359.648246862,1454304.0649594907
-215026.53416235186,13034959.88074109,430171.5492962599,13250104.895874998
-131206.13543612882,-9815060.822969705,177567.9202894345,-9768699.0381164
-142954.34170318954,5040965.706442386,-147680.43558606505,4750330.929153131
-291824.65962233394,27600795.275657117,-189146.16996364295,27119824.44607114
-140752.59848299064,9020209.735697955,3358.6293616741896,8882815.766576638
-38855.28936428204,-1662390.9493361115,-308390.70992812514,-2009636.9486285187
-186773.79115973227,1714734.1306789517,-44493.7650128901,1483466.5745063294
150894.70330912992,12859037.874562383,30232.910093583167,13040165.487965096
-53471.31063323654,6305277.8301974535,-16082.489412292838,6235724.030151924
359628.43578273617,-27210462.079168618,661544.604885377,-26189289.038500503
-227524.63698960654,-23616694.281949043,-53151.09086051583,-23897370.009799168
-73241.49101738632,-5439926.662659019,-395949.48775719106,-5909117.641433597
-427555.0551585648,1793819.2280382514,-319244.4088397473,1047019.7640399393
96201.13039373048,2428486.46602425,662179.7162299603,3186867.3126479406
238884.24160989,-4292056.3122932315,223101.3131025061,-3830070.7575808354
290261.8703439683,207546.31033074856,324066.130995363,821874.3116700798
178733.7326121591,2331019.2579548955,-36483.9796230495,2473269.010944005
-470120.82363052666,-102902.02209916711,195341.7516156435,-377681.09411405027
390472.6699748095,4418348.207904041,-151204.10057037324,4657616.777308477
-192279.18418350443,14375177.00455308,117822.23770349473,14300720.05807307
-48464.03978397511,-4565841.917335689,26551.52183241397,-4587754.43528725
96429.9665908441,-4479480.643419594,54368.32021897286,-4328682.356609777
-332480.6614286322,-9264683.483060598,-209207.50227800012,-9806371.64676723
148737.23954404332,7712989.04219082,167625.01797614992,8029351.299711013
92626.91160387173,-10361120.633520067,532113.1195141524,-9736380.602402043
-194225.2871321533,21476096.08763516,-164949.81320095807,21116920.98730205
46482.11580595747,-12563286.088144302,92921.86225032806,-12423882.110088017
173158.44761958718,-933630.8333625495,280142.18543639034,-480330.200306572
-442380.5752887558,-10810267.71856013,-118817.73734541982,-11371466.031194305
-46020.78927282803,-15734457.577526867,-136382.78660568595,-15916861.153405381
491797.50026642904,-8709541.202464372,310025.642138727,-7907718.060059216
11400.289880352095,4952106.948659778,9961.277062043548,4973468.515602173
20609.733187161386,10972321.050346315,219571.07219409198,11212501.855727568
-70042.35163426958,-16124390.54032299,593842.1487303972,-15600590.743226862
598616.3506025225,-9024584.758171767,870680.8309503943,-7555287.57661885
-132149.63330054097,-1938904.4069374204,-382927.3701749295,-2453981.410412891
-249628.09438338317,-10825766.842885256,-28127.540450528264,-11103522.477719167
166462.69001461007,-2763912.8017981052,125460.69652009755,-2471989.4152633976
-307604.3107001651,6605585.248358667,212467.42172427475,6510448.359382777
-264092.2060764544,3705425.167635858,298452.00156480074,3739784.9631242044
80570.9913697131,1979460.4973463118,-48691.22486320138,2011340.2638528235
-299972.0728482641,-9837153.389085084,-17522.042444571853,-10154647.50437792
21351.304297523573,-1945070.6606106162,156888.98554565012,-1766830.3707674425
-143643.4905535318,8893713.333073258,-101214.12652407587,8648855.71599565
14685.666659174487,-10457089.174943596,278154.0167814642,-10164249.491502957
108555.40848971903,7560140.210282028,-449830.33794413507,7218865.280827612
176693.74665546976,10301595.930895686,378356.58233798295,10856646.259889139
-565582.4759899043,-7279903.083676159,180464.93671752512,-7665020.6229485385
-128016.0890613515,-12231802.311847508,-86816.18488293886,-12446634.585791798
453948.90971540846,-11589425.331462383,234385.08824001253,-10901091.333506962
226620.06537305564,210468.3088451624,-76678.95999526232,360409.4142229557
-10414.499684890732,-17800988.83557999,-151490.42776933312,-17962893.763034217
25642.96214692481,10366811.312392026,100509.85844816267,10492964.132987114
-5630.4619956780225,6004922.879599988,-89705.80850160122,5909586.609102709
265420.5459811576,3600125.943376243,397596.7213380709,4263143.210695472
-69002.60221243836,1373910.2432941496,-393158.50669164956,911749.1343900617
85149.87627393007,38362834.351897,-326765.285710752,38121218.94246018
330097.94065620564,-18108928.013534665,387180.9691065401,-17391649.103771918
-78778.17880726792,7438350.527987659,96660.59707348049,7456232.946253872
137196.48901285604,15845450.728821278,334846.7195931673,16317493.937427301
-295984.7649921961,3873180.4058276713,-238897.21536968648,3338298.4254657887
-324004.0569118466,-8659845.632969081,-12813.840134590864,-8996663.530015519
-86539.11141740903,-16092337.451647937,-419952.02422007173,-16598828.587285418
-245052.50967578217,-24290745.250158012,-5901.723109319806,-24541699.482943114
148202.6698264368,-5561281.39618364,217789.5925141275,-5195289.1338430755
-112947.03030465357,-10211642.357996076,266526.0759338215,-10058063.312366908
993.2068749032915,2883274.3391160965,7969.531878575683,2892237.0778695755
-101714.41767731309,2683386.929935068,89542.47590699792,2671214.9881647527
354387.3251898419,-1264795.7007650733,1437.3713530749083,-908971.0042221565
-24349.695714663714,-4442087.565330714,-20961.10149896145,-4487398.362544339
313017.44852316566,5585431.426251233,99056.29617869854,5997505.170953097
-193668.6513625309,5279546.72549808,-212198.8801946193,4873679.19394093
-249828.20337121934,-3516080.621541381,330262.25742928684,-3435646.5674833134
284277.9458077457,-6460139.735568464,270166.1602223441,-5905695.629538374
-188549.60991972685,1798102.1704617143,-695827.2186378762,913725.3419041112
-10162.3597176373,436184.0025165677,-201972.05236065388,224049.59043827653
42211.1213059593,-19468926.381063223,47339.11802838743,-19379376.141728878
63408.0383017119,-4139585.186697185,40005.61994288862,-4036171.5284525845
446687.30487873964,-10615366.387489915,225207.4538398087,-9943471.628771367
191759.45750600286,36690849.78244156,-130057.30395508558,36752551.93599247
-73702.77828016691,-5214635.220157772,-261938.0574723333,-5550276.0559102725
-98942.85896808654,15820887.070689797,-200969.01234593987,15520975.199375771
-156362.8783709742,-3499053.412541449,101033.42130627483,-3554382.8696061485
157832.96567394212,-21377089.794103086,205547.86414901912,-21013708.964280125
207528.55082676932,13367556.818147957,-158302.26267813146,13416783.106296595
-227763.0485919658,-26247381.936498582,92192.88242034614,-26382952.1026702
220401.28147149645,12427211.23350519,-231424.11530722678,12416188.39966946
140799.72950213403,-6332037.9757217765,401112.9698433727,-5790125.27637627
1587.8662998341024,-10435249.908911526,8396.089627698064,-10425265.952983994
109083.29574839771,3007629.7218853235,-137670.3351522982,2979042.682481423
489171.84917169064,13901884.130331844,-129066.53234651685,14261989.447157018
-99867.86424397491,-2463794.843154967,-162474.6608179286,-2726137.3682168704
46396.87374609709,-10806600.451063633,-270164.47336515784,-11030368.050682694
12818.541330099106,1212958.0318530202,-147611.60823701322,1078164.964946106
-353162.6093551982,7581884.770388931,-128351.63230843842,7100370.528725294
-40288.96072733775,9531544.03502372,601153.796709761,10092408.871006142
-112935.1978144832,-1895174.272280097,-852396.7358597219,-2860506.205954302
-204359.73511457443,11916147.392241627,10492.474874511361,11722280.132001564
-201433.7211473491,1643498.2220435143,-207029.3346608281,1235035.166235337
221427.73660011962,11219206.340346396,-81312.47737105191,11359321.599575464
-65512.29511949234,3397913.4717152715,68535.83112748712,3400937.0077232663
-71653.89009846747,17178304.889268637,22515.495438411832,17129166.49460858
-173853.9848503098,-15889768.332088083,249709.68017894775,-15813912.636759445
32042.838463071734,2831648.2489787936,59987.24075745046,2923678.328199316
-93368.13591702282,-12218466.285523713,-245876.04261241108,-12557710.464053147
11950.357772668824,-7091618.264388382,117497.72244033217,-6962170.184175381
34603.38932843506,-5786811.008542359,414641.04973388463,-5337566.569480039
-288938.447058212,3137951.0026675463,-252211.9956011027,2596800.5600082316
60633.5899762325,393674.9536898136,-196405.2246342227,257903.31903182343
-108729.02301038615,-11273432.807445645,142633.9619947523,-11239527.86846128
-39154.62518160604,15162647.293698072,-258549.91273342818,14864942.755783038
-305266.32230038755,-4812475.140463471,-205877.76319731027,-5323619.225961169
327128.18044579774,11465575.065774292,358675.8992379457,12151379.145458035
-183718.31715736724,2101708.0698759556,-202688.21929258108,1715301.5334260073
206717.39928588457,-1405870.4429853559,-76290.17461556196,-1275443.2183150332
-97655.00503325462,-1746705.8218370676,-544987.7128164694,-2389348.5396867916
186011.21596256457,6030317.510827094,41746.75415672362,6258075.4809463825
-97242.99169018865,-7341767.866077006,178765.72503373027,-7260245.132733464
218179.76257060654,-1899167.3549951315,29585.38150522858,-1651402.2109192964
57606.73871344514,-16373254.4313896,307842.43010413647,-16007805.262572018
-122938.55573639087,-10984262.723252237,-280537.43987377733,-11387738.718862405
7744.916687339544,-10008425.193735361,-48518.5663157478,-10049198.84336377
328754.0115048606,-29022472.85754782,-113151.62481425703,-28806870.470857218
248284.46316081285,6454207.933324635,-30494.38735215366,6671998.009133294
-365891.9315649532,-9953919.751374304,359279.55202110857,-9960532.130918149
139116.0892456267,-8684044.219390512,34431.8301499933,-8510496.299994892
1246.054963208735,30926695.763567418,102514.42075808346,31030456.23928871
-9283.970252562314,10384829.504966587,-135024.8865724951,10240520.64814153
448149.3974970132,-7677556.570594549,-279052.24496438354,-7508459.4180619195
372388.41411010735,5567854.678696901,-218256.61297516525,5721986.479831843
90162.55794623122,-9681370.54128766,176833.15765546262,-9414374.825685967
21691.81032857485,8668448.53128028,-394262.4582441747,8295877.883364679
262366.9611756746,-9284034.697790325,315345.4683494419,-8706322.268265208
-65707.93047016673,559212.387134254,-292520.399334237,200984.05732985027
306968.77202216536,-7386281.515629172,555614.05248864,-6523698.691118367
-46383.699186995625,2388462.682900429,-398972.4120128527,1943106.5717005804
-363363.0109720137,12337861.69311595,-492624.4613532573,11481874.220790679
-153622.00443970785,-720796.0253078938,-134183.26906184852,-1008601.2988094501
-36842.00118076429,-16593772.728531867,138223.5029885769,-16492391.226724055
-765729.990956638,18380185.510674417,-620337.5250936523,16994117.994624127
-42180.34184665792,8480296.135710776,-150484.81108781695,8287630.982776301
-79084.04002186842,1903314.080656141,414220.8485876173,2238450.88922189
138287.4970286172,-4797183.654521048,-6348.728511810303,-4665244.886004241
60391.12284017727,11886030.251898646,272581.27178870887,12219002.646527532
381210.7957091462,6225143.202360511,448875.57719735056,7055229.575267008
309504.36420757696,11619146.57457608,121841.29985821992,12050492.238641877
190506.77464699373,5247849.485319138,-203973.0357742086,5234383.224191923
-69097.92328474857,-16775693.25653395,-440114.40210779756,-17284905.581926495
216762.27761115693,22996644.778000712,-49632.90165544301,23163774.15395643
277986.7935728282,-6786185.761712968,312224.7403796539,-6195974.227760486
-113317.11180993542,-2434753.5932333767,-162594.19340663403,-2710664.898449946
-240241.5806108024,7929361.738556087,-333192.5775452554,7355927.580400029
-515567.6370492559,11907469.09397316,-494113.372471638,10897788.084452266
-185339.44930420816,-11541641.13450116,34311.846903800964,-11692668.736901566
-175303.35288900882,-9459560.33309257,195055.46888358146,-9439808.217097998
126893.1734968964,2286395.0603791475,-155706.9613720402,2257581.2725040037
181320.0956281703,-15431165.768929064,407361.55694659054,-14842484.116354303
-348063.1878592763,-535563.5505979359,45073.608104392886,-838553.1303528193
-112943.20334958099,-8357495.829943985,-107870.22963286936,-8578309.262926435
-27860.572781547904,1245079.102455914,-36895.09611875564,1180323.4335556105
-116670.12564949691,-5449023.682166517,-392210.20247413963,-5957904.010290153
75011.56983144768,-14367002.654234856,-132700.25268028677,-14424691.337083695
301544.252769351,17888917.0166893,-145581.98606844246,18044879.28339021
-171382.51945364103,-11629793.190975666,203165.54694780707,-11598010.1634815
52971.56637527235,-1341916.7306765914,-76111.7879743576,-1365056.9522756767
-27449.19241654873,-27581.868062675,-133589.3777025193,-188620.43818174303
63491.06491637044,17875724.400352836,-500395.46395073086,17438820.001318477
348556.8404572625,3477519.7535281777,130004.61746557057,3956081.211451011
304448.2360980995,-5709777.823590517,-277623.98308838904,-5682953.570580807
198588.3098694738,6956004.00534755,-277950.83954729885,6876641.475669725
-85344.09752476588,-17602517.645077348,-276567.5185289085,-17964429.261131022
35782.64935946651,17202618.240269184,-214149.0412967056,17024251.848331943
-65136.15694279596,-3685656.461215377,-119242.32677355409,-3870034.944931727
204852.09763579443,-8390253.320392013,-295023.4725617096,-8480424.695317928
-28101.57489641942,-9779126.429241925,238681.631010741,-9568546.373127604
-149680.69222644158,-3198737.4083929956,-398088.9793522954,-3746507.0799717326
-216950.9206775315,19269450.767677903,-288799.59000017494,18763700.257000197
35179.58167779446,131159.248069942,97175.21899661422,263514.0487443507
-154546.39427261986,3026564.792747915,314181.94006700814,3186200.338542303
110219.08578858338,839813.8455733061,-295540.594538413,654492.3368234765
59167.364964187145,2167237.8848154545,148129.1579567045,2374534.407736346
112214.29621552862,-13878525.660034567,160103.73481941968,-13606207.628999619
-13164.982279719785,-1441187.0526317358,-316444.33233404905,-1770796.3672455046
57508.72747136839,5922238.096443176,-5120.504618421197,5974626.319296123
245713.8072114531,-15737231.2849091,3352.745597489178,-15488164.732100157
-203484.02208376676,3888047.6800661087,-471488.0726666376,3213075.5853157043
43520.47026694566,-7800999.692460895,-226532.75309022516,-7984011.975284174
174327.74691913463,15501772.477312565,-138532.55460444093,15537567.669627259
424094.93226409703,11575224.732621849,-13476.397530034184,11985843.267355911
-371936.01000971906,-1931499.968866706,295958.03981339186,-2007477.939063033
-202464.99938362092,10319961.520756543,-107157.1938719526,10010339.32750097
-71273.1048811078,-6172465.528520435,484897.48069272935,-5758841.152708814
90254.74334254116,5442496.170210719,-430439.77629404515,5102311.137259215
-248397.87045613118,-18125907.281086504,-385546.9046966806,-18759852.056239314
-312419.767861031,12308179.557892144,-164657.58923110366,11831102.20080001
49660.685679424554,2488969.6255868077,118736.28808534145,2657366.5993515737
-24989.539191450924,1690901.9317006469,-46971.296538464725,1618941.0959707312
-438685.7507081311,-6888543.910262167,-199013.78018185496,-7526243.441152154
61210.51485238224,19508693.171020806,11122.707958631217,19581026.39383182
503119.4605073985,-24611557.039877713,53096.52152645588,-24055341.057843857
-287754.2541731633,43900430.38660562,54333.630543485284,43667009.762975946
45801.41254267655,-3903429.0475266874,-115593.12161625177,-3973220.7566002626
-292475.165935155,-5704507.759802133,-230184.18488767743,-6227167.110624965
-77117.00464135036,-6036522.853872478,-421475.57626345754,-6535115.434777286
257792.8441642616,11738381.46641776,-186999.1194214821,11809175.19116054
-299765.0221936777,-9114133.023447126,-390733.9389837235,-9804631.984624527
-122120.36580532789,-4586495.006237209,-305277.00083729625,-5013892.372879833
-140388.34114052914,17146583.21504259,-81624.27370709926,16924570.60019496
-184259.08565953374,3080176.6887902617,416473.29846425354,3312390.9015949816
94109.46573410556,-15831836.652341902,235594.40073791146,-15502132.785869885
-79582.61769478396,-19947004.395897,-525021.622188352,-20551608.635780137
230001.39068826288,8486561.565116435,115972.53991623223,8832535.49572093
-325963.7728097737,-14169893.563316256,-483445.5323098898,-14979302.86843592
-62913.89005893655,8708876.100232422,-425164.705113709,8220797.505059777
306048.38138189726,263538.4935722947,-253569.35831864178,316017.5166355502
-105836.91976664774,-3881556.504400909,-361420.5209367648,-4348813.945104321
399241.4188789241,19187952.660944223,-63724.23817559332,19523469.841647554
181905.3588872496,-1304082.623500973,-587921.9675324932,-1710099.2321462166
-360232.29611052386,14108243.971954763,-563657.0760902241,13184354.599754015
-49355.97160935402,24971955.87422186,-263727.1308699995,24658872.771742508
-8485.291285190731,-813964.3697953224,130541.45914325118,-691908.201937262
-80630.56566200778,6478098.718561649,-506342.32176579535,5891125.831133846
-99905.4011268951,-3742512.2566913366,-370601.5845825374,-4213019.242400769
40848.298066029325,4920995.316565543,478587.85707610846,5440431.471707681
26256.365873331204,26776869.42146325,-177814.1702914685,26625311.617045112
-67176.1635532882,-6666566.137087375,-515085.72565069795,-7248828.026291361
-356109.30218553357,-11239454.909585595,110312.96223264188,-11485251.249538487
298988.7918819245,-4196952.844581187,453683.04394524544,-3444281.008754017
-119113.90584244952,7373894.793024421,-63970.252874180675,7190810.634307791
1046.4565997626632,-11488481.614791334,134437.979411982,-11352997.178779589
-128115.25327417813,20362241.444435596,-183906.20129530877,20050219.989866108
-184218.78162832372,-12201069.776607394,2261.1823708713055,-12383027.375864847
-1983.1240121871233,15457992.00820303,343681.8887943551,15799690.772985198
19167.77076707594,8251957.251801014,-21395.308501921594,8249729.714066168
-13893.29126675427,22393808.480837524,145903.457174927,22525818.646745697
-267110.90558318235,707241.2978477478,-33951.41534180939,406178.97692275606
-20122.702057011425,-2446428.497481048,29670.501345604658,-2436880.698192455
-119123.83680498041,-13308727.707179189,198863.9979083538,-13228987.546075815
64116.29810833372,-22223175.025704056,61902.81216824055,-22097155.915427484
-237554.60460164025,-14577720.231143355,-330298.49454716593,-15145573.330292162
-405350.1958319973,17509716.075713992,-78135.83114804327,17026230.04873395
-253311.26336161979,-7879519.614726394,-230279.0455396846,-8363109.923627699
198966.16647957452,-7712076.124495029,-165642.18203615397,-7678752.140051609
-62428.071436541155,15700306.451753765,-19478.820633873343,15618399.55968335
187760.2134397421,23866735.618193805,274514.03907576203,24329009.870709307
19498.289970640093,-5587790.331050575,-215811.8597997278,-5784103.9008796625
136484.78280906565,11386609.493258625,-36322.73794953525,11486771.538118156
-124136.25192466751,13194033.303465903,129869.4806035757,13199766.532144811
48282.47845775075,-21818339.20378846,-14447.172565944493,-21784503.897896655
-180139.53563630767,-7478517.748489082,-182304.12650872022,-7840961.41063411
78368.99039596505,16897110.479720235,-114525.46085608006,16860954.009260118
-238457.3055421915,-13790279.35770017,-140444.37808965892,-14169181.04133202
-89733.59465995431,-8125250.20806849,274571.7304472253,-7940412.072281219
250816.52559620515,-9846723.269778788,-43530.17312270403,-9639436.917305287
-77803.61698411405,-3913983.36536178,-65164.45976643264,-4056951.4421123266
-16354.49819928594,32303664.63261053,162047.71273854375,32449357.84714979
-46802.5514430739,2721840.2018328905,-92402.83358825743,2582634.816801559
-188334.26633125544,-1243400.6339283586,-48142.75920972973,-1479877.6594693437
-241964.23030243255,16017079.9655658,249250.63573200256,16024366.37099537
201048.78969983943,-7348795.890932858,127565.92159770429,-7020181.179635314
-107544.42001642473,-2126884.003345132,-35428.77978498489,-2269857.2031465415
162060.60483390093,-17946135.855436683,-214539.9935279265,-17998615.24413071
25335.178706126288,10182368.84709695,-392551.6975156367,9815152.32828744
-292780.4838736933,-4313100.325383544,-454618.6611172706,-5060499.470374508
139181.2545518279,5544744.922479987,-247905.86654387414,5436020.310487941
-339992.22592056356,-11769932.17908594,-371866.9947794974,-12481791.399786001
5803.623271001503,-6264191.664863139,-294026.86215388775,-6552414.903746026
-99421.59884579666,14705900.682620525,-122061.05998084694,14484418.023793882
-311781.7209325582,13554200.694509506,-190589.72427145392,13051829.249305494
-7998.779303546995,-5207951.621305257,-59091.9683124125,-5275042.368921217
-173291.21568569168,20938946.54323888,-261364.7298234254,20504290.59772976
117877.32684926502,-4713787.756850332,-510277.39135092497,-5106187.821351992
222011.68510248885,22856054.6511454,-201519.93546760082,22876546.400780287
-205732.2434387002,-4074996.2142903805,-423135.87783679366,-4703864.335565874
18816.3714955803,13200108.775205702,-31806.394522473216,13187118.752178809
-333137.5340172425,-4121620.8620488048,-715486.037663348,-5170244.433729395
-130238.52691061795,12021441.867866218,-75095.9417809397,11816107.39917466
136177.63525499217,-11130363.019333184,119439.64997424185,-10874745.73410395
16961.795772915706,20864088.334241807,103589.95303020626,20984640.08304493
222224.76634689793,8828556.163484216,211649.67323402315,9262430.603065137
-246829.1818558965,-667929.0293934643,72765.35932838172,-841992.8519209791
-333439.1302327551,9998054.976739705,-516202.5342899412,9148413.312217008
245487.41052433476,12641130.532155216,-396770.3204347044,12489847.622244846
122264.67285563052,8938493.300404012,-240368.5525226444,8820389.420736998
72205.62761821598,12754660.908116013,298359.31724749506,13125225.852981724
181086.1096139215,-7464464.4154577255,47566.49144284427,-7235811.81440096
7883.640815805644,-2230108.0575561523,168256.6235749796,-2053967.793165367
-32485.58901976794,11255075.323102057,-70225.7381175682,11152363.99596472
-87375.53207970038,5794462.317164421,-28530.0409476012,5678556.7441371195
-423768.50843226165,-8108425.852406859,308535.291965425,-8223659.068873696
146893.74098221958,8183557.440030098,-126412.21163196862,8204038.969380349
-66860.72971692681,-10635899.618706167,-235976.99902447313,-10938737.347447567
-271275.7170793023,-6341264.150321186,-119029.7528302893,-6731569.620230777
120857.38575354218,3002079.9977968335,-175443.7247318998,2947493.658818476
129222.89932258427,12587401.15016669,-74360.70896173269,12642263.340527542
-10900.639451093972,-3434335.4883509576,215993.59334585816,-3229242.5344561934
-75276.81397519447,-8293166.419287592,85523.24092715979,-8282919.992335627
-124678.99313494004,1125740.5771124065,-37180.97669137269,963880.6072860938
-93505.51136039943,9209796.71001947,-135054.1580414027,8981237.040617667
103290.87692388333,13471356.52493456,-100163.9657690376,13474483.436089406
-350023.67709042504,-25947481.291749775,12950.649284735322,-26284554.319555465
20543.845753749833,-33418401.75276667,76399.18588524312,-33321458.721127674
142292.61392159574,-5333943.650959253,165311.89856801182,-5026339.138469646
-2634.02930903621,6183854.527522087,35588.94946745038,6216809.447680501
-418286.3915323615,-14520850.152641118,-197701.53958797455,-15136838.083761454
-294258.69234285504,35986482.107136905,342289.0920185149,36034512.506812565
-218410.8112053778,9495383.609133035,-205697.36068167537,9071275.437245982
9215.69091132842,19828511.552736014,-47768.00835997611,19789959.23528737
-229636.31900163367,-10237447.624825925,-85115.93981329352,-10552199.883640852
67488.7848459296,16096841.795869887,-666575.1057207137,15497755.474995103
110897.66207010299,-14915312.45945704,-319382.789193742,-15123797.586580679
63848.83125412278,-1619281.1708278656,402089.6826778874,-1153342.6568958554
-387635.20312235877,-7715404.722300768,-313072.0612932518,-8416111.986716378
71748.20872263983,24692688.80073142,335118.1250318736,25099555.134485934
134319.60817222297,-751601.765447855,-427765.75131142884,-1045047.9085870609
-139766.59715187363,12994902.41531837,-136357.06354112923,12718778.754625367
96375.94962192327,-8272384.460496187,-95028.92126386613,-8271037.43213813
-195966.1011890471,-17637348.72898072,-152324.0031432733,-17985638.83331304
33188.70264143124,-23091146.28289002,231646.56223998964,-22826311.0180086
149753.88537562452,-8570695.939043969,-19750.93986225128,-8440692.993530596
-197978.77567853034,722897.8635907173,-209284.9384380132,315634.1494741738
-45055.75053437799,7018907.029176116,208244.68800137937,7182095.966643117
-43876.30294647254,162424.1455938518,237097.98200154305,355645.8246489223
-56885.4860695377,168760.6450702846,-15308.664334610105,96566.4946661368
113639.12253722176,-16602430.20456466,-319572.23069445044,-16808363.31272189
-88726.41423566267,-17590955.25429544,128463.38970250636,-17551218.278828595
9808.916365420446,36316237.33234286,-137188.1382940039,36188858.11041428
-196279.45418517105,-20811095.74033755,-366643.22922600806,-21374018.42374873
75402.11245788261,7700092.990182281,-444141.40356226265,7331353.6990779005
26176.793943190947,6540203.356429994,-213720.9191364348,6352659.23123675
360779.4102841336,5038472.470587879,-25503.13090236485,5373748.749969648
-280497.3860651292,-14983381.787894249,-146867.15887724608,-15410746.332836624
-104057.97773897834,-2279527.8330899775,-87306.89513400197,-2470892.705962958
128328.93722913414,-2967245.3775287867,500214.0259491354,-2338702.414350517
530538.2450864874,-14018526.247300863,88503.9464051053,-13399484.05580927
230582.83449929766,37111593.74141392,18529.517856255174,37360706.093769476
327073.52195910923,4880371.410472751,506866.6097281873,5714311.542160047
170777.56829044037,-26865175.682960927,253391.52161167562,-26441006.59305881
435215.59024598077,-4273463.910991609,369018.8955999762,-3469229.425145652
-397872.09236345626,9867048.559517503,-191332.93605822325,9277843.531095823
-145214.79927120171,-6311267.834342539,-13735.044044435024,-6470217.677658176
-197184.75189435855,-3355659.9052150548,-184581.30382803082,-3737425.960937444
292987.5108414646,-6168160.930278361,58970.414338469505,-5816203.005098427
212868.79740908556,13834634.000053674,-157158.1559991017,13890344.641463658
24069.038093913347,10966755.051141351,-23197.33464755118,10967626.754587714
-252361.62976700626,-2168036.1814191937,-439507.1952843219,-2859905.006470522
34653.814962957054,7494419.701865494,706885.1437673345,8235958.660595786
44885.90290379897,-7616042.64604941,834213.3169726878,-6736943.426172923
-117202.45294271037,-10502554.358124971,620138.8514572978,-9999617.959610384
90306.0939497929,-9653844.714251995,-118057.03496781737,-9681595.65527002
-241613.43312670663,4374811.477824748,-138645.43923867494,3994552.605459366
316018.039236892,7677239.973176628,884289.3999207616,8877547.412334282
-276707.8549092021,8551053.769771576,-488552.74134176224,7785793.173520612
-155756.3612819109,-15191271.485877216,-223875.8363686353,-15570903.683527762
187349.3757055141,-20507004.27434349,-309898.89071618766,-20629553.789354164
303069.7319481801,5839041.261620641,299345.21750784665,6441456.2110766675
26406.96915941499,-8038258.176379919,249509.45467936993,-7762341.752541134
52452.21582601406,7547387.472860396,-236424.1090222299,7363415.57966418
-49500.78523699194,4422935.311101675,-78676.49837765098,4294758.027487032
86301.99784545414,-5099358.550957859,43969.0288195461,-4969087.524292858
-165262.4796069879,-1290791.6666631103,173324.72225037962,-1282729.4240197185
-172099.38125146367,-417778.7163693011,100184.27812360972,-489693.819497155
-74676.22577794269,12116490.24079287,124998.97561252117,12166812.990627449
-160697.14660265483,-8608751.014283061,18365.122738547623,-8751083.038147168
156733.67049262673,-6828034.1808029115,-7555.2536200508475,-6678855.763930336
55837.24741672911,36705025.20686406,-54369.70051959157,36706492.753761195
-115131.24160271138,-3924058.842977524,-661895.1933336556,-4701085.277913891
-206521.45704624802,-310042.4202083945,-213435.5294548124,-729999.406709455
-519922.5671818815,-5157748.295312315,-548701.0237559304,-6226371.886250127
-293568.9270591084,20499706.005636215,204961.65701545775,20411098.735592566
-295335.0336111225,20802277.198631108,-286617.8527430445,20220324.31227694
85223.3795434758,-4637624.1351161,168530.2418756187,-4383870.513697006
5763.781126216054,-595231.4283030629,288896.0692499727,-300571.57792687416
150866.00621611066,7897193.438657075,-111736.74655589461,7936322.698317291
-84389.79889307916,-8044883.289075494,211935.6688207984,-7917337.419147775
-175275.02773735486,8862600.704803199,-98418.94489786774,8588906.732167976
-318827.727301972,1290923.461930871,-471426.45683033764,500669.2777985614
39220.70341279544,8373713.088548303,-53609.78075040877,8359324.011210689
395024.7502819598,-13778375.985648334,272154.8396651596,-13111196.395701215
-24086.584817558527,23552363.80602181,54224.386609867215,23582501.60781412
-255229.8311641626,4341245.776190937,-411900.96145652235,3674114.9835702516
-46085.744866343215,-10243004.16231078,-297442.85137811303,-10586532.758555235
94018.36784521118,-24897629.726265967,246185.71506024152,-24557425.643360514
24724.588982613757,26099958.17701778,-285072.10097008944,25839610.6650303
-241199.85490963422,-1584907.342468977,-331122.4468086511,-2157229.6441872623
15882.227664882317,-20540415.181791455,114521.38382443786,-20410011.570302136
-203218.8985725511,6034753.855820239,-250471.67557045817,5581063.281677229
-270996.9277388975,3302256.9448269606,-241517.4997221008,2789742.5173659623
-152734.0323358439,3595902.7040368915,108731.07045270503,3551899.7421537526
123845.77605553344,-2605569.156060487,-207340.5916839391,-2689063.9716888927
-25007.779386349022,7129404.183121026,-295438.9639751613,6808957.439759515
-225415.80426225252,6254456.354758024,126606.66890759021,6155647.219403362
12871.342522960156,10309228.83957684,-104608.97708308697,10217491.205016714
-66550.8948236052,-4353667.714365691,48357.86431013793,-4371860.744879158
367203.07262884453,14623672.153332233,395107.5063987598,15385982.732359838
354085.3856545463,22169660.352951676,277755.1739300117,22801500.912536234
201478.7733722143,15907053.309668958,116767.20826307684,16225299.29130425
72854.32804029249,-24264127.847099423,245601.75527418405,-23945671.763784945
367880.94278374687,-12711085.354255557,388206.7594278902,-11954997.65204392
538755.7856269963,-11082291.760823607,280021.09797205776,-10263514.877224553
156528.13816218078,-11927716.158438385,104239.72532841563,-11666948.294947788
-296981.3632925451,-3327296.29412207,-11914.510729640722,-3636192.168144256
-149767.93496740982,-6260010.32239157,-123942.20017631352,-6533720.457535293
-107795.72273876704,-1572706.2545662522,7688.160928219557,-1672813.8163767997
-142971.89452010952,-20975366.73014912,-673110.7875500694,-21791449.4122193
153614.93578805402,-6861223.8158913255,65085.00509542227,-6642523.875007849
-57216.03156911768,2945937.6251312494,-235074.93648153543,2653646.6570805963
112452.81201415509,12304331.026190162,102015.45599348843,12518799.294197805
-260764.66464572214,-20757458.396334678,-328014.0320572406,-21346237.093037643
-77792.71595801972,16890778.62526968,-361923.23394295573,16451062.675368704
-100378.98631066829,13413115.268448263,-284365.0122998953,13028371.2698377
36245.105304216966,-314207.0949578285,-190930.271162197,-468892.26081580855
9584.655255427584,30925989.261304826,-2153.1043126285076,30933420.812247626
105807.09445151314,-12564024.145876318,120963.84932100773,-12337253.202103797
-56557.51563532092,6137609.5971746445,-327975.09853720665,5753076.983002117
-185650.37186276913,-3943475.4965661764,263760.53733377904,-3865365.3310951665
-312649.07234844007,-895442.5212022662,16949.400071434677,-1191142.1934792716
-171235.15503275394,-6689245.4557797015,328950.44239156693,-6531530.1684208885
99419.99509529024,14784097.017619789,-325240.1369307339,14558276.875784345
-330844.8958797138,-16972253.866954505,-518897.2080527097,-17821995.97088693
61075.428939804435,-18874724.326665998,197704.67750404775,-18615944.220222145
143213.99512315728,7241831.863923311,349129.6447051838,7734175.503751652
470785.1674233414,-1352782.6151464283,662438.0118773505,-219559.4358457364
-62120.16614280641,6876553.9075500965,573821.780403167,7388255.521810457
-239955.70361996628,816660.2276688814,-324463.1029312536,252241.42111766152
331607.97125963494,-5840269.161057949,-33679.981965616345,-5542341.1717639305
-135345.86458387226,12591224.756830305,-421608.414337568,12034270.477908865
209563.13226862438,18859238.867299914,-230250.72519093752,18838551.2743776
-137131.52537521534,11515945.341591865,174699.40868218243,11553513.224898832
44481.64493623935,6784004.164307892,-47152.73571562767,6781333.073528504
-251293.05028368905,1026985.6647006571,-75576.32394891232,700116.2904680558
198174.94229700044,-24616921.797284245,322862.42716540396,-24095884.42782184
-191607.7155900579,-6582637.586720586,-636708.2926175073,-7410953.594928151
171014.08018805087,5012979.210326791,379814.7323353961,5563808.022850238
-58369.80748622306,1133553.8811857104,-3559.533811919391,1071624.539887568
409070.60195280984,10260101.902417958,60344.518459007144,10729517.022829775
-64536.34317636676,-4154668.9802800417,-29915.18894982338,-4249120.512406232
82442.1981033422,24418643.81098309,-445205.60985367,24055880.399232764
282989.34340506606,5063604.386130512,255404.69818097353,5601998.427716551
-170416.13918123953,-10085051.535079211,273938.58188453317,-9981529.092375917
-272345.644471379,-11737732.220128655,-87133.42202147096,-12097211.286621505
-193577.93511292338,-1797884.826048255,-186021.84524331987,-2177484.606404498
-350108.2199823316,436616.4005936086,65065.152088589966,151573.33269986697
-149215.38744360767,7917164.223269224,-324723.1085313484,7443225.727294268
-14005.003152888268,16486471.459405988,347941.2948229909,16820407.75107609
-135309.30361622944,4415800.998878181,135603.6835104078,4416095.378772359
324240.00025376305,19628937.362950265,246049.69094128907,20199227.054145318
151912.86709114723,-18208897.72597444,38839.036834806204,-18018145.822048485
509743.9280782249,11331582.57976079,-190173.23630248755,11651153.271536527
118286.11442181095,-1487063.1390951872,58130.870082333684,-1310646.1545910425
100501.84364040382,9725556.91593039,234428.62999195606,10060487.38956275
-80301.4078952875,24530593.675204426,-48500.05806456506,24401792.20924457
77363.16581898369,13058789.026266932,167456.32484013587,13303608.516926052
-92736.70498262718,38179204.94686657,197859.8703448549,38284328.1122288
335647.61768141575,-5278215.554940462,-178803.20805239677,-5121371.145311443
-232561.8152297847,20067202.231029987,-205096.54602773488,19629543.869772468
-103810.46388878673,-10422280.609329373,7309.87916444242,-10518781.194053717
326076.88876656815,23257773.611323684,-372648.7950876951,23211201.705002557
60061.152391791344,-18949807.104474038,-101158.77946177125,-18990904.731544018
-80839.72887915932,-12773240.442504585,-425816.67925840616,-13279896.85064215
-108747.81148826145,16478880.527774572,73770.9240854755,16443903.640371786
-159269.68813206442,2078065.973043561,-139402.44714723527,1779393.8377642613
2051.7381279319525,7347738.655538321,146453.27233303338,7496243.665999286
385849.9499954432,-13399443.43303755,297027.29786901176,-12716566.185173094
-354612.0196142979,-4656675.187544107,-475624.9087280333,-5486912.115886439
-48112.667873879895,9075472.82246244,-446453.5216453001,8580906.63294326
164485.56806920096,9222091.096129954,-87960.18117742985,9298616.483021725
66157.29292741977,-7799617.770958096,949342.3314831406,-6784118.146547535
235908.26654941402,1346140.6899512112,361121.90048645437,1943170.8569870796
212272.4029849451,7729615.464453101,-188501.19172212481,7753386.675715921
-91291.26126704738,-358753.86292248964,-91018.0417201817,-541063.1659097187
20363.47899023816,-6172103.3118520975,-128858.93647261709,-6280598.769334476
-146508.4963413328,-13636871.650133133,-406684.76727309823,-14190064.913747564
-50132.523279480636,9289097.13228798,4735.192040331662,9243699.80104883
-218652.95816197246,-2450093.312253058,-169017.5134177655,-2837763.783832796
-35153.07577874884,-17756898.907602996,1754.684115163982,-17790297.29926658
-146860.4573344905,11638436.212201118,60906.752880588174,11552482.507747216
-85857.17521153204,-1301772.5084517002,-242659.94017272443,-1630289.6238359567
-264476.8776185848,21727687.66897112,-105903.55106119812,21357307.24029134
-155092.5562031716,1213083.4596628249,316650.30252842605,1374641.2059880793
-175892.67770383134,825148.287807703,-135517.71200814843,513737.89809572324
29496.06204801798,6916952.019667417,-35785.81481295079,6910662.266902484
277564.1606592983,5398351.902694225,-115383.30467572063,5560532.758677803
-257852.10867611505,-1183298.4182850718,126311.56342121959,-1314838.9635399673
-45503.88045400567,-10336538.313437372,-176256.76331864297,-10558298.957210021
-197367.35538339242,-5874757.784257233,-79591.19678713381,-6151716.336427759
55837.24013710208,32001979.92499745,117436.76848490536,32175253.933619455
-235402.19888080657,1273857.4756952524,45948.50973892212,1084403.786553368
34512.61098999344,-1914059.9303450286,426430.1789674759,-1453117.1403875593
141392.9070084449,-2954770.126198888,-218159.73036701232,-3031536.9495574553
178134.4021258317,12304674.026900202,-62361.54206755757,12420446.886958476
-90280.29058258235,-5798390.139231741,-176324.5438381657,-6064994.9736524895
346783.34058072604,-13324945.283622652,181454.04844946414,-12796707.894592462
-103223.47590266727,-14993499.37261632,-354367.85904353857,-15451090.707562527
308273.8855722435,13850102.200458169,556690.4310973287,14715066.517127741
-223438.48029651307,15634163.592996478,-368420.81748915464,15042304.29521081
352706.24337571487,20916654.003201604,228292.69644550234,21497652.94302282
75587.76470295899,-3733995.825492382,187888.22407590598,-3470519.836713517
-81689.1481665466,5627695.387534201,-153904.7325084582,5392101.506859196
28509.186354652047,201573.43760597706,-468041.3359146416,-237958.7119540125
80011.74974203482,-4482034.657354116,498732.8978106156,-3903290.009801466
1921.8506294600666,13852203.884532273,-157452.23360792547,13696673.501553807
9628.804268062115,17297643.136742294,-234263.47754377872,17073008.463466577
-21433.202124387026,12237957.23871234,-117721.42355865985,12098802.613029294
-365197.18606035225,12658538.673659384,-264104.47132092714,12029237.016278105
-47847.03689511679,-14994.631107509136,-273343.7229930684,-336185.3909956943
-52895.71594562195,-8702486.029266655,-185051.99558977783,-8940433.740802055
-203529.13845528662,13108780.448874831,175321.48282071948,13080572.793240264
-108195.91403931752,518658.1961000562,77626.85914146155,488089.1412022002
-330743.96908985265,13916847.726736903,-50797.13980010152,13535306.617846949
65630.0919294469,-68009.46465495229,192373.95514279604,189994.58241729066
341880.7577629443,-178992.9925354421,317379.0607901737,480266.8260176759
17154.47332010232,-5309388.776400983,-227058.4255836904,-5519292.728664571
-35957.76371046156,27069651.882595688,-215603.67563077062,26818090.443254456
-370577.7279788945,30562022.6232695,-1001864.19581943,29189580.699471176
108146.6872374881,6386668.223262668,-211664.26889264584,6283150.64160751
86382.04460996948,-8483207.239302874,-104817.52716425061,-8501642.721857155
-121742.38709305227,-8004788.382064253,-200177.6773642525,-8326708.446521558
-122014.88377189264,19319519.07233143,-302383.64186897874,18895120.546690557
67513.95871202648,20604858.56920421,46481.20859020203,20718853.73650644
70535.88108875416,-6830102.285370111,-234695.93450967968,-6994262.338791037
123649.22122764587,-1317912.5430395901,21333.098073109984,-1172930.2237388343
26881.820319447666,-6206228.4049128,162596.01499514282,-6016750.569598209
313339.8879456222,-3363505.205435872,240091.48379532248,-2810073.8336949274
-115493.05564697646,-2895703.929504931,-484763.22546324134,-3495960.210615149
60806.998172424734,-10849253.22805649,-154045.25007539988,-10942491.479959466
-181753.22136225924,8478669.899921536,-109057.08003830165,8187859.598520976
30810.375781085342,21447288.254546553,52235.0035469085,21530333.633874547
-240718.49153151922,4728107.062508464,-557698.1756971851,3929690.3952797595
378744.75248412974,-3428209.0419554412,468486.44615890086,-2580977.8433124106
-193728.5811461266,-9798791.017797291,-115571.34284636378,-10108090.941789782
-33618.506961843,-4406208.210175842,99448.59563796967,-4340378.121499715
-391302.65790802054,4227602.251921177,-72764.3267659694,3763535.267247187
305698.4096906241,7539923.3518438935,80776.68018912524,7926398.441723643
104870.19383059256,10720393.72127828,-303807.4920068979,10521456.423101975
154808.3433322478,-8123444.021029115,245161.89688181877,-7723473.780815048
182549.2932452783,18909735.59179738,308333.26875633,19400618.15379899
155282.926189797,10394358.745371819,252459.4267387092,10802101.098300325
17978.690957708284,10238600.997136474,-395230.040277496,9861349.647816686
-138654.0530358646,-13811715.563295603,29073.268143318594,-13921296.348188149
31291.9030198846,7450769.263689578,47513.69893729687,7529574.865646759
-20004.993169756606,-8311181.0556826,-340876.67212677,-8672062.720979126
257318.36956308223,13895422.471372068,-141440.17801100016,14011300.66292415
-205872.4299468547,17911124.165481508,-112793.08932037652,17592458.646214277
396997.313136613,9835650.935882032,150111.8984177038,10382760.147436349
241766.2628617268,-8621341.549560726,-324964.9092852846,-8704540.195984283
122054.08102362789,-4242423.401064515,-305743.5647526458,-4426112.884793533
-405344.78802888654,-10464482.786534667,53087.050853319466,-10816740.523710234
-11608.769536610693,-1592700.4288372695,191345.61555051804,-1412963.5828233622
-132210.29166774452,6716844.744113177,-576759.5174773037,6007874.934968129
-33520.755439154804,-133899.94661605358,-210732.12887975574,-378152.8309349641
-26075.620387939736,-4789554.390432358,-39949.89699283242,-4855579.90781313
-258585.88027170114,-1901775.3298943639,86986.27991423756,-2073374.9302518275
36003.19414492138,-3738238.8119009137,-447242.8988188654,-4149478.5165748578
-263147.61225008033,-16815519.089995354,-218094.74428909272,-17296761.44653453
55093.13240311667,-4870626.705787301,1027.7325573265553,-4814505.840826858
274162.04842146114,1578007.3185200691,-37982.78551863134,1814186.581422899
85659.56879029237,4024450.748191297,-2982.0529475808144,4107128.2640340086
-778.7160776276141,-4869890.771492571,160048.7709960416,-4710620.716574157
75930.80078079924,5739706.3244918585,170538.2860147208,5986175.4112873785
106516.67343150452,-1867966.1715554,248836.75644615293,-1512612.7416777425
136649.26165203005,-1503057.6712036133,44023.17862790078,-1322385.2309236825
-270189.19418387674,6067936.878596276,-227235.4880977124,5570512.196314687
330029.03120248765,-7243262.396178037,99259.9190781787,-6813973.445897371
115083.285409512,-15195543.511533827,29510.198239915073,-15050950.0278844
491341.2809190657,9688893.462760597,659581.4561056942,10839816.199785357
34344.90418234095,9835967.229671478,-367195.3085876778,9503116.825266141
160478.6168027781,-11634147.254601538,-324259.5860892385,-11797928.223887999
25246.18137749657,-12928547.941206396,-8745.910661540926,-12912047.67049044
-4424.7387813758105,8701549.685500473,-118348.2611264512,8578776.685592646
-54636.9699236732,-7599838.987957329,-325543.52302616835,-7980019.48090717
-205716.4682262987,-4830585.178253204,-268532.20263493806,-5304833.84911444
268981.87608700246,-10094679.6651254,205759.48297542334,-9619938.306062974
3118.76866196841,-3392920.4806464612,219633.3029685095,-3170168.4090159833
-154379.2132195346,-18085538.390879095,-25642.243332728744,-18265559.847431358
242427.85942924768,692321.4060925245,-42943.117523789406,891806.1479979828
7851.358340086415,-24156.222913503647,334436.69309157133,318131.8285181541
-347537.61121499166,9760020.22511512,-287952.25021354854,9124530.36368658
-165702.4852380585,13357195.69936645,126633.50410634279,13318126.718234735
-71902.52020082623,-1041947.9143821001,13945.26813376695,-1099905.1664491594
-117084.8262964841,15189946.499586582,-123155.49268503487,14949706.180605063
-336807.3061469905,-7689650.378922045,-19132.44193291664,-8045590.127001952
9921.796830942854,618067.703751862,185245.52576467395,813235.0263474789
-228675.60405512527,-6225791.30522418,-407820.1479986906,-6862287.057277996
223224.82584546506,8894792.345716774,146178.88190217316,9264196.053464413
377970.3155402187,7776952.206174135,469110.511732392,8624033.033446746
62197.660371752456,413252.45771092176,-251214.62056314945,224235.49751952477
154941.7501097042,12251566.852868795,-222560.23403322697,12183948.368945273
466582.9198848028,-1014127.643128097,63483.75140944868,-484060.9718338456
113255.77594224364,-1482046.4540883303,-55238.20390947163,-1424028.8820555583
-73885.49381390028,-1308118.2025911808,-251933.88158277422,-1633937.5779878553
70278.53028682247,-1347133.940658033,253601.56812611222,-1023253.8422450982
-76947.26565472037,18166809.279916942,-124127.85403680056,17965734.16022542
-123646.71258025803,12375503.921879113,-111138.9626197666,12140718.246679088
-376786.7048126813,14655308.959543765,-374456.39205405116,13904065.862677032
37593.87631802447,8644875.993315697,-460910.98236323893,8221558.887270482
-137179.11111275293,-2852259.9760031104,-7678.514171227813,-2997117.601287091
-153288.71724085324,12725575.19708842,190981.20300421864,12763267.682851786
-697949.8515148424,-12871211.22829929,-696712.2047606409,-14265873.284574773
-33168.932035211474,15230130.09858805,-378153.14267461,14818808.023878228
43661.803988540545,11186850.099963188,186591.54179663956,11417103.445748368
118224.28472517058,14938862.588642657,127347.23311507702,15184434.106482904
-37588.208764901385,-10419850.755171537,-3578.868908509612,-10461017.832844948
170798.60026643425,-13466180.848710567,221013.65844606608,-13074368.589998066
168083.56469574943,-3195061.3841318786,-30900.54925081879,-3057878.368686948
-159443.781693846,-5252566.378989488,336803.2122513056,-5075206.948432028
-193968.45756531134,-16871635.610333383,176055.14897547662,-16889548.918923218
71520.13885190152,22354629.987015426,-223188.2374720499,22202961.88839528
100624.42155558616,-1123617.7064567804,-205065.26860336214,-1228058.5535045564
-151518.1348556783,11718245.007865757,53040.674758434296,11619767.547768513
409589.9841563497,7462348.830919504,-233814.7868224606,7638124.028253393
362183.18500483036,80786.35938054323,139578.7199228555,582548.2643082291
-237511.5597763583,-16842819.95768529,-102292.72183611989,-17182624.23929777
599839.8029332273,-5186056.601779401,688160.894603245,-3898055.904242929
-85460.46074148081,4040824.7147054076,-166648.43774703145,3788715.8162168954
138002.9695276022,6774706.901538551,-393585.8622835502,6519124.008782603
-43717.13136858307,11805561.133360565,-159718.0378041491,11602125.964187833
-79469.5503831897,-3547925.316604376,-94275.69102209806,-3721670.5580096636
211194.47543490864,-14738418.896438211,440762.6654115021,-14086461.7555918
-261466.95463590324,-727040.664221108,97201.02742167562,-891306.5914353356
225575.41383645684,11472576.792061359,-156979.81165597588,11541172.39424184
-4999.244884304702,1468034.2050693035,-33371.262053363025,1429663.6981316358
-158272.98801515624,-15037138.352798462,497161.8880405724,-14698249.452773046
97990.3999684304,-3245981.3957650065,-133574.95544099808,-3281565.951237574
341344.4957375191,12468154.446661025,-78757.21786007285,12730741.724538472
-50830.28449312411,-7689697.208638996,67958.91712026298,-7672568.576011857
45816.256319098175,-25497284.094893217,310178.71855852753,-25141289.12001559
238664.34853877686,-11197942.679626644,506026.1530344188,-10453252.178053448
88658.91315410659,-24546668.12403184,-119037.19658663869,-24577046.407464374
350438.17833389156,-16160202.957836151,-204316.378570728,-16014081.158072988
-307632.5521019753,9411391.071525574,-539912.6003528759,8563845.919070723
135303.6726435311,1723307.167122662,381135.2013969645,2239746.0411631577
-82686.10917557776,-2949348.982973993,-56606.918915227056,-3088642.0110647976
40298.53024476394,-1708347.7217728198,164583.35059139878,-1503465.840936657
466366.1648506839,30480786.287498176,48752.62361872941,30995905.075967588
120629.90959191695,24381488.623689473,-135816.78271333128,24366301.75056806
-418356.2217269726,-4320664.050587028,40400.9915451929,-4698619.280768808
-179787.51838890836,-5045437.443236709,-60917.17284416407,-5286142.134469781
-163314.3521920927,17469973.447601616,-72620.95167182386,17234038.1437377
468349.80359522067,7082260.715417147,324300.83058733493,7874911.349599702
78007.93100837432,7325516.260319352,-215870.86783812195,7187653.3234896045
-189806.39039497636,-10351377.43954283,-399551.81470487267,-10940735.644642679
-9110.611966891214,37614124.13377309,-510102.63384495676,37094910.88796124
59600.7168234624,16538630.660186589,-248671.40591602027,16349559.97109403
38781.12953482941,-7736677.568590283,-50868.03611756861,-7748764.475173023
20659.444607626647,-25799881.813163936,275947.7853327617,-25503274.583223548
-8859.325528487563,-18854138.864251614,166386.59940376878,-18696611.590376332
188486.97422004864,5505300.453906894,385326.4657599032,6079113.893886846
-52718.442534480244,24101274.709760666,-145615.63355733454,23902940.63366885
-172810.1910029538,-14844108.583106995,387894.8640306145,-14629023.910079334
94556.75263309106,-9846085.748200476,-146826.59352694452,-9898355.58909433
136294.67577289417,6798765.314988315,268122.56322160363,7203182.553982813
-388304.88202996925,-10810734.666232646,41611.65152207762,-11157427.896740537
6802.714222950861,-12799337.229958117,381335.5595865771,-12411198.956148589
-50160.21893229894,8781027.130280375,140593.70887601376,8871460.62022409
-542905.3509200513,3630086.6519851685,-453598.98795069754,2633582.3131144196
316784.4392888043,-164746.9632641673,201057.99116276205,353095.46718739904
-45417.98033920303,-12107247.219961524,-265771.67375638336,-12418436.87405711
-74555.85239875689,-11420981.785079718,-5228.733028031886,-11500766.370506506
-294290.08414438367,11885400.392172486,-444106.77044181526,11147003.537586287
205053.19399526902,-8979114.03707391,72374.08835017681,-8701686.754728464
404343.19161113724,-2355074.9752462506,381535.0264734477,-1569196.7571616657
-212412.663476374,29100695.76668182,-609910.7286087573,28278372.37459669
448511.55174756236,6199985.467268556,260028.99177052826,6908526.010786647
221611.9697478097,-869846.4515054822,192754.99114058912,-455479.4906170834
72334.85073965974,-9393903.380704403,-34731.8502535522,-9356300.380218295
498644.2808527518,17548889.73851317,338651.1996024847,18386185.218968406
320805.61351334304,30863604.906024337,-296943.82615380734,30887466.693383873
-84195.41003052518,3798695.0780973434,-187239.27506661415,3527260.393000204
-142014.57109886408,4586785.737142801,-623368.3176322877,3821402.8484116495
144596.88678653166,11348993.399627268,-218019.47762313485,11275570.808790665
142622.16032065824,6684880.153778076,719811.2419545725,7547313.556053307
224425.7587469872,5765857.192957431,73780.39593054354,6064063.347634962
289759.70442176424,10480758.895651162,-1533.051552310586,10768985.548520615
198576.56713784114,2484140.8080228865,323292.6061970815,3006009.981357809
100248.34018186852,-19969416.089857876,391498.0927672908,-19477669.656908717
-294461.7696751598,-10688036.412454724,-180954.7745839134,-11163452.956713798
241253.0006395541,-10230658.417971343,49016.06174251437,-9940389.355589274
-30447.427169814706,-6044397.503071606,36375.000554703176,-6038469.929686718
67052.33235890046,-1118925.620521903,-55348.391437508166,-1107221.6796005107
202933.60736698285,-8280848.5940288305,60626.63860304654,-8017288.348058801
-52433.55435574055,-5893318.759088069,153793.02154953778,-5791959.291894272
57665.651975639164,-5914167.781881452,-227176.61370560527,-6083678.743611418
238862.06141827442,12513905.848858505,41323.440736070275,12794091.35101285
218989.09067745693,21598642.466868937,111011.41728623211,21928642.974832624
63117.25085282326,-23508769.845182955,306247.8071358353,-23139404.787194297
-40263.769958088174,4581192.277382672,853287.4175857306,5394215.925010314
115608.083868552,12249560.290703177,119396.18023991585,12484564.554811645
263561.6837399695,-10969356.93385017,287932.2173289284,-10417863.032781271
-88283.64770469442,-19108536.71454239,178837.93276209384,-19017982.42948499
-121132.50123148784,5021645.487722099,75993.85292019695,4976506.839410808
-216774.39655067027,-3187626.2635055184,-479035.1709392145,-3883435.830995403
-150862.84947855026,-7369782.825135767,-23713.54185515642,-7544359.216469474
-25992.165190864354,18013749.723158836,-167781.792799823,17819975.76516815
37557.99759564921,-1409929.0916404724,-360434.1822986528,-1732805.276343476
411710.27185803466,-12985885.137353659,393262.1282259971,-12180912.737269627
-19800.277686705813,-6186797.480127245,332641.73212035,-5873956.025693601
-144964.0583930444,-3129945.666219771,278309.873531878,-2996599.8510809373
-130891.11752537265,-1341304.7376147509,419793.9903873801,-1052401.8647527434
-6757.730678029358,-12127799.452869475,-140078.96526623517,-12274636.14881374
-269944.1248044986,-7164894.900534749,114170.93734674901,-7320668.087992499
-44966.94095701724,-1480403.4614408314,260102.88619548082,-1265267.5162023678
343515.6744423099,-817293.4498962164,-328131.0283103883,-801908.8037642948
122160.26598210819,-1870081.9806485772,-40340.83563708514,-1788262.5503035542
39499.074357559904,-7217568.124278784,-39578.772699035704,-7217647.82262026
-132968.96149139665,-4314932.87625432,-365463.4097561091,-4813365.247501826
213285.9366963189,5526115.648420364,481877.22465090454,6221278.809767587
-333260.5100287907,-24193.492277234793,-134744.14997121692,-492198.1522772424
-57696.66270416044,44603612.943941295,53612.596314802766,44599528.877551936
-301082.79756516404,-2130773.2209000587,-337025.8797191456,-2768881.8981843684
-358136.46467511915,-3612094.7899341583,-86547.0932296589,-4056778.3478389364
-164239.24363442883,3034440.937410295,-9495.788977250457,2860705.9047986157
-65599.1406184528,29578219.553134203,501211.5564253926,30013831.968941145
-218892.35109915584,6285140.1250786185,-327855.46693351865,5738392.307045944
-350386.2461933233,-3995823.9813399613,-405694.09796483815,-4751904.325498123
72356.92407290451,13597431.385873318,-237392.66951946914,13432395.640426753
243950.64762649126,-13807048.706485838,-178742.06903587282,-13741840.12789522
-322120.1876569558,-5585730.586158812,103490.66438899934,-5804360.1094267685
-86520.11229052395,36378093.72462782,26917.051063761115,36318490.66340106
53975.824818076566,9123827.325780183,219591.05085392296,9397394.201452183
288652.29248253256,16308828.21435976,306078.8214515224,16903559.328293815
385267.82202530466,587947.1614730358,363570.41461618245,1336785.398114523
361330.84973764047,-10676772.891735494,280507.0940371156,-10034934.947960738
209119.66007813998,17116143.28127891,-47618.52156022191,17277644.419796824
-166552.2705393955,15051385.900719613,-521400.5033348575,14363433.12684536
-315081.7194374986,-4856973.291723281,404305.9161297083,-4767749.095031071
208845.20641352423,-15246913.71977216,-302031.47946949303,-15340099.992828129
59287.17333157174,20115867.896323174,-328680.7954936549,19846474.274161093
204222.51710521616,-2540684.6840289235,-76786.72210858017,-2413248.8890322875
-246233.6092747599,-5661427.772144258,-331176.08054896444,-6238837.461967982
369224.8816218693,-14738157.559071183,-7078.133609220386,-14376010.811058534
200159.9020714946,5403834.000459731,136587.557833381,5740581.460364606
252059.72806460038,-5375133.7724068165,411802.9433288127,-4711271.101013403
96267.733829448,24052594.040721357,-254060.31858804822,23894801.455962755
-122265.66089539975,7639035.605319887,66264.28715901077,7583034.231583498
-111196.15098682046,-1643141.3705684543,315625.5555480644,-1438711.9660072103
17216.92761066556,-19788132.25396645,-126189.31548956037,-19897104.641845345
-129741.71342193522,-2970972.4301922917,-456859.7420433983,-3557573.8856576253
16998.361677257344,-17876646.559781194,-245559.26943919808,-18105207.467543133
-49848.20390537381,12479741.148046076,-155874.35382009298,12274018.59032061
132202.5691104848,-4614272.401938528,101232.04700989276,-4380837.78581815
-250704.93724909425,-13179526.005673945,-351257.30447666347,-13781488.247399703
209365.22823822312,2338788.855187118,355892.9599114582,2904047.0433367994
-68728.94394168258,-1259390.0392187834,61158.81025029719,-1266960.1729101688
-210299.45132097974,23088645.884114563,-322474.31405168027,22555872.118741903
167835.00696456432,-11167693.220061123,18188.744806304574,-10981669.468290254
-335957.797487,-16192465.854530334,-624865.5617967173,-17153289.21381405
339504.61140308157,33849417.415675044,108606.00324164331,34297528.030319765
290537.3915439956,-1056288.4154503345,-128739.46546296775,-894490.4893693067
235131.42910307646,-4769116.69239679,731348.4571680576,-3802636.806125656
-4839.803147599101,-7503380.966671377,-64344.596972584724,-7572565.366791561
75053.95006027631,-3317624.94826141,305794.7901513651,-2936776.2080497686
-70715.819732517,-21386984.782196224,196997.8973262459,-21260702.704602495
-120236.14608487487,9005316.441953868,-245836.27135434002,8639244.024514653
-54876.16194541007,-1707829.2719411254,-251871.11592827737,-2014576.5498148128
11006.718625245616,1527705.075015664,118305.56690330803,1657017.3605442178
166953.6224573627,5058716.973843396,-17843.73235089332,5207826.863949865
-266214.2180444561,-18988917.234670877,222936.43821665645,-19032195.014498677
-487454.5587576125,9055903.103107989,93287.30603635311,8661735.85038673
-123662.53767115064,-9067670.265211582,-274143.2052614987,-9465476.008144232
-248370.82048660517,-7982863.989890695,-17380.6185297966,-8248615.428907096
9258.297930877656,10157655.20718366,65413.59212556481,10232327.097240102
118691.273964867,-2566274.4203062654,41844.36196677387,-2405738.7843746245
-37145.2840877939,-53652.08828139305,14889.954801999032,-75907.41756718792
-229848.22640451416,2327589.94840616,-207370.05264610052,1890371.6693555452
-171571.3830165919,-788522.1652541459,196786.21449813992,-763307.3337725978
-388137.73887109756,-3523373.213514775,-400411.00451618433,-4311921.956902057
498016.66066809744,7677784.805377305,168287.75047817826,8344089.21652358
-83448.03639891371,5286050.169937938,109071.3397044316,5311673.473243456
-109883.89646157436,7237996.347338915,267477.70594508946,7395590.15682243
68868.54848709144,7101403.272881448,-647636.230159305,6522635.591209235
-498975.88652509823,8650293.9109025,-354272.6333293244,7797045.3910480775
118065.21546787769,4514146.2100714445,256679.43099086732,4888890.8565301895
-30381.2449746076,-2797811.7761033773,797481.8564967811,-2030711.1645812038
-192764.06829874404,6312245.315197706,-215984.79064443707,5903496.456254525
-315784.5411715228,-18123523.602933824,-617125.095948793,-19056433.240054138
53241.59303700365,-3778576.576126933,-35209.01008102298,-3760543.9931709524
-191999.70869973488,-10984334.691504776,-40274.82020004094,-11216609.220404552
81849.57103012502,-10611279.53555119,-15826.65569049865,-10545256.620211564
131270.9207706116,6223533.20760268,-234509.63936138153,6120294.48901191
44493.539197176695,-4050058.3876564205,-333265.0919027552,-4338829.940361999
470914.40416445956,20206630.10204211,156907.9821766764,20834452.488383245
213029.7791415956,18828177.088065058,20026.01994563639,19061232.88715229
129243.74248520844,-11012238.783082604,480122.7099428177,-10402872.330654578
-410734.4898605272,3216953.7112414837,-318570.5227636248,2487648.6986173317
95263.17923565395,-12837738.658554852,40924.63202723861,-12701550.84729196
227463.56782928295,5627362.5451645255,-100752.1015317589,5754074.01146205
-90803.4423864074,-13274332.92225328,-18384.51671744883,-13383520.881357137
169302.3969494924,372335.3431197405,637454.9152115062,1179092.655280739
132045.00743713416,3205324.9138045907,145159.3860047832,3482529.307246508
-208439.30362275802,1506589.2264087796,-150982.59069544077,1147167.3320905808
-159393.5869546365,-11089166.688275099,-267191.3728335053,-11515751.64806324
90432.77841587923,3886747.5017200112,480390.4224290326,4457570.702564923
135408.98626722582,4576091.273859054,153701.98023303598,4865202.240359316
235124.17541470006,-2338887.965499282,-241359.40587741137,-2345123.195961993
280581.83389621787,9581056.809516788,-97425.17307831347,9764213.470334692
17217.47500966303,-2148607.137297243,217111.85300976038,-1914277.8092778195
-305398.3475133646,-4934396.906827867,24874.122010432184,-5214921.1323307995
214593.1224062927,27683470.95168364,71746.10301835835,27969810.17710829
445909.34406165406,4753485.515957236,162460.23022902012,5361855.0902479105
20156.20061856322,5460009.444947332,-136698.3003280759,5343467.3452378195
-91484.26911432296,-1541531.4327821136,117732.63505665213,-1515283.0668397844
10750.372552266344,846745.16741395,-40343.2850497514,817152.2549164649
-121164.40952743217,-8421137.580204844,-293692.78286316246,-8835994.77259544
34404.936733234674,5010362.295577884,320112.48637928814,5364879.7186904065
-64679.81973103993,8065586.378190637,-162289.38865198195,7838617.169807615
205673.9782348927,1601560.6793412566,69127.63437139988,1876362.2919475492
-292318.2309364788,-2064555.4466531873,-408938.95235914737,-2765812.6299488135
15025.727650925517,14502606.164345682,649248.077119261,15166879.969115868
-289875.5633533187,25827521.05299577,-11919.45694629103,25525726.03269616
-67000.77472616173,14814182.479702353,-197728.7872538343,14549452.917722357
480790.04418342374,10257802.522265136,736924.3072617128,11475516.873710273
481810.78147499263,13482029.109443903,269194.8530471623,14233034.743966058
-73432.43466684222,-13387594.597855449,-323615.0234666988,-13784642.05598899
-6962.196297768503,10196237.641981155,-222802.9438053295,9966472.501878057
238339.34668885916,1507554.212319851,168540.99453710765,1914434.5535458177
115769.57466830313,11603721.21328795,-242069.17641218752,11477421.611544065
-57151.07448318042,-20237888.08088225,375151.0613610074,-19919888.094004422
51672.919863369316,-15194383.156494856,-187096.98609511554,-15329807.222726602
66373.23056700826,-11478856.93038857,-269990.6123648286,-11682474.31218639
-220824.3782119248,-5489938.59367609,-50688.43725656718,-5761451.409144582
-168703.66497753933,22835471.951617777,106170.14217498153,22772938.42881522
395376.16532204114,5249731.357164204,-74140.19204592705,5570967.330440318
129430.08155048266,-14863848.979543239,-323090.85787168145,-15057509.755864438
106366.67473865114,-174415.1676377058,330270.945997715,262222.45309866033
-84806.28195640072,11879830.458301306,378357.79744543135,12173381.973790336
330761.0718787089,-15566893.69034642,269556.9193955213,-14966575.69907219
61798.59594855271,12589572.358379483,-107936.94549713284,12543434.008830903
268553.1238991972,3979547.827650726,454731.7256767601,4702832.677226683
57281.5349664744,13754882.225843847,409805.5852532983,14221969.34606362
-324596.583635984,-1927539.4021089673,9098.267008453608,-2243037.7187364977
150631.8374731075,4461179.61523658,130228.3161932975,4742039.768902985
-120850.64365894161,-4670294.458435655,4869.6704968214035,-4786275.431597775
69429.96619133651,7507995.740813494,139863.21097432822,7717288.917979158
-238657.1194371786,-1274458.8736960292,-86849.53386852145,-1599965.5270017292
89432.43913306668,-8691586.911322623,-409073.29648147523,-9011227.768671032
175175.79896856472,-3693529.3403812647,404775.39938761294,-3113578.142025087
90978.57903444767,-9256642.493524492,-57693.40369673073,-9223357.318186775
-141754.55843897723,-8025678.820244312,497902.5368491262,-7669530.841834163
321896.8608691767,3246432.9381837547,34736.07488441467,3603065.873937346
858946.3612872064,10106243.935695052,559199.9706538469,11524390.267636105
-38802.99517276697,11411221.830146492,653701.5759726688,12026120.410946393
-139416.72078237496,27716998.6379807,-63585.2292733565,27513996.687924966
-29281.646513540298,-1962952.8710118234,-393136.10217357427,-2385370.619698938
-219129.49321741238,3378832.359927118,-272921.8953426257,2886780.9713670798
377208.3767358549,1268935.3169414997,218260.29908718914,1864403.9927645437
142859.54541873746,-9146135.814252555,339258.92054913193,-8664017.348284686
-238806.68905195408,4985658.312110186,-431927.31404817104,4314924.3090100605
-235558.03412366658,-3362868.788587749,-132417.1398376003,-3730843.962549016
-60181.86956720054,10485066.763178587,443322.3502222523,10868207.243833639
7904.318517029285,-6486192.755729437,-34491.93715322763,-6512780.374365635
-350825.4574170355,17924109.100970924,-283212.988951385,17290070.654602505
-308372.30747049674,-42134.52524393797,-96363.40119364858,-446870.2339080833
204655.24051102623,29387849.36728984,2963.8051771968603,29595468.412978064
34165.69423321821,-4612038.17705816,-112289.85203623027,-4690162.334861172
264228.1707854327,-11596439.264624774,195741.48205599934,-11136469.611783342
-262220.8041020017,14654538.924781114,-98868.44834760576,14293449.672331506
479019.8896097541,-4111797.352207601,144780.33068533242,-3487997.1319125146
-99832.22525963746,-2278496.36465317,-73315.60991594195,-2451644.1998287495
-140666.63852799125,-14763620.952930689,-222118.5590635389,-15126406.150522219
-304083.0671301279,6448.799164772034,-199121.38918878883,-496755.6571541447
-26653.542586406693,-17679107.764373094,-12554.025930009782,-17718315.332889512
68175.28330368362,3735666.409435332,502550.4236969352,4306392.116435951
34420.25839399733,-4339999.443986535,-38543.460699245334,-4344122.646291783
-84373.7944672592,-17839542.17017877,-215351.2621186152,-18139267.226764645
-215978.77910786495,-3567694.870857477,-141250.0402333364,-3924923.6901986785
346080.80330628343,-5488088.024869561,424915.2618566081,-4717091.95970667
-450314.45559133403,3165198.5526115596,-160035.79584491253,2554848.301175313
329426.3056436889,-14038804.70868206,364420.54173097014,-13344957.861307401
-256068.23775092512,2571045.6369202137,-148905.46337681264,2166071.935792476
-114621.82868223265,-9016067.7723881,-125923.34689299762,-9256612.94796333
301235.24778624624,-9934429.738774955,498388.22835460305,-9134806.262634106
57810.705451734364,13284579.675759614,90373.73055329174,13432764.11176464
-384650.5055527501,-22920474.09982997,174391.8442299664,-23130732.761152755
29419.275976361707,6587720.394198358,93761.06432399899,6710900.734498719
102763.71084329672,12277218.519509465,-366047.8701440394,12013934.360208722
-24644.306061524898,-5144025.370115221,279281.1495317966,-4889388.526644949
-76662.92697332613,-3761630.8007377684,123325.07457899302,-3714968.6531321015
182481.1245731637,-24934021.31047678,496638.0610795021,-24254902.124824114
-235413.43311374635,-8292422.871800005,-308266.72820302844,-8836103.03311678
373325.56564774737,-7408197.008043677,302764.5156036988,-6732106.92679223
-232768.13472531736,3217081.9778663516,-111974.97636896372,2872338.8667720705
-72409.51352896355,-13807538.82460779,122634.22632659227,-13757314.11181016
-26236.218163769692,-16017329.998525143,-215563.85543564707,-16259130.07212456
245989.19427235238,-5636366.533314943,539854.2192899436,-4850523.119752647
497418.806989925,9308931.910570294,184911.13801789284,9991261.855578111
-273022.3417550251,-8699423.001776159,-232888.20978210866,-9205333.553313293
-337427.7920234259,-4088649.217011869,-36683.74270515144,-4462760.751740446
-67173.03720155358,-9378556.187158525,242727.39963170886,-9203001.82472837
-553889.0540508758,17545847.05196798,-799848.0501460731,16192109.947771028
-118692.76485433057,13691442.687525988,514976.0192838013,14087725.941955458
-13708.06228162907,10252350.84920746,719916.1030586511,10958558.889984483
-351776.18262613565,10593624.937155575,-418077.6007102728,9823771.153819166
-364763.38076611236,-17130548.178035855,-153151.73480315506,-17648463.293605123
132420.55992260017,12471500.802609682,-57066.55122503638,12546854.811307246
-5167.27956834808,14711267.081054121,-3087.8091918304563,14703011.992293943
2891.237600358203,-449894.8568687439,-38490.015448994935,-485493.6347173806
-71025.84311860614,-10398309.906492233,-260661.6427790746,-10729997.392389914
19715.433046499267,-10472537.458389163,-79072.71906006336,-10531894.744402727
380853.2860470563,8844880.826761663,-311270.3235562965,8914463.789252423
-170620.65382347815,12791236.649632215,-134823.4406110868,12485792.55519765
-144190.80420564488,7819440.558351487,334629.38250733167,8009879.136653174
-53075.90745901503,411345.52212929726,349142.2321037054,707411.8467739876
220417.11178763025,10067660.693520308,138318.78522355855,10426396.590531496
-30304.77521697618,-16455789.330215633,338067.3695874065,-16148026.735845203
114305.43783617206,-16568808.689618856,41515.19515467435,-16412988.05662801
-394174.5495870281,3388433.44870311,270793.5854385942,3265052.4845546763
-245210.33910198696,-13632714.644511998,-105742.82681144774,-13983667.810425432
-151137.79087773152,5851611.021025121,-204197.18536257744,5496276.044784812
-43964.27284757234,585602.7033228278,271218.7439786196,812857.174453875
407244.3983451482,-7483664.223615825,268113.13438114524,-6808306.690889532
-13657.816638149321,3316696.727645993,-13041.706357941031,3289997.204649903
-214270.77774240263,-5068441.171182424,-190432.4185778126,-5473144.367502639
-95562.86445494369,7975069.93990916,135785.0159617141,8015292.091415931
-79135.99977367185,-5442276.864439517,-179029.7299169153,-5700442.594130104
-463231.3287735861,18645295.05372542,-396360.49250249565,17785703.232449338
59532.50096771866,11394302.303342074,-545624.3377924636,10908210.46651733
93447.29497107118,24186285.221523464,173216.93244280666,24452949.44893734
-397493.91428422555,-1735907.1866002083,109059.52409220487,-2024341.576792229
-35952.17931181006,19370110.662284255,175814.25663552433,19509972.739607967
149581.1242739074,7946401.789161205,22578.506193190813,8118561.4196283035
-216014.1135609746,-10994473.19309479,58935.25539731234,-11151552.051258452
218999.09666070715,4986702.935846686,89027.7116452679,5294729.744152661
189000.36912626587,-14783708.296731234,-176868.53878045827,-14771576.466385426
-57368.39032688737,-7453951.45370391,27810.284470930696,-7483509.559559867
389799.88525625505,-13585963.083570093,91472.43587507308,-13104690.762438765
-134090.48364867456,-3816090.4146063924,-163761.9882408753,-4113942.8864959422
237810.23274639435,7986438.652335882,-126713.0979551971,8097535.787127079
225351.68900469877,-7262444.568620682,379314.09147553146,-6657778.788140452
-378522.0014470555,18352587.368926376,-347309.31540771574,17626756.052071605
263176.16189871356,-4326753.318186849,-322994.9667343199,-4386572.123022456
11125.556950040162,-4430806.998898268,85430.73067492247,-4334250.711273305
-96564.88877506554,15414220.877099931,-3184.6346695050597,15314471.35365536
-37697.94188225083,-11675336.459246695,566421.880865857,-11146612.520263089
-107787.41495391726,6691289.0217164755,-40032.57463771105,6543469.032124847
-192577.31054975465,-9207884.765740365,-352789.63134463876,-9753251.707634758
-24024.704057252035,15628275.399938613,-105738.80161698163,15498511.89426438
-71553.20498442277,25694997.34799379,-3952.5565155148506,25619491.586493853
161160.7344978135,-9052518.83267939,-109466.99316871911,-9000825.091350297
4774.212314084172,-13544537.181125224,-482718.28401601315,-14022481.252827153
68597.12844445184,7302093.71270749,-49835.40897387266,7320855.432178069
-328675.99229368195,3913709.134207189,87449.12091048062,3672482.2628239878
-223227.32137073763,8065071.701801658,228034.18325777352,8069878.563688694
-157685.7657899335,-11393817.959362447,-232075.96019207686,-11783579.685344458
-88758.22044466622,6261762.857544303,-170563.0199122727,6002441.617187364
12950.030099213123,-10629200.78553313,-26189.975475370884,-10642440.730909288
-4194.207461681217,-16471275.387976617,-245321.3956260085,-16720790.991064306
-134460.77537376992,3691123.9855178595,-119576.73471495509,3437086.4754291344
-382844.98803643696,7350720.055237383,-461932.98849814385,6505942.078702802
135216.70489961468,13170569.861204803,-88157.63474152982,13217628.931362888
-359901.68739210255,30403674.00712332,-519950.5936251879,29523821.726106033
45111.9769176878,14240685.113321483,131577.13681111485,14417374.227050286
170247.24465080723,3208412.7324540913,179978.23966469616,3558638.2167695947
16674.402358351275,-15661917.112728596,-159787.50413585454,-15805030.214506099
2265.740456186235,-3181146.243494749,-428995.8159845695,-3607876.3190231323
240686.81369333342,3984308.528066069,224981.8602309674,4449977.20199037
642821.1728169061,13786516.407095939,136919.62406741083,14566257.203980256
304985.1679639146,7256599.053685695,519785.9960556701,8081370.21770528
117257.12304285169,1838927.0292690396,369508.0463626832,2325692.1986745745
-369261.9930151999,-6463105.281577587,-136310.56064405292,-6968677.83523684
-139872.34027663246,2070091.9130433798,-327567.3285847381,1602652.2441820092
-107454.18637523428,671322.6712130904,404234.38545536995,968102.8702932261
-211996.06462059915,-11101101.460799277,-2524.391915410757,-11315621.917335287
-281648.05195392296,23679487.101469874,-524147.7469830066,22873691.302532945
-144009.14087662846,2400974.5753981173,75863.53104332834,2332828.965564817
51232.55865521915,31260602.29456669,-317669.05853296816,30994165.79468894
-71290.49394542165,2110498.729911566,100025.80300723016,2139234.0389733743
-140139.47156449966,20599770.70781678,-4977.366972923279,20454653.869279355
-240960.1608794853,8698659.40051964,-202366.66701314598,8255332.572627008
100677.8230839707,22517042.597212106,-183159.6634627059,22434560.75683337
252105.1996670738,17054854.59652412,343788.8844539672,17650748.68064516
446751.1421706546,-11047511.79822117,237329.19138356298,-10363431.464666953
-64516.71344526298,-11821041.10525912,-216823.10610595345,-12102380.924810337
-153432.73951954022,1192291.759620905,-93621.47852666676,945237.5415746979
125072.2278197743,-15273698.37948054,205908.48041771352,-14942717.671243053
-16385.267590515316,-4481670.992293745,100261.82461062074,-4397794.43527364
-454421.99172890745,-4086917.021790564,14479.984482735395,-4526859.029036736
102480.67372319102,17576005.86195314,477813.5539322719,18156300.089608602
109874.68599724397,-12130848.842771947,389995.5691288337,-11630978.58764587
-383461.8555740919,-696541.1778509617,-174183.92335160822,-1254186.9567766618
324861.1934002228,21422466.916490436,793546.2911422998,22540874.40103296
-20154.80585509166,-14361433.515099049,121364.6247124821,-14260223.696241658
177037.2676773388,24235158.184058607,244969.4933118224,24657164.945047766
-235995.6124086026,-6745989.675819755,-433417.53562378883,-7415402.823852146
517045.8192218784,15829088.400212377,115202.65323840082,16461336.872672657
-160559.62796509825,4736907.355517238,-160528.23890661448,4415819.488645526
227064.51207231544,-11953891.040212035,451518.17345280945,-11275308.35468691
201736.9778309893,21058162.73056829,366449.8574702218,21626349.565869503
-25981.756489796564,22618442.62544763,506979.48579325527,23099440.354751088
-115785.1645477023,8764407.481439203,-224343.4761012122,8424278.840790289
-135957.87274300493,5413781.616112083,-8953.1802624017,5268870.563106677
-606108.7915523611,-8072934.216166794,-439719.62630057335,-9118762.634019729
-2854.2033463735133,-7863622.472124875,-255051.4471888095,-8121528.122660058
73165.48034643382,22847587.4885543,-149638.01694906503,22771114.951951668
136762.23347621225,-692271.2446813881,410926.94057518244,-144582.07062999345
-26631.791831180453,5167900.495094955,189127.63008970767,5330396.333353482
615719.5008863639,-15350015.063869536,447.09665013849735,-14733848.466333034
214232.88261860795,-19110902.251991987,14688.694916203618,-18881980.674457178
-21645.342992959544,20526317.09402606,-223013.28768450767,20281658.46334859
-176775.5392947346,15754721.842324406,-480668.0205342993,15097278.282495372
603476.5111426786,4939115.8395421505,417664.922217153,5960257.272901982
-133983.23121811822,5470372.837374985,18727.805325977504,5355117.4114828445
108251.15391027555,-7969567.679730326,-128192.93993017823,-7989509.465750229
309572.0075543709,1219745.8686714768,-267051.0063016787,1262266.869924169
337299.9425958246,-11046722.963985652,277318.947783716,-10432104.073606111
-332283.6534828413,12115277.06347394,-161622.582294181,11621370.827696918
96233.34435791709,-11139882.468403518,298941.98462641984,-10744707.139419181
270467.56631844677,3632027.005598575,-139870.60529358685,3762623.966623435
67168.96334791556,11800249.629979968,67680.24885129929,11935098.842179183
-37480.91623724252,-616767.2240203321,136316.44749329984,-517931.6927642748
-245395.9343828857,-15448150.354414254,-43455.66326524317,-15737001.952062383
-224416.40635543875,-1761057.979296565,-69749.08942219615,-2055223.4750742
111262.66175678745,-19680800.585115343,-206437.20430067927,-19775975.127659235
-122102.69486663118,-17611446.055477977,-213314.9624955356,-17946863.712840144
-78080.1159949489,101242.56389811635,-38206.84752316028,-15044.399619992822
57176.35572614148,-4611668.551027596,145128.80409619212,-4409363.391205262
107525.76069714874,2970891.811728984,36963.235679998994,3115380.808106132
181883.898919696,-14008596.486522079,-380050.27520319074,-14206762.862805573
42045.159112999216,-3004.489158332348,-95596.01879387349,-56555.34883920662
142316.53059615009,20402385.87580374,119082.94573155046,20663785.35213144
-108667.6081243176,-479623.0297290683,139498.02749823034,-448792.61035515554
-275292.4791220147,18441249.217436314,-247682.3945756182,17918274.343738683
-221941.65540359914,-9870085.689196765,-536770.1890839338,-10628797.533684298
-6825.191697064787,22709318.514015526,255585.09787848592,22958078.420196947
-127701.2521532476,-5314401.851102084,-253002.32194895297,-5695105.4252042845
-54035.94273026846,6394361.105284035,-458547.508006528,5881777.654547239
205431.51875925995,-6248709.86768651,157122.70130367577,-5886155.647623574
-108594.03313943185,-5175852.180604637,-89413.28305701911,-5373859.496801088
461730.5330932643,4297858.087750882,-255.43918975442648,4759333.181654392
188724.32984473556,-17913480.57983747,-457737.60855057836,-18182493.858543314
620857.6333139259,-13646802.659808159,-408899.8563712165,-13434844.88286545
207613.72168197483,13605641.749983728,226211.2336140722,14039466.705279775
143882.29536200874,6659357.679574609,-229026.09767185152,6574213.877264766
-257344.29212224483,-4335340.44852221,-114945.90688918531,-4707630.64753364
-80434.23950863816,9819925.141144872,-104682.18936933577,9634808.712266898
20315.202034872025,-17253641.020402282,234832.6674784124,-16998493.150888998
-56864.05263209529,-3720606.3988584876,281852.2212382406,-3495618.2302523423
87911.40753906406,-7836871.602299064,-25801.895096555352,-7774762.089856556
-413475.29269867204,-12878120.652019322,198679.75982356817,-13092916.184894426
153712.95577634312,3965464.8375460505,14305.617228448391,4133483.410550842
39488.23026184924,10082973.745636612,109531.71414869279,10231993.690047154
-21557.609038379043,8138030.702465504,108790.81379651278,8225263.907223638
141095.57693132572,7165172.444671094,160291.3704471588,7466559.392049579
190517.26145324484,60993.207571834326,294219.62153172493,545730.0905568041
280676.4296283033,17427351.53363484,565254.074300468,18273282.037563615
-136754.60330048203,-9936634.251294017,-403493.13863398135,-10476881.99322848
-9083.530454514548,-4551622.896927297,63172.39243672043,-4497534.034945091
342702.4767942205,-24302716.53475684,55484.627986997366,-23904529.42997562
-104266.8894624412,19154002.05120963,-39460.554912254214,19010274.606834933
121046.14132605866,-11752924.345178723,191384.88756800443,-11440493.31628466
-104009.403041251,8448105.921232969,292806.27847085893,8636902.796662576
113713.09397198074,-1136798.0077025294,177276.0031242445,-845808.9106063042
305852.1830678154,5298015.794205844,254743.4829730466,5858611.460246706
-298312.4567912724,10415625.547020674,-78348.50770126283,10038964.582528139
-73496.8964700792,-7374144.10108757,-38304.10478121042,-7485945.10233886
208982.6394402571,1765601.8908284903,11346.157114602625,1985930.68738335
173215.33535221778,-10787970.466932058,-333331.19167847186,-10948086.323258312
445088.1722696498,9609127.16100049,202158.02618306875,10256373.359453209
-193865.5633289218,17646672.9764719,-324311.34191320837,17128496.07122977
-195934.33475539647,1278722.246406436,-378968.7392203808,703819.1724306587
-207329.3392575942,-11634024.18832624,104301.1204027161,-11737052.407181118
191177.92363451794,23396903.441017658,-274930.0683280751,23313151.2963241
228088.09840674698,6379207.695766896,-60835.43361617625,6546460.360557467
-142316.77273747697,-5377133.179958314,397315.59505981207,-5122134.357635979
67412.33676946536,7453804.628521681,-490632.6614077687,7030584.303883377
-161690.34211872332,32770074.199992806,96657.92750108242,32705041.785375163
-85956.69772526808,-1893658.8424435854,101128.22527433932,-1878487.3148945142
94327.24377251975,-276151.7727806866,-18478.25535953045,-200302.7843676973
-80724.39007132128,8495907.43425548,-39106.653547130525,8376076.390637029
-314985.66625925526,11726887.192293167,266142.8289190382,11678044.35495295
-313170.46027995273,41441478.31529099,-150689.27610854805,40977618.57890248
-226878.20866654627,-22694470.795781553,-174827.4152904749,-23096176.419738576
446005.0346762091,-15903331.14571482,-39327.26164112985,-15496653.37267974
-126327.47651875578,-6735649.208367348,320513.24098934233,-6541463.443896761
-221419.35852838308,1056717.89350003,-405659.45634097606,429639.0786306709
208097.48241350055,1533161.0117266476,-416461.26374366134,1324797.2303964868
-164826.31751526333,880591.0093928277,-49658.75411532819,666105.9377622362
-202594.45008247904,-13282040.184561253,-20566.539359539747,-13505201.174003271
-9206.656220441684,14001375.427985787,132626.57947923243,14124795.351244578
-50452.36280321516,-6627814.550721049,-183309.22337320447,-6861576.136897469
-288483.90338296816,13131307.70752126,-67346.26845546067,12775477.535682831
-137390.32648599148,-21376539.05350128,-137847.55114006996,-21651776.93112734
-32605.707603931427,26421324.045642346,488466.03144030273,26877184.369478717
-257188.10846665874,-1789795.2047055364,-469246.2524532303,-2516229.5656254254
-14665.855502776802,-1303554.0344730616,-84520.29959731549,-1402740.1895731539
11117.753998460248,-7778462.125979543,333005.40125887096,-7434338.9707222115
-290674.95341283083,17371414.443208665,-828593.9558928236,16252145.53390301
179792.38502758928,7000898.109463453,323349.22472595423,7504039.719216997
-122899.62482011877,-2473359.6530349255,-444883.4176336527,-3041142.695488697
151.62617431394756,-7986183.264415264,199458.04541157186,-7786573.592829378
-160681.5888485238,1591547.642863512,-457165.8453389555,973700.2086760327
25553.790100885555,-5917846.009183526,468058.9478981942,-5424233.271184446
-251348.96389639564,21193046.64532113,-239092.62030939758,20702605.06111534
-140667.3287719991,2189965.476816207,386155.2907047793,2435453.4387489874
-323707.9423219655,4719376.26935178,-261088.7341727838,4134579.592857031
25050.26366182603,3577754.874396503,404927.73117972165,4007732.8692380507
46307.614486560225,-3456329.8216117024,-58991.34787996858,-3469013.555005111
148125.86980811507,-3541484.399913311,558539.2324360013,-2834819.2976691946
56720.96995883249,13248537.350272,-5096.126400269568,13300162.193830563
171810.83105760068,-2472720.8315045834,359702.5600580126,-1941207.44038897
76905.76482542232,21553594.834442317,-389804.3809199184,21240696.21834782
58359.76868562773,-13628678.04002446,258389.10367514938,-13311929.167663682
289487.8158710506,-124023.41324090958,3787.3460851460695,169251.74871528707
-432624.80933358707,4968556.403968275,-117216.88344240934,4418714.711192278
209377.23837419786,224320.03273677826,334120.9890091717,767818.2601201478
135806.9496469479,-6616610.771639198,217309.2042614296,-6263494.617730821
176559.6882827785,5729448.020243883,518142.98901081085,6424150.6975374725
-26934.682937433943,-4950753.857807636,-211085.19075807184,-5188773.731503142
-174555.47709530033,-2721198.4087967277,-402587.92577441037,-3298341.8116664384
163005.25336461328,-9056398.666680694,306180.63589241356,-8587212.777423667
-287291.7758810073,-1505321.7238202393,-157495.89568534493,-1950109.3953865916
-367716.61487160437,-3346835.030614823,-269953.41791404784,-3984505.0634004753
-231952.0276937466,195359.92797249556,188065.6310241595,151473.53130290844
-35128.03893652186,9983823.049512237,-63912.08765762299,9884782.922918092
32854.21383012831,-218605.15385577083,-33185.725122615695,-218936.6651482582
-157377.97392295673,-21023834.001282513,-653203.8413277045,-21834415.816533174
30669.73468607478,4848613.165879011,-232968.65053325891,4646314.250031827
221264.25981399603,1006554.5136243105,109223.92294289917,1337042.6963812057
18706.969506572932,-6626601.669424772,73369.6935763359,-6534525.006341863
-191581.43511186354,-7306453.7145474255,207086.28972902894,-7290948.85993026
-261101.3290574532,-3453211.629900962,-357536.0849848464,-4071849.0439432617
508281.34583801776,10315681.718393028,234533.21659278125,11058496.280823827
288104.0771033652,-5941335.2147958875,36275.443868115544,-5616955.693824407
-231170.27287298255,1258578.7896190286,-374469.17673653364,652939.3400095124
-24475.615819904953,-16598565.779413044,120924.66129332036,-16502116.733939629
-9171.077788773924,17117802.474937677,408413.29613021016,17517044.693279114
156578.62672677636,-2914365.079892814,-106084.06746461242,-2863870.52063065
-163098.40864241682,-5732906.550920129,-435489.05306459963,-6331494.012627145
-103337.06495920755,14187580.895141155,-16497.368552863598,14067746.461629083
-198177.71572940238,-17464654.097643435,-329688.2639622539,-17992520.07733509
443268.13254709914,-2026743.7368594408,207966.68254622072,-1375508.921766121
68028.97999691218,12201315.063620359,-164678.61933353543,12104665.424283735
116459.9585343115,-7227347.685490906,363068.629779689,-6747819.097176906
32197.337327234447,4804920.873559296,-13370.165192425251,4823748.045694105
50959.82749871351,4370991.371982813,285390.81177839637,4707342.011259923
530777.4006358534,4526988.421508193,364626.30265776813,5422392.124801815
73125.53030676767,10626343.15782854,47539.877983018756,10747008.566118326
-52498.52157532796,21941022.227897972,-285338.96687339246,21603184.73944925
163597.71706556156,9446040.522975266,605566.4405580088,10215204.680598836
11692.811840098351,21347175.423217952,322280.62797460705,21681148.863032658
114001.73952212557,16285986.408294082,85531.85248344392,16485520.000299651
29950.223510066047,2481456.3287205994,778479.1058499962,3289885.6580806617
-106792.53016160615,5051160.621058643,-654881.6225792617,4289486.468317775
18753.66278856434,12231756.92563942,80547.9915708229,12331058.579998808
160986.4933468569,-21574615.76752764,266826.51831163466,-21146802.75586915
463596.3711549062,21247347.687931836,-257012.73488657176,21453931.32420017
3941.853135595098,1491145.0118923485,-242586.03749403358,1252500.82753391
-88193.21574642695,17283665.066613644,-523712.80813774467,16671759.042729475
377962.43094934337,-13126783.260997534,464032.1416133493,-12284788.688434841
10230.092772178352,-20856656.838404328,52573.99850989133,-20793852.747122258
274770.895296596,-2342189.293054819,229685.32866340876,-1837733.0690948144
-172191.41905819066,-7612080.451601505,-212615.53855843842,-7996887.409218134
328786.11462937295,-7258485.156256139,-172664.01479726285,-7102363.056424029
89701.60215524398,404037.0023005605,-13337.102146111429,480401.502309693
-117928.46492694877,-459079.4189783335,-296131.0496240482,-873138.9335293304
-66778.67398416437,5637097.146079898,170623.97606880963,5740942.448164543
41710.0969903525,9675946.229963124,-16802.74923633784,9700853.577717138
458630.9093332067,-11117630.521095097,273550.9620222375,-10385448.649739653
178981.81754900515,4332220.116653204,93094.2693367675,4604296.203538977
109784.28223558515,-10629256.04805082,-90532.73962396383,-10610004.5054392
55313.10115495138,2667373.208353579,341619.8151777908,3064306.1246863212
-90709.70935660228,-11252225.345718443,-23285.97976720333,-11366221.034842249
-299285.2293007225,3479495.853341639,-71286.18873077631,3108924.4353101403
68288.82222033292,-14441345.018681705,-170991.74117803574,-14544047.937639408
-192250.37142914906,6708180.512918472,-78597.55171336979,6437332.589775953
313367.5563639607,7394192.583586335,279534.5959390551,7987094.735889351
-131514.01850472577,-17056479.92655748,-38352.17876187712,-17226346.123824082
-124780.76239330694,-15589851.168180287,-40885.79337144643,-15755517.72394504
-91655.98396608233,-8540952.090212107,-112028.15764232725,-8744636.231820516
-16958.638824991882,-6218954.397838384,-58673.32865726203,-6294586.365320638
176998.89890474826,371760.88767790794,94721.88018742949,643481.6667700857
480687.99337835796,-3862240.963433385,256603.8052520007,-3124949.1648030262
96993.07845919952,-5261312.445603281,-139534.3568271026,-5303853.723971184
-405634.54307252914,-16880271.06117934,-489555.9658373222,-17775461.57008919
18041.71085625328,5326732.574142188,141335.12468113005,5486109.409679571
-186512.3547183592,-445704.388402164,362050.908781752,-270165.8343387712
-223826.69565267675,4291004.83453241,-337365.7413178161,3729812.397561917
-59224.392911590636,-15118429.823454976,-265661.7964111492,-15443316.012777716
127237.47812719643,-9666001.978913069,133825.6114410013,-9404938.889344871
-144636.1739555616,-6215650.553115964,-191275.42429158837,-6551562.151363114
-9796.175210855901,17881960.008276403,29831.532462395728,17901995.365527943
-452313.0516074728,11476990.06049341,-655201.5673289225,10369475.441557014
-172474.20577805303,1986447.9831050038,-92043.50887306035,1721930.2684538905
-116681.50308699906,-1419848.1978524923,-340261.45340034366,-1876791.154339835
-135389.3304372467,-5174382.702717096,-242015.45513017476,-5551787.488284517
-265731.83471219614,6684166.4848225415,-597241.4280004203,5821193.222109925
-79572.37598297372,-23756390.788252413,-345396.2175549716,-24181359.38179036
7119.134070312604,9840904.062634349,-1105.3962589204311,9846917.800445741
-210492.75129350275,-150270.87795960903,-223772.86912951618,-584536.498382628
-73511.08415587246,2849593.278253734,-106460.37127886713,2669621.8228189945
-106510.08592960238,3596963.9596508145,508645.9213065207,3999099.795027733
-6731.019385235384,-7911754.3952047825,-329902.8498699963,-8248388.264460014
-550162.4478230756,22866417.236163974,-723862.6510354728,21592392.137305424
-147017.38863858767,-16282041.59650755,342031.9288320765,-16087027.05631406
-71347.65146660618,28462830.168712795,-196434.88474297523,28195047.63250321
-215081.35747640207,-13305000.685231239,84538.56348767132,-13435543.47921997
169265.2529407274,19055775.486179113,-12857.276720315218,19212183.462399527
-253287.8606051281,12103709.634134054,-521957.9443177879,11328463.829211138
64713.47041847557,-15638323.530517519,54559.74681112915,-15519050.313287914
116806.48413126543,-12685307.491762698,-11079.288020461798,-12579580.295651894
49707.521097470075,274110.4549806714,176371.1000939533,500189.0761720948
-66247.92034805194,-4368759.609511554,-274988.0833212808,-4709995.613180887
-158240.13544746302,-30285042.61597079,-316347.8385812789,-30759630.589999534
81903.41722811013,-9603910.316363752,158531.65957074612,-9363475.239564896
-8597.398405507207,-10708283.301622033,-22468.749082013965,-10739349.449109554
-137948.84512412548,240463.52706220746,-369938.44786661863,-267423.76592853665
-65322.65444738418,-20936127.984669298,198030.7831304893,-20803419.855986193
-92008.24152173102,18300609.543744445,217245.35308996588,18425846.65531268
-56601.30262653902,-16743826.635028541,79016.74479816854,-16721411.192856912
-304898.60708621517,-12739906.398902059,-339062.082916379,-13383867.088904653
-346292.5788296368,15127167.40460524,-187872.3355479464,14593002.490227656
-213843.9050613232,17466087.089939177,-476980.0442426652,16775263.140635189
98695.54801040143,8187543.57201767,-450836.0577020496,7835403.0623260215
-68128.55992366374,11352988.538841128,-859718.2161810324,10425141.762736432
-189022.13715102896,-1231973.1402512789,98560.87056899071,-1322434.4068333171
-15134.88640492782,11868185.369729817,-30143.818183489144,11822906.6651414
-13739.899398108944,-35077395.98922557,-47120.55678571761,-35138256.445409395
-109800.05076564848,-1123842.2763004303,-187115.51576301455,-1420757.8428290933
-141080.99999593198,-13784196.934031725,-272714.1275992021,-14197992.061626859
-196628.87288878672,19689867.357655406,-485383.6574626118,19007854.827304006
86150.87339431979,14544740.892631948,-416151.68893642724,14214740.07708984
-200349.40541454777,16964808.225967884,-79814.36627793312,16684644.454275403
1274.6571789663285,10816112.720431447,-65817.30179858208,10751570.075811831
324228.257579783,915975.5504766107,336124.835373953,1576328.6434303466
-44891.36214539409,-2206379.738302529,-262511.20013607293,-2513782.300583996
-211954.33790390939,-19874604.550486684,-38311.73345632851,-20124870.62184692
-26562.160809200257,-25509445.251339644,397617.35145258904,-25138390.060696255
-123857.66911888495,15350860.373484522,604479.4771610275,15831482.181526665
-113387.81999438629,-12078245.991422594,309037.6111402884,-11882596.200276691
-59373.515402892604,7082873.794424266,-281468.86181949824,6742031.417201875
-99216.32556003332,6347848.761034608,-442175.7924230993,5806456.643051475
-64211.84279293753,405273.0355480015,359729.4720306471,700790.6647857111
558288.188554611,32732656.146660745,-118407.61877560616,33172536.71643975
73464.88674664497,15731071.899572432,-32264.41025581211,15772272.376063265
114135.9011317417,10745506.137645423,-135631.25196123123,10724010.786815934
158451.9122791402,-8652739.231768578,-466395.28699955344,-8960682.606488992
-3561.6582799013704,-318730.9229990542,-104134.85102179646,-426427.432300752
-116602.66120116413,-18391991.929508477,-2109.803039699793,-18510704.39374934
-191837.32966626436,3194943.1610488296,-210936.22150088847,2792169.6098816767
58539.623390134424,-5381268.062769711,-47672.683857522905,-5370401.1232370995
36818.79455455206,12693784.054009795,-63401.22375293076,12667201.624811416
433174.84717200324,22513568.26952678,680666.5301261395,23627409.646824922
208711.81978035718,11110245.378715068,-19444.52107990533,11299512.67741552
216432.34175260365,-12328417.760386437,30368.21892441809,-12081617.199709415
-125748.03363521025,-3600518.5397076607,235257.59875553846,-3491008.9745873325
12164.914829172194,-4034121.2488099933,406443.72555191815,-3615512.608428903
-146464.14001456834,14868330.286610365,-293694.20587591827,14428171.940719878
-48466.378071265295,6734444.606705785,63928.631296642125,6749906.859931162
30509.575296750292,-15484568.915250957,-248306.17053017765,-15702365.510484384
-85860.95951462351,-8520679.293958843,-304026.21241004765,-8910566.465883514
241072.02193729393,-697293.2401058972,166333.9919451326,-289887.22622347064
-185697.23832877912,-14533312.57284373,40296.92560403049,-14678712.88556848
-70398.59113352373,-9506710.879787743,-125578.19689529389,-9702687.66781656
76483.86994301528,8945463.646407247,61713.913594424725,9083661.429944687
-185940.46387992986,-15124632.159802854,-211197.41130851954,-15521770.034991303
-159584.85169936717,8015907.869217455,-102419.81820773333,7753903.199310355
149145.44919049367,16386033.87601778,52979.15419587493,16588158.479404148
280602.1193630304,-14797908.200200438,-224962.0545681268,-14742268.135405535
-13032.903114723042,-1493386.197053492,82682.88042324036,-1423736.2197449747
-154856.56740309484,-3004392.7577263117,-168940.30815902352,-3328189.63328843
-205514.24564800411,-8946385.639717817,302359.2027613893,-8849540.682604432
173401.9249837268,-4075433.646916628,-139388.73230268806,-4041420.454235589
101688.34188522026,-3712258.4085571766,-214939.9410486892,-3825510.0077206455
893.5120126921684,10761901.558687687,-70677.84948557615,10692117.221214803
-203683.19615711458,17056874.180776954,36301.33128938079,16889492.31590922
7036.975364508107,1703236.836203158,78602.29579108953,1788876.1073587555
146447.0376219824,-10425548.069666952,363689.91048681736,-9915411.121558152
-120976.09319847636,4846767.64304772,503562.5111936182,5229354.061042862
100117.1250563804,34574599.13870025,-177090.52981279045,34497625.733943835
-266129.9775258545,13735134.49869585,-58824.802841082215,13410179.718328914
-59954.93118004501,4427275.821896166,140280.34569728374,4507601.236413404
21374.483778610826,-1675107.2378961444,-5243.457078009844,-1658976.2111955434
-496732.837179482,21507898.989532113,-656547.554502435,20354618.597850196
-236409.02693922445,21263255.43277073,-277820.87991889566,20749025.52591261
13985.709333505481,-6479592.017757326,147487.05086377263,-6318119.257560048
616881.5282875411,2633659.599605918,117003.94727683067,3367545.0751702897
-214497.7827499509,23039185.431667447,-93732.04835041612,22730955.60056708
533068.3160247151,-3701944.564069003,-392638.3014725894,-3561514.549516877
348800.11978683434,2122758.159792483,58381.1481134817,2529939.427692799
197584.46437678672,4715894.471164614,330704.7405545786,5244183.676095979
156912.94106115215,-15590898.128560096,282532.560674876,-15151452.626824068
-378629.59774956666,11491894.198392361,34796.91456335783,11148061.515206153
-178019.05905512907,-1262766.1547273993,-37118.46063604206,-1477903.6744185705
-237781.63474516943,26980535.185198665,-53834.048148587346,26688919.502304908
-107452.82600527816,10172873.114659727,-367978.88356209546,9697441.405092353
601693.1658873875,1549085.1339376867,121737.11400829256,2272515.4138333667
-328320.0684409961,-9898878.920941293,-99389.07420220226,-10326588.063584492
-200958.34519909136,-5514625.096537203,-478108.6959474459,-6193692.13768374
-184216.29102606326,-16262132.47402963,13357.18422076106,-16432991.580834933
2697.418459299952,2416557.45013994,422777.4836414531,2842032.352240693
58564.679787602276,13529926.682591915,217453.3054459691,13805944.667825487
110122.09684436582,-13074353.310461462,271280.4147836715,-12692950.798833424
-64705.65261349641,-6262666.702401042,-556081.4158800393,-6883453.770894578
-279487.61624743044,7529737.122288883,42916.13244792819,7293165.6384893805
-159225.23504204303,13757523.663713634,-384458.92934420705,13213839.499327384
116421.06833982281,13262608.318528324,15005.196879312396,13394034.58374746
-155679.32437187433,13185523.58065465,-10242.758676543832,13019601.497606233
417027.1438816972,15837428.566438764,18101.580260545015,16272557.290581007
-75699.03647071496,19324544.812338203,141972.06821732223,19390817.84408481
259650.99882395566,-14978270.044030905,-43557.48449706286,-14762176.529704012
135264.4123410862,-7275871.46807301,420643.20097445697,-6719963.854757467
216968.81969417632,-2767656.968949318,346740.64873159677,-2203947.500523545
-304878.41563143954,7805369.008154005,8263.94664118439,7508754.53916375
153016.1513793748,-2890594.3244868517,-159671.23562945426,-2897249.408736931
489266.6455206536,9811180.271539658,-293621.33176389337,10006825.585296419
-56042.22767039947,-3686900.021494359,136306.0733081773,-3606636.175856581
-191867.3371848911,-1955049.841251731,465251.965131551,-1681665.213305071
-164347.13220628537,4862099.40741986,-146138.92565654963,4551613.349557025
-184704.5567664411,9509218.367223382,128122.94004245102,9452636.750499392
-475675.1419013925,12799349.635801256,-13138.27491249144,12310536.218987372
226335.717534082,3709932.452697456,145963.96076384932,4082232.130995387
-170996.08528906852,7570193.4730193615,107436.04193000495,7506633.429660298
7255.384974336252,15760387.903054655,-389135.5345239118,15378507.75350508
-475427.72725114785,14269455.295594841,-245944.6962307468,13548082.872112947
-2110.4010707698762,5187122.111474514,-113323.88702855259,5071687.823375192
-327351.1474480815,18106567.827553213,-77960.43817802519,17701256.241927106
63142.37260923907,-18910937.166243672,233068.72234982997,-18614726.071284603
59612.25775273517,8179292.176833451,127199.88094886392,8366104.31553505
101354.69688013569,4568155.076840341,-567994.6887704134,4101515.0849500634
-105713.8012573123,-6201822.218842655,-132079.54530602694,-6439615.565405995
-134973.89933522604,19777660.712976873,54410.15585113317,19697096.96949278
113205.39164755121,15811905.676312655,285173.694821842,16210284.762782048
282989.07343724556,7947450.761444151,551214.178001523,8781654.01288292
260548.54182031937,-13500508.031325877,-43581.010619431734,-13283540.50012499
173025.646072736,11343377.136804342,-90576.48730139434,11425826.295575684
-80250.21264533699,22949581.80546671,95719.99559497088,22965051.588416345
72301.15752000734,-11477611.168973565,197295.9869645089,-11208014.024489049
364355.80671987496,12562940.482572675,201982.19711909443,13129278.486411644
-189289.57456651516,-23658003.32261616,-286835.3316972926,-24134128.228879966
373277.10799736716,-3044725.8131177127,-111635.77400846034,-2783084.479128806
-7062.426372934133,-26524116.157877266,41271.08849044144,-26489907.49575976
-80962.41845931485,-600604.1387390494,472422.89427227527,-209143.66292608902
341943.0165412128,7346558.583789051,286833.9021152854,7975335.502445549
-254244.7974530924,5622503.037470996,-603558.9056118056,4764699.334406098
116412.46764842048,21584382.77784261,-135822.7487230599,21564972.49676797
253936.00540657714,-9369056.632189214,305058.08527353406,-8810062.541509103
45889.28734890744,-5541729.508309782,366172.6483312696,-5129667.5726296045
265291.60323660634,-5226183.124210358,-437893.93464913964,-5398785.455622891
-453319.4842628818,-9972580.009702086,-192011.22300064564,-10617910.716965614
46306.8310841918,1266646.4173087478,105476.03409558535,1418429.282488525
174827.4684655834,20280085.070099235,110398.98136746883,20565311.519932285
-194452.36287301406,2314291.855120927,17159.187530994415,2136998.6797789074
-291528.7923644483,-14155.68269982934,-75375.02938479185,-381059.5044490695
24176.430001419038,-370859.91764613986,326463.7924759686,-20219.695168752223
-244910.10342037492,24560890.07024029,-358074.4029457569,23957905.563874155
-574621.424921602,14095442.73716414,-444643.82715043426,13076177.485092103
-29103.536191066727,17682243.772119522,-188010.53526084125,17465129.700667612
-292103.0784192346,10246631.740321964,-26400.61127832532,9928128.050624404
494220.1464887988,-2195859.9259984493,174207.8440927416,-1527431.935416909
217182.63445407897,18196196.741103113,94163.14929147065,18507542.524848662
-254523.553636102,305938.1018265486,-274353.60838647187,-222939.0601960253
-144275.4677743856,10645963.782325387,-296828.8025490418,10204859.51200196
-94231.46402864717,-12024207.412332475,-1183.9918047487736,-12119622.868165871
190876.83525082842,5047800.902394354,443069.5521030724,5681747.289748255
287420.43318069354,841330.3546822071,388598.71930620074,1517349.5071691014
-209053.0959316045,1390661.8813665807,-252650.43704132736,928958.3483936489
28304.358801700175,-8093155.411139607,180733.46644707024,-7884117.585890837
65396.649182273075,14343030.422343612,-60187.45435593277,14348239.617169952
-4896.750238252804,-22872758.460993588,438105.9263326973,-22439549.284899145
-85455.86423912086,-17321051.605976015,-293472.5496650636,-17699980.019880198
-331368.4666206725,7299981.225256979,-50020.206190794706,6918592.552445512
-329784.2003013678,-16728959.623974144,-31569.065590806305,-17090312.88986632
-42500.156523315236,2594296.2829048634,370521.58263011277,2922317.709011661
-174544.82595876232,-7436270.828359723,-346218.47193487734,-7957034.126253363
-62357.258852567524,-9895663.109628737,54131.83058090508,-9903888.5379004
76718.42554432712,4379039.594025433,-203050.58195177466,4252707.4376179855
43029.11286734603,10279556.969495118,-98638.61056797206,10223947.471794492
86876.04151541553,-13650722.051340222,145616.024949193,-13418229.984875614
15256.036177087575,16712492.645151645,93505.02226649225,16821253.703595225
-39072.624537108466,-14095991.860722601,138958.40238321573,-13996106.082876494
-49875.27034171298,-18528740.11433357,571867.0122352988,-18006748.372439984
181741.77847775817,-4597399.562822312,-229441.9780722931,-4645099.762416847
166836.5656670686,41810360.374073386,690477.3079683781,42667674.247708835
45481.01527442597,-9344998.692765057,259236.30073802918,-9040281.376752602
29833.55176815577,-1967773.8434706926,418006.3003932908,-1519933.991309246
-101295.33692251146,-6367072.621360183,-281398.5017745644,-6749766.460057259
-8100.04371364601,-13498748.20440936,-243207.90959645063,-13750056.157719458
104823.84399138205,7049722.934554666,345489.844405666,7500036.622951714
-229259.33877997473,-3118811.237800956,-155000.1426038444,-3503070.719184775
-512500.6950048525,2643775.2393411994,-824256.2626061141,1307018.2817302328
108282.95351297781,-5033093.804642886,-298374.8349393904,-5223185.686069299
166024.2760763578,-3146575.104346633,556280.005961433,-2424270.822308842
-127929.56968358904,-24637905.983165503,-48512.41633415222,-24814347.969183244
-30834.324620187283,-11892977.217106879,-232901.2136016339,-12156712.7553287
283009.5119502228,16391079.92286995,13200.451177239418,16687289.885997413
277277.06831356697,-10625520.587849557,375748.69213490933,-9972494.827401081
149529.95654730126,-12784768.894151628,232961.86851584166,-12402277.069088485
-263416.4045648165,-7280872.3689951,-339332.1739383489,-7883620.947498266
164588.1497898344,-3057784.7270209193,-170504.05459596217,-3063700.631827047
-139761.92042502575,-7533151.215991735,298370.5211978033,-7374542.615218958
31181.90141368285,-544787.430264771,36868.432292982936,-476737.0965581052
-110976.55987162516,6870128.681486487,290344.99259477854,7049497.114209641
83441.68473764509,-23401201.927705258,-98700.6513665542,-23416460.894334167
-205347.96450520307,5988870.698846757,219675.25201645494,6003197.986358009
-220452.72616149858,41786508.156393886,65476.49397850782,41631531.9242109
20576.680759951472,-4947727.546919525,317148.2522832006,-4610002.613876373
-27419.76215081662,-18953870.383324206,-289257.1362807825,-19270547.281755805
-124301.61474722624,-10830426.335541397,76642.31838744879,-10878085.631901175
-11561.733979534358,-2052768.7953838408,91082.29991026968,-1973248.2294531055
-148524.66576317511,50852388.72056776,-192519.75466807932,50511344.30013651
201693.61736866832,-23365800.19905278,65178.50951876491,-23098928.072165348
-202297.47899241745,-5377498.760237545,14849.596346706152,-5564946.642883256
3208.2381412591785,3432139.6116151214,-167440.57907562703,3267907.2706807535
90227.58987125568,-11182959.275721908,149770.52409217507,-10942961.161758477
51633.71166912094,-3474776.698937714,-174479.28378925472,-3597622.271057848
415126.74744959176,-19050328.480902314,31586.256152436137,-18603615.477300286
148221.17404703796,9755064.582147658,74559.17076900601,9977844.926963702
28930.875332359225,649426.9446948171,167273.66119642556,845631.4812236018
-296521.1259671245,7413198.155944198,-369773.347899057,6746903.682078017
-109541.56973894127,19058673.18388325,-313385.6060239151,18635746.008120395
-191084.38478605635,39485476.04639149,-191072.36817839742,39103319.293427035
17581.36069568433,-22698760.12656623,-54003.87297771126,-22735182.63884826
-82552.84162810259,-3084014.2666414976,-258474.63075122237,-3425041.7390208226
-52063.961907537654,-8496887.348256946,17524.565916210413,-8531426.744248273
-273312.222466765,-4673442.779476404,-291383.5514606461,-5238138.553403815
-199179.4552227147,-15922772.696313143,55827.42807324231,-16066124.723462615
-91612.00282066688,1727955.2196692228,209839.05673346668,1846182.2735820226
79618.94412168302,10532910.954624593,292553.61231350154,10905083.511059778
-13343.841725945473,492095.48775935173,48624.29153650999,527375.9375699162
-89156.64651147649,-8861067.956825465,-312521.8400431499,-9262746.443380091
393769.05250014365,-4197087.484736413,437279.9948079735,-3366038.4374282956
-363694.5387312919,9244160.897200525,-148006.92001292855,8732459.438456304
63607.76567657478,8725727.095954478,-354343.1754871011,8434991.686143951
-226895.70355794206,-11739305.634055138,-24540.09422826767,-11990741.431841347
196209.15683681704,3078984.143512398,-454245.57354550064,2820947.7268037144
-51683.52153321728,-22060785.306812346,159009.9691132456,-21953458.859232318
237168.4980169125,-13014818.458624959,172690.0229729265,-12604959.93763512
273624.8169994801,-7707650.167657226,-5362.850600078702,-7439388.201257825
-43096.77663549408,-7166311.726634443,-317485.5114186257,-7526894.014688563
438459.4767096583,8215137.4142356515,336337.8694127351,8989934.760358045
-134276.6489480026,-2977082.068737805,-44952.839242987335,-3156311.556928795
65014.1563313026,7049899.428195,-107621.36195249856,7007292.222573804
-310279.0565237105,5688021.458789438,-394668.1175802946,4983074.284685433
-135280.2349522058,14801421.705881417,-689892.5249172896,13976248.946011921
16000.736717887223,577292.7091493607,140244.91285085678,733538.3587181047
75545.88743538782,18257147.29800856,-517330.9553626478,17815362.2300813
232366.74595437944,-4985032.185387522,416752.0886076838,-4335913.350825459
-133301.5879669711,-5992755.128749728,-348477.71569244564,-6474534.432409145
46188.5089835152,-4582363.808483601,-175974.4546855539,-4712149.754185639
96931.8369240649,-7113942.495523423,-335419.2828375697,-7352429.941436928
-148190.37383182347,15650654.9646644,-34195.60705231875,15468268.983780257
262069.39195244014,-4079515.6450214386,72653.10674202442,-3744793.146326974
-186292.82455096208,-13097233.189102948,-130963.27723180503,-13414489.290885715
106304.05110965855,-2077214.9711304903,45886.15060351789,-1925024.7694173139
-86240.78191184439,-2688304.9147800803,-109273.68069800735,-2883819.377389932
324223.8106472306,1341074.6432210803,364219.86992458254,2029518.3237928934
117087.39024296589,679853.4114577174,112669.72490455955,909610.5266052429
46784.35350947827,5482612.783828318,74470.74056658149,5603867.877904378
-359341.171299316,2627915.40555954,-302948.808275342,1965625.4259848818
-32034.58959890157,493290.840408206,-178963.84692837298,282292.40388093144
-182345.57006826997,-20067907.439799905,-12130.7952644974,-20262383.805132672
-339303.5829970334,-3442739.574450046,45757.29919345677,-3736285.8582536224
26995.135594539344,13151612.136959076,-73530.42643595487,13105076.84611766
-88876.24988630041,-15654034.72356832,454863.64366556704,-15288047.329789054
64623.71780458279,13770024.154367149,11504.766925752163,13846152.639097484
-72565.4003158994,2731853.8742945194,252001.2916931361,2911289.765671756
267928.34553931095,-21071339.195291758,196015.24058378488,-20607395.609168664
121302.29418525659,15877672.599908084,-463800.31887158006,15535174.57522176
-418658.9866467621,-2048933.1305665076,-399224.84803728014,-2866816.96525055
52280.125519528985,14314385.068196177,-10062.20226109773,14356602.991454609
178568.88195834868,5367141.232886583,466008.8305346072,6011718.945379538
-93925.12184955925,15992565.912729919,-255726.80673785508,15642913.984142505
-220542.84287968278,8432177.455154061,-73286.43711795658,8138348.175156422
236219.96750966087,2566385.139142096,-351171.4265283346,2451433.6801234223
-397242.11527823657,9549601.457134575,-421136.26372075826,8731223.07813558
-9557.270784178749,9562450.562657326,-112865.62948600203,9440027.662387146
-55451.806594736874,14440253.001937032,437453.8516436517,14822255.046985947
-12626.1736949794,16214442.906823963,98286.72214078903,16300103.455269773
-25473.645384902135,12011218.82225734,399318.7168603316,12385063.89373277
-296283.4652969297,-7090578.916882932,-70685.59724558145,-7457547.979425443
197272.05288957804,-8854426.123844624,169262.17073574662,-8487891.900219299
-232455.1466410011,2759053.2520146966,-282211.68976520747,2244386.415608488
-3280.220834257081,6946444.177081287,366912.3878923133,7310076.344139343
-495631.9453399144,-3682990.3476902843,-739892.589603968,-4918514.882634167
386351.18758992665,-5412070.952722847,269737.4146015197,-4755982.350531401
451429.1741140839,-2787873.960210651,89826.8260171935,-2246617.960079374
-197854.25056458637,-8287539.397004604,-228872.97516308725,-8714266.622732278
220869.81261883676,-16198384.239753187,-111733.2405770123,-16089247.667711362
202097.8859860804,665567.9339660406,-77965.60920721292,789700.2107449081
62031.59951574728,-17345435.510947168,347061.93318261206,-16936341.97824881
-152222.76046266407,-5850604.481821001,-166265.9747487232,-6169093.217032388
39731.212557440624,16262425.398197949,46797.58258460462,16348954.193339994
-319673.2892992217,3477163.394398302,53127.119998149574,3210617.2250972297
-208331.75199543312,17890497.44928652,-107221.55974135548,17574944.137549732
-277072.43957028165,-5387248.848895609,58900.25203128904,-5605421.036434602
-256590.81688631326,11880377.697293043,-323532.62409543246,11300254.256311297
82077.52527782321,-23770218.20926228,538529.8906189203,-23149610.793365538
1240.1873288173229,-1742144.2431883812,-433442.6866926104,-2174346.7425521743
-349900.66280909814,-13552212.862344861,-450188.1141785309,-14352301.63933249
-82066.1548962295,18194131.8530578,-140697.8266492933,17971367.87151228
249457.744081242,-2550877.5917215347,-131430.19967012852,-2432850.0473104212
89139.48955801688,20069791.287414968,244948.82605347037,20403879.603026457
208343.8364865426,681080.3730139136,115583.20678281784,1005007.4162832741
-31848.84291168116,-2596428.406929612,40496.120078250766,-2587781.1297630426
454167.66867238283,23839606.747666776,514816.519960545,24808590.936299704
-167230.7515571583,-14624487.9864918,-30915.8086707294,-14822634.546719687
-522620.9865314681,-1357327.5903228521,-252753.31737489998,-2132701.89422922
-181067.49067833833,8254914.515432596,-541100.3176975995,7532746.707056658
318501.0074258391,-16946863.7671414,578530.0432254076,-16049832.716490155
72307.12314932421,-1153052.7162885964,175884.50210289657,-904861.0910363756
-92080.06543304957,2420641.2980974913,-531040.1581072807,1797521.074557161
-315244.77653693594,-12926483.621447802,53370.5755969286,-13188357.822387809
-383094.9529111255,-1084915.4498721957,-231881.07416125387,-1699891.476944575
-15225.818103633821,-24224876.42885369,-173172.75834427774,-24413275.005301602
6279.2185523007065,-10866913.45318544,128746.54451303929,-10731887.6901201
-348630.200263191,7293662.207857132,-85063.26559598744,6859968.7419979535
266082.2246131506,-24946021.240944415,357557.3957490921,-24322381.62058217
-108742.7119024247,-3722637.522280544,197460.9067294076,-3633919.327453561
107503.52781388722,-23931781.728444695,213843.58326038718,-23610434.61737042
-336003.6726710759,-9796330.829294443,-102060.70197628438,-10234395.203941803
235422.16796223074,3579107.2961325645,238711.0812073946,4053240.54530219
335756.50162914395,18450755.093952894,-92209.61964004487,18694301.975941993
105930.27199533954,-16428069.816348195,211543.9784628451,-16110595.56589001
274524.7858675979,-20520194.057828724,-52416.18588805944,-20298085.457849186
45714.29754835926,-1660029.4033986926,57226.567826747894,-1557088.5380235855
91659.66822442785,20237336.93992716,-465553.0443009436,19863443.563850645
471355.5912601985,-10481.01911586523,305120.0173360631,765994.5894803964
151054.54098346643,-17012204.785411745,373235.7436924875,-16487914.50073579
-447426.8469870705,-7628226.512444079,-102907.46320816875,-8178560.822639318
-120968.24840205349,-15767936.044254065,-104324.47851292789,-15993228.771169046
-118745.53033527173,7736076.50687933,65718.34164506942,7683049.318189127
-39354.67358310707,-19875646.97249478,-135744.51422178,-20050746.160299666
-119775.98742232285,-5664864.708317161,-306289.4845722094,-6090930.180311693
-450697.47551910765,880553.3728936315,224826.9021885693,654682.7995630931
3212.0520799774677,23396819.401141226,-230150.68763296306,23169880.76558824
177971.75733376853,10514414.68642357,-210793.2430696711,10481593.200687667
-13560.60700859502,5023932.857319206,118137.77263210714,5128510.022942718
178682.80860431306,2990372.9314185977,366602.38947448134,3535658.129497392
96983.40100803785,-5508961.047985256,50272.862415649,-5361704.784561569
-65110.5174757801,-18902416.809468657,163660.21375063807,-18803867.1131938
307683.8790101297,-2349435.8086473644,512599.89391341805,-1529152.0357238166
44512.177583586425,13436279.733578622,201327.39204747975,13682119.303209689
-211160.10520660132,13944695.024567187,-309196.3617387563,13424338.55762183
25936.60181909986,-16324828.91144228,-136649.24121315777,-16435541.550836338
86463.1245459225,12021508.072662652,-32483.522002838552,12075487.675205735
-42000.13705897331,6714730.335213602,230094.7587575391,6902824.956912167
-223743.94629855268,9976088.789366603,-16017.96648325026,9736326.8765848
-98387.16485722363,28658862.14313525,165877.6153499633,28726352.59362799
-156701.26101061143,21701231.848568738,87755.64383627474,21632286.231394403
-154140.3963347543,-11719321.215041578,-371905.86399149895,-12245367.475367831
140028.07921011746,-4533839.605563968,129773.02912703156,-4264038.497226819
2906.647845711559,1995026.3562310934,-9622.857392519712,1988310.1466842853
-114673.39867896028,-18665952.505283326,-5545.328223064542,-18786171.23218535
304418.4931778237,2816938.523096919,-59815.127263993025,3061541.8890107498
-85703.70710014366,16222040.052696943,-706059.4458198547,15430276.899776945
-389084.54238958657,20645738.975173503,-395357.182485424,19861297.250298493
-69004.32227851078,12492346.657308519,-27478.653345152736,12395863.681684855
104522.54608067684,-11109061.87492907,-65751.4341301918,-11070290.762978585
173184.8426384721,-623856.9992208779,32928.311295352876,-417743.8452870529
-474435.9039631635,-9743990.797695816,-368775.50537406653,-10587202.207033046
-27749.50403619744,-7495214.204473436,263810.1917427853,-7259153.516766848
-37396.19225296192,-21455737.55427438,222982.05002180487,-21270151.69650554
-110592.58039941825,13459648.915717185,57726.51483909786,13406782.850156864
-86309.08690853976,-10110526.37525168,87965.93461449444,-10108869.527545726
-291921.4022885617,21012882.73103714,36164.59039019793,20757125.919138774
-147019.8656620551,-13658781.03659892,-317273.1626244262,-14123074.064885402
46088.320734655485,-15636702.009933472,-227868.4503314048,-15818482.139530221
430255.55037416704,-7769224.726232171,323453.8822091222,-7015515.293648882
61969.10077000037,10681913.932569325,-187198.0958487466,10556684.937490579
134240.18524096906,2314023.0560277402,-42506.65074324608,2405756.590525463
645230.9358468615,19070825.703533977,721633.6156070828,20437690.25498792
189614.73687773943,12986042.272974849,163418.92577129602,13339075.935623884
-186183.7137781717,18011124.92080748,-252777.7003157884,17572163.50671352
-91163.49777068011,-3600482.8081944585,-453792.47306601703,-4145438.7790311556
41166.82712172717,7424621.220813155,-331487.2998295948,7134300.748105288
-332576.3093329612,-9403463.529988527,-169157.4201053083,-9905197.259426797
593416.6573269218,9902530.41012606,236216.9587033093,10732164.026156291
36273.288781756535,-4134453.9520032406,196031.920822829,-3902148.742398655
-116139.50075242296,5477479.246810585,-42376.7356563136,5318963.010401849
36525.30738158338,201381.9067387581,-158013.6355132237,79893.57860711776
-29115.04301507771,2094719.54437536,260181.54654809833,2325786.0479083806
205586.10396344028,-5830705.407149762,13254.968140497804,-5611864.335045824
-330831.0548116267,15340906.08499235,81102.53692617267,15091177.567106895
-483333.60963602737,699429.8997475505,-162101.64235830307,53994.64775322005
45197.661728153005,-313129.88399142027,29869.907441668212,-238062.31482159905
162772.93650375493,12684354.982122034,-250325.57126910985,12596802.347356679
-120781.35815840401,-6121811.674493432,-84629.8557171002,-6327222.888368936
-131970.55180808157,-1537331.853734076,-359405.98544760793,-2028708.3909897655
159979.40774575807,-6522420.12978074,421752.4973369688,-5940688.224698013
216886.63700965606,-3623293.0357370973,203989.16903425008,-3202417.229693191
165013.41024274006,18157173.82699424,-25016.463844008744,18297170.77339297
-401711.8257687967,10909942.898404688,-659505.7343579903,9848725.3382779
267770.90929751284,-10920985.04840964,189517.35883156955,-10463696.780280558
-316453.917695893,3093594.1975568533,-116386.26615918428,2660754.013701776
-210568.71848180704,-7702091.961817563,-124919.32854074985,-8037580.0088401195
46052.0641029086,-13873437.569715858,39917.88426321745,-13787467.621349731
-245202.34248768166,3264337.613054931,-224480.11994822323,2794655.1506190263
34457.5429161489,7830669.5499949455,73796.6108918041,7938923.7038028985
61450.445832528174,31428225.278598577,79736.0088648349,31569411.73329594
193970.41319752298,18077458.55524671,325055.2880535275,18596484.256497763
-139845.41461151093,12156777.77181384,-446860.1034632772,11570072.253739052
151495.16470774077,11623662.850392938,-31428.274203702807,11743729.740896976
-154803.57051502913,17806305.896165907,-244688.9062203765,17406813.4194305
-160783.74523604847,-14628525.826326907,-306445.26602707803,-15095754.837590033
143380.58696360886,467915.98395365477,59069.49029223621,670366.0612094998
-76515.93780061603,9262577.910127223,5432.901310130954,9191494.873636737
-413414.6729327496,15257573.934026182,107121.95692119747,14951281.21801463
454403.91251081415,10697731.527998567,309443.89068409055,11461579.331193471
107177.4215667639,2720272.8851730525,167676.70538463444,2995127.012124451
-260284.775623966,-12434976.572047353,-241676.8181894198,-12936938.165860739
36755.44161182828,2717643.539861679,182590.82988681644,2936989.811360324
169132.67132675834,-7304294.166739851,299922.9740957767,-6835238.521317316
262716.8942733072,-3422691.8061281145,118335.5761506632,-3041639.335704144
370306.5586801693,-18664083.867141247,234682.28050078452,-18059095.027960293
-299946.5257297754,-11873598.457616866,-94952.06382713467,-12268497.047173776
-181620.47292961366,-3794002.5906801224,-87268.63976630569,-4062891.7033760417
100660.94063209929,-16030084.671853602,276731.49566340446,-15652692.235558098
-17251.875614197925,-16549454.332703203,283191.5996735692,-16283514.608643832
15644.637150716037,-8817726.370290875,-207136.41542048007,-9009218.14856064
22815.557177362964,10845731.222495526,283939.1017341092,11152485.881406998
-465997.0803038124,-4225000.140619397,-57835.98870752007,-4748833.20963073
23704.739393135533,9484377.178162992,273082.36016037315,9781164.2777165
192517.79196731187,-11497431.24532789,-98317.25539889932,-11403230.708759477
-52076.24052768946,-10071926.827444881,46083.230243355036,-10077919.837729216
-189102.29285410047,8230434.796885073,-280249.8831603676,7761082.620870605
55612.522970151156,23637399.84976244,-147180.87756305933,23545831.49516953
57009.15987556428,14443054.795446634,-289737.1961607486,14210326.75916145
382991.2100867219,-9412451.880860865,605464.7710862085,-8423995.899687935
-51156.11427252181,-535712.4459532499,-166159.6972463876,-753028.2574721593
321169.71352304704,682451.8035317063,-102926.000901483,900695.5161532704
-31912.758675919846,477629.0441287458,158486.8759329468,604203.1613857727
-170529.76721647196,-9571876.008462906,-348942.33859246224,-10091348.11427184
-257202.88466940634,-5904565.686449647,245878.80364875495,-5915889.767470298
-390349.3304917589,-5605066.458554447,-405824.06958372146,-6401239.858629927
-25933.885804031044,-26530168.070618212,4554.888093709946,-26551547.068328533
-194012.45128829405,-2410584.510974407,12912.311652690172,-2591684.650610011
69951.84242219664,5587480.968031764,-535753.7083677948,5121679.102086166
-229176.63455835916,14110300.998851985,14651.626193195581,13895775.990486821
65262.56056646258,9281515.4221344,-25808.621381267905,9320969.361319594
81950.25979642756,1355175.4718597531,-85194.7705283761,1351930.9611278046
-21234.207582902163,-14420371.198878467,298990.51175919175,-14142614.894702177
472277.38653250784,-1276459.0214428902,172166.04521252215,-632015.5896978602
-263065.26535905525,-11546309.3084369,-166682.42059261352,-11976056.99438857
-40843.88534498587,-1719677.5536445975,123223.28775444627,-1637298.1512351371
-2072.043172158301,21821278.11312282,-321936.8722084239,21497269.19774224
131727.5056376215,6738371.227187425,-166972.82510825992,6703125.9077167865
-660058.5372206401,14015257.222047985,-649104.0711765289,12706094.613650816
-205690.00256014802,-19961610.596548736,-405701.2813767046,-20573001.880485587
77528.02326975949,-5247174.826301396,-235254.1608748436,-5404900.96390648
104454.15913034976,-13621702.212376148,-245271.41899640858,-13762519.472242206
363389.8360066544,-12334020.801071942,340700.32109253854,-11629930.643972749
-221979.90858529136,-2967910.8866633773,407577.88705699146,-2782312.908191677
97762.1887665093,4235182.971078932,-215245.82815116644,4117699.331694275
397060.3854556717,-7742301.607796073,594605.1299876124,-6750636.092352789
-246205.13437907398,9208641.277762711,-665811.2961580679,8296624.847225569
19214.327204402536,17249899.48969698,-139525.3533430025,17129588.46355838
-118827.21147262119,7672158.870715708,55434.5094961375,7608766.168739224
58520.91922992468,-17471284.758817524,-331650.64934407175,-17744414.48893167
482708.0871506799,-18459591.040494204,376586.09820663184,-17600296.855136894
-116768.31243541278,17650817.013460517,102365.8044769615,17636414.505502068
3367.8311722595245,-7179729.175034732,304202.81753097475,-6872158.526331497
-448619.0262343958,25525354.687918127,-666357.263265565,24410378.398418166
394455.67040784284,7542076.904571474,-3576.873399630189,7932955.701579686
-239346.97391294874,-2319765.966433823,-535954.0286059305,-3095066.9689527024
538363.4673371986,15718391.567140698,412570.9149237871,16669325.949401684
150142.1417125594,6881836.766713619,-102510.8004284054,6929468.107997773
-212715.4416179359,-6428067.965193391,-229871.35872854292,-6870654.76553987
-86111.10626870394,-7923174.121745944,-124964.58556565642,-8134249.813580304
15718.538850562647,15328892.885101646,-99434.28033854812,15245177.14361366
-251486.84736819752,345964.40518289804,-513170.5288231671,-418692.97100846656
109966.20904241316,-17823509.785149932,51476.52824192494,-17662067.047865592
44949.72925279848,-1209925.4283200502,458381.69440669566,-706594.0046605561
117652.28816470876,945694.3168408275,155618.632916525,1218965.2379220612
-390645.0720295571,140567.49802321196,197432.02634128183,-52645.54766506329
227343.85082042217,-2436380.1635934114,197446.94566185772,-2011589.3671111315
21709.080637285486,-4054567.2477172613,-34130.384063996375,-4066988.551143972
-296443.87113486417,5541930.736323595,-109755.12770482898,5135731.737483902
-319904.9323441349,9720981.110779017,-21924.15246655047,9379152.025968332
-269986.5220892392,6729505.423569024,-502060.0037600696,5957458.897719715
-317645.30938500166,574317.2184894681,-212236.17676234245,44435.732342123985
150325.57424967363,-984796.9921592474,8700.61608208716,-825770.8018274866
77357.17304137349,2246719.4470793307,249074.94168677926,2573151.5618074834
-95609.87509861402,1617736.2478464246,-108368.27685531974,1413758.0958924908
53234.67770225555,7877239.997203529,394081.89271422476,8324556.567620009
251312.59551600367,-8007932.941851646,42403.5607464537,-7714216.785589188
-8767.889466997236,12840622.81201604,-63410.211520567536,12768444.711028475
-377185.692311747,-16382690.851862133,148532.2937170714,-16611344.250456808
207344.67222876288,12543732.932324678,201111.1535217166,12952188.758075157
-91162.04509974085,4035032.6327884197,369638.9809331,4313509.568621779
27203.699900282547,22787556.98365003,105625.30743135512,22920385.99098167
91047.99197352678,-5632475.946112514,124969.3993152976,-5416458.554823689
176103.61015848257,8193652.770357728,-51767.24058826268,8317989.139927948
-363093.09054823406,-8178738.931063414,-318826.84359241277,-8860658.86520406
302756.3088329695,-6712609.876170576,363659.7432295233,-6046193.824108083
95104.4568050094,-9830235.037547171,-337154.59319952875,-10072285.17394169
209300.2300315909,-18477623.556968182,-215110.50192436576,-18483433.828860957
-30322.968254771084,10056372.922241718,-268684.35164993256,9757365.602337014
170092.79718190804,15197323.547586083,-468714.5832796544,14898701.761488337
7277.806830948219,16535238.953849018,-303498.74933127314,16239018.011348693
97090.32236919366,-11914146.297127187,-86324.27345057577,-11903380.24820857
36300.53781637736,3500313.8588846326,581630.1226878539,4118244.519388864
-25523.648482808843,-7237101.055592537,417047.7111370638,-6845576.992938282
345335.3835655488,8592488.846538723,250338.18474578112,9188162.414850052
-115208.98326234147,-3319363.665953696,411013.004533425,-3023559.6446826123
-110989.7750968188,-3677446.031678438,-85967.12598882616,-3874402.932764083
-277609.00032834895,-5202012.461984634,-86849.32435593754,-5566470.786668921
-167829.53980891965,28066183.18627301,219090.87673909962,28117444.523203187
222492.79367320053,-12126133.296403289,-77040.83380137384,-11980681.336531462
97875.36590611003,1056859.3313689828,-101810.95140190423,1052923.7458731886
-138730.1649550274,-12613588.972549021,391037.79128430784,-12361281.34621974
324346.0749406181,597283.5142379403,164139.66289227456,1085769.252070833
-24843.217258386314,-10429441.091035873,299882.8281711042,-10154401.480123155
-96572.66414703801,1286359.143648684,395141.928790167,1584928.408291813
372617.93708052114,-16636672.462813318,-129618.23663245142,-16393672.762365248
-347498.29012116604,-5803570.354838729,217634.40046485513,-5933434.24449504
-355802.34161839075,-5767064.720180452,-258843.99474974722,-6381711.05654859
260250.18581815995,-549433.0982288122,-322265.8978234604,-611448.8102341127
352698.7160957679,-9165208.185282052,-21848.551946274936,-8834358.021132559
-139446.9435260445,-9695345.237756193,-488213.6217467189,-10323005.803028956
-109062.72969052382,-5911915.603335261,310511.07767784595,-5710467.255347939
52526.231448836625,-24199679.71541387,-378880.20412927866,-24526033.68809431
160411.77054496855,-10191583.274406731,-178549.18615700305,-10209720.690018766
-145310.5876997616,1620177.9070846438,226020.17852488905,1700887.4979097713
65236.445290751755,-4487480.957619995,-257222.7026474774,-4679467.2149767205
145459.63701148145,3382805.7452364266,67469.40188129991,3595734.784129208
559691.0953037161,-12764579.568025172,-136473.01337713003,-12341361.486098586
429746.4665715024,-10460128.11187315,86661.77858055383,-9943719.866721094
-169768.9362996295,1845308.6105705798,-457371.1679632962,1218168.506307654
130808.91463135742,11617547.41449979,215945.19055721164,11964301.519688359
256023.25541754253,11606780.479170114,-124732.94578148425,11738070.788806172
-235862.53501388803,-826433.7491213083,-120476.77708266675,-1182773.061217863
-260231.44672384486,-15202412.134611875,-79366.17009714246,-15542009.751432862
391797.2515032068,-4013986.7728007436,-27309.13839225471,-3649498.6596897915
-84072.24710565247,11144943.471284479,-491159.93870152533,10569711.285477301
-38602.838119942695,15072698.519125938,-434043.55392134935,14600052.127084646
-158035.55854234658,-4135254.6716219783,78172.20632570237,-4215118.0238386225
-104270.43168241344,-8288440.626196563,-547468.8148127049,-8940179.872691682
578563.8858422935,14867741.077907324,264816.7423633933,15711121.70611301
132019.692131605,19381547.59207964,18908.97071632743,19532476.254927572
61026.47082678042,7166306.978686959,325666.7621633932,7553000.211677132
-229878.1507837195,-15048188.727099001,54011.39437073469,-15224055.483511986
536623.9497484416,14201548.085994035,-196685.50725640357,14541486.528486073
367041.14970519766,-1380710.7806552649,441323.10139247775,-572346.5295575894
-44069.24849242903,-3507222.9260882735,-208291.38872811943,-3759583.563308822
-38799.63222603127,6266875.754962027,-147512.99887042493,6080563.123865571
2567.611949561164,-9406087.258681566,490921.2620207295,-8912598.384711275
184912.41119660623,-16709040.027496457,260612.80610238016,-16263514.81019747
51634.38590171188,11185351.83761698,-156385.5754711032,11080600.648047589
-2391.501367503777,-15142967.936076999,-308138.9733762294,-15453498.410820732
-31916.62694545649,6400522.433633506,-383993.1185020879,5984612.688185962
27510.48003691621,-10209743.190485924,36103.04002793878,-10146129.67042107
187444.9749465119,5760395.049004972,-338370.7393390015,5609469.284612482
146586.40472536534,2046335.0503977537,-257951.5941708535,1934969.8609522656
-560813.6957892366,-10244912.075814068,-251915.5543019399,-11057641.325905245
319081.5178126786,-12956725.617917001,842.6797576993704,-12636801.420346623
132550.93772606738,10207138.933534503,167720.66482791305,10507410.536088483
-322823.7215358615,7119478.845470786,-210811.77089510858,6585843.353039816
-142212.19080998935,5322482.415631592,-124334.1327496916,5055936.092071911
-200491.55536449514,-18435168.178883016,210998.01453195512,-18424661.719715558
220879.6910987869,-12228298.87755391,306738.7558778003,-11700680.430577323
-171086.28186935,-14271889.40980807,652367.0014930218,-13790608.690184398
-18967.94248850271,-17735585.617574573,-520217.5663588196,-18274771.126421895
-333932.87994097546,-895994.708150506,191666.11159557104,-1038261.4764959104
217181.6331444811,-21426415.38847235,-490447.555072844,-21699681.31040071
-181229.90209067054,10167465.409591436,-54493.63919651508,9931741.86830425
-458628.50023562834,31620376.16541949,-369820.44540944695,30791927.219774414
-189417.00347964466,13246002.620135546,268318.99008033425,13324904.606736235
164060.95478814095,-12178892.810821563,186049.92717186362,-11828781.928861558
-381410.0382549744,-105946.79384061694,-177047.28630064428,-664404.1183962356
-234612.36252019927,-407666.06830245256,-216041.56772060692,-858319.9985432588
-125578.79951688275,6697714.84859699,-150466.295806095,6421669.753274012
156273.22490735352,5749949.174698055,159239.07433377206,6065461.47393918
-477013.25938215107,4319261.288465589,-6811.199661627412,3835436.829421811
-103949.5912907198,-14938986.560017914,306901.2716984451,-14736034.879610188
725695.8582274672,15048579.112555593,532318.135293439,16306593.1060765
103431.76779805496,-15667004.26346767,212202.36727885902,-15351370.128390756
-112430.1927594617,13657792.88223648,-137899.26205376536,13407463.427423254
1948.7206919156015,2321452.86696136,-79342.75862244517,2244058.8290308304
-377361.5861713644,-14977470.946715623,74554.34639557451,-15280278.186491413
-98342.16252713278,15797183.39801079,-436971.13314294815,15261870.10234071
168885.43738751858,24404396.32149589,-74306.54821952432,24498975.210663885
132498.63972915336,7470.514726668596,-228887.65773584694,-88918.50328002498
-47409.12339416519,-3799755.438481331,355234.695617944,-3491929.866257552
233185.5528507568,-10303814.125591278,274668.7716350183,-9795959.801105503
12034.88563284278,-1250030.7021450996,91520.7864857912,-1146475.0300264657
143427.177323414,9569171.871749818,-18840.142621546984,9693758.906451685
107596.68209361844,-8760132.643340409,-78105.6645405963,-8730641.625787387
49097.21371655911,-8136742.440839529,199738.2205515355,-7887907.006571434
-92602.8416900672,-10324530.720112264,-414034.1819265783,-10831167.74372891
70449.78111181222,4826406.27841115,11678.278800621629,4908534.338323584
-85520.3579583969,-11047312.707535744,-131053.34205180407,-11263886.407545945
-89551.51603596471,-8334669.990951955,-241518.15480218828,-8665739.661790108
280456.97046408243,-11477348.593203723,-119700.82673249394,-11316592.449472135
-253485.1149442438,-12648397.498696804,158712.07563854754,-12743170.5380025
38265.834348676726,-27068022.746439278,427002.406176351,-26602754.50591425
-197854.25244731456,8976606.857498586,-283179.6137112677,8495572.991340004
28902.442470807582,15728574.2357651,151505.53338322043,15908982.211619128
54902.883381476626,-7095977.743825257,-410480.1576522812,-7451555.018096061
-263232.08957670815,39996381.84776604,386036.4356110096,40119186.193800345
-350828.8040371947,38200846.48270738,31785.263446718454,37881802.9421169
19598.457028901204,-11242501.753441542,99904.61300199479,-11122998.683410646
57350.5981227532,25284013.049999416,-285397.3363556117,25055966.311766557
141109.8742036596,2188056.336084634,-74887.32012616098,2254278.8901621327
202066.4862777777,-14771603.954827368,285702.73900574446,-14283834.729543846
-147772.31614420563,-207623.6084871292,1338.251387014985,-354057.67324431986
301766.54308851063,-10664883.627626747,270191.3892007619,-10092925.695337474
-51277.653436878696,19768379.589883655,15753.828719198704,19732855.765165977
-18003.42118789442,20717470.48367399,-131273.93451407552,20568193.12797202
11313.376562777907,14069158.071560562,152266.0740871206,14232737.52221046
118043.57577837445,166817.5466222167,-111842.98927029222,173018.13313029893
-84231.4160344936,-12924502.621279597,77395.79576894641,-12931338.241545144
46753.72722609714,19032511.45384252,-26334.293959245086,19052930.887109373
100591.12059617788,-5189254.267997205,355832.7231037989,-4732830.424297228
-74701.9117920138,-27634279.05873072,85111.80908661336,-27623869.161436122
-112268.83191343583,16489096.741535723,190925.3783299178,16567753.287952205
-192860.08544466086,-17603029.222728074,-322144.98183437437,-18118034.290007107
9071.994165578857,-12990226.8015472,-521218.61110779643,-13502373.418489417
153740.80551126227,3928119.6665602326,203110.50651153177,4284970.978583027
-110389.05786941573,4027239.356922567,-609418.268673636,3307432.030379515
-3961.7007110808045,28973027.012515098,152594.1584033519,29121659.47020737
-424876.68408676796,842017.6560089588,241140.0437862128,658281.0157084037
-200013.22598341852,-3796855.0789930224,-110349.69656856358,-4107218.0015450045
567175.663490979,-1657702.0777270794,-116993.5717477426,-1207519.985983843
234255.94901338033,14407590.282975525,-210684.7194653079,14431161.512523597
295791.0088282991,6376076.621318698,47336.701689600945,6719204.331836598
-103418.79081255198,18003228.765822798,-739347.8252343982,17160462.149775848
229526.26577952132,4857923.547214866,92276.67516889423,5179726.488163281
-181894.13275381178,-4073481.4789566398,-334068.969680354,-4589444.581390806
-452373.3542725146,12513311.071683109,-250358.9970907569,11810578.720319837
-71991.05353054032,25033093.516633004,-186704.99768874794,24774397.465413716
383285.0851867534,-4331782.331736684,186805.944959037,-3761691.3015908934
-307240.8696386665,17294767.45121917,-142229.30173381418,16845297.27984669
-96293.15913069807,581770.9461045265,249500.93978066742,734978.7267544959
-22664.55180187151,-6822621.684390694,212082.39849622548,-6633203.83769634
-99908.86502101086,23927448.385859907,115223.66825117916,23942763.189090073
613371.7904306334,-6868173.476760954,343697.224656567,-5911104.461673753
-213869.55896240473,13452499.992909372,-354385.63120346516,12884244.802743502
-288643.4797596391,8305524.025035024,-214943.13230776042,7801937.412967624
-351830.44769910537,3513763.0098501444,45021.613556951284,3206954.1757079903
323683.46264720894,11668002.797807306,-163497.40353312343,11828188.856921392
-366375.3407255504,631470.0460357666,-493398.3697466478,-228303.6644364316
-269616.73878332786,19956631.02308944,-181417.52648011595,19505596.757825993
-28099.49290006049,7625236.269880235,-662734.3362770453,6934402.440703129
242049.1770026479,-10606237.6300686,-284816.74140040576,-10649005.194466358
-347971.1701005213,4530333.283520341,-129482.27088043094,4052879.8425393887
-571269.2813294791,-11463992.709198833,-552214.141379714,-12587476.131908026
-46519.2317818068,-22040921.62589395,-149324.2472428903,-22236765.104918648
-236223.04865581356,38772898.709763706,-496425.8835735768,38040249.77753431
-41819.16183743626,-4749321.54060322,-46097.47872194648,-4837238.181162603
106301.44661582634,-12635239.803201139,300040.2391770929,-12228898.11740822
-181249.1131870728,13240039.909295648,-137239.08192166686,12921551.714186909
114603.85095572285,-28715331.778704584,-89595.82887779921,-28690323.75662666
-87153.54115006328,-11731385.256183058,-344389.28623288125,-12162928.083566003
39859.98299790546,-25905291.5879246,219732.2869951874,-25645699.317931507
103739.95784963109,7040759.890384316,-171809.894602485,6972689.9536314625
-37496.1556400042,2571480.054750234,-188619.45989650488,2345364.439213725
96661.72503347136,10368868.153052092,-18151.729129873216,10447378.14895569
376081.73136518523,31975040.925397933,-51127.79785178602,32299994.85891133
125320.30168233812,37627461.77022302,296122.23759747297,38048904.30950283
-65935.21250581928,820172.1056383848,399256.97354958206,1153493.8666821476
-195165.7105741743,2731599.8741697967,-419342.6351615563,2117091.528434066
-195226.0165648535,12837499.695629448,207329.3805019334,12849603.059566528
-512928.3937870562,1552908.2373982072,-289013.3806118369,750966.4629993141
-57593.24163111858,-7877691.792930156,-486498.2245840207,-8421783.259145295
-60045.34420288168,6967019.051346868,-438858.48019845784,6468115.226945529
161708.02973964065,20062281.13107103,266202.06979992986,20490191.2306106
-1068.0385191366076,-530144.8339679241,-589643.7939916104,-1120856.6664786711
107538.50055647455,2768508.709267199,371401.209519729,3247448.4193434026
114481.97561231069,-2135346.275459379,-209325.84982601553,-2230190.149673084
-82525.04618265852,24374129.66983837,-333150.4396350756,23958454.184020635
-332674.012046963,-9635307.1828323,-290939.76100639254,-10258920.955885656
89948.61055650562,-7480461.158658236,-140381.285495162,-7530893.833596893
284843.02676171064,3060101.8220214844,-165828.89985243976,3179115.9489307553
144076.31373502687,9404592.123417437,-60418.05580164492,9488250.381350819
189270.59377225675,-3820302.7758817673,-131233.29673725367,-3762265.478846764
158461.52045095712,20867378.375685334,66035.56637784094,21091875.462514132
34377.01859806292,-4392360.390078068,478131.32485476136,-3879852.0466252435
-75446.03821306862,17059096.332460582,-466070.2482332736,16517580.046014242
6265.367861762643,3022818.133369386,-255710.4014478624,2773373.0997832865
8828.60058952868,-7494435.641147792,-319404.48354976624,-7805011.52410803
183997.8358540926,21600417.524078786,396758.7781653777,22181174.138098255
-175287.73499380425,-17752200.921388745,218470.93334375322,-17709017.723038796
9137.644244631752,10271771.536854178,206824.40737063438,10487733.588469444
-222126.78035876155,-9900813.40207088,-306619.3279353678,-10429559.51036501
-448733.3538707178,-26175104.443776786,-313957.44628769904,-26937795.243935205
29830.214516397566,28589774.866336107,-177000.2258196175,28442604.855032887
196074.06620816514,14055156.692325085,-45474.800097323954,14205755.958435927
-187528.81089987792,-206085.90647050738,-108088.36961956322,-501703.0869899485
91928.73368558474,-26139703.1484406,389622.8298160583,-25658151.58493896
5171.458005471155,1113109.036528647,134636.13450154662,1252916.6290356647
115960.93704852648,13238262.120778322,-246187.63935683668,13108035.418470012
145447.7726667393,16167394.234444082,296044.74916525185,16608886.756276073
50807.97376011312,-8718114.65392983,496990.2980566919,-8170316.382113025
247872.12688079663,-198242.03494510055,182005.52906519175,231635.62100088783
-84216.29788056202,14908821.994620085,-402969.76595813036,14421635.930781392
102901.29461824708,-15476601.237140238,-231829.6431216076,-15605529.585643599
109425.25660139322,-6346820.664027363,-113182.59896233678,-6350578.006388307
218802.9461313393,-2395854.246219337,132859.88678748906,-2044191.4133005086
187391.17801396735,308819.86601758003,195778.6029379815,691989.6469695289
-80157.10633407906,-18389771.58961892,-16491.778969556093,-18486420.474922556
257489.68584189937,-1390887.8707534075,381841.08701928705,-751557.0978922211
-65492.64008265361,-3048560.8876118064,161573.4033646211,-2952480.124329839
-231701.67302898876,5662251.506754637,-396722.756107226,5033827.077618422
-10345.754550239071,-19537234.691088617,56248.20618440956,-19491332.23945445
325615.3500614688,-13490062.510221481,160102.19301650673,-13004344.967143506
-30559.59675005637,-15974856.374010146,-21671.309091195464,-16027087.279851397
472492.4347828366,3096525.6882844567,88673.01264345646,3657691.13571075
-320252.9180219043,-1831390.7131806016,-51482.00585362315,-2203125.637056129
-368896.586732503,16194345.9520908,-42187.47214258462,15783261.893215712
-533029.2143363431,10414013.949041247,-340023.13845390826,9540961.596250996
-100673.59550566226,13751253.389725566,-40851.49750111997,13609728.296718784
-287601.0690725781,5056702.770080149,31294.691931329668,4800396.392938901
-311903.96563227475,-7737334.718105257,-187487.55258590728,-8236726.236323439
285526.6083735395,28884109.152196705,274662.0771732107,29444297.837743454
137371.23075640202,1608356.1348229647,110982.3490742594,1856709.714653626
78631.25736451708,1155232.7099078298,113315.09394147992,1347179.0612138268
24232.021627070382,-11041123.65662837,-61611.833079651,-11078503.46808095
262026.19229273684,-14247702.962661028,34863.713054031134,-13950813.05731426
41586.47892561741,-12281032.898989677,126047.23704903573,-12113399.183015024
-121748.115120681,831829.2481654584,154438.92296779156,864520.056012569
-338059.474860698,-676263.7589007616,-772060.8022504151,-1786384.0360118747
-187047.2962875925,11559810.769538283,-21445.459698826075,11351318.013551865
12464.474322514609,12131265.807975054,186798.65707167983,12330528.939369248
8372.802501475438,-18956373.28054166,80316.03386877477,-18867684.444171406
-16497.9478474129,-16814202.923129857,251051.2583643943,-16579649.612612873
195168.86268200912,-13746887.851001203,33743.156401745975,-13517975.831917448
-96257.27569650672,-4058312.4653978944,149181.52276836336,-4005388.2183260377
322191.4292256776,5301010.860738665,242256.99358379096,5865459.283548133
69253.96654412523,-5238973.040807843,160874.02841942012,-5008845.045844298
-182905.65628319792,8376747.8798241615,-15916.343829773366,8177925.87971119
-72781.91447930038,368012.42056277394,255640.35597735643,550870.86206083
-110742.63889740221,38775649.65852296,113284.63964888453,38778191.659274444
-10620.91394036077,3009371.9477244616,-10647.64386586845,2988103.3899182323
34213.19007067755,-11429153.896888942,-541999.9025472328,-11936940.609365497
219970.04544718564,6084914.990031719,-683052.2544193715,5621832.781059533
-160494.152245285,16433520.385460556,-209935.60742616653,16063090.625789104
-18221.137967739254,-4916580.0668488145,384806.5210124329,-4549994.683804121
195890.5836540237,25882355.354981482,-617355.7960418686,25460890.142593637
301089.9954296425,-3502935.844317615,9430.843565389514,-3192415.005322583
278952.22480733134,-8749496.883813858,797241.4109288678,-7673303.248077659
-108931.39672089927,5759100.620029032,-407586.4843447581,5242582.738963375
161535.88578543998,-17873867.550905973,392802.24426759034,-17319529.420852944
287883.17757853493,12366225.04305154,-107310.62585460395,12546797.594775472
196117.02872940898,8347198.2987781465,180373.66618672013,8723688.993694276
-204509.9503754601,34234583.0541209,33081.035140641034,34063154.13888608
219337.30114058033,4517149.874072194,128485.07466731966,4864972.249880094
179450.87004921027,-5038793.882935107,75916.47580524534,-4783426.537080651
-119506.31800087541,116822.0146407783,-12064.699832737446,-14749.003192834556
-92145.85586286336,-9135856.101193309,107765.09868194908,-9120236.858374223
218056.90007886477,-23555811.333716035,305441.8760816753,-23032312.557555497
99526.19158238545,14758983.973558724,-310108.8434420228,14548401.321699087
119276.55017905869,10547813.806194842,157607.657893233,10824698.014267134
108665.40585331433,-692766.382928729,-320875.164003022,-904976.1410784367
-164582.5398781579,16577056.25092572,112904.91748961061,16525378.628537172
71567.40699932724,1961122.0106899738,-333538.74132024497,1699150.676369056
-45882.11163518578,9722646.963755637,-243242.38041724265,9433522.471703209
-108386.94130443223,5324941.976071596,-232945.90921908617,4983609.125548078
52842.78727796115,995710.3794335723,133014.36844201386,1181567.5351535473
-278045.64040791243,-26690926.696718693,-157818.90508531034,-27126791.242211916
-205916.48023161292,21831167.346708268,-704849.9915122986,20920400.874964356
137829.2086028997,-2451322.0338730216,497000.41660161316,-1816492.4086685088
-8121.525067780167,-2751402.7381349206,-466740.77959120274,-3226265.0427939035
-18312.755905663595,-9953561.421086162,15151.442429997027,-9956722.734561829
-22289.948386626318,-13652828.649061441,-322117.62628918886,-13997236.223737257
41781.85369138047,-8461868.065494,204064.4761717394,-8216021.735630881
421630.31951683015,15870199.833907515,370447.8696760386,16662278.023100384
161090.06431096047,-4898692.636521995,-53254.83020530641,-4790857.402416341
127558.11476499774,-2513469.1295368075,-123605.6026315093,-2509516.617403319
392472.1880478244,-26896632.77764058,344718.4156766683,-26159442.173916087
-389256.77851508,2406524.623218596,-125796.69990198314,1891471.1448015328
-110892.16490853392,-9125909.168383151,92573.85807931423,-9144227.475212371
513441.7905344255,15181276.439382464,-175667.0123765096,15519051.21754038
193530.6902540624,-9332145.772902668,-122385.64223015308,-9261000.724878758
-11114.830323852599,-13797777.147227049,405172.3895242736,-13403719.588026628
-495063.35516354814,20818957.09409502,-205452.01628169417,20118441.72264978
-67047.47774046473,2104701.3916553557,-98981.46051125973,1938672.4534036312
61986.23487142287,12846464.193195641,286965.71141040325,13195416.139477467
-384209.70169191435,-8297197.92101568,-309465.9944553971,-8990873.617162991
-249058.27617648616,-17484986.781538785,119158.90416899323,-17614886.153546277
59178.249934732914,16020792.615828753,15108.354454956949,16095079.220218442
106806.88848005794,18569552.782089442,32085.372565612197,18708445.043135114
-113585.65173967555,-827732.5302752256,-43652.101074934006,-984970.2830898352
-129568.45329591446,3176308.3417173624,-72868.17359111458,2973871.7148303334
-101841.9198318068,852883.7061684132,-227327.24410124868,523714.5422353577
-13607.713720837608,-7969144.366691649,-271326.1045282036,-8254078.18494069
96192.44913297519,-9644454.953702092,205330.62424851954,-9342931.880320597
-60042.862909970805,5089717.180079907,16367.6901544258,5046042.007324362
-128067.61567724869,-10861762.580958188,-594244.6757186055,-11584074.872354042
-68886.51676520705,-12985176.441609025,364794.629931733,-12689268.328442499
-149587.42435763963,9795087.221483499,-127576.51910880953,9517923.27801705
191954.60988926142,-3889624.7414984405,464194.05875848234,-3233476.0728506967
122836.92554666288,6575330.837161481,303179.5366535038,7001347.299361648
34151.69564793073,16571833.712566793,159866.20591524243,16765851.614129966
88010.32253330201,-14780949.86532858,463706.5878789127,-14229232.954916365
298014.6492866855,8329195.667587221,292260.9967330843,8919471.31360699
150464.05671933666,-9900574.108788252,532935.4824020118,-9217174.569666903
-118216.00848257914,4437157.32092458,-348594.07788782567,3970347.2345541753
-304348.51305457763,8996198.037519127,-333787.52326401323,8358062.001200536
273855.90415244736,6437275.643379152,-10084.600458092988,6701046.947073506
376498.98454107717,4825715.93017292,152483.2957112193,5354698.210425217
-169516.18282179534,15744575.060079664,195011.4800208807,15770070.35727875
-8401.345897585154,8455795.303549826,253728.41342289746,8701122.371075138
-144913.43610743806,2915758.482379526,-321901.22489130497,2448943.821380783
-320848.0673934221,-985203.9798657298,85136.8356326744,-1220915.2116264775
-77217.20385135338,-21002007.7449854,-175524.954788588,-21254749.903625343
-418796.545020096,916113.3011271358,-266329.5299631804,230987.22614385933
384722.63247695565,-7532177.197580755,122838.24764831364,-7024616.317455485
-105839.56534647755,19550328.78434205,-50023.88197565824,19394465.337019913
-300901.6868341658,-4602296.2683675885,-53487.80987269431,-4956685.765074449
253782.817741815,7217684.037122548,161278.36947138608,7632745.224335749
175987.92602253705,4170224.4913401306,36784.49224972725,4382996.909612395
67100.10964899324,-4817761.143946856,-22468.62146525085,-4773129.655763114
295895.7130100392,-2505600.576512426,-34167.02171366662,-2243871.8852160536
-38864.760070387274,9164559.466406524,-111863.1135847941,9013831.592751343
-81159.85127347149,4158197.868468404,-131302.51626167446,3945735.500933258
119053.90733372234,-1504260.2071538568,295467.9021166265,-1089738.397703508
-574283.3866976257,-10702555.813234687,-184355.15229815245,-11461194.352230465
46474.856611156836,2921900.042778611,-38949.17776066065,2929425.7216291074
-11874.013769606128,27521135.411330283,435311.22784404457,27944572.625404723
-135540.59226551093,4451263.238181889,525527.7243756801,4841250.370292058
261015.7058698181,-6066600.992774606,279821.9056272954,-5525763.381277492
-93356.57157195546,18222035.37303883,-179827.57726625353,17948851.22420062
80511.86334811337,-393161.88550943136,-146338.47542040795,-458988.49758172594
2737.7997920345515,-21296671.153475642,-38670.16451346129,-21332603.518197067
53012.263462612405,8989120.242479682,26296.230095148087,9068428.736037442
-48452.17411476374,7349451.575067788,-329984.2790767178,6971015.121876307
3486.326515076682,-16726363.202010453,-167983.6133325398,-16890860.488827914
118295.18808308803,27526297.009825587,-206847.5598743856,27437744.63803429
21385.214868446812,1445540.120242834,402511.5515377745,1869436.8866490554
59977.96499376185,11990213.910090744,-50192.31113854051,11999999.563945966
100582.71800660156,22379905.112493545,171423.60377451032,22651911.43427466
-317285.02586172894,2461435.8459917605,-564855.264184311,1579295.5559457205
-258117.78674500622,21003684.487003356,-37349.76180101931,20708216.938457333
93820.5826578699,-15049643.777513206,-217736.70798239857,-15173559.902837735
-56835.31633128971,5089749.140886784,363441.012491107,5396354.837046601
432522.6067093108,11676834.658179343,-182238.19903654605,11927119.065852107
171288.8959446028,-1881240.4687914848,-294695.09674502164,-2004646.6695919037
15623.025811942294,9124566.090329647,306661.62762242556,9446850.743764015
69586.80263589509,-20491291.29594204,290259.97654090077,-20131444.516765244
110648.63833914697,1490861.7603673935,-293.34265956282616,1601217.0560469776
94401.14850701578,-4283211.263528168,-153984.7297629714,-4342794.844784124
542876.2703410927,9962622.369017184,49456.57670874894,10554955.216067025
288865.26184904575,-4549857.936330318,232216.95699622482,-4028775.717485048
-91322.82946477644,6474138.593515217,79019.44980576634,6461835.213856207
206413.93288876116,-1345201.3130986989,471937.3630466461,-666850.0171632916
-183522.3750484567,4293824.573022604,-409510.320004493,3700791.8779696543
4531.646875565872,14600915.23318538,-115854.7240196839,14489592.156041263
-87004.63637727872,1740180.8941332996,-17178.081387229264,1635998.1763687916
-107194.40998177975,1471317.634296447,131665.41802482307,1495788.6423394904
-226522.67334413528,-1618134.9610480368,14275.808093309402,-1830381.8262988627
-35376.17481172271,-782533.8065095544,-74039.09197877347,-891949.0733000506
-65573.66985446028,-22902008.220412254,160900.62483062595,-22806681.26543609
-168897.58361658826,-8171967.759491622,-64050.630038037896,-8404915.973146249
61884.188887374476,-3181368.0820768178,238728.70826612413,-2880755.184923319
-275854.04936072417,19123969.671327174,-166755.14080061018,18681360.48116584
-290552.03144080937,-705975.0097159743,60526.53009286523,-936000.5110639185
-207493.73496100307,1928635.4573450983,-365317.53122190386,1355824.1911621913
-59031.48938130215,-17264419.48235327,-328573.09937968105,-17652024.071114253
231282.72420438565,-2822090.7505759597,127926.23650770634,-2462881.7898638677
92461.43701307103,8462759.618784785,60104.49394594133,8615325.549743798
-226410.51034411788,-27169305.415157735,-547020.2887280881,-27942736.21422994
440407.551268084,2005568.0789039433,552144.8666608483,2998120.4968328755
-265799.7341651507,-641679.105296135,112463.66131942719,-795015.1781418584
568681.2798050102,-10741143.927676618,203498.49148477614,-9968964.156386832
-48123.86267093383,-3002851.5523104668,62363.85905285925,-2988611.5559285413
192311.3814761173,-6820870.462720245,145506.7826679498,-6483052.298576178
-319384.05658427253,-6906535.06248796,-222838.24508446455,-7448757.364156697
-121529.39813480899,-4189923.475573957,360077.10781386495,-3951375.765894901
-97146.98939599656,373953.06460645795,113837.99295408279,390644.0681645442
-79703.48256315105,-31598573.873673886,-181890.69133260846,-31860168.047569647
227642.20236813277,-16064852.100925088,253161.27442841977,-15584048.624128535
275674.49372421764,3947574.2884736657,406667.16786222905,4629915.950060112
385344.2207105197,3674087.3503793776,7111.792937502265,4066543.3640273996
457015.1742173005,-3239417.2817035913,518205.8455494568,-2264196.261936834
-315169.00642618723,9459659.546838641,-30420.61291371286,9114069.927498741
168273.03493274562,3444827.0465230346,218544.7616006732,3831644.8430564534
81069.87013568357,-14176995.386096418,477803.3270234391,-13618122.188937295
78595.46170780249,2999240.4419659376,-299064.88741943985,2778771.0162543003
-356637.91274507716,-307008.8654142022,1757.5208628028631,-661889.2572964765
-29604.129939418286,-4511640.508902729,-642003.4766605943,-5183248.115502741
-88504.42829831317,1709072.1519534588,305219.3488846421,1925787.0725397877
-11472.686001282185,-1095786.104311198,-85098.99628590792,-1192357.786598388
87125.73376323469,766547.397536546,305146.9512471631,1158820.0825469438
136828.35663150623,4060270.186225474,228572.69770792127,4425671.240564901
25316.923545720056,16052366.973779082,-251710.34158867598,15825973.555736126
-161429.0201584343,4291447.09685716,-160950.0984158218,3969067.9782829043
-290479.32800048403,6048628.614218056,-180180.41406521946,5577968.872152353
303180.54402088746,-2270039.277195424,564675.0511316955,-1402183.6820428409
108316.80402173288,8744843.859936625,117384.71346805245,8970545.37742641
261144.22773133032,16916371.657579064,-196105.75834543258,16981410.126964964
105156.00915225409,-26379584.004909903,-186033.12158972025,-26460461.117347367
-190820.1951405257,-20651322.355900645,-316914.9384319037,-21159057.489473075
-225576.9955729209,15429723.637373388,-301990.18119877577,14902156.460601691
-42778.1961078085,572627.9160759747,138961.2903553173,668811.0103234835
224226.90794404782,25563201.272240937,417548.0525367111,26204976.232721694
-300613.41560843587,19117324.362648696,-365991.2868756056,18450719.660164654
324268.1181704365,65202.03895121813,263572.4678160101,653042.6249376647
-232650.01524256915,-4760370.307105541,-281833.4307687953,-5274853.753116906
186098.45938887633,31829209.567630798,17629.56774635613,32032937.59476603
-249405.5889034476,1981649.5346045792,-82581.2542898804,1649662.6914112512
-24802.15545650758,-8613095.477119744,-55432.087553583086,-8693329.720129834
-233170.99178782105,-7867988.855126083,-240940.68315134943,-8342100.530065253
535039.9378740042,13678666.782614589,265594.151466839,14479300.871955432
325425.20746703446,3773607.6383381486,205014.59040578455,4304047.436210968
-177002.7059438657,-16178292.016917586,-315753.83324469626,-16671048.556106148
70987.6185747087,6178044.918192148,348955.26903360337,6597987.80580046
244947.8057662621,4376873.028340161,377075.83524718136,4998896.669353604
83034.12572016567,4359237.220859498,-187060.02346114814,4255211.323118515
504194.1918356456,1636250.4284074903,421650.4275409505,2562095.0477840863
-23662.797872304916,-15160834.641397357,-429533.83874984086,-15614031.278019503
164318.4513063468,-3580752.467214823,349180.6227270812,-3067253.393181395
-30914.25355841033,22495074.93042606,-27149.2151947245,22437011.461672924
-342598.8855118286,23627082.518583417,-222921.804940179,23061561.828131407
-120229.02997281402,15496388.409784675,-401559.01444821805,14974600.365363643
-111059.86322010681,-27592669.147933245,426305.5268914923,-27277423.48426186
333152.72137468867,591324.4390680492,114092.40033952892,1038569.5607822668
42763.03048037365,-15906518.47995761,-268439.510353148,-16132194.959830385
-20960.37535152398,5775326.888931632,133486.7623336166,5887853.275913725
13733.836441000924,14969994.741676122,226657.88738442957,15210386.465501552
-236067.95857131295,-1923455.9129225612,-69936.11504410952,-2229459.9865379836
244483.54248131625,4826775.964995325,279830.68249192834,5351090.189968569
-123860.12816086039,712867.4957022667,54255.32322088629,643262.6907622926
210249.92926681042,-11754775.907203197,542692.8768936843,-11001833.101042703
-128584.40316648036,6433879.858065784,-160698.04260218143,6144597.412297122
-25950.27685367316,8746560.154878497,221700.79166505486,8942310.669689879
63084.572073832154,-10301934.12613821,-272816.2883410454,-10511665.842405424
-195698.44106901065,11705785.108895808,23758.523810975254,11533845.191637773
-38591.52836820856,-11557408.298828721,-94599.60439798236,-11690599.431594912
-161435.04807435535,7702023.5674468875,-254897.21745482832,7285691.301917704
40311.04196081869,41107377.15611535,425387.08525861055,41573075.283334784
266239.30995383486,18504398.933416307,602638.2988068685,19373276.54217701
-97126.548240304,-15276615.085846782,-251379.78673181683,-15625121.420818903
-82908.32313089259,-6165671.5709421635,-228751.8021222949,-6477331.696195351
-76805.48245390132,-3244774.217002809,-259633.45458558202,-3581213.1540422924
-166023.38261615857,-151722.49429005384,-187886.33602189273,-505632.21292810515
52300.96262136847,8570505.364752889,146502.07862220705,8769308.405996464
124136.15916170552,178568.9858469367,-159030.65131366998,143674.49369497225
-84896.6089365203,20579062.440394312,-350366.04632267356,20143799.78513512
-87547.59663049132,5030321.359714031,16044.782442763448,4958818.545526303
66163.67705976032,-13871996.599715829,87593.76889305562,-13718239.153763013
307705.5890552271,16651318.538336217,231346.97162270546,17190371.099014148
286382.6961415,-10365557.77569586,-38201.236446261406,-10117376.316000622
144243.4186670035,4533253.532939464,-49527.62219426036,4627969.329412207
-47011.606920858845,-8380255.7419267,61717.45340882242,-8365549.895438736
298712.4939062577,18059115.591621757,274055.913043268,18631883.998571284
408509.92089162394,4327788.38967064,116093.22980421782,4852391.540366482
-11433.746522417292,5175288.460018575,229446.02478914708,5393300.738285305
-266710.89180636033,-20203411.958328187,158625.2864216566,-20311497.56371289
295373.5362558793,-4407274.544531494,759428.7460802272,-3352472.262195388
142874.31899986602,3168551.3477195203,52317.43720254302,3363743.1039219294
-211891.7397263404,4752884.193272889,122228.94412463903,4663221.397671187
-64518.66679766588,10226947.051314741,53462.24304827303,10215890.627565349
177155.7344072275,17104487.1552158,117560.13191322982,17399203.021536257
20604.745415132493,-2804652.874123335,285020.9335757643,-2499027.195132438
433.130664980039,-19809455.926934898,16294.840033218265,-19792727.956236698
-264826.9035305921,2100983.30060184,-322971.08051837236,1513185.3165528756
118251.59038517065,-1319797.0525784492,-101592.13826330751,-1303137.600456586
85975.48695315607,6339794.205542803,196904.0640014261,6622673.756497385
231000.44410662912,-531891.6860264838,-275065.1980763003,-575956.439996155
-223617.81726058945,18253916.098941088,-392136.87191705406,17638161.409763444
315963.2452010326,-11239816.437775105,268863.5912651792,-10654989.601308893
121967.22672142088,-15278129.966226786,-428262.703900069,-15584425.443405434
-11067.341035844758,-15875511.689001232,119560.27371696383,-15767018.756320113
29401.591554977,1232429.8541570604,-554199.7391981483,707631.7065138891
-92296.61468267068,-3421688.7544364035,-135253.77265573293,-3649239.141774807
-73984.41967132129,5578521.939415455,218166.78631389886,5722704.306058032
-166320.02498533577,-10967586.02312696,-208655.695095703,-11342561.743207999
-32839.22788817622,-1946115.5642186105,-368549.9299322888,-2347504.7220390756
32037.654193589464,-6534877.161983609,15293.665949694812,-6487545.841840325
-196197.80601225607,13581843.76891771,-282379.5913132429,13103266.37159221
293282.1334755067,9876761.644648522,472532.447242558,10642576.225366587
-117550.14345157519,-183977.91830262542,-595028.2217915356,-896556.2835457362
-60426.39823646471,4771873.438085616,352825.759485431,5064272.799334582
1676.8413594029844,-117898.79499962926,214465.9303926453,98243.97675241902
51860.74683332816,-18922300.20051354,-285397.61243006587,-19155837.06611028
-82132.73458289728,33890872.654933006,-58878.14893948287,33749861.77141062
272058.8685773928,135682.03192779422,375926.0783329904,783666.9788381774
-385824.9851580728,12598568.442359567,-823146.0220843405,11389597.435117153
-109572.92680854537,12440130.025383085,316574.63980056345,12647131.738375103
108635.88041473925,11967891.836139709,110253.15463151038,12186780.871185958
291391.53619860485,2101011.4480207264,350279.9653372839,2742682.949556615
84684.37288733386,3231411.7860749364,-407022.9938358739,2909073.1651263963
-107058.99235001579,12759596.848953426,216740.6695117429,12869278.526115153
-231709.02891515754,1454518.9445035458,-174793.09669084102,1048016.8188975472
-71879.42568997294,-7012435.075325489,145849.25098702312,-6938465.250028439
314784.47343520634,15206099.724298477,377747.4929331839,15898631.690666867
-234882.20446769148,-18385263.036991566,-88820.60354388505,-18708965.845003143
-26267.546375794336,-1245259.7166476846,-419221.78211235255,-1690749.0451358315
1699.276119183749,513980.7025716305,-105879.55640937388,409800.42228144035
-26079.414307149127,-1587714.2161028087,-234942.5136589706,-1848736.1440689284
190531.63776425272,-1101404.4089271128,-219659.74431668967,-1130532.5154795498
-65860.08050847985,-11953307.14295274,518779.8374570161,-11500387.386004204
-181582.71706721187,17188167.442419946,256706.32917276025,17263291.054525495
-208470.42900185846,5566959.7300079465,158944.61986529827,5517433.920871386
398447.58079192415,18728481.505501866,227618.36943624914,19354547.45573004
215331.01617803797,18052409.52964139,190014.19490350038,18457754.74072293
-176355.98917558976,-15614238.780201674,-295028.61686868966,-16085623.386245953
130230.04060513899,-8663894.388139904,224566.4837501943,-8309097.86378457
-60752.23722568154,-10072426.79181844,-85047.61985971034,-10218226.648903832
-298580.75349737145,-12204198.432348669,-123358.69030626118,-12626137.876152301
249538.06960835867,-3839831.5348521173,186018.21563380957,-3404275.249609949
-115640.5348315239,9431429.61920625,-123648.81362790614,9192140.27074682
-275495.27901299484,9290946.783239305,-146735.31004194915,8868716.194184361
-209870.10919416323,8811542.26879114,-500960.967380777,8100711.192216199
-230782.0649794601,1238762.4519819617,-224261.09406606108,783719.2929364406
223696.44052889012,2815137.954327941,-110766.44315463305,2928067.951702198
-122420.32109071314,-2925078.9279459715,-252332.22088050097,-3299831.4699171856
40875.146690651774,4584935.602099121,-51726.29497355223,4574084.45381622
9104.305970042944,-16570830.360207617,-568891.4608077109,-17130617.515045285
13076.944801649079,2012311.8680972755,-92418.00735867023,1932970.8055402543
15189.330638714135,-12382170.095013589,239874.5848314315,-12127106.179543443
-216703.00309407525,28725290.412056357,-214040.23316913843,28294547.17579314
152212.26283472776,777311.7504571974,174153.84271156043,1103677.8560034856
75475.99822744727,-21529240.30811894,-64496.56567496061,-21518260.875566453
-87249.65416197851,9084758.012758493,123369.45330219716,9120877.811898712
-217513.6623259876,-13746443.57505685,94913.39486302435,-13869043.842519814
417764.5655632224,14303592.36752665,-1263.2768136635423,14720093.65627621
5017.099033929408,7314738.788170278,298032.9869249016,7617788.874129109
77644.83924708329,1195272.791476667,-231660.8657771647,1041256.7649465855
4869.41140563041,-11233608.814665914,42566.288304537535,-11186173.114955746
128562.83143575862,-12067692.246934474,-22663.960719406605,-11961793.376218121
169095.79175675474,5442827.783457816,66816.51457624137,5678740.089790812
249536.3747569397,-12178695.171012193,91550.59613154083,-11837608.200123712
106477.39277774282,3915046.206136048,-44122.21897868812,3977401.3799351025
-104638.9645003397,-4580803.540233225,-35770.258808359504,-4721212.763541924
-2593.2131148688495,-26168683.081191063,-10591.549737997353,-26181867.84404393
486376.30184331164,1679339.7779058814,-31791.426514968276,2133924.6532342248
-263669.7353258487,-20011396.625456154,59530.27855480462,-20215536.0822272
-314662.7181195896,-12345298.366014838,-226537.2574827373,-12886498.341617165
-190502.90093039535,-7247117.185435951,-77214.59875105321,-7514834.685117399
604661.6626281738,-4173090.3808485866,43498.068200074136,-3524930.6500203386
-8253.275267630816,-26099524.500863433,-274580.55719846487,-26382358.33332953
-75228.919306634,25114050.156781763,-34446.062420487404,25004375.17505464
273490.0683649294,15054690.849856704,16402.68198017031,15344583.600201804
292396.0137101114,7607852.193314314,-51603.95643014461,7848644.250594281
-184358.494521223,3665802.1785945892,-104534.20805039257,3376909.4760229737
-292534.0149180647,137210.2940068245,103791.41174550354,-51532.30916573666
-300208.39185729437,1432284.3875240088,-74911.4511654377,1057164.5445012767
114481.52873042971,7446981.890785515,-118156.57832795382,7443306.841187991
204400.17708441615,8739795.90657106,-35501.71742208302,8908694.366233394
508139.3198624514,-9908320.366427481,-173441.55022488534,-9573622.596789915
-103856.88283236511,9340278.537008584,-246252.9447785765,8990168.709397642
-157442.4032998029,-15961004.521146566,14306.989161156118,-16104139.935285212
12183.674235371873,-3964391.3594248593,303951.96605620533,-3648255.719133282
-58407.3601632677,15235054.200091898,-277194.5343643576,14899452.305564273
-200708.28057590127,-12106679.86989355,-69846.86706132442,-12377235.017530777
-355617.78384564444,24904846.08265525,-39006.58178687841,24510221.71702273
-116294.04326392338,144263.97947388887,60381.50488311052,88351.44109307602
-4494.347499188036,17541164.117361605,-386970.90797708184,17149698.861885335
-136198.53208682127,12756764.801659316,189124.52583635598,12809690.79540885
-93572.74445026368,-8555057.111826599,-453733.6375919357,-9102363.493868798
-12231.140164840966,5939227.009619236,251558.11931893975,6178553.988773335
-247633.0809559375,17361315.610156834,-138997.38506487012,16974685.144136027
58070.07125569694,19391628.666050375,157561.52377136797,19607260.26107744
-18851.20443596132,-2600784.9117268324,9423.628929972649,-2610212.487232821
410148.9686464742,5654981.081991196,156517.06370042264,6221647.1143380925
-241447.72704331018,-5179686.163514018,-292592.1405796185,-5713726.031136947
269041.56760677136,-14599075.401857495,503352.1018356979,-13826681.732415026
35518.35819281638,14258832.560902596,65717.41713033617,14360068.336225748
-37238.44376904704,14469614.436441422,207125.33121471852,14639501.323887093
120131.1378548406,-6845838.84107703,80133.51878070086,-6645574.184441488
151285.2102074977,-14373146.916839898,284854.94253411144,-13937006.764098288
635031.1572543941,8722073.777012259,-39311.990926615894,9317792.943340037
-36120.59780819528,-186630.05430689454,252117.6561872512,29367.00407216139
-124022.30696384609,-9388970.168580055,-192379.58032447845,-9705372.05586838
71505.66044228338,805808.7732185721,-44007.888234220445,833306.5454266351
307126.62599794194,5261104.03307569,39311.64690952003,5607542.305983152
446917.5472301468,-6528919.592506647,482558.03221710026,-5599444.0130594
-161402.35959057324,19496432.492426902,-230305.50365944952,19104724.629176877
-271831.2302431967,-7330192.900971413,-483910.5070177838,-8085934.638232393
281341.6318710949,-8450153.45830983,485942.5416723192,-7682869.284766415
-227380.13977074064,24111118.475031614,27346.03458057344,23911084.36984145
-81764.87710084766,2477934.3243000507,-87616.41410066187,2308553.033098541
81308.6272814218,19651588.496418,-367932.3968874663,19364964.726811953
-315229.27818955295,-8900333.189647377,-361240.7078952193,-9576803.175732149
48492.40083187632,-19537107.70901206,-48829.910141430795,-19537445.218321614
5167.92879393138,-11084487.440169781,237402.09892055392,-10841917.412455296
-92870.50184137188,-26360901.393505216,-325624.9396813363,-26779396.835027926
258411.0602752082,16667869.251620412,209730.79671677947,17136011.1086124
61012.683447418734,-12208831.934728563,416051.2015724927,-11731768.049708651
-76376.98091750406,-6842372.46275121,-271383.06048323214,-7190132.504151946
174214.45249637403,-4727905.51087153,14559.705879941583,-4539131.352495214
57945.8465039134,-433854.7081050873,114734.4894785583,-261174.37212261558
24886.904758254066,10559260.122079909,-299330.9818805307,10284816.044957632
102281.50405961834,1328921.6070743203,-21978.271481908858,1409224.8396520298
96952.94997775182,-2162592.1827700734,517899.24303783476,-1547739.9897544868
-40760.16371167451,-26339927.93690449,-142342.18401109427,-26523030.28462726
-11536.157849123701,13980785.924724042,30269.33317284286,13999519.100047762
5374.855721052736,-15677120.80621031,-272167.76010262966,-15943913.710591886
230898.76562959142,-6119378.640543938,332662.5029960647,-5555817.371918282
-249760.30319092236,3183646.7786020935,26936.967268683016,2960823.442679854
-81244.80203259923,-12906936.304101825,-239127.3327620104,-13227308.438896434
-2278.7743665017188,-39962703.64998901,182045.9823770672,-39782936.44197844
311590.623841675,-18223772.70695731,-27731.33313138038,-17939913.416247018
-246042.5285343062,7451316.323753953,-87510.31362847239,7117763.481591174
-255170.05032518134,-2255287.7813852727,-91267.41760919243,-2601725.2493196465
-35565.41258317977,-14670390.148096919,129542.18974806368,-14576413.370932035
-249839.3345667161,10446069.611646771,-104979.82079285383,10091250.456287201
283217.0239189826,-1181915.2387869358,340914.75174116343,-557783.4631267898
86389.85729465261,10283504.6021114,-59924.43210340291,10309970.027302649
-104742.32720251009,30177006.288101226,-479057.60590518266,29593206.354993533
253240.39102253132,-23730387.857533365,239686.81944473088,-23237460.6470661
11816.622455595061,6458459.4620574415,-116320.65398462862,6353955.430528408
287222.41506860405,-13243208.334548116,-443638.48956106603,-13399624.409040578
2785.6659518145025,-1911988.166963935,297808.11965593696,-1611394.3813561834
-403760.23731503636,3869715.736832857,-590880.0931559503,2875075.4063618705
503458.4687118158,25706574.05396396,-52965.63613867015,26157066.886537105
317898.59929817356,18350286.362850457,44249.64578739554,18712434.607936025
272717.2996031642,36840933.39815545,136912.9028263986,37250563.60058501
327770.1163697336,9701576.876425356,553516.1065430418,10582863.099338131
43061.387860711664,7939402.150657862,274783.74405135214,8257247.282569926
-296907.6967265494,7025369.222121686,-259431.50588395447,6469030.019511182
-130964.83638033643,15973296.421148121,-351784.5913697779,15490546.993398007
34687.83780601248,16186839.338388562,-47104.42568936199,16174422.750505213
73516.41732273437,745345.6566779912,367408.70656967163,1186270.7805703972
-56468.119481075555,5188733.778883338,216339.42077098787,5348605.08017325
174452.53761806712,-13420553.967941701,44806.67065909505,-13201294.75966454
-226411.16491042264,-9263502.414757222,-160124.32856220007,-9650037.908229845
206926.05491259322,-23570003.813598096,-34523.38429155946,-23397601.142977063
-126982.16121346317,-1606814.9052753448,-529004.6784741655,-2262801.7449629735
76231.38288254663,89805.40228807926,-348609.67833093554,-182572.89316030964
-96593.11559465155,-9651348.784922242,-36001.19637770206,-9783943.096894596
204680.84472599998,-5721384.667724133,166762.5244949311,-5349941.298503201
-211556.4476692751,2413235.230411768,-489340.68051671237,1712338.1022257805
-257669.840243645,-7013311.917039752,416236.68009813875,-6854745.077185258
-71395.66792653874,8965504.944370687,-133381.20922978222,8760728.067214366
-525517.7452361193,3985926.2061875463,-140366.23161825538,3320042.2293331716
-130695.00994857773,16294301.066307068,-440296.4853505343,15723309.571007956
251939.22703546658,-5109326.790464848,464652.545726642,-4392735.01770274
113022.67120820284,-8135319.936148286,-198966.16264539212,-8221263.427585475
-86943.25538996421,-3269659.1465677917,-75850.40505598485,-3432452.8070137408
55540.2082281746,8308939.585452855,-134993.8572519347,8229485.9364290945
384651.59973119386,-11302038.170588613,201067.8839481622,-10716318.686909257
-272990.9222334586,-11667678.539769411,-359180.49349113554,-12299849.955494005
-23534.593860797584,15836829.838063955,433458.6480886936,16246753.892291851
-206549.79677432962,7096363.707415998,-39071.98572124541,6850741.924920423
129638.71211496927,-6957009.055172861,-351552.1123729199,-7178922.455430811
-88879.96481802687,2254905.8899487257,-106911.14332903922,2059114.7818016596
-188937.37540898845,14870415.811207652,214751.47885578126,14896229.914654445
22353.72274564393,-9824040.05705452,261698.0765362084,-9539988.257772667
224483.22701496072,11871280.510229528,-26474.021160028875,12069289.71608446
-128568.85603017733,-3158984.556679845,-68586.0200150758,-3356139.432725098
-286186.30353639275,39242243.9916175,-143415.3910651803,38812642.29701593
160928.5227016341,-4621638.824334443,-58350.92418332398,-4519061.2258161325
-36694.28846348077,17401195.93623501,-44579.11474813521,17319922.533023395
36999.13102842681,2156047.0401498377,-282435.2413555309,1910610.9298227336
350265.7043903768,-14739204.403850287,-166519.88522607088,-14555458.584685981
-104434.43972675502,-6959429.543935508,155355.14311796427,-6908508.840544298
-347209.71822744235,-8286199.852382183,13081.946971818805,-8620327.623637807
562843.6304628532,-4231935.726488471,345076.8776920885,-3324015.2183335293
131771.121799089,-17132500.35588947,317574.1687380895,-16683155.06535229
87975.86036626436,10057153.114020288,31562.16690324247,10176691.141289795
278784.8328298908,13674940.51625812,-1836.0179390311241,13951889.33114898
59031.11053575575,-10251548.706552029,165012.58157400787,-10027505.014442265
-137313.48703008704,6765247.85714072,41244.694879606366,6669179.064990239
-205606.32441854104,8413620.259266317,-147626.0534015,8060387.881446276
-200497.2410277184,-4308662.841904461,-262585.93468129635,-4771746.017613476
64457.24634655751,6946836.207955211,-339611.1325944215,6671682.321707347
-323269.1575847678,3812944.6898721457,-287608.36658748984,3202067.165699888
-428960.382188838,14576217.539692342,-1063487.497484818,13083769.660018686
-331903.9769126661,-15873342.85607028,-34719.97378708422,-16239966.80677003
379818.9390174225,4193555.119213581,319513.3446030915,4892887.402834095
-248631.48648862168,-7169314.11772871,-370309.994411394,-7788255.598628726
143038.59210081957,-10663996.733075738,-18551.45078344643,-10539509.591758365
-122789.4313810654,-10423229.86043793,-39199.970047965646,-10585219.26186696
7777.520097350702,2769010.6095897853,-19172.689800143242,2757615.439886993
-251738.29778101854,4120346.0699804425,-384669.7593251169,3483938.012874307
85672.62897861563,-11780394.017356008,-211205.9437365532,-11905927.332113946
-67899.4264421761,-10262237.604910612,-42710.43861089647,-10372847.469963685
347176.12156080455,-11919772.745747983,167329.28549604863,-11405267.33869113
3200.4854228701442,12280449.304291278,409667.28852938116,12693317.07824353
-76109.72294351645,16382905.561392426,509559.0357468277,16816354.87419574
182883.38317445666,13207304.981874347,778797.8326724917,14168986.197721295
24647.42598100938,3761382.9976067543,-1355.764188118279,3784674.6593996454
210700.73056937195,-8333143.206313163,682633.0098180026,-7439809.4659257885
-426100.99469218776,12928942.584825695,-96096.39036857337,12406745.199764933
-175996.29909353703,706289.6143330634,-322857.9142421931,207435.40099733323
126396.97620597668,-11222647.171773583,-59562.04899997264,-11155812.244567579
-61928.19808877446,17603805.958517194,-301295.23413461447,17240582.526293807
-42955.54028989002,-2531789.79872939,228564.4513861984,-2346180.8876330815
-290192.60736030154,-832525.9292867482,-370630.42351423204,-1493348.9601612817
184525.27757669427,17700382.510777712,45381.220181412995,17930289.008535817
82625.27318337932,-15052290.976214707,-196053.0763356015,-15165718.77936693
48517.50391291641,-440673.81695473194,-183343.901705347,-575500.2147471625
-285329.96623518877,-1339676.9825629592,63872.64177547395,-1561134.307022674
-229451.13215123117,14719874.20452708,-348291.7668377012,14142131.305538148
-53427.778918448836,-26146128.44334042,-239169.19207282364,-26438725.414331693
2682.500323973596,526794.7175717354,42426.45725093782,571903.6751466468
540553.7140438445,-3257257.0490791798,592835.7049686089,-2123867.6300667264
-109826.33900026046,11765906.628394932,2142.3093185201287,11658222.598713191
-329005.3997601792,8622788.124485314,-268743.8148353547,8025038.90988978
-557784.1889958065,10561598.258869171,333030.27671008557,10336844.34658345
100912.0533002913,-5006182.47892186,521921.6439792067,-4383348.7816423625
-113393.24981489219,4848068.042166889,-435388.60261420906,4299286.1897377875
276007.67132357694,5599852.403193206,160359.931160219,6036220.005677002
246940.45608163066,20656510.802691907,62441.33815038204,20965892.596923918
-360127.3956879042,11228179.98015672,240859.71534902602,11108912.299817842
33016.12304751761,4086756.894993156,66720.48906500638,4186493.50710568
20740.95271497965,-5671551.984615684,-378121.7370960638,-6028932.768996768
119925.95211181417,-527783.7401516438,-130717.12760217488,-538574.9156420045
-355481.0268935114,-5671895.6445610225,-52680.03077258915,-6080056.702227123
-247131.05369096622,3164064.793049723,-397519.6308096796,2519414.108549077
323769.28949421085,-7787756.351742685,428992.4412353784,-7034994.621013096
-250240.3397192005,4374937.815007657,35894.01724477112,4160591.4925332274
-229403.1399786137,12315224.07600224,-457683.2297061235,11628137.706317503
-82741.15503633954,13703882.944856107,292223.1160863936,13913364.905906161
47303.47793925926,6480465.480109155,28579.62717819214,6556348.585226607
-156340.94491173886,9295289.713897943,-186919.47225626558,8952029.296729939
-223634.10443389788,7799536.282697111,-219538.3273068592,7356363.850956354
-264975.45488623716,-25765172.077559948,-141805.40395209193,-26171952.936398275
-135167.70786352828,-17067845.452342093,377887.407477729,-16825125.752727892
-274908.75061877817,5591938.779489696,142542.26785834134,5459572.296729259
30434.782153394073,29919784.406255007,-578357.5532625914,29371861.63514581
15270.57816425711,10532256.588290155,-143222.45434106886,10404304.712113343
689191.4687065315,-3141418.3092668355,744137.8550596982,-1708088.9855006058
68060.2935372293,8825519.872942954,53988.60472308844,8947568.771203272
125196.31809997186,677193.4980096817,-62913.343888908625,739476.4722207449
199642.94931891002,-8545731.024167567,17059.3545467183,-8329028.720301939
-33149.72826108523,7726611.677976549,-18738.082349561155,7674723.867365902
-273389.5966830626,1868996.3371747434,166131.48961125314,1761738.230102934
189633.11484048702,23023821.328700304,-47080.8677103892,23166373.5758304
-47581.23283727653,5076410.978373706,125154.12760689855,5153983.873143328
-88707.27861879766,-6112724.337539673,-330112.53451773524,-6531544.150676206
207480.08581464365,-8103418.076396018,17954.74316316843,-7877983.247418206
-340589.66970214806,-3629124.520945817,6692.3850437402725,-3963021.805604225
-610196.4705331624,11344682.379369766,-716922.811680384,10017563.09715622
-32616.63453138061,-2046551.6489800513,-6665.924722619355,-2085834.2082340512
89425.22254029848,-11435589.005632788,-58169.74847331643,-11404333.531565806
-52728.74667328596,7098366.592089891,-459625.7774628177,6586012.067953788
19594.071781521663,-2000980.0738671422,-15541.185663156211,-1996927.1877487767
259202.5915284939,15792744.370487183,237778.81977982074,16289725.781795498
310520.2111564111,11150240.764210463,692355.236771971,12153116.212138845
303415.39421862736,18333061.62293023,-86322.11409459263,18550154.903054263
52688.63699363358,-19567834.588477015,258092.4019408226,-19257053.54954256
246763.5403221324,12462830.0993644,143305.64916897565,12852899.288855508
-145999.41087491252,-17867409.24644956,297971.6155888736,-17715437.041735597
-180569.38382443786,5507210.734751582,-27939.296546280384,5298702.054380864
-32120.1721847672,6626476.541428298,97338.28324198723,6691694.652485518
270494.7968488373,-9564679.977377653,177428.7936026156,-9116756.3869262
326250.4645829778,-12928027.029917091,105349.56694404781,-12496426.998390066
-27865.691705113277,876738.4061508179,525748.463660568,1374621.1781062726
286884.3731085453,-4049953.2866067886,214682.82966086268,-3548386.0838373806
195255.94851041213,-12118309.813713878,-132165.63256067783,-12055219.497764144
253077.37800285406,-169390.96806114912,-75089.02098257095,8597.388959133998
-145696.66587342322,-3706363.4767092466,-174686.10707052797,-4026746.249653198
-186996.2678423226,-13347527.027753502,-20189.406334273517,-13554712.701930098
-7180.160252736881,16053428.272589743,187636.01243074983,16233884.124767756
-205927.67887423933,-14778814.544251055,-108400.64091395587,-15093142.86403925
15887.941732946783,-22224093.832511127,204855.13076484203,-22003350.76001334
88099.20568882674,7608529.323215365,271580.40907490253,7968208.937979095
273056.7565159537,-126546.3435024023,-111623.52551312745,34886.88750042394
-121399.12656087801,11901436.22203955,-105597.8746894896,11674439.220789183
256125.25713373907,3525325.889542341,65760.57784702629,3847211.7245231066
75163.80453047529,-11428103.362116456,-230025.84266611934,-11582965.4002521
-208316.8722687997,7314048.628984094,-265313.1514118463,6840418.605303448
219098.88275212795,1714291.709251821,69314.7482944876,2002705.3402984366
137269.8511114251,-21160342.138296187,418560.03447469324,-20604512.252710067
64088.29086427018,-222707.70696645975,259073.7606408447,100454.34453865513
-197768.01762659475,45684372.9685145,-349562.17731685936,45137042.773571044
231279.57659036666,15183990.796344548,-68623.52502832562,15346646.84790659
-339236.1143468842,-14551489.195798427,-259021.75019117445,-15149747.060336486
-40560.37013928965,28533492.58807856,-227610.55708537996,28265321.66085389
-14572.557898936793,-14721921.445592672,125339.05705472827,-14611154.94643688
88542.03866168484,5051057.669828236,-336186.36341144145,4803413.3450784795
-390084.9558338504,-10814593.216053814,-68170.30007745326,-11272848.471965117
-230600.0485878773,22361522.948975503,-256020.2969609201,21874902.603426706
60801.58442983031,4844007.406508148,-374971.9975807592,4529836.993357219
279971.48617633805,-7012426.923964649,-70144.7467719838,-6802600.184560295
42263.78378439322,-8131120.494803309,734565.9542943984,-7354290.756724518
66933.05446468666,21138241.768759966,242479.7766667381,21447654.59989139
68681.75219591893,9884341.734063983,-283108.47125418484,9669915.015005717
56814.9046928063,4201980.741399109,-52938.17175477743,4205857.474337138
410282.93635703996,-4147253.538177848,232979.87537826598,-3503990.726442542
-147438.90394402854,28107210.822035313,-201966.59114130586,27757805.326949976
-128150.97443527728,17493344.252821624,21970.74349824339,17387164.02188459
-79468.25574902818,-18281023.187764645,-291103.2805354148,-18651594.724049088
153146.33690226078,6540790.41135934,-34430.885877124965,6659505.862384476
-69280.5650046654,25461359.727786303,-322310.5675583631,25069768.595223274
-68465.6603938695,14608919.775741845,364809.10931132734,14905263.224659303
198539.62129789218,-19594900.46165651,674911.8804245442,-18721448.959934074
-240802.8526750896,-3558093.181673765,-398388.9191225767,-4197284.9534714315
-24505.6688326858,-930432.236315608,-5269.9376520216465,-960207.8428003155
-337034.1196775511,-2598031.2173215747,-582204.86387337,-3517270.200872496
863734.1569691543,-822719.2587026954,897393.608332783,938408.5065992419
323059.08658907935,1494408.4764450788,371889.9501544237,2189357.513188582
321347.04192397185,-4110486.5159454644,-13288.263393864036,-3802427.7374153566
-27190.141570329666,14387521.889445245,-479667.03476831317,13880664.713106602
228094.85382247344,5126475.589788556,77470.39046426117,5432040.834075291
476370.9416197557,-4951990.438395917,217575.30603734404,-4258044.190738818
-96485.09709457867,-9764939.61948967,479754.8006011918,-9381669.915983057
-333427.87341621146,-7734855.885933936,-813297.069946982,-8881580.829297129
-53680.068868538365,3846367.354267508,178646.0999262035,3971333.385325173
192761.6095099412,1652787.940524131,538048.6921496913,2383598.2421837635
34589.63229205832,-9545419.81510657,28239.529811903834,-9482590.653002609
-250291.46766543947,-12399636.454595268,249929.31894186884,-12399998.603318838
-251797.86643287167,-1253538.9160346389,-404299.64430812746,-1909636.426775638
-175320.75088867173,-24477819.503933847,-174990.69409537315,-24828130.94891789
446982.02179978415,-3460017.5254005194,-109117.51772472262,-3122153.021325458
-23791.306508222595,-163986.88524603844,-2914.262341082096,-190692.45409534313
-244948.02975263633,-865530.6770938635,-97184.96297253668,-1207663.6698190365
-84818.74944059178,9592541.42757824,-241492.20032993704,9266230.477807712
-98586.38187135383,-10375479.118639886,74592.91188582033,-10399472.58862542
-521801.1129348781,-15719565.579333901,-291617.8482461497,-16532984.54051493
263576.63284027204,-13708290.6195243,76631.41967967898,-13368082.56700435
39678.73420312628,-26621207.91085708,-51748.04395773262,-26633277.220611688
476612.39358235896,13101967.955682814,266473.46128217876,13845053.810547352
-429141.69239487126,-21877995.101494312,-212441.56474819034,-22519578.358637374
-95509.41301040165,-18623.340234458447,56196.60514844954,-57936.14809641056
105751.20620062016,-252429.60422873497,222721.07305553555,76042.67502742074
-111149.66016394459,18560332.49805394,347804.61862234026,18796987.456512332
225521.0883186236,-17201099.658073485,459742.9290109575,-16515835.640743904
-50755.03601804003,-2642422.23650676,282008.1635993123,-2411169.108925488
-299714.0524792224,-8773311.354501247,-40242.299134746194,-9113267.706115216
-151449.83628227748,-20141712.245717227,157243.18402645737,-20135918.897973046
-76192.21083629504,-5247714.41389668,-147922.20668016374,-5471828.831413139
147658.28889552318,-5602219.468569815,180703.41099891067,-5273857.768675381
301018.03893350624,8859149.690480351,485528.6691935137,9645696.398607371
142339.6611413341,-9455125.559364974,-501989.55155189335,-9814775.449775534
179953.51217431948,-2993670.9814653397,-255819.7386141345,-3069537.2079051547
47739.87259478308,16950673.544404447,-129840.09412178397,16868573.322877444
-383124.0249289572,2716020.0674870014,-88973.48430232704,2243922.558255717
-155032.1334714815,12661557.016917825,-711802.0617856309,11794722.821660712
99488.53775192238,2484289.35972476,-208940.70030813664,2374837.197168546
-201904.40283693373,9701083.648808002,-428303.5564318076,9070875.689539261
-10492.253801409155,14640497.828816414,131089.73326173425,14761095.308276739
-35331.52103284001,1576227.4831658006,421029.5008017421,1961925.4629347026
93725.76417829469,-6694147.134277642,-26733.429839394987,-6627154.799938742
39502.75775526464,-2829410.959013939,-27423.593244187534,-2817331.794502862
-437142.77743505314,981906.3402507305,-239897.42986921966,304866.1329464577
211402.0187731143,-2959410.851275116,46367.59592630714,-2701641.2365756948
35998.78808612004,10155914.963537604,-206484.41092835367,9985429.34069537
365057.5419228822,2709122.2921839952,-70501.99862414598,3003677.8354827315
-90491.01713313721,-10214840.965193868,280823.7062128782,-10024508.276114127
89045.0941605866,1280250.885944575,-247429.315982908,1121866.6641222537
677714.2987872995,16005329.548646718,76995.70342663676,16760039.550860655
197518.95770751685,268053.6181076169,254129.18012466282,719701.7559397966
-273241.61093087867,19424312.35201618,248673.723070696,19399744.464155998
25410.396351749077,4291371.4273818135,114424.43521732092,4431206.2589508835
-6645.0305552221835,-8727820.186113179,266383.15967574716,-8468082.056992654
-316757.9104587622,17366728.52454734,-250294.2089534104,16799676.405135166
-113916.18853255548,-4548896.3907420635,258864.4184853509,-4403948.160789268
183412.91296971776,-27762.753871828318,384273.90612632036,539924.0652242098
-49270.33287432417,-514271.79616606236,-280892.80682347715,-844434.9358638637
-28193.24360153638,5949028.328893542,156584.12116306275,6077419.206455069
11486.953017236665,3702484.804626465,-152258.36137447506,3561713.3962692264
-18419.221988437697,-12345044.125524938,182457.77787159383,-12181005.569641782
274667.7262811251,9702314.953350365,62556.64876484871,10039539.328396339
-62504.32814932242,11094232.72547543,-266106.2529412061,10765622.144384902
251200.2649298869,2134161.804468304,-115651.766024068,2269710.303374123
-223939.0738760922,9811885.873084545,115010.43819961697,9702957.23740807
-10737.643439451233,15641605.908802807,164765.51660984755,15795633.781973204
-53530.68856195733,29422614.483836472,-577933.5514512658,28791150.24382325
72409.58628447913,-6059898.6830819845,347467.58220944554,-5640021.51458806
-144935.08827489428,-4753827.890696615,-236640.04369546473,-5135403.022666974
-274779.93748454377,-5530384.773067713,-282889.9372266829,-6088054.647778939
139534.24453174695,11455398.934914231,-275059.7584941685,11319873.42095181
-53030.76937857829,10815831.832704306,119581.56797245145,10882382.631298179
-319297.1101428624,7076149.410760701,129409.9467035979,6886262.247321436
-280778.8908348046,12857160.629063368,-203158.54031296074,12373223.197915602
-156189.90129838884,17233417.298653543,334397.8413680643,17411625.23872322
-289342.43536050245,-7650983.926101357,-39549.1692366004,-7979875.53069846
-107824.80570625514,-6023435.78730914,148274.65629196167,-5982985.936723433
356601.3351722397,-4231627.584880561,487714.0090819821,-3387312.240626339
-269007.03942537867,6790942.709959626,278682.0940201357,6800617.764554383
20150.393861282617,-11670615.545554936,125525.27574105561,-11524939.875952598
79619.86284868419,7063232.790921271,-449711.7145093009,6693140.939260654
159650.82447338104,-14215641.95026952,-378101.06978453696,-14434092.195580676
-106829.91929551587,7037762.075404108,116359.69421413541,7047291.850322727
-155797.3792779073,-2102383.7255896926,39131.64174871147,-2219049.4631188884
-9033.675699235871,-8581837.84215039,74857.70157052577,-8516013.8162791
-185012.39022836462,-4651335.921096563,101401.89950305223,-4734946.411821876
327264.362193577,9484678.808076322,-241964.29113886505,9569978.879131034
346364.4145349357,-3115955.8683721423,219051.1373403296,-2550540.316496877
-133729.22619889304,-11886453.359520972,-198244.12108440697,-12218426.706804272
-372783.9302469976,8928951.045789093,-89647.33449420333,8466519.781047892
-15320.655276011676,2321522.6452557445,-170464.99309757352,2135736.9968821593
-278524.9474796895,17613958.319379926,-168772.46813497692,17166660.90376526
-416201.58446478844,-7387916.564025611,220849.94881089032,-7583268.199679509
-481087.8783839084,20397515.840838015,-548511.9229655489,19367916.039488558
-124619.41574294493,536483.1309182644,364577.9849948734,776441.7001701929
-54149.20513814315,-3016750.6659394503,-409259.7857479751,-3480159.6568255685
-318282.7334187459,-11783872.954463273,-267414.85211574286,-12369570.539997762
212816.47971880063,-16551737.100989163,-137412.55179868639,-16476333.173069049
-48969.31284014881,-7861311.846147478,411880.45488348603,-7498400.70410414
141426.39496735856,99720.00549066067,48056.24973963201,289202.65019765124
308965.4816366229,-12014297.02452588,315990.73551864177,-11389340.807370616
120924.84296641871,3577105.9454527497,-31931.9980109334,3666098.790408235
94405.39810945652,-1487177.8734775782,251292.07517303526,-1141480.4001950864
86877.56436699256,20732721.307190657,-108610.98902439326,20710987.882533256
-114515.30821553431,-10295500.009933293,-57420.765985667706,-10467436.084134495
325583.3510045856,-6609959.299446166,145715.82979042083,-6138660.118651159
163682.07745812647,-13751602.66168055,36251.9959442094,-13551668.588278214
447849.6862644069,5228551.053104341,-36156.70900013298,5640244.030368615
-60809.034529166296,5958804.957084179,-239346.0813262835,5658649.841228729
201090.7937575467,815250.9141183794,-102815.07732462138,913526.6305513047
-68645.95596706495,-15062799.313913822,-152746.09997320175,-15284191.369854089
-61920.72852965072,3591757.373037696,-525191.1864406317,3004645.4580674134
217025.7190913707,-5114892.757087439,237087.7667581737,-4660779.271237895
-387753.20670931414,3478849.8039188385,329.73920875787735,3091426.3364182822
-310354.29676682875,-8865791.274766624,178859.17818519473,-8997286.393348258
-12080.794651836157,3773020.7803625762,211999.24181579053,3972939.2275265306
272647.4427287653,1488316.209201932,-57312.491165578365,1703651.160765119
121454.55004901253,-18105598.89334953,43020.604127280414,-17941123.739173234
-235854.61028497666,10020034.44481203,-249462.69215445966,9534717.142372593
-354374.32652924024,22776605.897518873,-208224.9767838642,22214006.594205767
298651.8087173961,-1581389.7006031275,431484.3904096037,-851253.5014761277
-64667.22349753417,-6619333.460826993,-136161.5246115178,-6820162.208936045
402461.4120620433,-8498515.872645497,-47631.505335338414,-8143685.965918792
52011.83876738325,16648200.934611559,-143311.8109151125,16556900.96246383
-182888.92854426615,26131480.359155416,-204711.1905848384,25743880.24002631
326531.99088759907,5540292.826846182,242232.40463389456,6109057.222367676
-335415.3229937237,-3784530.024278164,-83834.90152432024,-4203780.248796208
-104842.49069798924,3616844.9534125626,-463846.84712818265,3048155.6155863907
-88595.86971485242,-11866841.933027059,-245100.77371255308,-12200538.576454464
224255.43791976757,-20236754.17906022,-152547.0802679658,-20165045.82140842
-26972.290879623964,-9456062.6170488,372640.1438880414,-9110394.764040383
106280.88134572096,-16629886.742159337,493716.8976491019,-16029888.963164514
5693.396491134539,2918041.3615744114,44483.685557335615,2968218.4436228815
494883.429361932,13946062.590685457,66867.04168141633,14507813.061728805
-21132.63570728898,-399078.64743846655,-50763.9250568822,-470975.20820263773
-327236.40665869415,12003787.36535418,-806891.5695896447,10869659.389105842
24989.9298926387,6212102.108671665,-282615.7534837201,5954476.285080584
-308870.560435351,-7789817.443086207,-249765.53645211458,-8348453.5399736725
73093.30169537477,4853566.07867533,-271154.08349811286,4655505.296872592
30825.687496792525,4399355.468708992,-266543.1574903801,4163637.9987154044
-138038.7585015539,-10485284.667604178,-504738.64784139395,-11128062.073947126
-183184.39030485786,-3028017.7460892797,-297947.2260244489,-3509149.3624185864
-33603.76485507563,-1768411.624022603,115045.12157078832,-1686970.2673068903
-83158.8841279205,-25985543.905231178,-300504.9080056101,-26369207.69736471
-9151.839498279616,-15722813.51044166,7613.205858699977,-15724352.14408124
-133282.49953527376,18742585.66838783,38821.997673437,18648125.166525993
146191.41731838882,15738105.644898772,-59052.03149263561,15825245.030724525
124940.63919987157,-5771877.802496731,155345.1872819513,-5491591.976014908
44150.85138131678,-2066075.8004870117,-376663.1581694037,-2398588.1072750986
65194.04641560465,-5456450.846354604,453949.7176450342,-4937307.082293965
-133228.45114959776,12731741.91178447,129319.2548750639,12727832.715509936
246899.70377705805,3091792.9123310447,293590.89125385135,3632283.507361954
-308285.07733748853,-2254505.3055384457,156378.1352605,-2406412.247615434
442440.86786692776,15261484.93170619,237987.99316642433,15941913.792739542
296006.5574945193,-212529.28696787357,393474.41487020254,476951.68539684825
-177031.41988749802,-11054785.16094175,-276842.9830436632,-11508659.563872911
137525.6790448837,-11392767.976174504,397418.50294201076,-10857823.79418761
111094.62137569301,5307965.0609101355,-412955.12764135003,5006104.5546444785
-59164.20313030481,5289950.326976746,142960.843234241,5373746.9670806825
-103002.28545865417,-13555360.686668098,149471.01416175067,-13508891.957965001
60841.98949373141,-18811062.58821088,71310.79032714665,-18678909.808390003
-139984.3616122231,6193926.827264607,308899.2820035368,6362841.747655921
647300.6534207389,3627376.5910135508,657917.9004819244,4932595.144916214
-204903.18355082162,1917090.9485327005,-35047.7656981647,1677139.9992837142
182983.14524308965,35525703.3142291,-89319.32189279795,35619367.1375794
-67617.34787183627,-9001720.940121114,-561808.1091280133,-9631146.397120964
132957.58488608897,-1642277.182940364,-291434.69560684264,-1800754.2936611176
452804.51227463037,-7747653.332922578,184230.58579493314,-7110618.234853014
36648.64568618499,4207112.537803769,-234919.61009841412,4008841.57339154
-129128.81681854092,2860636.165371597,263422.818542555,2994930.167095611
-132377.84235703573,27936342.421556473,70429.51186165959,27874394.091061097
13907.411807553843,18917953.84949267,-316471.5566544831,18615389.704645738
421656.70113832504,-67439.01932966709,585693.5206506848,939911.2024593428
168706.85787424445,-5421637.604361832,-1315.335275195539,-5254246.081762783
-245997.57986458018,2143038.3408259153,-254101.74099799246,1642939.0199633427
-301013.79384480976,30203604.795776784,-215886.12704481184,29686704.87488716
149949.98288572766,-3547340.9754873514,-97268.33154517412,-3494659.324146798
-60303.27327436954,-9328278.12027675,-120542.67359077185,-9509124.06714189
-194130.11431244202,-8522155.303501904,-265754.38687253,-8982039.804686876
31215.982566038147,10205188.708483994,-117259.38919265568,10119145.301857376
-288903.5135907084,7830636.898289233,58000.993122428656,7599734.377820954
538648.6946198773,6380206.582678288,500650.6563975215,7419505.933695687
-663962.8800346088,-1073265.1801252067,-524948.8111100942,-2262176.8712699097
241949.43910823204,8851316.114480942,654141.4693740979,9747407.022963272
189101.27371889353,29539507.817436576,-243161.77833591402,29485447.312819555
6152.9421579651535,-1818779.272501886,456438.40779883415,-1356187.9225450866
271886.4240398295,-4955298.614497125,249670.953122288,-4433741.237335008
-235801.29285690002,-5218667.606201708,-201322.85967317224,-5655791.758731781
182355.1132244207,9665688.458227813,-376130.4144307971,9471913.157021437
-302395.04014966823,5260746.957415402,65276.31047588587,5023628.22774162
-277735.393121453,-10111001.163552225,-177294.8746572882,-10566031.431330966
61401.9911976587,14024832.145182371,221576.4905501902,14307810.62693022
165835.8086610809,26677655.42598027,-21397.2864760831,26822093.948165268
-157137.0152542852,-9269666.972932756,-178898.31321023405,-9605702.301397275
156602.39518189617,4404133.9716922045,-63777.81931863725,4496958.547555463
42614.35316274688,-15687221.965396047,-196050.89899264276,-15840658.511225943
-493829.595451504,-4466290.887565404,-259850.87486471236,-5219971.3578816205
-248342.47278763354,16009202.520124376,-504323.459999077,15256536.587337665
-51413.479282869026,-2275554.2411134243,-60929.92275683582,-2387897.643153129
-140005.03940682858,18882183.832770944,187954.38412573189,18930133.177489847
17728.99496340379,16468970.161576062,191578.3403571099,16678277.496896576
164439.40243963152,-11633300.061253875,245996.3892044872,-11222864.269609757
-9503.028281511739,7967805.762096047,-317274.4532588273,7641028.280555708
-71584.962155791,-3788587.0896439254,-590542.0393903852,-4450714.091190102
293860.08863345534,2219298.1193469763,447162.45584118366,2960320.6638216153
299850.458251426,-6123339.187922239,17822.612512513995,-5805666.117158299
-51344.13256262243,15818395.11505729,164992.7560583651,15932043.738553032
-176149.76984603144,-8774169.048873305,-272483.162891455,-9222801.981610792
227306.92557529733,7796642.569952726,-365025.07035158575,7658924.425176438
77326.33954635821,-3330038.187479377,63624.16714288294,-3189087.6807901356
29812.705957537517,2222602.7397961617,245450.64778772742,2497866.0935414266
-38249.321557046846,-22344834.371593297,-65065.252322517335,-22448148.94547286
110722.01767552085,13102093.224254847,170807.60350331664,13383622.845433684
79802.79293505847,1733895.8868398368,377615.177304402,2191313.8570792973
541921.587731259,-11812079.46253568,299648.7470028922,-10970509.127801528
64723.53649039753,-5804770.9529800415,-175885.30909056962,-5915932.725580214
-7096.955928761512,-10225772.213716567,21454.808349601924,-10211414.361295726
59073.437112715095,9902598.627834111,131877.45287960768,10093549.517826434
-156166.45936218463,-20911034.3870852,-330538.5257689133,-21397739.3722163
58998.12730800919,6773228.767780006,-211461.7184935063,6620765.176594509
-28597.493627153337,17259619.51367709,291549.5306734592,17522571.550723396
48878.10894288123,3020186.28489995,-283969.4251222983,2785094.968720533
-271661.24037418514,-2852914.68133235,160227.41322270036,-2964348.5084838346
20287.763666117564,13894976.141569138,-270403.79953027517,13644860.10570498
252791.47630318068,13465506.567647636,8378.548547811806,13726676.592498628
107184.63150350936,14450645.736029088,53943.060541555285,14611773.428074153
-161411.5177878365,15335805.461170495,364592.89752524346,15538986.840907902
-305282.2248158958,4109492.2108142376,45850.62467750162,3850060.6106758434
-39736.18319777772,-30344559.291632712,610248.6577185392,-29774046.81711195
260393.53614435717,7748594.991449982,-44028.49518618733,7964960.032408152
-211488.79256809317,13170168.22466433,351309.38310979307,13309988.81520603
-118677.99060185254,19024646.368135154,-10827.525637842715,18895140.85189546
-191568.1129157897,-8892050.130842954,82047.58154263347,-9001570.66221611
138544.4229125809,2903566.179981202,140467.14400321245,3182577.746896995
-94176.78464055806,27498199.016945273,145442.94632846117,27549465.178633176
-72686.62733313628,-1060685.078996569,-382867.96115519106,-1516239.6674848963
125692.44227325916,-19654504.831269145,119710.69014406204,-19409101.698851824
30104.993568502367,-2949687.9764210284,-275694.4581157267,-3195277.4409682527
-44466.12817650102,8086117.806757897,47077.68045216799,8088729.359033564
-248219.82300366834,3569646.310090184,-369418.09233514965,2952008.394751366
284634.96426392905,-665503.5445679724,189647.84878132492,-191220.73152271844
-241380.88227261603,-6487596.024294496,169402.26752301306,-6559574.639044099
-367477.06727646105,18843623.643508017,-138593.06932424754,18337553.506907307
229037.0605507102,1896968.0466840267,33799.426728859544,2159804.5339635964
216899.868585499,-1824412.7627052069,-129617.72078888863,-1737130.6149085965
-220392.3804881312,-202642.57121503353,-233138.15370829403,-656173.1054114588
-265015.4579482842,5939252.912715822,65175.17418732494,5739412.628954863
-131650.93507567607,-678000.6873951554,382047.08309309185,-427604.53937773965
7347.843181474134,-20293882.500899166,237867.55685099214,-20048667.100866698
-270410.5242122654,-20729491.945879877,-371210.6292992458,-21371113.099391386
52019.44230305031,-14425011.418659031,-63062.45437121391,-14436054.430727195
-10349.79814834334,7188967.291927695,-5291.054669253528,7173326.439110098
274821.1701399274,-6262108.275023162,-101712.62661623955,-6088999.7314994745
423257.99914857186,-3391224.500687301,547465.9439305216,-2420500.5576082077
-187473.08026529104,42520.7861058712,116387.82513618469,-28564.469023235142
25281.451548090205,16693126.298765898,18593.267776079476,16737001.018090067
41684.46745869517,-5268224.228126824,-257823.94828613102,-5484363.70895426
-61176.17936801165,9635792.017805368,-200289.4256491661,9374326.41278819
-8319.681013880298,-5721578.7320328355,45248.00237057358,-5684650.410676142
147236.7858725153,17574029.148216248,24083.532096281648,17745349.466185044
162507.92628370598,-1436185.8240601122,456026.5224775076,-817651.3752988987
-24336.6695781257,2650972.937268257,97665.82358773053,2724302.091277862
54543.05756140128,-9503984.263188154,100045.14567162097,-9349396.059955131
-116571.86908189207,5533378.297731608,-380538.3713460192,5036268.057303697
53166.061573408544,5723168.793960512,216488.4544537142,5992823.309987634
-140068.360122744,24548565.266225547,205853.07872428,24614349.984827083
1937.82112551108,2201216.7338731885,285039.32422768325,2488193.879226383
-88277.30888251401,927857.4876511395,74577.06996183842,914157.2487304639
-269307.4678472951,-2477400.793595493,-76719.94367875159,-2823428.2051215395
-35219.9345664829,-2106440.7855071425,-204503.04139830917,-2346163.7614719346
124441.48769804463,-8613420.336960495,630711.1463994235,-7858267.702863026
-297090.2404138651,-9144994.939766347,181442.889220424,-9260642.290959788
137071.7896611318,-9461771.182325572,200079.67060865462,-9124619.722055785
-236981.92609929666,-19345138.20008275,120660.86951580644,-19461459.25666624
-107742.10121743381,2070219.5696641803,-226955.81487902254,1735521.653567724
56700.543811742216,-4439335.0464257,-25727.600020207465,-4408362.102634165
149235.25698258728,-9405584.119577587,-93291.06619463116,-9349639.92878963
35627.24317521788,6299234.70716998,-438271.04264369607,5896590.907701502
65054.341482281685,26150050.436951935,-128446.81678134203,26086657.961652875
-371560.83695065044,19482286.365411818,-128620.31043312699,18982105.21802804
-77757.20540152304,18790989.79992068,97505.19648518413,18810737.791004337
78891.48616757058,-10714613.517671078,228054.64250089228,-10407667.389002616
-24920.33556883782,10112109.457098782,-244900.29273222387,9842288.82879772
52498.11860105209,21957849.60181725,-43709.62406916171,21966638.096349142
-63943.98021516204,-22516271.744858325,-119349.90073502064,-22699565.625808507
-71377.66643097997,-53299.263506412506,173605.54195789993,48928.612020507455
-3022.569653198123,7213842.870119512,104535.91914004833,7315356.219606362
40800.57168006338,23668023.71195811,490767.1043910831,24199591.388029255
91173.7022027336,10601936.108757973,-201085.25872389227,10492024.552236814
-107519.86836381257,13226758.930851638,-270505.661486201,12848733.401001625
87785.58408205956,10252730.810255945,169456.69826311618,10509973.09260112
264900.30920109525,8151543.501823425,364618.29675323516,8781062.107777756
133769.9694731906,-4163827.1741007864,495955.0280883834,-3534102.1765392125
-261415.17020948604,-4509593.653616488,198568.27528836578,-4572440.548537608
-314007.2204262167,620007.5805373192,-389504.360471271,-83504.00036016852
-218506.68730589934,7095314.852860421,16555.163997009397,6893363.329551531
13345.872544350103,-337937.26042699814,290613.6445355341,-33977.74334711395
-98892.66480695829,-32015121.513944328,148757.24070724845,-31965256.938044038
-6330.866253595799,10707524.492227614,292807.1912395954,10994000.817213614
-131245.3583035171,13585868.776034057,-72332.97719637305,13382290.440534167
111231.7732394021,-293232.4514955878,-141947.22819847614,-323947.90645466186
-344354.3037264887,2585412.270434916,14852.379234798253,2255910.3459432255
131884.69293803908,-13845175.87435022,-120440.43865539134,-13833731.620067572
237649.49352382682,21524810.443338573,288177.70223262906,22050637.63909503
-10483.400544377044,29391285.44338256,-15493.555611148477,29365308.487227038
-132550.91855908558,31574913.524802208,-368693.66647229344,31073668.93977083
-208484.78823169507,-364655.59879916906,96146.70368371159,-476993.68334715255
307722.51871170104,488724.39108738303,-256654.61868275702,539792.291116327
-510572.74960272014,-10972636.644450456,-802491.6890814006,-12285701.083134577
192542.31696104445,19728262.8926315,353972.0883471146,20274777.29793966
-119079.17880714685,6603490.928891271,36472.29323580861,6520884.043319933
150675.94137638435,18350945.908861935,231457.7195493877,18733079.569787707
-283611.8156024944,1241736.2794359922,335161.20782904327,1293285.671662541
-214313.2967697922,-570010.2068118453,-174655.7398442477,-958979.2434258852
53232.02883951552,1032614.4979915321,-626759.4911486655,459087.03568238206
49563.38415205479,-21245131.530083686,6258.315801747143,-21189309.830129884
-266632.1147167012,-11997847.792195499,-107011.96260173619,-12371491.869513936
-114577.40845713578,9931817.654485255,61602.33970376104,9878842.58573188
-413484.9073718488,776763.9782463312,-244683.98270395398,118595.08817052841
-2892.371675040573,22403721.924686253,498256.15691918135,22899085.709930394
193236.54607969522,4168074.4279497266,-44360.55958029628,4316950.4144491255
68935.83038828894,-4472539.958595812,-283311.25284843147,-4686915.381055955
-449582.6253126785,-9911947.349860132,68458.93497400731,-10293071.040198803
212099.44603904337,-4793947.940820396,13840.084313809872,-4568008.410467543
-114862.40733354352,31686911.54275936,54198.15549433231,31626247.290920146
133360.00973546132,7118270.537356734,428026.6784818396,7679657.225574035
135698.34524006955,343432.39384555817,70815.84388480335,549946.5829704311
-876.8250300623477,-11713832.198433816,-53889.11139282584,-11768598.134856705
-3090.7453711573035,-21461962.989827037,-100907.72789440304,-21565961.463092595
-93055.87515586615,-14079748.683566272,-122751.66731387377,-14295556.226036012
-131352.22666547075,16802146.753447354,-328247.329887107,16342547.196894776
-237186.14692224003,-1524001.184480369,263314.45901337266,-1497872.8723892365
427382.5345085133,-8901119.522003233,691559.7072379589,-7782177.280256761
87145.42156151496,-13344069.078364879,259732.52701433003,-12997191.129789034
-232137.49769636616,5754556.338950872,44476.89016586542,5566895.731420372
-17273.24875508435,2658993.707895845,-194126.89345891774,2447593.565681843
-173755.82087027468,2106644.0445420146,-155923.92574632168,1776964.2979254182
-64000.80048568919,-10675247.695322335,239721.37940760702,-10499527.116400417
158787.56635853462,-2090071.8645404875,23182.133865520358,-1908102.1643164326
-186779.8782250639,-3763410.94680655,82708.11140081286,-3867482.713630801
49561.63767223805,-15006476.495417356,-197557.7370629236,-15154472.594808042
-167282.6198812984,9218624.339300513,-407283.0923774019,8644058.627041813
-57533.620786931366,-2459152.8195429146,399780.68574843556,-2116905.7545814104
-102093.09447034076,6274702.2804685235,120121.85127539188,6292731.037273575
25961.686306169257,2221458.6395697296,-47698.72639744729,2199721.5994784515
253600.0527676493,2038798.5289316773,66115.3811635077,2358513.9628628343
-64814.790884250775,6689093.077796757,-375198.0683614388,6249080.218551068
88341.77887232415,-20839868.36494416,-48132.99146160483,-20799659.57753344
190870.07072166167,5869503.41918838,-356059.19777041674,5704314.292139625
130719.99868488498,9142432.53553313,-90680.99916523695,9182471.535052778
-237561.8371208813,-6465807.332780361,-365783.1473443508,-7069152.317245593
-182473.04228588007,-11440632.291919947,-177570.5102737248,-11800675.844479552
509255.8038177416,-4515609.665370405,-144024.6351247728,-4150378.496677436
-311732.8434509598,8369010.099122107,-10579.121471874416,8046698.134199273
-238825.84253244288,5438304.230525434,361389.742012009,5560868.130005
-5595.738780321553,2528190.6115831733,139011.6166730374,2661606.489475889
-437534.24279293604,3592016.962695271,-92274.3231382966,3062208.396764038
-104792.22848851047,13927032.991549313,-369925.1870417446,13452315.576019058
63798.92840229161,24604484.372538805,241497.41292933375,24909780.71387043
74423.53007596917,-1850983.6434814036,69044.19145593047,-1707515.921949504
-289959.8317465782,-6566579.181399763,74049.28352561593,-6782489.729620725
-145529.14683995396,-8000033.044342995,82791.41470585763,-8062770.776477091
-396784.556102708,1945160.7175177634,-145768.86293818057,1402607.2984768748
628388.7695597932,6363977.269174993,964345.9209618792,7956711.959696665
-118257.31493193842,-2789126.224832654,-426795.66302331537,-3334179.202787908
-101398.89712720923,33542436.011571854,-56224.940715268254,33384812.173729375
-74985.81480120867,-9796031.057205647,-65917.86244210601,-9936934.734448962
206399.10412856936,4715162.661270559,-635703.6894160956,4285858.075983033
2715.4021821282804,18365034.085197806,-69919.09650172293,18297830.39087821
619.6287045888603,747431.6498764753,168741.57516046613,916792.8537415303
77468.21306543797,-5228475.431036413,238985.83703634888,-4912021.380934626
143283.0638855789,-9461981.647178024,42596.95750301331,-9276101.625789432
-223082.09328430332,-14627513.981824338,-157770.4884967506,-15008366.563605392
-471601.3022904489,14410590.146855086,-298020.39450129867,13640968.450063339
-235824.1371343229,-3365048.122973025,-333813.3951624632,-3934685.655269811
-241959.36907517724,-6748601.5192011595,161104.35821793228,-6829456.530058404
-164938.07595904171,15352470.716339111,66326.44859994203,15253859.088980012
-92917.69090182893,7732432.843199581,-484027.6158455163,7155487.536452236
154352.59078652412,6833380.3623303175,258156.5278482437,7245889.480965085
6909.595026753843,-12706418.920773745,-305231.1825850457,-13004740.508332036
97228.98949152231,25043232.44957781,396311.15910390764,25536772.59817324
-396615.6297269035,-13493158.809612393,-306381.60402968526,-14196156.043368982
-228337.1568234153,-14215079.28889662,-140457.7309395224,-14583874.176659558
378788.93810678273,8782638.990300149,672057.4215159267,9833485.349922858
120332.28512567468,-11938820.009204,239963.97430156916,-11578523.749776756
175445.93020899966,26536310.77056068,180150.86653323472,26891907.567302916
-297611.9064567778,1861732.6652116776,262529.04668559134,1826649.805440491
30276.488814624026,-4657973.009955049,260895.14623050392,-4366801.374909921
448723.9661049694,4927592.355855048,472583.8370803818,5848900.159040399
-10343.647917019203,-4382758.76626718,284939.55949351937,-4108162.8546906803
308632.86319193244,-8681474.288601696,159208.58282048255,-8213632.8425892815
-288828.0003641788,8633028.54117173,264465.17222782224,8608665.713035373
80181.63738742657,22079047.28646487,556110.6526109055,22715339.5764632
292692.39780613966,-3317268.558632314,104646.31236005574,-2919929.848466119
70541.44399287179,798696.788338393,-271096.624244228,598141.6080870368
-129923.3013337627,74403.35254177451,-42701.085630357265,-98221.03442234546
296323.0602366347,4119109.593490422,274822.3072166443,4690254.960943701
182245.42501324043,-12406680.151220828,188707.6113960147,-12035727.114811573
-202659.2453508936,-13600531.153684318,-103892.04096473753,-13907082.43999995
-4657.532009525225,-2993108.0255133808,-252563.20394824445,-3250328.7614711504
-289442.06616276875,12398488.365172714,153881.96530792117,12262928.264317866
-345656.6518667359,4618450.29378283,57395.33914837241,4330188.981064467
40470.96345727891,-10326432.389582962,-12527.121534906328,-10298488.54766059
298088.95952921547,10257457.166363388,441184.74734674394,10996730.873239348
41947.36461770721,-22727255.203951776,-293541.3782405555,-22978849.217574626
35346.91850046441,1875762.285903275,-110012.37839759886,1801096.8260061406
-37022.349869711325,-392533.8245590925,162257.27052866668,-267298.9039001372
-211757.4087735992,-11598402.779999912,38787.63811574876,-11771372.550657762
153516.32048496604,9686534.68935892,272726.25925751776,10112777.269101404
-281955.8369176518,-3231722.375261098,-635257.8793267906,-4148936.0915055405
-364506.9504942056,-17564935.09198916,-182506.2210160792,-18111948.263499446
118493.59023664892,3761656.0546951294,-95457.85321852565,3784691.7917132527
149727.2253992837,3374808.2262496054,744445.206470713,4268980.658119602
269878.25484129786,15856537.998035014,-1736.290362559259,16124679.962513752
-57301.55484621227,-6413291.499165475,-231692.53811360896,-6702285.592125297
143839.44768217579,631021.2770310044,384354.00196017325,1159214.7266733535
85482.08097609319,-1440928.0297070742,-80139.19035702944,-1435585.1390880104
-61560.01114579849,-2237924.118700087,-64592.280931055546,-2364076.410776941
563010.2087568585,4141993.8125139773,314765.0529270172,5019769.074197853
222946.75877799653,9540049.757094443,176310.5853351131,9939307.101207552
288804.0535320174,11558281.78743279,-295713.2233941406,11551372.617570667
165874.85259841383,-1043030.0727251768,-178320.34279301018,-1055475.5629197732
224842.03803364374,10062778.204018056,-132948.0957455635,10154672.146306137
129012.74944416992,15109721.778650612,-306893.34188352525,14931841.186211256
-35495.415300603956,-7844367.649857521,286949.7328257561,-7592913.332332369
81926.93799792044,-4608660.305435717,-88687.3307531029,-4615420.6981909
-17541.183697661385,1074738.1228790283,110387.33865126967,1167584.2778326366
110408.84154122323,11747029.370328248,-72340.44690298289,11785097.764966488
-333059.1442181654,15707059.61552298,-306125.05770884454,15067875.41359597
66236.18477636948,24036248.614988804,262861.9842667952,24365346.78403197
205321.185102446,1654442.271154523,116120.45890470594,1975883.9151616748
164775.3298001904,-1446880.0680143237,50353.85437019169,-1231750.8838439416
-181335.87669237517,5579958.627738535,217793.101471968,5616415.852518128
51571.68256382272,-6973957.878877938,-107912.79753494263,-7030298.993849058
349745.3313306309,8999556.869913518,94918.2639260292,9444220.465170179
152535.0983666014,2105682.669474721,-164.7412578985095,2258053.026583424
40960.87858353928,-6924535.779266417,432868.21723921597,-6450706.683443662
-205739.34486866184,-10312827.748081863,-70737.3672452122,-10589304.460195737
-61732.117806268856,16258701.283390582,126965.84214761853,16323935.007731931
64198.70158284344,-6083614.008001864,299952.98660220206,-5719462.319816818
371295.4192496389,5576417.823302567,-232718.0100563243,5714995.232495882
-124821.69644301571,-9291978.52616918,382385.6324927211,-9034414.590119475
-47197.8751124572,-2145946.0710012913,-166159.26378185302,-2359303.2098956015
457591.3826789297,-10511087.244962215,63802.18961510062,-9989693.672668185
223218.91103678755,-3743802.489555061,-391001.57960841805,-3911585.1581266914
-114068.689717073,-11743136.42531979,-143708.73486207426,-12000913.849898938
-259057.60513993353,-15500329.9736979,-397177.6635234058,-16156565.24236124
10060.703347405419,-7787084.402633488,-272030.9357406199,-8049054.635026703
325620.61263514124,14164395.989714086,263740.2666794136,14753756.86902864
29192.45118419826,-773517.7898923457,-132075.61529435217,-876400.9540024996
147624.67101202905,14703173.13023132,-361932.6035708934,14488865.197672457
-215345.3756059818,-5407053.476359308,-317079.91498795897,-5939478.7669532485
-134774.32896267623,-624799.6047627032,-904449.5516159907,-1664023.48534137
88647.3556018509,-7415212.396274626,-406850.82865796983,-7733415.869330745
303975.9897976909,-1938996.6908579469,28135.50056156516,-1606885.2004986908
135110.82853963785,-7476841.4687952995,96691.97789950669,-7245038.662356155
59275.63109666109,2809783.053366095,-799580.2648539692,2069478.4196087867
177521.5757702645,-15424547.000943512,290522.87691032887,-14956502.548262918
-8311.772014446557,-8922606.731649518,-51052.25956711918,-8981970.763231084
-417952.4851057641,25287981.444447488,-474676.815523535,24395352.14381819
-1994.2788835391402,18404004.424292505,-323338.34775698185,18078671.797651984
213840.7916079536,-5899274.681001365,261203.1249133721,-5424230.7644800395
-2333.1341443397105,1893265.8344943821,502728.21306961775,2393660.91341966
77863.72526073456,33049572.214191258,374659.53006417304,33502095.469516166
-193686.0476219114,12949077.705417335,-70408.28628918529,12684983.371506238
-394719.02162326314,15287706.368869662,-176618.23506869376,14716369.112177705
276081.2579353377,9722699.785255253,615632.1168009117,10614413.159991503
-280093.51513898186,7446754.015085399,-160219.2780349329,7006441.221911484
197975.98806402646,-20761248.733412206,477243.7670677155,-20086028.978280462
-356829.62869406864,16434637.118526578,231372.38859445602,16309179.878426965
145028.88459942862,3733295.420528114,128893.38300600648,4007217.688133549
-169549.9882074669,767286.648995161,153580.78131076694,751317.4420984611
72216.4403552413,10867822.374903977,170815.4907007292,11110854.305959947
236372.7581276577,9298922.85922724,129702.93778081238,9664998.55513571
35319.857813159004,-7069620.891517252,-217271.6246085763,-7251572.658312669
-83271.94276713021,-1846825.3806590438,-38238.58537881076,-1968335.9088049848
271253.64163772203,27555004.82088211,-26238.621729776263,27800019.840790056
21541.17276861146,-807439.2950481176,-80126.43528587371,-866024.5575653799
636391.860787997,12437797.127235532,-146910.08087690175,12927278.907146627
-281698.4072684031,15411689.770935625,-39754.45747682452,15090236.906190397
155950.47221457027,-12327725.190792263,177316.49264852703,-11994458.225929165
-260155.35528065078,1457894.4386866093,469381.32434126735,1667120.4077472258
157837.73177364655,-9304129.153310776,118768.49328182638,-9027522.928255303
237325.83820167556,-26319786.848389626,456087.37982845306,-25626373.630359497
83556.56967739575,-2273276.708634138,112484.15269902349,-2077235.9862577189
2206.2047519385815,-10174202.297928035,118842.58563651145,-10053153.507539585
45993.30167235434,13777155.099993646,35946.283255159855,13859094.68492116
149116.7280143723,13737126.22514528,-280995.58415319026,13605247.369006462
-224979.65949771926,7475600.042264402,256399.61333873868,7507019.996105421
-21922.365920664743,-13227518.26544261,98108.65449635684,-13151331.976866918
-186462.5055216495,9399135.104494125,-193664.2226831019,9019008.376289373
-273645.8854473457,-24012556.671289682,-230574.43533387035,-24516776.9920709
184802.2083737813,-12502559.696285337,310270.1115346104,-12007487.376376946
-235510.29522465728,-12033071.74052021,-127431.01352021843,-12396013.049265085
-236677.1897274796,-236497.5630350113,87682.43274462223,-385492.32001786865
-132783.3262488041,-7205922.526872814,372580.10544127226,-6966125.747680346
282538.88345028646,5996117.107047945,373895.41343306005,6652551.403931292
-332845.075299995,13500903.43311268,-698629.426893428,12469428.930919258
145775.57622049935,15073721.324221909,676561.5405044705,15896058.440946879
-325171.71350494213,-15109335.367510736,-164831.91980698705,-15599339.000822665
-50453.76965339668,3601368.4477134943,-495564.1472852379,3055350.5307748597
219829.25129631907,618094.6140857339,-138378.9601964727,699544.9051855803
117330.30743338354,2486286.9948664606,-246366.54094852507,2357250.761351319
493992.93784442917,12577161.721891403,104153.64180957526,13175308.301545408
161678.94947111048,29231591.51272863,-38026.573508650064,29355243.88869109
352822.4067235105,9719847.113481581,250500.3663604334,10323169.886565525
-138561.28280575387,-7798125.934759408,-184623.84562970698,-8121311.063194869
-129346.78679272346,2028034.8031185865,156904.80865185708,2055592.8249777202
-114516.77218436077,-12445461.541274995,-448911.6418593824,-13008889.955318738
-161055.1332950089,-3249701.8663012385,-146460.21489997953,-3557217.214496227
39416.85964589007,-5547914.529142261,299117.5637552589,-5209380.105741112
356863.70515144616,-2458597.2250770926,522765.9658257663,-1578967.5540998802
318899.56282472797,20063512.598558277,413651.8312614262,20796063.99264443
493429.4264472425,7345505.602000594,51121.681897722185,7890056.710345559
211574.30777475983,13286381.132232428,313219.81148638576,13811175.251493573
323892.7819710504,-11102538.295007974,46799.28186765313,-10731846.23116927
400.2890069782734,-1787788.813425839,-147754.93618433923,-1935143.4606032
75606.94872069359,-16393677.557807207,-284167.6289232522,-16602238.238009766
-171160.69541950896,-496552.264041245,189239.95783999562,-478473.0016207583
-13689.909838186577,8509329.131213367,-165357.1563725844,8330282.065002596
-7244.5907050240785,-552729.8298476338,95469.1775008142,-464505.2430518437
137372.5362439882,-158138.73420077562,-75822.85384520888,-96589.0518019963
-159172.6695246268,4172121.008705944,63684.70579260588,4076633.044973923
-93493.5015737135,-2091870.7779886127,-267499.34703591466,-2452863.626598241
336055.9753588736,-27147343.857990295,303289.18473649025,-26507998.69789493
190466.9155095853,-19010099.98469448,-197635.448754251,-19017268.517939147
115774.58179064281,20012765.061656654,312925.1734066978,20441464.816853993
-99564.64434017986,-2811265.9983579516,-189944.96052131802,-3100775.6032194495
236089.98168068752,-2191530.9836860895,-283092.1667619422,-2238533.168767344
208615.93544354476,-2475742.571702361,389417.9787071049,-1877708.6575517114
-135436.37938406318,-7642095.400479078,28976.54374334961,-7748555.236119792
-272563.6135807894,27179317.792744547,-176495.6105812043,26730258.568582553
-294310.0897253491,-12459365.258785486,-88935.85843787342,-12842611.206948709
-108686.788931733,681827.128988862,-275394.4125266224,297745.9275305066
73928.0407225918,22722800.323824406,13373.660575956106,22810102.025122955
73812.76442104578,11852406.173490822,82839.91611076146,12009058.85402263
213789.58393224515,17936087.331408203,-252242.3941249326,17897634.521215513
-100410.21808868274,13580410.781153142,-5159.359904922545,13474841.203159537
23171.808408061042,9306392.344460398,291369.9878882989,9620934.140756758
111220.61455503665,13674646.167012691,33778.807106658816,13819645.588674387
220690.0029980298,-3975230.158294499,189739.25488044322,-3564800.900416026
243602.2525148131,-17016329.036427557,-65629.3309591338,-16838356.11487188
-37611.09479610808,1962235.0885694623,140912.18851598352,2065536.1822893377
-56683.442998861894,13082884.149936765,250113.26838254184,13276313.975320445
63665.97261053696,-2883628.856600374,83831.7404871434,-2736131.1435026936
-551243.1826572102,588144.03355667,-518473.042665191,-481572.1917657312
658831.2445351593,-33239966.18849677,58513.078330911696,-32522621.865630697
88334.73383300193,-27212355.694257736,94224.68754092604,-27029796.27288381
64490.253291396424,-17054868.664091855,255738.30793037266,-16734640.102870084
-88908.30015548132,20243.966240644455,-100194.97353605181,-168859.30745088868
-282551.37396844104,-8719809.893461615,-256181.28520601988,-9258542.552636076
-171818.4592462089,14431007.641259015,-499349.53379176557,13759839.64822104
-170297.13863953575,13083286.015443712,-111760.49260213971,12801228.384202037
153350.50201671757,9678138.736344725,152585.407731466,9984074.646092908
4523.475154750049,-2932701.8510697484,-177926.62452792376,-3106105.000442922
161276.2165054381,13297735.114269823,94393.9711966291,13553405.30197189
253828.97556319088,2634385.012112081,246987.07869279385,3135201.066368066
-197846.98087800853,-3019450.6616137624,-360157.4323470965,-3577455.0748388674
-163301.63412271068,6093594.491452813,-154867.8305735588,5775425.026756544
-307944.19591722265,25954410.48906964,-71206.04022525996,25575260.252927158
-384916.9163716696,-25147618.205842823,-102926.57845780253,-25635461.700672295
-434884.4704811778,-4220482.110157847,-142253.25209983438,-4797619.83273886
202305.4168831706,-5447145.030621767,-137107.3139431104,-5381946.927681707
35348.50959601253,7693179.37877655,-135333.98543389142,7593193.902938671
-41651.12831177749,-2592427.4608445764,255150.86990471184,-2378927.719251642
206875.81450554915,-12461964.117156059,558110.4200772792,-11696977.88257323
-333842.4031187296,29608806.580005705,-247843.3202465251,29027120.85664045
309926.8835098967,-15022916.407600224,144555.4848023802,-14568434.039287947
24350.964908663183,17325538.657540083,-37988.895732462406,17311900.726716284
-240916.3329873234,-5927789.659154505,-806313.315882422,-6975019.30802425
33745.65454655513,-8529901.19315362,-27214.934832140803,-8523370.473439205
301305.6592807863,14775187.089883506,131033.51706854999,15207526.266232843
156.2319794241339,-17135954.72127074,-179023.92238995433,-17314822.411681272
388485.97420711257,-3415228.518545747,274826.65551508963,-2751915.8888235446
298271.1612900477,53281620.28480035,407994.7686166465,53987886.21470705
294887.3588240817,24219894.054626167,81055.5595927164,24595836.973042965
-75253.91459196061,11125859.568443567,63724.25960128009,11114329.913452886
-6069.735187429935,-9396811.667895466,-87682.96514061838,-9490564.368223514
430067.31380774826,-14512642.223705798,132920.02235351503,-13949654.887544535
-80014.82593199424,6668196.118048608,426842.6686075479,7015023.960724162
67201.20841555297,6528922.823203504,-190227.34761171043,6405896.684007347
145476.8349611126,23288475.267817378,-339466.833854422,23094485.26892407
-295372.9451327063,-27336508.902985156,414670.12918142974,-27217211.718936432
-251239.09475854412,5470154.797737479,-282723.2067620456,4936192.4962168895
-143262.44422376342,10022137.758426309,-308157.34718842804,9570717.967014117
-142715.6186217144,6129249.861913085,-20389.521877020597,5966144.72141435
-201113.87554899603,-16364534.961223245,-112804.35805386305,-16678453.194826104
-157554.4269253891,18203231.45888549,-216676.01820457727,17829001.013755523
-117246.64402264729,-20802800.2104941,298219.0909716785,-20621827.76354507
2513.2028024625033,-15174434.22509092,202730.420068942,-14969190.602219516
-128968.79746293649,3322272.375869632,-214141.68141251802,2979161.8969941773
151720.65936791338,-8243364.910638183,-267071.9943821952,-8358716.245652465
-55277.52993604168,-1910233.3477343917,428643.7503867671,-1536867.1272836663
-169888.6866763793,-16870215.36642471,165434.82181227952,-16874669.23128881
333422.4891211763,13356400.57989806,359617.4639849663,14049440.533004202
-361202.97810747847,-19083904.57989204,-44395.88032890111,-19489503.43832842
123679.02142485604,-1927844.6225534678,244554.1534744054,-1559611.4476542063
267098.93194072694,-16352248.93075788,418552.20537058264,-15666597.79344657
293083.40137882903,-14560066.819397867,-168910.28828126192,-14435893.7063003
-353343.03236135095,13046489.580970407,-110176.5411824286,12582970.007426627
141442.06234861352,24171426.301506013,108785.32339392602,24421653.68724855
-147471.4748045355,-2063403.527703464,373377.29874842614,-1837497.7037595734
328933.30201366916,27168972.46670711,47628.70130176097,27545534.47002254
416173.10498357005,-2520471.225769609,-396581.6972942129,-2500879.818080252
67282.2645229157,-11032765.752664924,-123565.2868982777,-11089048.775040286
98068.55951498635,-11211718.116436243,91880.20305530727,-11021769.35386595
-121000.2336593531,5390636.445425779,-232947.60490389168,5036688.606862534
-239068.7137392778,-6235054.585440844,-322736.6713935062,-6796859.970573628
-86002.58989889175,-6092202.788726628,-89242.5238141045,-6267447.902439624
61265.263703940436,-25453922.59435305,120308.89010434598,-25272348.44054476
-145567.74895649776,6666696.8195335865,-38504.76388092339,6482624.306696165
129295.28228764795,8457843.5812037,-664702.3709547073,7922436.49253664
343871.8057426363,-1096423.520640552,226283.387484774,-526268.3274131417
-210707.71889997832,25124129.47068709,-320642.7782263458,24592778.973560765
125370.1936873328,477186.09895813465,14206.70505142957,616762.997696897
-9789.140945063904,4714332.430618316,-141333.2192382589,4563210.070434993
43591.55390407331,-10507778.28092587,368259.001101166,-10095927.72592063
-55177.00195725821,-6993062.700929642,41364.90288384259,-7006874.800003057
12912.620238697156,9948261.451625586,353158.4740971774,10314332.54596146
115599.11005664058,22839546.358699262,53566.46609596908,23008711.93485187
373056.13347497024,-10047552.555237204,235066.7616146505,-9439429.660147583
-14095.550373718143,-3510930.8518728614,-240753.99189960957,-3765780.394146189
116539.47647275776,7541260.027178645,391440.1261621639,8049239.629813567
466228.4613879286,17689609.570810407,-62019.13135176152,18093818.900846574
-134834.6941690147,16023904.574253976,-42749.75553185493,15846320.124553107
15590.910642044619,3868008.5683912635,-21104.853692807257,3862494.625340501
135034.0265727248,26049305.918801963,412379.48980944604,26596719.435184136
319317.20431480743,-20514260.40113449,515881.19223850965,-19679062.004581176
321435.62195607275,5431776.738006115,-93245.01839759201,5659967.341564596
-152929.71260417253,7157798.423685998,-436382.0706061721,6568486.640475653
38220.69060751982,854437.7556014061,-125346.58280687034,767311.8634020556
-161307.4095139634,-4067669.517136812,-177714.62702723593,-4406691.5536780115
249534.64036053233,-6184716.830292106,510747.75260882825,-5424434.437322745
351236.817287717,22712659.972989917,-136587.57359528542,22927309.21668235
401393.3323667757,1146303.021880269,729418.5727832764,2277114.927030321
-263652.5898577813,15899564.043726206,-67020.6051094681,15568890.848758956
-65233.47914219834,-1259928.9212360978,-344597.64896565676,-1669760.049343953
-290898.3410700783,-11899838.385266483,-129467.06732645631,-12320203.793663017
52191.46138835512,1513666.5186262727,177322.54592998326,1743180.525944611
212853.84708823077,-3774718.5570558906,93174.19833789766,-3468690.511629762
-137986.40854279138,-12508813.734371543,106556.93568369746,-12540243.207230637
237306.14534627646,-3994880.348815322,-467261.95090606064,-4224836.154375106
-152584.38456924632,-787279.1878122091,119884.43139524013,-819979.1409862153
-1071.0067319832742,-19258460.911954373,112783.34905080497,-19146748.56963555
201017.31097275205,-2096035.2254922986,44575.01077546179,-1850442.9037440848
315090.62408639677,-6576459.482109398,337159.68440534174,-5924209.173617659
-149350.03382144682,1752426.461435765,-226223.71454828978,1376852.7130660284
-56148.013292413205,11346827.963547409,-24821.221262037754,11265858.728992958
195065.85776204988,1471864.9628843665,-175190.66206742823,1491740.1585789882
-216968.93618873134,-10087943.846319199,-1951.9183904230595,-10306864.700898353
195715.2922058329,981428.8350565434,349927.5538519621,1527071.6811143383
-323225.59104873426,3742607.3356817365,111516.10153385997,3530897.846166862
-174048.8250945788,14482987.2162489,326785.30926997215,14635723.700424293
270573.79586264305,-7883598.879804671,338588.93730041385,-7274436.146641614
240950.53920193575,-10551646.693023682,-164156.07171163708,-10474852.225533383
-41297.074533117935,-7264114.692582279,-401422.19595716894,-7706833.963072566
20384.214149184525,-15904832.228461802,196300.08308143914,-15688147.931231178
-135664.00385779515,29143446.453368068,-160143.3925507143,28847639.05695956
38154.03686844371,15874049.762313962,351895.6560722217,16264099.455254627
315942.4910702631,2465412.8551003933,82753.59120507538,2864108.9373757318
-217583.250091495,8791726.155270338,-118731.5669427067,8455411.338236136
-293179.56255631894,-870753.1366752982,369001.3719229698,-794931.3273086473
-60210.93798428215,-10640392.97006458,-257101.87366068363,-10957705.781709546
-162854.89473943412,24888713.30206582,18025.35405946523,24743883.76138585
235765.48858249,-646245.3304867148,13184.585836842656,-397295.2560673822
-288286.83156629093,12516936.191313446,97832.05160222948,12326481.411349384
-265321.9126789868,1062857.208024323,-148673.516065225,648861.7792801112
39779.21703518182,-2285558.639445126,142076.00261690468,-2103703.4197930396
407908.99000931904,-17650574.701138288,227927.107903257,-17014738.60322571
-178982.41995093785,-1508557.0895723999,-208501.7937926352,-1896041.303315973
-125001.38903743401,16325494.95240125,378105.2296098247,16578598.792973641
275721.90987906605,2373163.352463782,-206732.45607341826,2442152.8062694296
265539.6578241866,-18143050.13105011,62840.18889507651,-17814670.284330845
84883.69174934365,-14623975.348576427,-230748.1787654087,-14769839.835592492
69887.01226768643,2773626.660444051,117274.37132962793,2960788.0440413654
-226632.99658136442,26045241.01326838,-503.1544947773218,25818104.86219224
-322283.4214174058,29626205.45134437,206227.8523081541,29510149.882235117
-171933.70573129132,-15320561.765583158,-383068.4957503453,-15875563.967064794
-241617.46596033312,-13377361.829216748,-595471.7588290125,-14214451.054006094
-89181.37744896859,8259476.749006808,-83804.22279150039,8086491.148766339
18828.317357234657,-7669881.254337192,-146378.260569416,-7797431.197549373
-317807.08477059007,-14047478.358613133,65501.066030330956,-14299784.377353393
65255.81642875448,-20499213.567634642,189855.8255457729,-20244101.925660115
198805.97826452553,4308432.404703677,404637.95968351513,4911876.342651717
116991.20753705129,-1068517.179684937,93208.65864744782,-858317.3135004379
-219887.50204074383,-2644217.884821892,-342826.5092255026,-3206931.896088138
444864.20234466344,1137075.3084985614,126606.41610112041,1708545.9269443452
-281235.81619081274,1370966.774187982,-778558.8033941314,311172.154603038
-333510.2529103067,-18973733.362989664,110963.11241801083,-19196280.50348196
-59041.541664017364,11146253.443999708,-236458.8165071383,10850753.085828552
-57339.89010136947,-5341898.2217152715,-294624.8014803305,-5693862.9132969715
151640.42261106335,13784797.32600665,-81348.36548025161,13855089.383137463
-116507.31399647892,5763457.954432964,-289092.0527890101,5357858.587647475
437495.70824889094,2172915.5048335493,338856.03609000146,2949267.2491724417
246605.47327236086,7566764.959094167,-218013.10535798967,7595357.327008538
-111675.32960659452,11273459.215763181,308818.3730491847,11470602.259205772
-34796.39417645149,-3123146.123680711,-44322.52319069207,-3202265.0410478543
247429.1349175386,1488254.989119947,-230495.33758467436,1505188.7864528112
-609719.7063596155,3393578.8040780425,-668375.5118165761,2115483.585901851
-160997.006937759,-11898451.161239207,106666.48106331378,-11952781.687113652
291897.14090313576,8998816.532857984,97039.15615344048,9387752.82991456
307344.9367238935,1043821.5551239848,90387.76248085499,1441554.2543287333
330139.59355825,4963657.221056402,94654.16608785093,5388450.980702503
-74789.643736884,-19648129.61936906,-432934.68010918796,-20155853.94321513
-124361.32907588594,15820074.240480006,10529.305105425417,15706242.216509545
214778.77321641333,3202044.4690680504,142635.58002780378,3559458.8223122675
-360682.73484566435,8254932.867122233,113785.30635523051,8008035.438631799
89126.3548929505,3814109.641610503,-166311.13213695586,3736924.864366498
-494780.1183312852,-3260829.716133237,-59676.533579327166,-3815286.3680438492
147439.36459173635,2002108.3506819904,73203.16721911728,2222750.882492844
-273200.64371500537,3769325.815709889,-441476.55921723694,3054648.6127776466
-145348.85712360404,-11945249.258095384,78238.74670241773,-12012359.36851657
-63756.410162055865,21272547.60886982,-265224.5253017396,20943566.673406027
-67506.10100425035,-12079084.067327023,162830.84145522118,-11983759.326876052
207667.58000697382,311472.07453882694,273910.55721214414,793050.2117579449
-112639.00456100143,-11333947.706583649,-74212.81097581983,-11520799.52212047
-273455.4874018915,10382836.706659108,-422358.7022806555,9687022.516976561
-277164.43111079,9803809.876349032,-56619.417715631425,9470026.02752261
127722.61448069103,-6613009.095332801,312085.5267531127,-6173200.954098998
9327.84476959519,1272201.5088255703,-63370.827513195574,1218158.52608197
68864.487407431,-5569876.1168013215,282138.149754636,-5218873.4796392545
87151.09290123917,75442.77267071605,214315.39306673408,376909.2586386893
202939.55964145996,8009598.035553575,-107284.55136032403,8105253.0438347105
-153227.6913664043,8215134.526738018,116997.29437580705,8178904.129747421
-367738.41307981685,-1785074.1721229851,249298.25327406824,-1903514.3319287337
-74096.647248758,8435305.704401791,-208905.28407933563,8152303.773073697
-394042.38403914124,-4912466.88557151,-455600.58577762544,-5762109.855388276
460943.9512099102,4498039.070089608,75955.14898349345,5034938.170283012
311224.5801615324,22778393.086238682,372344.51570394635,23461962.182104163
-138327.33668426238,4942141.626888484,-283651.36912668496,4520162.921077536
-214869.8407974355,6033633.040438831,-439913.07737360895,5378850.122267786
132072.15835573524,1579024.8161871731,-136034.43733324856,1575062.5372096598
-305225.38914296776,-7761014.566636205,-224631.79115065932,-8290871.746929832
-110479.8366556,-2993015.404296458,-270435.8201809302,-3373931.061132988
87535.26732871681,9553228.781753182,-14756.01186157763,9626008.037220322
75757.52654717676,6347110.660748899,125452.58481437713,6548320.772110453
5023.028310086578,432044.7382878959,-288069.3117275536,148998.4548704289
12558.279304170981,6221552.790122151,142619.36566541344,6376730.435091736
459070.27484460175,27423961.048766375,547092.3221419901,28430123.645752966
43652.035727825016,-4993732.423739612,69273.50924681872,-4880806.878764968
-302694.2351833917,-18056335.71367103,-385954.2452634722,-18744984.194117893
103982.47768661007,-24091921.817291707,404538.13401255757,-23583401.20559254
79313.14567250572,10532722.18797639,176956.37442994118,10788991.708078837
-40540.82294992544,-11940203.987084568,39814.47905020416,-11940930.330984289
-77179.65338207968,12773432.396913797,-285763.4399536103,12410489.303578107
-126504.79945289902,1904200.6272244453,-174399.45728773624,1603296.37048381
-561450.1447573267,15078630.640034318,10867.209159202874,14528047.704436194
453649.9664696194,27194327.448007166,249781.6226593554,27897759.03713614
-2957.4235448800027,-12525449.366192102,263117.7905721143,-12265288.999164868
269433.21801796556,17832765.88255459,-8232.27762952447,18093966.82294303
-197042.43003073893,8702232.857364267,-139485.9148599431,8365704.512473585
-333943.6525802966,-14376138.011263758,-113460.01801507175,-14823541.681859126
-30133.79059914872,-1973605.8746948242,-84068.58845475316,-2087808.253748726
-63769.11898916401,-5265245.746035993,66793.60376189649,-5262221.261263261
-139177.12963456474,-18141672.833824933,-39879.977792575955,-18320729.941252075
171494.9573812969,21535926.81849593,-5403.936363659799,21702017.839513566
290276.5926022511,-8726286.523532808,229397.5243344754,-8206612.406596081
131059.10882191174,12393958.17078358,-316431.39674572647,12208585.882859765
117743.24888897687,15811610.411684215,-140666.45695415884,15788687.203619033
-157622.5831302721,-22884317.91178873,164842.81051246077,-22877097.68440654
-109540.06073693931,9661906.271884203,-30893.332035169005,9521472.879112095
-123257.05138158426,21838972.27017951,-536043.5277913213,21179671.691006605
-49390.573283117265,10155199.524914384,55458.216330215335,10161267.167961482
385725.9416133072,-10497756.898162007,351637.0706297904,-9760393.88591891
-43541.15673701279,6698407.597026914,194489.09487393498,6849355.535163837
-2593.9289213083684,5611292.605631143,-118529.62951242924,5490169.047197405
199316.13055574894,-565886.8747529387,86648.27000788599,-279922.4741893038
359372.7949690465,23569903.22682047,12353.49747865647,23941629.51926817
20059.682399362326,-14995844.756287575,-207848.1297947839,-15183633.203682996
-152651.3852269873,-4110447.727916062,-127490.89901800454,-4390590.012161054
-54741.55538420379,-16706343.548927993,38159.884265735745,-16722925.22004646
-173376.17186863907,10059385.746257871,107744.47996418923,9993754.054353422
-140291.72979753464,8959032.45385325,-179597.8047745973,8639142.919281118
220423.05725687183,-5904031.191653788,689978.9457504302,-4993629.188646486
141078.03176528402,-4632049.665787846,-421502.59616819024,-4912474.230190752
121915.64094529115,2681761.9126975536,-114671.67532395571,2689005.878318889
-195445.13009482808,933746.0189658701,-30809.45814870298,707491.4307223391
-255093.51896170154,-15369475.866785228,-287168.20242749155,-15911737.588174421
-149386.86225884035,-8188524.344292641,-175842.01007074118,-8513753.216622222
-56074.03529000655,-5404893.99838686,449354.0523627475,-5011613.981314119
-200633.34560757317,-2626586.9771594405,269703.3486915678,-2557516.974075446
-155330.69404709525,7338403.43336767,-184685.04406823963,6998387.695252335
146760.66323104315,3153271.027893126,-187551.90016996115,3112479.790954208
306602.94784149155,14754636.766287982,34980.12186589837,15096219.835995372
-328530.4445941262,-102786.16754847765,-308926.7323996201,-740243.344542224
155061.656045625,7388851.408214748,273258.0571923256,7817171.1214526985
122081.59540244192,19083036.67259842,-298277.67935977876,18906840.588641085
78929.28333583474,-8090676.925574124,481373.44390479475,-7530374.198333494
156694.66393717937,-4015373.1563348174,69616.81386888772,-3789061.6785287503
-27931.13135669008,-14475630.60261345,93531.6057208404,-14410030.128249299
-196125.0525453929,7412874.793745875,-68380.07001364976,7148369.671186833
-127601.28862301819,-12515453.144065857,213438.40115689486,-12429616.03153198
131146.68283606507,8223159.992995262,-61501.95621563494,8292804.719615692
-31672.05424841307,9080601.795228869,-64132.72517358512,8984797.01580687
162560.93228662945,1741957.2804040015,480479.73375588655,2384997.9464465175
-426964.4985568598,7511835.381334513,-705468.7555748522,6379402.127202801
-249404.90380659327,-4332326.786992729,-134097.94725769758,-4715829.63805702
-245603.1016359441,-15891309.352121979,-178771.39107630402,-16315683.844834227
247250.61615204252,16983412.320200592,106071.38465596735,17336734.3210086
601766.777275594,-8530577.481291652,16163.079782672226,-7912647.624233386
-89433.92677014321,-20616379.439441442,-696973.164906241,-21402786.531117827
-51493.07059662044,14476455.388519198,155114.17180997878,14580076.489732556
-188103.11637766287,-6110992.064363182,-41259.35206851363,-6340354.532809358
-166180.59462402575,-1296750.3060735464,-203341.7530331537,-1666272.6537307259
55423.990895604715,-5906611.268997401,-136103.40339793265,-5987290.681499729
-56816.32849468291,-11363864.220653981,305619.19568926096,-11115061.353459403
-146802.0761424508,-7368327.468519926,183855.6286188513,-7331273.916043526
231587.07846485265,-8412192.028914988,238378.82790447026,-7942226.122545665
-97169.22628942877,6597327.013732612,-62779.962295383215,6437377.8251478
252278.76724129543,53185.23896443844,-109866.91232617944,195597.09387955442
32010.766312453896,-760622.4603643119,152321.76625569165,-576289.9277961664
-17666.015035709366,-27660054.552290946,96695.19543011487,-27581025.371896543
616460.9467390757,13754910.618493289,302023.4023476392,14673394.967580004
-31678.530445337296,11142089.863011062,-120503.74575106055,10989907.586814664
-418421.6859940309,305090.5769687891,75355.20107290894,-37975.90795233287
-234086.91472611576,-6807003.502723157,133936.92802285403,-6907153.489426419
88295.57520172186,22816524.108601004,-92490.4657175839,22812329.21808514
19506.555368220434,4913744.521630466,128932.50004334748,5062183.577042034
-435004.4954049308,1615581.9557642937,70305.14587265998,1250882.6062320229
-1787.6815445441753,-6359797.837324262,64631.4378779456,-6296954.08099086
-424446.8712927159,14394372.409170955,-598925.2149733305,13371000.322904909
-111765.08742720634,7802317.308575332,436514.43842858076,8127066.659576707
376559.7980883401,-1152753.8881770968,377593.0427256748,-398601.04736308195
13572.360242770985,2982456.5512191057,20394.335742413998,3016423.2472042907
420299.7554982174,14445561.69167009,-257005.09741728008,14608856.349751027
-388661.48008881696,-15826495.359435022,18180.364023692906,-16196976.475500146
231333.45492924005,-2051711.8961849809,269720.21783769876,-1550658.223418042
3733.794034631923,4183043.123482853,295109.3251583576,4481886.242675843
-238185.8756290339,-3916645.054160595,-143329.32265085727,-4298160.252440486
98521.89598276466,22873646.40862447,288461.92678739876,23260630.231394634
-200825.74925852194,-13625611.508425027,-4089.829892888665,-13830527.087576438
-200396.155076053,-14265651.104978204,-178894.17367108166,-14644941.433725338
156595.32802212052,4863089.506534904,54313.31031410396,5073998.144871129
-283021.9150366895,733867.9572177529,-343776.5357225388,107069.50645852461
221182.69303801656,10106112.078603238,-378243.0368316546,9949051.7348096
295748.83337504417,-4731573.233615935,-388008.61587467045,-4823833.016115561
-36812.47716262378,5930722.354293734,-311410.50667030364,5582499.370460806
-9140.803533099592,-10200080.907127827,-195994.58901838958,-10405216.299679317
167500.29771205597,17011708.725861967,-455637.69976028055,16723571.323813744
406163.00842886046,12245157.748183846,327234.0572700277,12978554.813882735
3553.300976511091,-4452775.492776126,389859.46141859144,-4059362.730381023
146746.95031701028,-9579821.354602396,137723.4643445611,-9295350.939940825
-294.20952082052827,-9795299.228433818,139736.6151696667,-9655856.822784971
-128072.44073452242,-6414262.604422808,-13995.47283705324,-6556330.517994383
-50481.20740521513,-6241458.683592379,149417.17710599303,-6142522.713891601
13183.470448041335,27232983.384433806,-44799.00500134379,27201367.8498805
-265094.78816653416,-6846125.78483364,-61664.20944326371,-7172884.782443438
124387.59732405283,-5432212.195565492,289107.4206855148,-5018717.177555924
140728.8226979822,1912371.879051447,137519.35701646656,2190620.0587658957
54681.457001101226,8926216.006890059,244409.726728864,9225307.190620024
-23908.65686455369,-11814749.59585923,61621.70204563439,-11777036.550678149
-101675.33449350297,11694217.447445631,-589009.1224930659,11003532.990459062
-105783.08405782096,-6127514.4031488,305551.17050890625,-5927746.316697715
-242367.8282434065,2421414.040119767,-177958.5274106413,2001087.6844657194
-190946.78941761516,-17465747.65264964,-54297.76806756109,-17710992.21013482
-253757.3792214431,6695389.987015992,-91550.77402236313,6350081.833772186
119631.45349953696,24711529.388746917,119980.23147986084,24951141.073726315
-42603.62800443731,6389398.72285077,-32465.094686955214,6314330.000159377
107229.77190311998,25173822.081855714,-384646.7423775196,24896405.111381315
402459.8811724931,-14565697.62661457,-114468.70210506767,-14277706.447547145
-114720.05063246377,4864665.104306936,-173620.57874203473,4576324.474932438
182961.1353740506,-27330018.81792584,266193.6012831107,-26880864.08126868
144197.44421564043,-8187395.283534318,261643.40450517088,-7781554.434813507
-184504.5400528796,4236769.832655668,-24512.525854334235,4027752.7667484544
-176453.63920885883,-15000293.782655954,-18851.02374652028,-15195598.445611333
169777.05721215345,16991784.073577702,75839.33533897251,17237400.466128826
203126.71493162215,2407201.6805033386,29561.863594926894,2639890.2590298876
-498396.88960338756,8009723.2537539005,-210862.8836269155,7300463.480523597
282502.5250820741,10217968.455822587,262480.91301897913,10762951.89392364
-237607.60919329524,-22827343.534065127,-51190.915614157915,-23116142.05887258
205026.39431972988,20435960.79632446,186635.14306138456,20827622.333705574
-200632.93562682718,18403060.02328849,-36883.599709481,18165543.48795218
51981.765353741124,-12928055.95679766,76600.37532336265,-12799473.816120556
-33234.508244246244,12202542.240331948,7069.68673606962,12176377.418823771
93508.16103095748,-7072690.624248624,-636960.8126277328,-7616143.275845399
96346.00702129863,-1092101.735052973,89856.56030320376,-905899.1677284706
453173.81853729486,-7282866.280127317,-122762.91047495604,-6952455.372064978
233030.6775584258,17335177.935266435,24918.202643312514,17593126.815468173
142751.99778407812,15734777.189783186,263215.1298271939,16140744.317394458
28032.1660265103,20226219.013868332,-211373.9881329462,20042877.191761896
-167112.48245705478,6790453.501294732,-14378.532467655838,6608962.4863700215
76259.30972025171,14848098.419517636,486939.023604393,15411296.752842281
-378846.0246013608,8443786.99088478,-545829.7961615771,7519111.170121843
-133300.55131577514,-5156159.598128915,21338.60878457874,-5268121.540660111
-19916.334559829906,8264260.872981012,-61387.58672097325,8182956.951700209
-86996.74242183194,18687528.822456717,377791.9602456391,18978324.040280525
54501.964624326676,-4217790.9687645435,15065.16263590008,-4148223.841504317
506454.4561158195,-7279886.625741959,573849.010880135,-6199583.158746004
10517.148511309177,-10097210.690238684,326303.543124035,-9760389.99860334
201285.44462295808,8124681.898890257,-64771.21825385839,8261196.125259357
-183938.6761909835,-4227461.363987207,-464767.8741128817,-4876167.914291073
339260.4533702303,17793532.318895996,-126817.86289552599,18005974.909370698
-19291.734992161393,29459994.74692598,-230379.0504823327,29210323.961451486
60663.769290961325,6890201.548301458,-61713.81487317383,6889151.502719246
-51721.940280610695,-25862358.215929866,51838.632713362575,-25862241.523497112
1352.9644538518041,24620936.757773995,-354541.3583512306,24267748.36387662
-325965.7015323844,-22818166.941522628,-13195.137586541474,-23157327.780641556
-188224.85915111564,5472160.870178819,392738.52100824565,5676674.532035949
149484.96293597855,13477043.821483076,183140.18712690473,13809668.971545959
233081.0941090323,-28295346.030855954,449765.87078784406,-27612499.065959077
192638.6585562434,21343108.408860445,-224538.74519578367,21311208.322220907
-32869.04982950166,3055047.88929677,288650.5003951043,3310829.3398623727
-186969.10133699328,12078495.23658058,156767.70933926105,12048293.844582848
-177300.83946367167,-20691529.71012193,-256711.48456189036,-21125542.034147494
-180000.02419595607,-3960537.353300452,-5111.386613950133,-4145648.7641103584
-82485.35025937483,441857.25151732564,313775.04977333546,673146.9510312863
-24197.149049634114,17801076.56999874,-209328.1216290146,17567551.299320094
-51909.611228276044,2839182.194096625,529644.617653951,3316917.2005223
-276243.69813305326,3998176.4472893476,-482528.67664556205,3239404.0725107323
286018.7343111001,29640505.219205618,170870.54174182564,30097394.495258544
452039.1373618748,15503735.531981766,274241.3622252941,16230016.031568935
101179.55700780265,-27158954.181604385,-106621.12607294321,-27164395.750669524
-294904.2868673969,-6047600.797894955,41037.38485068083,-6301467.699911671
673765.3021952808,3120227.081291735,83669.6438165605,3877662.0273035765
83923.76445711032,-14627447.918001771,-512694.97426120937,-15056219.12780587
96094.98454049975,3934731.5557005703,-28839.18184647709,4001987.358394593
98920.20452564023,-4484652.440697432,-98192.17697925866,-4483924.41315105
-348149.4232367519,17525294.492558658,-416791.22746311873,16760353.84185879
-216665.97917759977,7094387.414802104,-546282.0318988562,6331439.403725648
99300.26313767582,-9142462.960934877,-41086.41614192724,-9084249.113939129
261608.58964271098,5269991.425932139,25496.23138603568,5557096.246960886
160115.69152645394,-5875852.464612484,-14638.22649949789,-5730374.999585528
-163330.78184752725,-9736101.13841784,-333865.79439296573,-10233297.714658333
140340.59030645713,10285089.174621701,147892.55540312082,10573322.32033128
148409.5058775209,4978766.563815087,64597.57580331713,5191773.645495925
132325.0027148947,9700789.133015215,285316.2651680708,10118430.40089818
-204210.0110410843,19107597.158043176,-31180.112433448434,18872207.034568645
241936.078090176,17409863.445727468,30769.616483047605,17682569.14030069
43646.955866683275,7043106.126598656,-83200.2909797579,7003552.791485582
-212016.98966608942,23175343.358253807,145984.0499201715,23109310.41850789
-161049.81489839964,12992626.88583082,133483.0847255364,12965060.155657956
461363.081764698,17990470.168234468,103596.33106928319,18555429.58106845
-356509.15225278214,12847538.248849154,-552068.6703492478,11938960.426247124
81577.86028349027,-9285495.334798247,-95460.97730929404,-9299378.45182405
-66036.1285627,-11750660.782987922,-175402.6115175858,-11992099.523068208
354627.8239962645,2445240.0785583556,-471253.8657677248,2328614.0367868952
-80687.70224751346,6546213.78091079,-111266.20566952974,6354259.872993747
296602.0786075238,19144994.3065086,80583.65314375609,19522180.03825988
-163161.12074129656,8887862.05360341,405909.0181562677,9130609.951018382
-57646.90511439741,-9961351.13664639,-310966.7786575854,-10329964.820418373
-78284.0070621483,-678219.5416418612,-326200.73380075395,-1082704.2825047635
-494713.8975071069,12594045.851493835,64380.973864123225,12163712.927850852
-141255.2923771683,4807580.1308835745,260862.10577653348,4927186.94428294
60317.28359288722,7380868.152892739,311742.3326606527,7752927.7691462785
109429.2520757392,3463910.650562346,96772.32848089933,3670112.2311189845
-170528.51422196254,7712175.427541554,293261.6348084584,7834908.54812805
-17980.62841188535,-15491832.18886891,99468.09179205447,-15410344.725488741
-282422.85667569935,-12479221.339208007,-481418.58216677606,-13243062.778050482
-353200.6547960397,-30419303.067925215,-264734.6299778074,-31037238.352699064
43014.72699863464,-2211416.57408607,-171329.0631924197,-2339730.910279855
259505.88642431423,9780757.281719685,-65211.52089473605,9975051.647249263
223763.68597401306,-149040.4455394745,314493.59489925206,389216.83533379063
29104.05313486606,-10816341.4101305,-233503.70967945457,-11020741.06667509
661744.2936972491,419787.8173778057,627793.8767292053,1709325.98780426
267327.3274419345,-6287807.396572411,-71475.2503720969,-6091955.319502573
52884.46232951991,18662098.17165959,-96719.50601261854,18618263.127976492
-161284.24165130034,-11625805.841439843,373149.6244330853,-11413940.458658058
-136482.37378604338,1820951.7472060323,-463189.5874749273,1221279.7859450616
156040.86988834292,19161090.701743007,394392.01277256757,19711523.584403917
-99608.09880246222,-9578314.691806674,284533.9489382729,-9393388.841670863
-139086.30806308612,-2878359.6979134083,344117.8540921584,-2673328.151884336
124337.78285018541,-4923073.122229338,-33411.45288225263,-4832146.792261405
74459.12568115257,10037950.852003187,16936.216425269842,10129346.19410961
134400.90594808385,-2161453.14191097,657708.1031570882,-1369344.1328057982
-52980.997399693355,7803077.348171204,-6639.184619195759,7743457.166152315
434475.99569873326,18700770.64387715,321729.0558748096,19456975.695450693
8013.683589955792,21577890.86487788,-109376.80227260292,21476527.746195234
-303093.28092962503,13043876.7591331,2222.578731805086,12743006.05693528
-59923.693991366774,51673177.92764932,-11992.116058528423,51601262.11759943
131700.23935121298,4617948.660258174,12009.5243332237,4761658.423942611
80286.88799565285,2212174.2131901085,109057.87153349817,2401518.9727192596
463646.2362850122,1866208.438546896,29043.069945186377,2358897.7447770946
39536.502803910524,4991007.131048858,-410842.26036252826,4619701.37349024
227221.05801481009,12359353.985549122,266181.7495100945,12852756.793074027
151602.7263383828,-962640.1936315298,-117283.29184785485,-928320.7591410019
159330.12285529077,2272170.075759262,364714.1082651019,2796214.3068796545
-134280.91432530433,23267852.35986924,-560553.359015882,22573018.086528055
-241572.8749253042,-3600054.7956252396,487617.1137732789,-3354010.556777265
187256.823340768,2847254.3999969363,55591.19562536478,3090102.418963069
207446.59271771088,1058983.6647695303,-48186.109374046326,1218244.1481131949
92471.1663511917,3695467.3825867176,-268483.26562225074,3519455.2833156586
-146599.5837156605,-412563.78513884544,132798.49315274507,-426364.8757017609
161034.68950158544,1027557.2919330895,-715995.0612884089,472596.920146266
157717.9779306613,21663544.956741095,53764.48476561904,21875027.419437375
-23539.517182853073,-20422611.68237686,-45926.87776378542,-20492078.0773235
449341.77070991136,-6025196.166398346,50557.49974358827,-5525296.895944847
-678607.685715396,14435611.021297514,-542418.6892550513,13214584.646327067
36999.02987109311,-16618190.014888525,-26396.08603182435,-16607587.071049256
-253243.25643034652,21481926.11041677,-261858.3338359818,20966824.52015044
12137.600288456306,-5763288.406157881,-238859.76757664979,-5990010.5734460745
308546.74774555676,3252537.995709479,-78128.16639339924,3482956.5770616364
382781.8980531134,3823975.6137508154,222154.1511881426,4428911.662992071
-196000.223758908,2888853.350792706,405886.3518957719,3098739.47892957
-148834.02873897552,-3199558.417311698,-56821.67374815047,-3405214.119798824
-93623.56649168395,1424623.3061341047,146923.7644880712,1477923.504130492
-85671.17148443684,-1028163.4269247651,-56277.58549345285,-1170112.1839026548
-87692.78652537242,12798021.946836472,-97468.80333147943,12612860.35697962
316914.6753472965,2458968.543448448,320681.64467553794,3096564.8634712826
-5719.299496652558,-14930223.145679384,65374.26906301081,-14870568.176113026
3930.5973177850246,-8914453.46877271,83261.68726070225,-8827261.184194222
-547309.5567780621,-32354146.59475106,3773.485060788691,-32897682.666468333
-67761.76912170462,1579409.3562483788,122751.27896658331,1634398.8660932574
117597.4136592932,-14761856.205839992,-130520.09859475493,-14774778.890775453
112066.94710275531,9527886.665762782,343952.3469080478,9983905.959773585
25712.600171571597,-8399126.950704575,-48938.85621873289,-8422353.206751736
6011.71659104526,6560535.535665512,-14904.629406750202,6551642.622849807
-437822.9100630712,-839287.2228779197,-543934.8949127272,-1821045.027853718
59382.413307249546,-7078120.501162171,-65963.53040277958,-7084701.618257701
243625.9467363935,-17851144.710344493,111521.80065544695,-17495996.96295265
-155615.2529457733,8186720.5467242,24064.898783549666,8055170.192561977
137179.62622454576,11160879.524686307,-462592.13291878253,10835467.01799207
-281599.2900568079,-24481866.223938465,-59537.252030201256,-24823002.766025476
281490.89042036794,-17332130.255686313,336859.69154370576,-16713779.673722237
-247569.3075309787,4463699.574395627,-283527.22983822227,3932603.037026426
311054.88906291313,16107707.353453726,397056.0828509554,16815818.325367592
-31686.162671351805,47353918.79989356,-15602.061932347715,47306630.57528986
811974.4933183119,-921697.7015672326,626627.4331917688,516904.2249428481
274317.70562352054,-7084467.168688208,232782.58434344828,-6577366.878721239
54751.435888065025,-21149400.41725582,347722.94400081784,-20746926.037366934
-238840.10023731366,8545336.282121927,-440434.4912020415,7866061.690682571
-15807.887249102816,-4309365.270471275,-469399.4790481776,-4794572.636768555
116649.50759259984,5000405.072946131,-218061.1266182661,4898993.453920465
9333.563237033784,19621380.447102785,45442.68163152039,19676156.69197134
-79616.67616175115,13440070.42821154,-87715.15019087493,13272738.601858914
-221391.29108406603,504396.5964577794,-608004.1183465868,-324998.81297287345
-80623.13113249652,-4920382.265639722,-374339.41958014667,-5375344.816352366
-33912.788633922115,-21214034.147795916,-163280.21446879208,-21411227.150898628
-175600.20457642898,19191487.426686585,209666.58215411752,19225553.804264273
-259092.05386581644,14192008.963511586,222876.73755466193,14155793.647200432
447067.5826715436,-11866707.697436303,317009.90115699917,-11102630.21360776
90693.77758107334,6034286.191650093,-153557.7765378654,5971422.192693301
66310.39859027416,5079748.577319741,-96644.22877794504,5049414.74713207
379022.697437346,-783358.7681820989,53750.55695153773,-350585.51379321516
-104545.76504051685,-15508894.173509538,-128219.9415916875,-15741659.880141743
-133783.70849678107,-5835495.065527409,22957.694786965847,-5946321.0792372245
546795.3168361317,-18297710.47860223,118732.75826496631,-17632182.40350113
-50111.69733799994,-688573.7267076373,-373368.89068519324,-1112054.3147308305
496282.65432143956,10618219.277311832,513030.23030500114,11627532.161938272
-152262.894354295,-9843694.33713758,402088.68678461015,-9593868.544707265
-181623.64305305667,-20304291.044858992,-87965.67011407018,-20573880.358026117
-222961.8897938989,10112200.248337507,-363475.91689579934,9525762.441647809
-212580.24730115756,1020457.5570874512,-219080.26853264123,588797.0412536524
10415.801362782717,-3579924.4810762405,-288235.9282119274,-3857744.6079253852
-329311.86381868273,9838290.662207186,-277819.79217389226,9231159.006214611
161443.56433591433,-8954826.627802134,-9946.382133953273,-8803329.445600173
63478.16740148142,2315332.6778075993,-71829.65627631545,2306981.1889327653
89034.59060175344,3749764.5940770805,296268.9606088698,4135068.1452877037
134681.7479354143,-17155520.29254186,-224292.85620021075,-17245131.400806658
-139379.08741881512,13352643.371562123,-589661.3979123458,12623602.886230962
122510.77085019648,-13681953.139271587,15587.12951593101,-13543855.23890546
59224.48585294001,13381548.083083093,378351.13608948886,13819123.705025522
205552.85210996307,5099989.623831093,-54071.11877077073,5251471.357170286
-85062.32254483551,17400951.27475363,-455770.15860985965,16860118.793598935
11050.890124348924,13085019.76386255,431218.87097034603,13527289.524957245
238608.1648680102,-3405659.549226284,-43142.931559838355,-3210194.315918112
-265189.97747228853,-8147087.4121287465,-301450.72682864964,-8713728.116429685
-143957.0346038714,5670229.751630664,-619587.2788111195,4906685.438215673
-124367.46368777752,2341876.2901625633,-513002.1736257225,1704506.6528490633
60447.940117361024,-10438795.631581485,-20646.68253044784,-10398994.373994572
245131.6800472904,-13962339.494198382,487956.6644074768,-13229251.149743615
44305.47052075341,-13260304.960276574,95895.62660759687,-13120103.863148224
-541448.2578239478,-8874850.268426627,-115703.31647970527,-9532001.84273028
-123724.14880108833,-1399439.2802133858,13633.293306566775,-1509530.1357079074
4043.8980724494904,4830756.8830599785,189277.57261756808,5024078.353749996
245099.26949646696,4346766.027847528,324136.86740718037,4916002.164751176
-29213.819088269025,-17605414.81004682,-119736.00971852243,-17754364.638853613
-94731.47544835508,-22118358.31835854,129876.12073724717,-22083213.67306965
167359.03398292884,18957450.910500497,281661.771855101,19406471.716338526
-37097.23357989453,16667952.357069463,337968.5692443028,16968823.69273387
-170647.88584087975,24133001.530172825,-229299.7268988043,23733053.917433143
148138.06564632244,-319700.77420553565,203092.7688356042,31530.060276390985
-108762.42844997905,-4430750.029027939,101318.96254164726,-4438193.494936271
-36472.07352617942,6963527.292020857,-80436.04358184338,6846619.174912835
352200.2168233022,11386781.606696904,-96812.3806232959,11642169.44289691
7283.898771299049,18347770.435630083,435264.0115125552,18790318.34591394
-104348.71990567818,39020913.11093849,-155327.5764040798,38761236.814628735
25144.700460650027,-6379284.577629,110525.62387380004,-6243614.25329455
217927.4203626979,13702873.36549607,134463.84336400777,14055264.629222775
-18149.411095524207,-17295087.932739496,190657.18618301302,-17122580.157652006
-370176.0232636258,30933781.80872649,-528092.9677580893,30035512.817704774
-160007.76748567633,-5732816.039395392,59519.93336300552,-5833303.873518063
63145.704212255776,-3241464.1661783755,-89632.47661708295,-3267950.9385832027
-263894.09449623525,-8813099.615564704,-26225.161477282643,-9103218.871538222
-202304.03651912697,22394850.386788428,-71006.89187006652,22121539.458399236
-602606.738072807,2092010.463947475,-371388.5894528404,1118015.1364218276
-157489.3516949974,-904766.6127690077,-125691.48671479523,-1187947.4511788003
-303538.73151942715,-11551968.694158375,-101559.99158985913,-11957067.417267662
-167842.14317509346,-7163060.31155777,372498.06951197237,-6958404.385220891
-191734.8869881872,-5178208.663121462,72111.1812672764,-5297832.368842373
-33193.955683879554,26993871.34539199,47027.29571688175,27007704.68542499
310304.3647172749,20242990.605251014,270879.63383445144,20824174.60380274
-156800.9650960099,725417.899466157,153298.05051235855,721914.9848825056
398453.56653018855,-12757535.540486872,210516.11815210432,-12148565.85580458
-185528.46862052009,-8486823.732593,-530681.020385176,-9203033.221598696
48233.078810468316,-8128467.32747519,130968.54834909737,-7949265.7003156245
179238.1743591223,3756493.3566039503,250699.46675221622,4186430.997715289
91476.23292614892,14383624.081566244,161625.97915890813,14636726.293651301
248580.97371718287,14249520.589868784,-8719.239344194531,14489382.324241772
206870.6187550947,-5962326.07843408,162364.44331071526,-5593091.01636827
332708.21295490675,-11854700.481447458,-168982.47417904437,-11690974.742671596
-371270.8909044843,-5572385.4959233105,156612.63102260232,-5787043.7558051925
180268.59580240957,10203669.038328528,577114.2517280132,10961051.885858951
90768.9388315957,-15599650.848347574,-136089.73694442213,-15644971.6464604
143081.37118235044,-23478284.25228262,157196.0380498916,-23178006.843050376
-200799.68818657286,-6281176.63005501,-228718.4261535406,-6710694.744395124
-250611.537758274,18115818.862535954,109157.75797956437,17974365.082757242
-5196.4288544449955,5704707.752099305,172680.21970152855,5872191.542946389
-252401.58428967372,9580771.38352853,-184459.27421836555,9143910.525020491
-426630.91550679505,11784879.938445449,-240069.85527659208,11118179.167662062
-51971.53801178187,-15088166.929781765,-360558.45604768395,-15500696.92384123
394488.67707063444,-10678591.639755666,-201150.91454143822,-10485253.87722647
-159391.9288158212,24436105.17397043,39201.6731031239,24315914.918257736
156581.80393648706,21304924.471859038,68162.17949292064,21529668.455288447
5809.251689279452,89384.74154084921,26841.748705245554,122035.74193537422
132855.38416772708,-21855705.029241234,448892.2804660946,-21273957.364607412
119434.38851883449,-5758662.017329037,-198505.9433131814,-5837733.572123384
-394379.1571929157,-4503941.550676286,197639.4144629538,-4700681.293406248
-40742.52237197757,5445255.544300914,-132849.217928119,5271663.804000817
314775.11677499115,25165936.238860935,-260438.81439439952,25220272.541241527
-56470.943398587406,-21496481.645941615,214650.5500152409,-21338302.03932496
214284.55003449693,8074932.464633107,-212434.09092064947,8076782.923746955
92501.42503179237,-3739555.681828797,399530.8677071482,-3247523.3890898563
243006.88348000497,10533931.190239519,217661.53971497715,10994599.613434501
-7390.980787465349,-1193673.9343805015,-150487.17842122167,-1351552.0935891885
-163953.5658014901,5792903.722709715,-191849.57437305152,5437100.582535174
-25475.397348959,-7817834.06188184,260662.35870440304,-7582647.100526396
-27364.452573988587,-8511497.97332573,-455771.32228910923,-8994633.748188827
178087.5260301456,-15081199.143737167,96980.05019054562,-14806131.567516476
-95373.24422144704,-1544182.4137191772,-99688.52692955732,-1739244.1848701816
-195867.78982064873,-10788816.902731776,-244980.58861737698,-11229665.281169802
18000.900564601645,-18187810.681242406,4027.393148481846,-18165782.38752932
88159.10770783015,1025792.152014494,-200243.28667820245,913707.9730441216
84267.80559440143,11197923.282840103,552090.9409413412,11834282.029375846
-167895.16562452726,-16543298.930292726,-102762.70473621786,-16813956.800653473
-12563.57657901384,-12082063.388458699,186567.1997129917,-11908059.765324721
-120795.56941200607,-20296494.26154712,58982.88696283102,-20358306.943996295
258743.83952556737,27455543.053221583,350416.8284009248,28064703.721148074
33415.97574832477,-5886381.89214918,-153844.53462421894,-6006810.451025074
259223.71168220043,8283339.397232771,116545.98464594781,8659109.09356092
-392291.05703581683,-469448.3223836422,-695259.5794321299,-1556998.958851589
-205901.89059927873,-9080802.940193474,-147628.55560787022,-9434333.386400623
-90512.05031081103,22826869.66266328,-322609.7384241298,22413747.87392834
81253.6666204352,-1614913.938427627,-222080.08367815614,-1755740.355485348
-127202.53996482119,-3835753.512587011,103178.07824432105,-3859777.974307511
-108885.52916927263,23959870.23590976,-58543.36489711702,23792441.34184337
106932.37276384607,214667.64673823118,-102324.73507936299,219275.28442271426
57006.40208126418,24447604.411212206,-461173.3205740601,24043437.49271941
-63069.30627039634,-6020239.549502194,-330149.78864014894,-6413458.644412739
14184.316829513758,-9120647.424221307,21576.605928368866,-9084886.501463424
275875.6830110736,-14353415.29885754,-149673.0273464024,-14227212.643192869
-107967.13662234321,14200870.95271957,309919.4355994612,14402823.251696687
-120376.14041658863,-20893958.541939557,-12889.763897843659,-21027224.44625399
-237624.83148285747,6286902.985323012,-422094.4369842112,5627183.716855943
-90816.37158556283,-888445.376751095,349535.3290111646,-629726.4193254933
91953.20522491448,-6787193.504593015,641814.0183780044,-6053426.280990096
-59631.54142321646,-6915838.29809165,386005.2882783413,-6589464.551236525
-234381.04413470998,2649465.1500487924,-107932.15776254237,2307151.94815154
-183078.39482231624,-16421651.518345475,259336.3441204056,-16345393.569047386
-525892.8813885767,926588.8173404634,272361.30813557655,673057.2440874632
-225861.14435838722,-3797499.538399935,505803.4999548346,-3517557.1828034874
327123.18095503375,7898412.966269404,251231.46545749158,8476767.612681929
-145215.62738681585,-10169139.281190157,-52104.50575233996,-10366459.414329313
-197258.43330984376,-4570003.945651233,53595.20420066267,-4713667.174760414
26027.714627485722,6101653.296721876,74867.23327489197,6202548.244624253
-73681.29221475124,859865.4688505232,-153046.74129392952,633137.4353418425
290765.9416138269,11327648.536932379,427866.2763513401,12046280.754897546
188899.6957476437,-14941322.420505702,-28635.81874023378,-14781058.543498293
-316395.9229483381,11603970.139121473,8740.769753918052,11296314.985927053
-29977.074980422854,11251736.03302437,-69871.49062296748,11151887.46742098
577888.7616237551,-19727627.832965344,-144230.46383474022,-19293969.53517633
-172075.65765887313,-8254392.982505232,-547812.1185761839,-8974280.75874029
-156497.23323360085,19986536.51999837,-190073.5735410303,19639965.71322374
-144661.88715662062,-1161655.989677608,-736318.7685547024,-2042636.645388931
-118558.69906599075,4899903.227666646,100579.98593759537,4881924.514538251
-350104.46536529437,6580891.692076445,-182009.38660233468,6048777.840108816
-266311.37185694464,8567294.990169525,-618028.2363602519,7682955.381952329
178801.3826265987,-11925944.601835072,-42811.2508392334,-11789954.470047707
-59396.525028331205,14101893.747086525,242492.42076261342,14284989.642820807
64162.970534831285,-9238772.64975503,-222558.04232007265,-9397167.721540272
-39767.44780657627,11280722.191342056,-104730.67202218622,11136224.071513293
187889.33711540885,2974351.6183528006,-79879.4861907512,3082361.4692774583
79736.22789665312,-1202876.2656526566,145065.4024169296,-978074.6353390738
-14739.041460609064,1200935.554265678,-290866.19961845875,895330.3131866101
-127180.7522217501,591931.5858082473,135990.06197399646,600740.8955604937
-122126.00322220288,-7816954.050604522,85435.38339553773,-7853644.670431187
-60137.57475330867,-10228839.672424972,-190849.08880639076,-10479826.335984671
-25630.243746150285,-13289705.962656021,66172.71371662617,-13249163.492685545
78500.61608698405,3596521.830204904,304965.29722358286,3979987.743515471
678936.2864142805,19727039.910681725,198764.91161948442,20604741.10871549
-234262.87971522287,10441408.791790038,-59079.014337293804,10148066.897737522
-168512.79037516192,5309059.311263293,-504696.8832241297,4635849.637664001
-244529.4208822213,8815164.145013988,-292360.7203118503,8278274.003819916
4637.531226819381,1184309.2051608562,107021.11228597909,1295967.8486736547
268289.8826136701,23160148.860718876,477580.8361075595,23906019.579440106
-16790.688477244228,-9257407.581169069,111863.77270184457,-9162334.496944468
-179468.54264272936,19080550.41764629,170062.22997277975,19071144.10497634
-111225.70568035357,-4652042.580001414,500729.9395137504,-4262538.346168017
175998.03107923642,-7475627.741434246,379861.1566244066,-6919768.553730603
31569.227395083755,19956804.29424697,210022.39363171905,20198395.915273774
142988.71958580986,15541904.000845224,-443580.29739721864,15241312.423033815
212061.77793855406,6386275.513040364,-8079.488397300243,6590257.802581618
-80914.2026215978,-13886037.340388894,-339494.0062406659,-14306445.549251158
-53776.72208102979,4909753.978919268,332003.2429833114,5187980.499821549
34956.91472633369,19958506.1088264,-49640.905492872,19943822.11805986
-503860.39529620484,-24709983.63698876,-396725.09489481896,-25610569.127179783
230132.85750581138,17705823.570887923,398929.9391087815,18334886.367502518
-264990.09947446734,-8469864.763291448,-154071.79441142827,-8888926.657177344
220626.7644423768,-61938.22717565298,-198656.59682338685,-39968.059556663036
40973.044786345214,2436999.6742154956,-320817.99718577415,2157154.7218160667
201414.73216748424,-2857125.7737730443,-79823.7149861604,-2735534.7565917205
-201283.95746090077,10200460.542629898,-739761.7768401951,9259414.808328802
236736.20466381684,3948830.129976392,288895.2209398225,4474461.555580031
277726.41331638023,12248943.737598956,-229328.50167791545,12297341.64923742
100709.75533770211,27453798.570686072,-193939.67736253887,27360568.648661233
-2877.4508930761367,-14223979.927726448,123685.45636506379,-14103171.92225446
338855.78017833084,-7903064.24777168,249371.2445757985,-7314837.223017551
86015.71173474379,-9752485.79967624,-71180.99278064072,-9737651.080722136
-112362.05310572498,4379659.718205869,-298003.33543718606,3969294.329662958
-117771.48246211559,3885098.1554106474,-125962.08670010418,3641364.5862484276
172869.4039778374,7653144.244794011,282735.27519091964,8108748.923962768
-19432.187673905864,-10054231.685932785,74199.35920377076,-9999464.51440292
-69688.3361201249,-27419001.5689511,-226578.68910445273,-27715268.594175678
-205744.26113277487,9181608.343272567,-526417.3579036891,8449446.724236103
-37157.4464121107,8601067.136011899,-334504.55314110965,8229405.136458678
111447.89775563963,4113148.8760385513,41866.55063166469,4266463.324425856
63686.954793628305,-595717.2736572027,-58739.21588668972,-590769.5347502641
41339.70800659619,3672423.3590910435,-15225.651661910117,3698537.4154357295
351005.99143512174,-4295247.150266439,-6889.486026600003,-3951130.644857917
660802.9416960906,6577472.772479534,70846.03665879369,7309121.750834418
812.3400828968734,-8752528.606417,-111113.7774175629,-8862830.043751666
-43334.886040071025,-11929481.95598048,16310.441640622914,-11956506.400379928
-153751.79762951285,-27381381.05469936,-103259.65066149086,-27638392.502990365
-311610.4008514844,-32014564.51037419,-465912.3811361566,-32792087.29236183
22468.303526392207,-10833661.77164501,410879.4262068346,-10400314.041911783
496803.8386230096,-8074265.166864216,108445.21853934228,-7469016.109701864
-110503.63329599798,-9977482.85043937,-141634.882675685,-10229621.366411053
-276107.00450727716,8226863.995599121,-673837.2362969145,7276919.754794929
-252203.63196454383,-5485873.610774338,167515.5724550113,-5570561.670283871
131187.7730425112,21135339.940705985,-65426.16391227394,21201101.549836222
407092.90142884105,16757706.709331274,40648.299781277776,17205447.910541393
245332.1385094598,-2766662.2372282743,-32715.807531557977,-2554045.9062503725
329443.3017905075,2610368.8266317546,101923.30116587877,3041735.429588141
-45634.75344767608,19866480.109632343,-452492.5743830949,19368352.781801574
17505.53699448891,-8583915.391973436,-32688.079540409148,-8599097.934519356
-70660.80849087611,20495935.673695683,143024.54519263655,20568299.410397444
345497.62027387694,-16608652.731076777,-15284.03075620532,-16278439.141559105
266114.317767594,-10675492.607409894,240811.51382787526,-10168566.775814425
-365638.00427907147,-11790709.684632301,-104769.20065238327,-12261116.889563756
94566.32281595841,3202988.6656392813,345584.2781617567,3643139.2666169964
-454477.93245435134,10772527.245125115,-513821.3886438161,9804227.924026947
79624.01051319577,25529567.543809354,-297117.8309812844,25312073.723341264
-5081.250366568565,928093.514179796,-34180.27471457422,888831.9890986532
-36975.70452622138,-5545804.813636869,31127.709007009864,-5551652.809156081
114789.69828068092,-4602724.514212906,322747.3911455348,-4165187.4247866906
-389741.92393719405,-4134371.0612736046,88730.94854659587,-4435382.036664203
-697811.7439553756,12583719.438428223,-560341.357032612,11325566.337440236
288183.1497317217,23103018.490828723,264721.61748639494,23655923.25804684
63835.91834023781,1665977.4537911117,119512.56682486087,1849325.9389562104
185450.5852912683,8727729.986576349,68128.88707596809,8981309.458943585
202951.63480441272,-5171466.11294198,164218.50955494493,-4804295.968582623
46853.9281027969,5060511.316253662,458637.31616044044,5566002.560516899
180686.42794504575,-9564346.845557034,29156.122927248478,-9354504.29468474
79141.5101878196,-7270305.447555631,-150275.58399416506,-7341439.521361977
218327.58635120466,-1977977.1144638658,-246954.06476492435,-2006603.5928775854
129496.74782162718,7869477.453128874,-97339.36364913732,7901634.837301364
249666.4876991678,8407704.945025265,613621.7151409984,9270993.147865431
-220150.9045511894,4610999.454439878,-665870.8515695259,3724977.698319163
-49677.71354455128,712906.6328264475,248040.06873172522,911268.9880136214
-90200.45718241669,-3435914.844102651,-339443.741670914,-3865559.0429559816
-67959.10494229943,4452246.307552546,-181670.42245014757,4202616.780160099
283156.21756668575,5846218.544073433,220501.8123628348,6349876.574002953
-128414.82333079353,15591404.328817487,-74.9220954105258,15462914.583391283
17718.385845020413,-8853713.278904915,-517169.07097664475,-9353163.96403654
257121.1027155444,-7425540.976299822,-4477.783108748496,-7172897.656693026
220232.6029067859,-2606773.2057000697,32601.129890456796,-2353939.472902827
37875.30778825842,-7102687.614677608,-59689.38808200508,-7124501.694971355
304797.97941471264,7903764.183207393,87123.57145565748,8295685.734077763
-14718.209744336084,-6983517.821733236,308599.27333488315,-6689636.758142689
48755.217983489856,-13152447.908609599,402520.73376987875,-12701171.95685623
-122335.26043776795,-17401768.909834087,6652.058053404093,-17517452.11221845
491205.70506489277,3570296.323942244,12015.729034289718,4073517.7580414265
61153.74346497841,16660877.123564363,100963.79845449328,16822994.665483832
-229027.60013547353,-14232465.379252523,148885.51771634817,-14312607.461671649
-12295.184105530381,2728791.6777174473,-77732.35583301634,2638764.1377789006
230383.8468578048,12392333.431623578,-102277.83122899383,12520439.447252389
-170811.40786324814,990761.1101787686,-470000.0267192498,349949.6755962707
-20322.06262180768,-4951973.905158341,-108908.87771174312,-5081204.845491892
230321.2494798228,-8471144.662484765,265835.2064539939,-7974988.206550948
76679.65628268942,-7305504.910981327,157942.56059342623,-7070882.694105212
35442.22011901066,10860825.656929761,-381064.5751436502,10515203.301905122
-214141.74561054632,7261305.110765129,143077.1882775277,7190240.553432111
188980.97225630283,-8188619.916920781,109191.0361032784,-7890447.9085612
-49159.61964323744,2033006.364417702,-221118.78560580313,1762727.9591686614
-97391.46564171463,2973328.6124491394,-47167.37599620968,2828769.770811215
-102427.74344108813,3821301.0371219516,132068.9154823944,3850942.209163258
61438.94699191488,4318797.979219288,-199259.2650136277,4180977.661197575
147139.54250914045,7397695.024726212,-79182.12746653706,7465652.439768815
-306705.5580388643,14973406.416816473,-147898.81006251276,14518802.048715096
263495.97943910584,20432310.850627065,-611453.8185428381,20084353.011523332
-91461.25378256291,9521842.71828574,-139376.9771246016,9291004.487378575
91479.86786570027,-8097954.458877236,-365086.5140385702,-8371561.105050106
-80335.89504837245,1792072.7372522354,-451442.82072294503,1260294.021480918
76415.40845114365,-20373787.140395463,-362969.3978700787,-20660341.129814398
367199.7186580524,-15699923.436136305,375217.9277686924,-14957505.78970956
460128.4699325636,4940072.58257401,350684.4779719189,5750885.530478492
140860.04135342315,-9837175.943931758,4617.5094063952565,-9691698.39317194
-7.0851369723677635,2624401.1374928355,132670.480108954,2757064.532464817
-240999.72467966937,-11471596.440631479,-589034.8943057135,-12301631.059616862
-94124.51976585388,-9814418.684091449,-17345.619339205325,-9925888.823196508
32006.2092184294,5470170.731386691,322496.17560715973,5824673.1162122805
33157.38228774816,19459606.077153057,308473.63214959204,19801237.091590397
173371.02764605917,-142732.2472575009,157623.5733402297,188262.35372878797
175154.88280176744,36563024.918274045,374841.3048323095,37113021.105908126
-224591.2872972656,-16018635.589751601,-84390.11917461455,-16327616.996223481
-220062.4651743546,15175894.01274836,-174333.73436382413,14781497.813210182
-230356.48759049736,-14078707.988194227,40882.50383398682,-14268181.971950738
-192603.88813079149,5857771.35990715,396896.82378903776,6062064.295565397
-60137.536820132285,9426951.288767338,-204551.84162342548,9162261.91032378
-124415.00200693123,-1578306.2716207206,-273184.84506278485,-1975906.1186904367
312358.3850951418,20989836.811194092,-185081.65429001302,21117113.54199922
75262.3666927293,-1495853.6735098362,154788.62436848134,-1265802.6824486256
434324.3445799928,6867193.670591474,346246.69137889147,7647764.706550358
143439.9967376329,-2572973.262390852,-172199.10973214358,-2601732.3753853627
-120537.97102643922,-11318741.004778445,206935.73553349078,-11232343.240271393
-24708.288402136415,-4036065.5133083463,-96702.43662427366,-4157476.2383347563
179794.76313516498,-4781640.2550674975,372264.04192595184,-4229581.450006381
-77525.97682374343,10356196.400035799,-221229.90626212955,10057440.516949926
-124492.70813535154,14394787.48368296,-125698.75110384077,14144596.024443768
397453.0326856915,-3828041.4825134277,-141109.46638527513,-3571697.9162130114
423304.6266633719,14042931.19849968,-250014.01261797547,14216221.812545076
45529.4431654606,-23199670.826012284,200694.22947946936,-22953447.153367355
78073.71778916009,13344196.558719397,37305.12077218294,13459575.39728074
-44023.32702780701,6279747.050323635,34166.41590538621,6269890.139201215
4370.186126708984,5819012.780399799,514251.7283127755,6337634.694839284
-46872.29559909925,2522903.422495842,-323109.51759566367,2152921.609301079
108013.83843439631,-3030009.926705718,-372032.8485793546,-3294028.9368506763
-49040.66131294146,11340253.86454317,-179500.74852577597,11111712.454704452
-90056.19907536916,2676850.7985026836,-193830.18203654885,2392964.4173907656
38864.673103526235,169378.38152998686,-286521.1765371859,-78278.12190367281
24384.50718438998,12406669.270616919,-19973.370961241424,12411080.406840067
72305.35334895179,247458.0525290668,102241.1518111974,422004.557689216
-428229.6488692593,-12607208.590282202,-139602.9013773948,-13175041.140528856
360250.7197097745,-13397527.582921356,-37538.91266743094,-13074815.775879012
56830.313473355025,4932701.400973886,-291528.6251589507,4698003.089288291
-170051.2621235978,9174421.670006871,-56747.51272185892,8947622.895161415
-264688.2660418004,-5837417.6688501835,130314.57459624857,-5971791.360295735
-102738.14534887113,5455265.845763385,-280726.31068372726,5071801.389730787
-188609.3167354744,26908570.458198607,314946.0266094506,27034907.16807258
-219676.29780610837,22517358.784570277,-573979.2491339147,21723703.237630256
273591.48415153474,13133780.807188809,440291.3148826435,13847663.606222987
-79297.2000731621,13001572.6110785,-307648.84942313284,12614626.561582206
470997.2257963177,-3436777.663662195,4139.60546310246,-2961640.832402775
-42655.54562646896,729379.6863270998,-347010.81340143085,339713.3272992
181644.59967904538,6782802.848443329,-49599.10719246417,6914848.340929911
-277201.8599439021,1743293.5023185313,-239616.37208721787,1226475.2702874113
481805.1274263263,11497127.646972358,85446.57129710913,12064379.345695794
251924.52296546102,1945082.1986583173,102452.82789308578,2299459.549516864
-274998.5090103764,-12843147.433264494,-286960.230328694,-13405106.172603564
199848.46648538113,-5655433.673560321,-148694.09122547507,-5604279.298300415
254369.1610274259,9441101.402952433,516464.7848866433,10211935.348866502
-203729.40474597365,-11518184.706302702,-313243.7953245789,-12035157.906373255
-49666.43883457966,-1872990.0083639026,-250992.49345251918,-2173648.9406510014
568793.164624475,-8905004.556732863,259848.8233639747,-8076362.568744414
-61119.366064466536,6879409.06888181,-316439.33254277706,6501850.370274566
-139869.33398424275,6258596.475454301,36478.216017104685,6155205.357487163
534136.2165095881,-2525380.635748625,82983.88401641697,-1908260.5352226198
10468.42743770592,1906623.3740587234,-153771.10424737632,1763320.697249053
-156716.74894251488,-15352880.860684872,-162663.4009255618,-15672261.010552948
-412314.43954493105,4978871.376798689,-416356.7877725363,4150200.149481222
46185.55531771481,-10407926.279650837,356289.038111791,-10005451.686221331
-46099.33811737783,-5972829.638329923,15512.715582981706,-6003416.260864319
190415.74428271689,9455914.002430856,-94374.80530337244,9551954.9414102
-51222.83543630876,-3594621.331109822,-302017.20027157664,-3947861.366817707
334801.0097036306,-4568689.996804416,273940.58648312837,-3959948.400617657
-215982.47017376684,3349436.8539171517,-365993.28271862864,2767461.101024756
-570996.2191590294,4034956.6735583544,-39952.20910310745,3424008.2452962175
-126025.5611826349,1226094.7919496298,-183909.2537175417,916159.9770494532
-5628.163646070287,3745838.788005322,-186882.8311073929,3553327.793251859
173280.86339911446,-4212680.710360289,433261.5601327643,-3606138.28682841
207013.10267391242,-13764218.92242691,259109.37372422963,-13298096.446028767
-384074.48807144165,7379971.39708057,-56954.13524835557,6938942.773760773
41886.32415993698,2695602.7411791086,-275727.9977812171,2461761.0675578285
285725.36451424286,-17998009.85222268,153209.73300912976,-17559074.75469931
-287076.02561710775,9470622.15684396,-551586.5996064693,8631959.531620383
242588.65437873267,19268520.048568964,113434.3108535111,19624543.01380121
329959.70395682566,18983103.066214055,287191.37317023426,19600254.143341117
-19851.70946826227,-13394366.046519518,30876.875625565648,-13383340.880362215
214168.62879443727,-2145040.9140256643,-109360.58279043436,-2040232.8680216614
-98399.11750064604,10859939.688248128,-5809.342763230205,10755731.227984251
125852.89932869934,-14270265.761990607,-161015.9769781977,-14305428.839640105
-156705.9428225085,6393512.777506769,-18959.033913716674,6217847.8007705435
-20725.658875362948,10149587.50728628,40122.044005289674,10168983.892416207
-141965.29328939877,-11244288.830839992,90662.32040090859,-11295591.803728482
133134.65351653285,-6657994.281907439,-29107.841811865568,-6553967.470202772
-192050.96446476877,-7612899.359671414,-187343.0248908326,-7992293.349027015
225087.96684603207,-29829869.51181948,46451.13431325555,-29558330.410660192
32340.17466412112,-6203007.040705502,-551896.0172010437,-6722562.883242425
-499557.8460207414,-4188507.5461347103,203603.31316164136,-4484462.07899381
297889.20924358256,-7086615.013982713,-15236.52108398825,-6803962.325823119
-288357.78687093966,857865.7026460767,59902.202171355486,629410.1179464925
-235413.6562865395,-6337074.630538166,-355825.5481722653,-6928313.83499697
328387.2246991657,-9103521.8495484,208484.5360540077,-8566650.088795226
48240.78734616563,-1580463.338227421,-672753.8202098459,-2204976.3710911013
-218802.61103358306,3166979.0662347972,-372715.88080040365,2575460.5744008105
692437.1446830872,-1678810.6586167216,-166953.9040209055,-1153327.4179545399
-98466.58323633671,-625751.8587961197,-330553.6580827981,-1054772.1001152545
-161731.66175908595,-2218303.355745524,-394780.69427637756,-2774815.7117809877
-321121.2223423384,-13575190.998136193,152822.1789649725,-13743490.041513558
135448.29409157485,82697.32288873196,261139.89033776522,479285.507318072
15842.005668856204,2386528.434961021,-37744.646298885345,2364625.794330992
-138182.66566573642,-1172253.0201429725,65602.97243849188,-1244832.713370217
-27039.316213592887,18213524.032678545,-74333.80910558999,18112150.90735936
-229186.85435489193,-10195705.500552088,126234.64193682373,-10298657.712970156
558969.1209232565,-5587375.5376932025,284275.3370889425,-4744131.0796810035
93011.2568869479,-3456301.34613055,-362175.50003038347,-3725465.5892739855
168219.23328252882,-8603284.937146664,280663.81286854297,-8154401.890995592
115626.37348561734,2164891.565702051,229608.4871955663,2510126.4263832346
-96928.61028153077,-14561019.078006655,339240.4741547853,-14318707.2141334
473494.7347762976,4715925.293128431,-76456.90424574912,5112963.123658979
7634.459365835413,19716341.124129593,214849.78272693604,19938825.366222367
-221674.55428241566,-12328217.268621922,88131.29447165132,-12461760.528432686
146911.96409846283,-9600718.014320612,-43206.95368216932,-9497013.003904318
-112645.34609289281,8620004.115732253,-208146.27906955034,8299212.490569809
-24567.293691264465,-5646922.737886131,51396.04236535728,-5620093.989212038
300081.7161765676,10238700.156142473,65069.65210081637,10603851.524419857
-99007.04650228098,31030036.40491265,-257048.9613051489,30673980.39710522
-14072.732535490766,34733225.24703023,-229887.4730885923,34489265.04140615
-172206.21524964273,-6255669.7315071225,404765.2049715966,-6023110.741785169
-87601.67895260826,-13195662.064818144,-286159.4647101462,-13569423.208480898
197425.61301516555,-12205787.321392834,-157078.51759293675,-12165440.225970605
-123754.36296340637,5148139.271503508,248556.78947066516,5272941.698010767
-21134.255260054022,-7245415.243233055,255246.20920609683,-7011303.289287012
-72688.2471801173,26380215.250097245,-633682.9074408412,25673844.095476285
140143.81644230708,-2999351.9224438667,-112595.25329990685,-2971803.3593014665
-146062.48388445377,38252.45388305187,-64074.66516625136,-171884.69516765326
141425.17468925752,-22084375.186395705,-382671.65913596004,-22325621.67084241
75414.35241891071,1864833.6341516376,-77424.63670413941,1862823.3498664089
-42429.80604526028,-11151271.985954106,114902.16368931532,-11078799.62831005
331739.5548740551,-512412.4887405634,17993.996068671346,-162678.93779783696
-268966.50356154516,-19599010.33665955,-139801.59131351113,-20007778.431534607
143753.28282181732,5211880.68528533,-135280.04993975908,5220353.918167388
234792.7031055782,-5946458.802487254,160843.55130177736,-5550822.548079899
35476.32657827251,-2721720.93853426,-66864.12128932774,-2753108.733245315
305892.0774831008,-12308116.0022659,212095.57832246274,-11790128.346460337
-93351.07447245345,8737998.538207114,87581.9293320775,8732229.393066738
-11468.45931297727,-1360490.0170330703,-4642.517069272697,-1376600.9934153203
-17429.58906055428,-5640600.88180244,230141.4426542744,-5427889.02820872
-166954.66434442438,-23773138.15282148,92574.25094881654,-23847518.566217087
132783.19730446674,3717718.2375828624,-3537.493947930634,3846963.9409393985
-115476.89771745354,1219769.893964529,473370.71221484244,1577663.708461918
-49798.54752408713,-5636878.723654896,293722.93499289453,-5392954.336186089
66715.44552875869,26292508.630930394,282999.5664287433,26642223.642887898
-333928.19760952704,-19628841.366040587,-82060.3977542147,-20044829.96140433
-62228.52296407521,-4966173.016749799,261636.1632797271,-4766765.376434147
37542.815185096115,10412928.875034869,423562.6954817027,10874034.385701668
-85796.68358233385,-3589587.682514727,-437673.0989701599,-4113057.465067221
348635.1553125419,-3098612.540830493,-329660.9289012328,-3079638.314419184
43797.593954326585,8979576.063581884,180709.5733800903,9204083.2309163
-102856.19095128961,-1201225.7031030655,-212107.96111723036,-1516189.8551715855
323838.8859344125,21756201.85442874,-146458.18379473686,21933582.556568414
-20577.873468136415,-6104641.321248233,-250437.8042660579,-6375656.998982428
-2141.9210384078324,20578773.471527994,3203.616329856217,20579835.166819442
-164387.836980585,10701251.934723616,-79186.65730136633,10457677.440441664
-365435.36564590223,8936242.715567946,-186244.95991454273,8384562.3900075015
100128.1148347687,2950167.413924098,-99582.45176400244,2950713.0769948643
54811.37950786576,8349539.7917916775,446605.8285619989,8850956.999861542
-202883.1914468743,1084217.8477345705,-374610.7125320807,506723.9437556155
-96521.04873603582,2396521.2331642807,328580.54748658836,2628580.731914833
-397175.8527965229,-18716969.89660546,-239262.67503099144,-19353408.424432978
-86106.50753496587,-12685456.285477161,-197318.47443518043,-12968881.267447308
-181552.2380365692,7360980.618553579,206891.2985656783,7386319.679082688
-389082.2475889884,-14736790.148780346,-496090.6039813161,-15621963.00035065
-191998.57381307334,162876.14357978106,-124084.88180887699,-153207.31204216927
-153831.46548100188,4874719.27988103,-566924.9895869493,4153962.824813079
55584.92726188898,5426166.675478697,-159675.2251083851,5322076.377632201
-203467.98079838604,16762776.796693206,333494.21721982956,16892803.03311465
153423.26231386326,-959312.2823914886,-458729.28751216084,-1264618.3075897861
248962.32096870057,-11273240.556255937,27913.62602327764,-10996364.609263958
-151783.1356442459,-16444917.547609419,105248.02083623409,-16491452.66241743
500878.1461568922,-7930591.006231457,684835.5021071956,-6744877.357967369
-74576.77418139577,-4187125.8531205654,-408722.7630503997,-4670425.390352361
29904.74219210632,-11682967.92618537,35137.25814823806,-11617925.925845025
353261.9592963904,-7864360.873666346,-347346.21317078173,-7858445.127540737
36622.00835856609,554830.5844085217,-104957.21318042278,486495.37958666496
-30613.808009704575,22520954.00609857,485649.85342624784,22975990.05151511
-29989.058822153136,25903078.40419489,-414419.651472643,25458669.693900093
347384.9437289424,7725109.2417161465,116756.72194283456,8189250.907387923
-39877.722888799384,-4636920.268447399,56188.52999909222,-4620609.461337106
73753.17608547397,17886222.47622338,142745.30029810965,18102720.95260696
-86422.11049314961,107223.73077276349,-288797.2093176022,-267995.58903798833
249527.8817190975,-10436571.291311502,44729.739697143435,-10142313.669895262
63357.905317923054,5677880.192997456,-7970.227748498321,5733267.87056688
332608.9263854716,4537023.613349497,414785.18169193715,5284417.721426906
168461.49339447357,-3716536.370770097,64676.099070981145,-3483398.778304642
11532.220859158784,-10833214.532290757,-171693.43982815742,-10993375.751259755
505855.74583766423,12136882.926387817,-109497.27863460034,12533241.39359088
101345.1211961694,-3469865.854263723,-247420.7628914714,-3615941.495959025
114539.3724046275,-5877646.897806883,416665.89130192995,-5346441.634100325
110434.1242593266,-8569810.27899903,194073.49938294291,-8265302.655356761
-7618.024341147393,10555701.699097931,-431695.40453322977,10116388.270223554
7680.6972362902015,3813661.2593423724,427454.2022657618,4248796.158844424
-117542.23018133454,-21848682.07883045,265061.1321416348,-21701163.176870152
-254778.57141041197,32105.018475025892,26790.854562804103,-195882.69837258197
-7554.634218422696,5032570.887006164,-226701.463420026,4798314.789367715
129075.42929400876,47819274.69294885,-198771.00198729336,47749579.12025556
100273.66314750537,27131722.82052216,-34636.755025178194,27197359.728644487
-129849.48288313486,-1781062.1144323945,173828.34072066098,-1737083.2565948684
-103627.92828060314,-23433342.112285048,-198238.07311458886,-23735208.11368024
335757.86307327636,30170409.742583603,89654.29263007641,30595821.898286954
140874.42167456262,2311420.6532146037,350370.4856434688,2802665.560532635
60245.151976821944,-9052802.705732942,28035.93896996975,-8964521.61478615
197754.58381501213,24197967.49538046,159098.0573060736,24554820.136501547
179023.3957512565,22153166.870527744,-591530.7785972506,21740659.48768175
100994.60881286487,18339815.146649778,-805.2011692002416,18440004.554293443
107288.7405488193,20120979.694792747,-186973.4561932832,20041294.979148284
-219300.73583182506,29582300.47750479,-422807.94959411025,28940191.792078853
106400.26948023029,-3262334.644667506,32243.61359642446,-3123690.7615908515
-75873.71081353351,-20641457.399829924,5944.648525379598,-20711386.462118078
-76355.20418023504,-3543901.727712095,-9897.165471225977,-3630154.097363556
236551.66734014824,2477697.4084612727,-163822.56473691761,2550426.5110645033
-8027.875748246908,-18726212.70282072,-73251.82140449435,-18807492.39997346
-6010.347775679082,-24794785.33093655,-603986.954605192,-25404782.633317422
-82842.4058444053,5215308.065135568,-127367.75356733054,5005097.905723833
-420277.42292202264,-563947.3109377623,-506612.5359393507,-1490837.2697991356
156255.7876726929,16077035.224468827,-6368.069623440504,16226922.94251808
115664.22779283859,8755774.57312435,126526.10531581193,8997964.906233
36141.53539882414,16306005.132532328,107975.71066158265,16450122.378592735
-120463.82957454398,13419032.21433571,-128566.07832324505,13170002.30643792
43725.421869440004,6417974.654953897,120913.39076142013,6582613.467584757
80170.61958782561,11838544.251409054,-114927.55469806492,11803787.316298814
-317838.8197635524,-17856955.90119204,306891.3774146214,-17867903.34354097
204109.9707010202,5287112.103663266,524997.9306983352,6016220.005062621
24482.206537727267,3724254.0635118783,-51309.568108946085,3697426.7019406594
-255741.82549714297,-3005682.4029907286,-344107.85179814696,-3605532.0802860186
-80953.2691442594,-4423287.145145804,-235137.85562305897,-4739378.269913122
-490116.29948202334,-2803610.5081478953,-31043.019082292914,-3324769.8267122116
55301.14000100084,3813782.727502376,-105105.40149578452,3763978.466007592
-39439.414987992495,-1507966.4890257418,51190.05371429026,-1496215.850299444
278547.2781555448,-8860808.372999996,-186568.19304729253,-8768829.287891744
300891.29125400446,-6204678.739253998,-76093.13539902866,-5979880.583399022
122132.66448694654,12673689.910577655,314753.6904750243,13110576.265539626
-172352.7331845574,18857053.567856252,270355.18270781636,18955056.01737951
235724.11093769595,-3635642.44474113,285271.02084705234,-3114647.3129563816
-294008.637552917,-10793957.535051286,-46329.39490580559,-11134295.567510009
125686.31219423749,13844724.473249644,-199390.9858814478,13771019.799562434
-139603.7876474578,6167331.248185933,38904.15604592115,6066631.616584396
-48183.40062852949,6022615.4142097235,-391910.0812532604,5582521.932327934
-391858.09668689594,26458151.508917153,-314653.48019324243,25751639.932037015
226046.67430457473,12438480.5633865,433852.51450413465,13098379.75219521
-133872.00150786713,1743502.0763153434,128336.38034747541,1737966.4551549517
132989.72293426841,7046414.113676667,-276399.85697015375,6903003.979640782
-119924.98570838198,-21711349.60067898,-2045.9941699877381,-21833320.58055735
-5659.658945199102,-11876465.11331886,-157142.20503726602,-12039266.977301326
-101577.45781128481,-7165164.014400184,28983.313471876085,-7237758.158739593
196400.43666504137,8695879.84027797,305202.0964358896,9197482.3733789
-269142.3848124929,8837307.751207024,-287938.7989629954,8280226.567431536
193201.45587821305,5356860.411166072,297095.2181858048,5847157.08523009
66431.68313826807,18116591.737098873,-362.93351823091507,18182660.486718908
191575.77184581384,14708566.11249578,-358220.5009659007,14541921.383375693
-111582.52814309299,-11052124.157105327,381547.95025523007,-10782158.73499319
6053.110586754978,14093409.916448563,-121709.16501386464,13977753.862021454
-161479.309934631,2492586.388875246,360020.0644682199,2691127.143408835
232732.1259823125,10251408.753053933,292917.08404053,10777057.963076776
8336.678778633475,-975792.9532966614,-212129.43183653057,-1179585.7063545585
75982.60105633177,-8192971.376212209,212878.1334092021,-7904110.641746676
96227.8902465608,-2861624.841930419,320318.78847964853,-2445078.16320421
-173120.15231245197,23549289.86976841,-163721.3410840556,23212448.376371905
212690.4220939465,-11533296.180714369,-485697.85017379373,-11806303.608794216
-342284.0910929702,-5201467.5702620745,-94010.10904181749,-5637761.770396862
243070.45337547548,-5980067.839771181,327445.84217778593,-5409551.54421792
10099.461840128526,31038172.14748159,86350.92038466036,31134622.52970638
-146538.68253916688,-3160276.2533403337,-104774.34415957332,-3411589.280039074
-155597.3199851159,-4606820.971884489,101659.40614729375,-4660758.885722311
-69007.29658639804,33646854.73034763,-434248.2834692076,33143599.15029203
-136560.3178361226,36332207.88886556,-8253.191405370831,36187394.37962407
-222529.52130791917,-3599799.544980854,-424572.1331524104,-4246901.199441183
76229.35862836242,-15806421.709923148,27840.580993533134,-15702351.770301253
-133445.13676453568,12014154.751682758,297991.02436107397,12178700.639279297
87886.74692582712,12635509.303100288,165025.6767155081,12888421.726741623
258744.2558126934,10461064.811907113,261734.19007939845,10981543.257799204
-209906.8049438484,21275.705691814423,-401876.2561261207,-590507.3553781547
81972.31466848962,-13589547.158059716,-155403.27169135213,-13662978.115082579
-266369.96299872734,17010649.056886673,-6407.713811978698,16737871.380075967
-201113.83978075162,5386469.452964842,-456553.66587235034,4728801.94731174
-333769.3212962132,18932618.279394418,-327516.2523524165,18271332.705745786
-487059.83483612165,-2833788.0914093256,-235391.66847347468,-3556239.594718922
-228888.5249056071,-1121035.7363736331,-126977.39599172771,-1476901.657270968
-41783.33914562315,-16098257.265645623,222532.82533311844,-15917507.779458128
81762.30843001232,-1025930.0302303433,-297111.494917199,-1241279.21671753
173458.38206871785,5052353.622413427,465700.5809339136,5691512.585416058
-231861.4437242411,-2322390.5264473855,-182893.8530086726,-2737145.8231802993
536053.8012357447,-10383737.336834252,361000.09147021174,-9486683.444128295
17627.794739145786,-6806517.686015546,-36703.89581413567,-6825593.787090536
-13883.810625124723,-5422222.255756289,-61010.24949400127,-5497116.315875415
318133.53954651207,4266298.388708085,-97174.97663198411,4487256.951622613
256076.3100074716,-10611510.789325535,-259985.1868456453,-10615419.666163709
-64381.06122810021,-643240.5511111021,363923.391636163,-343698.2207030393
45485.70282484777,-6232884.589691967,-317668.77219138294,-6505067.659058502
124486.61523125693,13224045.807302296,-3491.8599520921707,13345040.56258146
-101215.04624710791,-6555583.393637955,76112.6472146362,-6580685.792670427
-333631.27067627385,20706392.512175083,-24044.87538485229,20348716.366113957
-274668.2283294145,-13948270.72313109,-295824.7133268863,-14518763.664787391
-68242.80960637145,-6930002.283883095,-43501.21787595749,-7041746.311365424
-68069.89121312276,10945057.817616403,-158657.23254328966,10718330.69385999
-213171.68471890502,2427483.2412495613,-181299.8630623743,2033011.693468282
177796.38842084818,-4956235.195333779,-13081.691365651786,-4791520.4982785825
174989.4243333023,7721224.796023667,43209.423476815224,7939423.643833784
117373.39587424509,1150055.2518919706,579271.3757940382,1846700.023560254
276825.9099410176,-763669.5649632812,138809.81453604996,-348033.84048621356
-69791.4510054905,6744694.025777221,-279008.8805704415,6395893.694201289
384424.2780455742,-2733813.294355452,4231.592821754515,-2345157.4234881233
6683.4730666372925,8608764.845883489,220297.54628905654,8835745.865239182
179225.00759637542,4201235.056693137,-324719.22480314225,4055740.83948637
-12179.58736580424,24794963.929803103,3497.912484779954,24786282.254922077
130378.79589989223,-12328990.59848243,47354.975602947176,-12151256.82697959
118230.67672757618,18101262.06135735,104380.83116512,18323873.569250047
236657.90165459178,5877341.109227717,50420.47300580144,6164419.48388811
-127785.27772826515,-9971981.59059453,217935.88661116362,-9881830.981711632
32719.810893001035,-14361178.996219814,-35637.34611032903,-14364096.531437142
115154.38958589733,-9855919.13489908,-326570.7453202978,-10067335.49063348
131708.080205027,-6316009.3432121575,-12558.708610348403,-6196859.971617479
123658.7298258394,-8350351.147441208,456685.7559695691,-7770006.6616458
161134.55511442386,4945103.119285047,289051.16634234786,5395288.840741819
76947.1262758039,-6786664.837774992,-207086.27384984493,-6916803.985349033
-296509.46373981796,16361080.31533885,305339.13534902036,16369909.986948052
-14574.354178680107,-2376921.907406807,-90650.36063726246,-2482146.6222227495
-10181.853882683441,4114190.5060194433,55228.717609129846,4159237.3697458897
-97737.01805848815,-15367769.843225002,197995.0323247537,-15267511.828958737
-520189.2545879707,-28186829.389055967,62903.421038895845,-28644115.222605042
378594.6497689914,14220667.624326855,2029.0115100294352,14601291.285605876
141064.05122244358,-23007998.50862795,249254.29214470088,-22617680.165260807
-65378.89765392244,10296964.683624327,172277.101056993,10403862.887027398
-244218.67483734153,19658418.600563794,-372253.74716378003,19041946.17856267
201707.31853542477,13950630.435418248,73476.31855580956,14225814.072509483
-308467.7130772639,-2948206.683918655,-92120.17247589678,-3348794.5694718156
-87567.67911163718,10727460.56640312,407803.7729179561,11047696.66020944
-231117.5365462415,-1153939.190253973,-59711.35834495723,-1444768.0851451717
15653.501955689862,614935.8755908608,435331.42366882414,1065920.8012153748
14081.970431586727,-10979660.363172114,115946.36226854473,-10849632.030471982
-281692.76096908003,-4478187.7642093,-130057.74248556793,-4889938.267663948
-96672.70931183174,6779806.4014033675,-136775.1990365684,6546358.493054967
-156331.09190370888,3100266.215887904,-503943.9464653954,2439991.1775188
-50386.58653677255,1175342.9118270874,-155044.79598595202,969911.5293043628
-261486.59352383763,-4426772.999263436,-381483.3235540837,-5069742.916341357
411540.06064839475,-16249437.001183063,3769.1648096963763,-15834127.775724972
291159.4883197043,2988829.262607038,405520.80126870424,3685509.5521954466
-43815.98141116835,-7585590.158600777,-218604.5252784118,-7848010.665290358
320534.0984460376,10499309.316686004,-192771.8764476031,10627071.538684439
-125507.10160787776,8492517.729382634,228755.57994306087,8595766.207717817
-142702.97596715204,599497.7948724627,221713.5528357327,678508.3717410434
-33938.27371082269,-2517720.7430590987,-43673.23512417823,-2595332.2518940996
-177033.9755030144,-15668619.773229778,-539026.708067596,-16384680.456800388
-219046.4988482669,-4272347.328332722,-30044.20159292221,-4521438.028773911
-232743.37328812294,774547.3997492194,-632401.9904882759,-90597.9640271794
31596.40436556749,1733379.0776457787,-48414.3411404416,1716561.1408709045
-232786.04187496565,-11650176.945436299,-142195.85426850617,-12025158.84157977
94824.37015122175,-6191041.927924007,-97038.4980179742,-6193256.05579076
136176.19307240844,28490317.310309917,173703.43314678222,28800196.936529107
-4964.775400035083,3418025.7672977448,-148527.77125158906,3264533.2206461206
-87826.7610606961,-750897.4662184119,-439948.20778591186,-1278672.4350650199
-232062.21471781284,-16503005.86479193,220474.87570475787,-16514593.203804985
-46933.23002242483,-1991202.3267842531,454355.06078748405,-1583780.496019194
-57157.80449954048,-9546941.44803381,-105024.12881161273,-9709123.381344963
-139337.06344062276,13744495.249332964,-226644.55301199108,13378513.63288035
101526.49380620196,14501673.17710656,250144.95926235616,14853344.630175117
-164710.8568108119,-1945953.0996116102,-551181.456295602,-2661845.412718024
-218422.0662715584,13840509.492429972,-149138.20966460556,13472949.216493808
-11005.797256646678,1791440.631818831,-500397.5097618252,1280037.324800359
-63417.16446054168,9271689.40791583,99260.06167138368,9307532.305126673
-53450.637140927836,3944011.1819522977,-49694.68520480394,3840865.859606566
90462.76127947308,8262315.557702124,345676.7668592781,8698455.085840875
170577.02905649878,5654180.903594136,314097.3820606619,6138855.314711297
125676.42889102176,-10679297.242802978,174411.36779373884,-10379209.446118217
440244.02429817803,-9866273.457262695,578608.6654783264,-8847420.76748619
-86489.4747567568,15000913.417644083,-280195.01233170927,14634228.930555617
89376.07569155097,26176732.424188405,-191460.54836302996,26074647.951516926
60960.444668825716,-21367736.49625039,112777.742551893,-21193998.309029672
108548.51391600631,-13154422.489370912,373116.4803895056,-12672757.4950654
-94883.77020184882,-4292598.486364484,308401.1379107386,-4079081.118655594
90189.89242467284,14117530.23127985,-138311.95340532064,14069408.170299202
-361987.68679903075,23159894.85979265,-61871.19567641616,22736035.977317203
14265.259238379076,10171248.015193999,555143.501449272,10740656.77588165
-192436.50142168812,-5969876.135740131,-194522.81206524372,-6356835.449227063
3023.943309303373,-10314559.92162025,-425211.78728517145,-10736747.765596118
38895.53031955846,-5207918.668362856,-500102.68673221767,-5669125.824775515
165449.1870111283,17064540.2968055,297315.1783686206,17527304.66218525
-84177.53432818502,-5979757.38989675,70858.32324269414,-5993076.600982241
404790.032925481,-10074039.322444022,338620.7987569049,-9330628.490761636
377353.3760163691,7840877.976053864,523857.74546603113,8742089.097536264
-37164.5895615574,20748817.4493379,205047.69607001543,20916700.555846356
-387986.0141508654,-3285447.094810128,-61563.64629698545,-3734996.755257979
49353.78353740089,-13322411.631703466,-159065.84380667657,-13432123.691972742
230508.37510332465,31047264.402361393,-49506.064048714936,31228266.713416003
10248.833000866696,-12386022.57091999,-473037.48297448456,-12848811.220893608
-126894.07441958599,-1943960.0652674139,-169578.98355134577,-2240433.1232383456
79014.0328691639,-17863300.808663547,453029.7124674693,-17331257.063326914
134239.1286622584,9432594.209107399,-88552.22885915637,9478281.108910501
-65581.09368836507,22638895.84099722,-213275.99484268576,22360038.75246617
-39594.55486655608,-28253938.611123055,572704.3998996764,-27720828.766089935
-465016.29035962746,1364308.8383480608,-963313.3641559184,-64020.81616748497
97514.2900068108,-9807605.34189403,141174.09889374673,-9568916.952993473
-204489.041799929,-4011099.619217485,-208947.79416781664,-4424536.455185231
-325636.4768088069,-11791261.30250749,-317215.81563296914,-12434113.594949266
121746.78764021024,1553869.373703599,112552.35844746977,1788168.519791279
-329858.78651696444,18658670.52097988,-307334.8849478364,18021476.84951508
101712.99828637764,-7603548.397974193,-40588.89000208676,-7542424.289689902
-15927.459035200998,8592813.716985494,358729.55110823363,8935615.809058527
-63209.835965374485,29412520.74322498,294054.22088873386,29643365.12814834
293961.0382066164,-4637734.508960843,-325919.39323841035,-4669692.863992637
-166377.46278128587,-6642301.577225685,-492863.268490836,-7301542.308497807
105806.04035291448,-4753030.743974805,-269717.64056003094,-4916942.344181921
278709.9648845419,-3281833.3179569542,288045.917715922,-2715077.4353564903
-88332.61173267104,-1776146.0265713334,430886.65894171596,-1433591.9793622885
-224652.7993313335,6333363.598051459,70946.2337012589,6179657.032421384
310501.841383975,2881690.243548304,80386.99589884281,3272579.0808311217
-56849.075163621455,3603729.836029768,-294451.71162294596,3252429.0492432006
-25385.295394083485,14358286.726830184,-200708.29854902625,14132193.132887075
-109482.93926501647,15373783.856801689,75758.9863710478,15340059.90390772
160736.91198216006,-6518619.659263611,76771.04411095381,-6281111.703170497
190124.23834147304,-10878081.92863372,-156978.61604636908,-10844936.306338616
-338507.18671004474,-2731697.878223181,175405.28539140522,-2894799.7795418203
-191807.43085762858,-23156791.749780297,-334725.64730801433,-23683324.82794594
-210241.25849479437,10465375.587896198,158332.32455860823,10413466.653960012
-462983.309203526,-16519217.285550117,-317234.3546505645,-17299434.94940421
-203495.61935041845,40031704.57068074,81259.6062412709,39909468.55757159
-204945.29682437703,-18655265.290733963,100487.36564856768,-18759723.221909773
-51189.47435481101,8431467.80516386,-121827.04551631212,8258451.285292737
-348707.96342610754,-2731397.024431646,-283512.3986119032,-3363617.3864696566
-6991.1160109285265,24342832.16938144,-183761.33294303715,24152079.720427476
-261244.18412811868,8876582.067133665,-68866.39387087524,8546471.489134671
-194670.11408249103,8568764.236491293,-282798.2816132307,8091295.840795571
100646.39176654257,16305797.618488371,-307023.58832226694,16099420.421932647
90379.73193798214,9721698.883666694,150322.13259860873,9962400.748203285
-73628.95703053847,1420242.5844651759,-2644.270872272551,1343969.3565623648
-59491.95549520664,16571511.568521202,272358.3468904346,16784377.959916428
-82978.06053539366,-8222955.657674491,-301330.16765350103,-8607263.885863386
-11703.973073117435,-6131896.96106559,83507.99830192327,-6060092.935836785
685565.5951168612,-9664506.610770255,348550.4863846749,-8630390.52926872
243815.84224569984,-3254602.752732694,315146.9957602024,-2695639.914726792
-90235.48235758953,10490727.022845149,82409.45251453668,10482900.993002096
71092.11130334064,12061729.548386812,208473.9792899266,12341295.63898008
55197.829610725865,-9644752.592169583,-11940.233930811286,-9601494.996489668
-66436.50334623642,2601052.7234761715,-309560.43714646995,2225055.782983465
-111816.29272954538,5331942.090880573,104793.66291565448,5324919.461066682
103915.7090764977,-22199616.344448328,-51997.978580750525,-22147698.61395258
181426.7037147861,-14757096.830861568,-348521.2402231544,-14924191.367369937
-179888.1600131467,20329211.755930454,284649.5286079198,20433973.124525227
213403.11193275638,5221660.473319203,91632.55832905322,5526696.143581012
-135067.8387902174,-9844118.718937457,-577179.6710456982,-10556366.228773372
34016.171127995476,18115282.69627282,-251914.21064088494,17897384.656759933
-135754.87071593478,8522945.288211703,-160954.81675817817,8226235.60073759
196168.86165114865,-13456008.335929275,-9222.293385215104,-13269061.767663341
-76228.52642002702,-3950084.5938926935,-64067.618557207286,-4090380.738869928
324973.1312963795,-3925486.0477545857,247886.1134261042,-3352626.803032102
67666.08296859823,40715027.8561551,-4134.978180423379,40778558.960943274
-112130.74427431263,-20812711.436702162,-183315.86451483518,-21108158.045491308
166973.2517329976,2000715.010413289,429756.5113918334,2597444.77353812
-114372.84382991493,-10878603.416357309,-339198.2661560774,-11332174.526343301
393525.77721324377,40576110.889395684,161145.20523877442,41130781.871847704
-388201.19717420265,-2586205.737488508,-162170.6552279517,-3136577.5898906626
-300214.27965511195,-10902547.742380083,-95514.53191903234,-11298276.553954227
-211052.87648655288,-238005.77274090052,252676.24946944416,-196382.39975800924
49473.823165569454,-8519521.334945977,124126.74710539728,-8345920.76467501
339832.1934458241,9554099.625668764,129418.01804178953,10023349.837156378
24992.22212878242,1929400.5001744926,26907.680788233876,1981300.403091509
-47935.01275125146,-16629112.051917046,116686.76345098764,-16560360.30121731
120231.05238682963,-2470413.1438634694,226610.08415212482,-2123572.007324515
362853.50657548197,16728040.056049526,169242.16395356506,17260135.72657857
222234.02453393862,1259375.721114695,-70598.43330974877,1411011.312338885
74032.24505965225,-615907.0613129437,174814.39230003953,-367060.4239532519
123129.41464587487,-17812245.155874014,-30280.618238650262,-17719396.35946679
-210563.93652794324,3189760.7608299553,154238.7934485972,3133435.6177506093
-16867.544306147844,11462630.389077276,-150094.33059808612,11295668.514173042
398656.4011747744,12477677.94137454,220602.5120913759,13096936.85464069
-70322.72559928522,-817992.3165188134,-341065.46008993685,-1229380.5022080354
140775.623259468,17970442.63439578,-122223.34235867858,17988994.91529657
217397.28927812725,6331508.706972063,-22892.6466614604,6526013.349588729
301376.2390315775,14775019.361191154,-142947.96413256973,14933447.636090161
280749.9073692076,-7346832.197796643,24039.107010401785,-7042043.183417033
-10769.765730589628,-4421429.884049237,30173.132467783988,-4402026.517312042
-152337.05134161934,-8102505.90689069,-238916.2551932782,-8493759.213425588
225179.48819501698,14186287.00067243,-140872.98253914714,14270593.5063283
81857.0536399167,-2079970.0076063275,25862.348786383867,-1972250.605180027
-149911.66116897203,9725610.87855509,-94662.39958557487,9481036.817800542
-128898.08841426298,1812797.5748499036,-215974.56033409387,1467924.9261015467
24216.501960787922,-25785837.42478949,-163073.65414217114,-25924694.57697087
-239289.22105976567,-440699.5757652521,-127320.2565267086,-807309.0533517264
31800.178103845567,-10617430.958963186,197302.51051380485,-10388328.270345535
-90774.34448277391,-18154924.55393815,295366.50474332273,-17950332.3936776
-537164.4754543025,13819474.115888953,-56572.290202729404,13225737.350231921
-159992.8353666924,4619084.784725636,-512940.3176793605,3946151.6316795833
18249.389743460342,6578498.330142021,259605.76248987764,6856353.482375359
94157.43330699578,-6398130.032584071,-114799.89422021806,-6418772.493497293
-385792.4306937158,-14860722.960052967,2340.3805043399334,-15244175.010242343
-45964.51890574023,6316061.644302249,233525.61568692327,6503622.741083432
-41682.02826825157,-10566712.69853291,393210.3455772102,-10215184.38122395
170281.411115719,-15177852.99097991,233426.75983104855,-14774144.820033142
5002.616221273318,14420591.364013672,125792.69734174758,14551386.677576693
63518.473844174296,4694450.780004501,376941.7191992551,5134910.973047931
-360872.8701535985,-5483549.458939254,-156743.49654756486,-6001165.825640418
-48570.182392524555,-8317441.684775054,-458499.43470300734,-8824511.301870586
-36166.9012107905,-19143037.622837603,35519.49226967245,-19143685.031778723
-351110.3776673302,4564370.943926394,-434550.1605386734,3778710.4057203904
-65779.9512750972,-11124506.02508378,-542498.2388432845,-11732784.215202162
175425.00253024139,-41960.763169407845,118535.12394060194,251999.3633014355
-125701.02829566412,19809163.015692085,-121974.80108244717,19561487.186313972
521663.61506807245,-2007630.3534519076,290215.44997523725,-1195751.288408598
-103830.64613854513,-2528771.1927478313,-164498.98632720858,-2797100.825213585
114884.03093503602,3807061.8732134104,341073.2262384072,4263019.130386854
-114060.56311692111,-8669991.830686092,514639.2619714439,-8269413.13183157
141680.2434411794,-2213665.7856248617,-117810.22082705796,-2189795.7630107403
289761.6088176109,4014990.068963766,362996.70609024167,4667748.383871619
206978.54341636598,-11223000.119425535,-368204.01243042946,-11384225.588439599
-226146.26611078344,-26583166.529756963,-452182.1622028351,-27261494.958070584
-501458.28282355145,6921034.505200833,-236869.3011014834,6182706.921275798
-123676.9705914408,22359777.02394092,-120015.94904522598,22116084.104304254
378660.3058280237,1752409.8788835704,-172197.6841173619,1958872.5005942322
-61854.29883621633,26646917.813859016,-225487.94153318554,26359575.573489614
394803.1759359613,8038044.984282076,-211437.64498105645,8221410.515236981
-133135.75891528837,4906031.171875596,-256563.8182797432,4516331.5946805645
-46772.736527923495,5154473.195110917,74169.73068091273,5181870.189263906
-116421.7544109188,-19725058.488217443,68843.28218458593,-19772636.960443776
3136.405503263697,13531497.542099059,-717490.8430087939,12817143.104593528
1908.415534125641,953818.364205718,805890.1179968864,1761616.89773673
315864.43440337107,2667208.5611516237,-180526.58886544406,2802546.4066895507
-58881.10432615504,6486464.331332654,-208299.60851623863,6219283.61849026
-44966.276950774714,-3766171.106445551,-126631.21496020257,-3937768.598356528
-309033.39094601944,-12899409.25535655,-414580.1006140709,-13623022.74691664
-248731.48014274612,15789490.02014649,-434620.6129040569,15106137.927099686
-50265.82517512515,-9873511.59815216,490069.6724018678,-9433707.750925418
-77617.14097881503,5563764.977503151,-321196.1102025211,5164951.726321815
156398.47507493384,2664311.476659298,-383560.8494029045,2437149.1023313273
37346.55052210949,-1849652.5088185072,-214848.65832621604,-2027154.6166226137
-47450.52144799195,-9270739.5062356,58833.551358520985,-9259356.47632507
-309603.6758207232,10380873.43198216,-13599.347208619118,10057670.408952817
-128635.23850985244,-18113025.300034404,186820.43822870404,-18054840.100315552
159917.01422562823,9517331.058916748,-135268.25740022212,9541979.815742154
82750.03265905939,12892222.116058886,-173599.0838521272,12801373.064865818
439017.4644641038,-12352056.158657253,804008.8981240541,-11109029.796069095
-115599.6747664474,-504699.95503786206,-253901.12312434614,-874200.7529286556
108.11445446312428,-5424892.037157446,-385666.7373904437,-5810450.660093427
-32799.43728800304,-6623976.008907378,-67582.10819040239,-6724357.554385783
379962.5138602182,1349829.0148195624,-13034.222540184855,1716757.3061395958
428065.2792439461,-23098620.212266862,-167529.76523860544,-22838084.69826152
143603.83801327646,5702925.344888777,-180031.77465333045,5666497.408248723
242575.3435441628,12828270.659920484,227776.02778103203,13298622.031245679
64231.947026096284,3895540.342361033,51133.59433797002,4010905.8837250993
-28824.068962967023,-6517757.4247123,57430.67482545972,-6489150.818849808
97160.80924174376,-10467585.08988738,-27083.36717800796,-10397507.647823645
-140204.0083657503,6327003.694481373,-280427.95582986623,5906371.730285756
187859.36741656065,-15916274.67022571,84416.0623947382,-15643999.24041441
-44570.22000188567,5626938.376454353,-370635.5987516567,5211732.557700811
-198737.70546847768,-2685972.3009658456,37121.30821451545,-2847588.698219808
607061.7424488701,24514480.580311567,130454.66735762358,25251996.99011806
-277193.97583305277,5449933.3668884635,130157.88918365538,5302897.280239066
21544.12262169458,-6055114.550995171,-156687.1588787511,-6190257.587252228
89173.81915121339,-10135705.055451453,20770.809104941785,-10025760.427195298
-306032.6171583701,22805712.86018884,-222134.60066826642,22277545.642362207
-11014.03210994415,-20478072.974112272,388423.0565721616,-20100663.949650057
184805.82025836408,2469427.965835601,59205.2830561921,2713439.0691501573
12368.38434590958,-5695705.893402815,-658934.4700288177,-6342271.979085723
99779.20993788913,14326323.855414927,16030.377114258707,14442133.442467075
-290199.3656180594,-2393642.529702425,129144.74296057224,-2554697.152359912
-107750.64887573756,-7899892.668546915,305719.98335649073,-7701923.334066162
-112991.407068111,3627392.4642056227,-171897.8059773445,3342503.251160167
-113375.82680471987,-19198134.393320024,-350441.3617563024,-19661951.581881046
-9268.325429799035,7572089.858952463,4107.281674794853,7566928.8151974585
-193022.59233472496,5938638.634368241,192889.9542906955,5938505.996324211
362217.6707514748,-18425819.873780966,191754.07071651518,-17871848.132312976
-36535.362843701616,-15763330.894021094,-164698.95251065493,-15964565.20937545
232707.86940974183,17102072.47792554,-16178.890268862247,17318601.457066417
-22551.64023150876,9953233.81531632,-15721.870855949819,9914960.30422886
271910.25727207586,10733609.932443976,-77154.23977287114,10928365.949943181
126728.20011313073,1326408.5923864543,-377961.0397404805,1075175.7527591046
-249419.0772478897,-141184.58535522223,196025.05111664534,-194578.6114864666
81320.86600135267,2599170.861501366,-149583.87025921792,2530907.8572435006
402482.18667308055,-12829032.14887011,569149.9548699111,-11857400.007327119
-111225.46564593725,-19392480.752412528,290878.7217542827,-19212827.496304184
375573.20527055673,-10069919.206841141,128831.08580033481,-9565514.91577025
-352873.4381161202,21847373.51368028,84633.79542675614,21579133.870990917
-225407.85332653858,3183286.2246997356,-170220.52429495007,2787657.847078247
-373251.14064238966,5334318.800636709,70679.44524292648,5031747.105237246
155974.59505549446,-11128122.612109542,367390.96094089746,-10604757.05611315
330559.5768653471,-1192170.1396238804,620079.8877611905,-241530.67499734275
-118301.38471463323,3741582.714286089,-322292.49490116537,3300988.8346702904
120292.5996031873,12696899.179592669,-174175.74828381836,12643016.030912038
47150.08217445202,1762615.8700623214,103394.69349624217,1913160.6457330156
-27614.318698324263,18547455.82712674,-262879.6165688336,18256961.891859584
-26001.99713789858,13207597.807564318,-43100.93312744051,13138494.87729898
165032.36681726575,5656889.576547623,333743.4961051792,6155665.439470068
-312667.7586359605,6175595.999660611,95506.98203477263,5958435.223059423
-417310.56333086453,4659213.039669216,-469323.9656800777,3772578.5106582735
-278865.8228413779,-1334223.7346990705,-52766.9126034677,-1665856.470143916
-92015.56315018795,7312807.361111134,194214.9939636141,7415006.79192456
-89965.81530890614,12367560.402724296,94823.55905107409,12372418.146466464
-328704.6367946081,22718098.64230436,-437528.3741447851,21951865.631364968
-362098.098197313,16828446.705830306,118361.19299776852,16584709.800630761
-171070.57954172418,-8912984.579967976,38401.60765466094,-9045653.551855039
-54103.050282269716,-19599314.12297362,-31597.458774536848,-19685014.632030427
-124546.81259772182,7674641.904515088,-316917.64648361504,7233177.445433751
-88522.31726859882,-3136190.5511042476,142799.81477627158,-3081913.053596575
347598.73322694376,-1382286.1203414202,535897.322854042,-498790.06426043436
123663.59623366967,11126325.669885159,384194.59798470885,11634183.864103537
306228.2886763774,3009718.4514918327,92562.68667443842,3408509.4268426485
-84536.39460706338,-30451650.361448765,51779.044260174036,-30484407.711795654
121232.1108681541,19333326.720067173,91661.15359678864,19546219.984532118
5162.802195927128,-1040495.5075497627,119174.36278264225,-916158.3425711934
-406498.88198865764,-18183216.029580474,55537.143144883215,-18534177.76842425
-334808.29911348596,2720320.6960946918,115534.87067899108,2501047.267660197
-142766.58592836186,13490626.704610735,-468742.53408240527,12879117.584599968
176546.16923245974,8263069.730858952,-424997.11488337815,8014618.785208033
-70765.89790909924,-8447254.043885171,-49408.83128260821,-8567428.773076879
11552.16505973041,15230194.066337109,424523.7261065915,15666269.95750343
66271.0658220388,22828508.570005774,-209788.1693560183,22684991.466471795
-325780.82174611464,5565001.838442624,-47409.28544728458,5191811.731249224
-31301.81735116802,-8907401.50163123,-21924.471160665154,-8960627.790143063
304068.02847467735,-2586176.51852715,416548.59933520854,-1865559.8907172643
-52879.50226177089,8294251.2918586135,-200408.4252403006,8040963.364356542
43847.392512964085,-5693974.220656574,-17970.85067972541,-5668097.678823335
-8969.420577771962,-11009470.643113017,-197666.0217089057,-11216106.085399695
-360811.00869689696,-12802521.088656425,-290156.44262227416,-13453488.539975597
290241.6231055707,8394068.133075446,430155.3908998072,9114465.147080824
-42337.603141374886,-780752.6128607988,-285849.8078081906,-1108940.0238103643
-72117.88471636362,3784995.2176672816,-134885.22770760953,3577992.1052433085
-187868.79612840712,1282726.0160037875,40288.57878640294,1135145.7986617833
187905.49510720558,7861337.766898125,59400.90581073612,8108644.167816067
-56905.81110013649,2959130.2144243717,63258.91074953228,2965483.3140737675
135338.21886434965,6661600.7217819095,4476.772173710167,6801415.712819969
347957.7095812652,3276711.1774327755,-251582.13061450422,3373086.7563995365
-166919.86605117284,4287452.957627654,-33500.531134709716,4087032.5604417715
67337.16953124106,9438464.266304255,217314.8274190724,9723116.263254568
-80019.64803327061,42587050.26351756,129935.68812167645,42636966.303605966
-300520.5504278168,2043149.2053056061,-711752.8381513879,1030875.8167264014
-71944.11282254942,27444917.671331584,-78438.60634002835,27294534.95216901
341075.4046426788,-5511329.002077997,-45464.97973693907,-5215718.577172257
-269567.35282482766,-6708930.984502256,-176779.2648151219,-7155277.602142205
325911.54980149306,1002870.8017336726,-116599.5073215738,1212182.844213592
266209.151362285,-17074904.01034236,95808.4010103792,-16712886.457969695
-55638.58392595127,4929932.528618991,92690.30550979823,4966984.250202838
321534.95826837793,18128960.56643796,213420.91159841418,18663916.43630475
1914.448908135295,-2724275.4512692094,-327942.78495847434,-3050303.7873195484
-58938.64677068591,-26230989.424773037,36610.766700387,-26253317.304843336
396255.07384889014,-1295891.5665650964,186112.88217887282,-713523.6105373334
38930.89541606046,3384368.235031128,581306.7237766162,4004605.8542238045
-434063.9820080884,-20357243.725651383,-226470.7818781808,-21017778.489537653
322965.07705847546,-23506958.859105557,496151.132916078,-22687842.649131004
454823.24477580935,13639593.695169508,255449.5387340933,14349866.478679411
113300.55438057147,18612975.435835153,-24079.512552589178,18702196.477663137
235447.12557071075,5765610.261503637,457403.6390031874,6458461.026077535
-29462.340910697356,2815435.822948575,-209265.54663104564,2576707.935406832
-320586.91104633175,-4762644.65554136,-26918.76070087403,-5110150.327288566
264244.9768044427,-3647318.241738647,131007.8104821071,-3252065.4544520974
311209.4497076683,-17576825.46550691,-84178.00462792814,-17349794.02042717
-735230.0336278547,957225.4520339668,-103873.43882273883,118121.9795833733
140810.85116837732,-3530420.409488201,-9934.727324940264,-3399544.285644764
-312471.6014785841,-15813793.540465355,-259744.76703855395,-16386009.908982493
-347866.5879228357,8271397.917074442,-237510.31144552678,7686021.017706079
501472.3437941652,-20254166.140282065,68281.65106655657,-19684412.14542134
117600.49562040344,-20790023.44968131,146164.72644273937,-20526258.22761817
7210.4733525924385,7692594.626816571,-304827.4597461745,7394977.640422989
-63113.97581299767,13551309.045465708,377665.18405257165,13865860.253705282
-25233.057674869895,-1740414.7993790507,48392.332697696984,-1717255.5243562236
388511.0062488951,3440863.563535273,141734.5043863207,3971109.074170489
406823.0635930188,17037539.41747451,462546.3148386702,17906908.795906197
395396.3225623295,-299588.19590353966,242779.0906502083,338587.2173089981
-15689.05217596516,-8471818.258844405,-410929.6163543612,-8898436.927374732
247065.8783433754,31567273.968042523,274355.06726798415,32088694.91365388
280691.46278892085,6215723.462118149,159964.52960380912,6656379.454510879
-191983.03415796906,3115985.000790775,-326091.87935415655,2597910.087278649
48455.31299368851,15586243.1274333,404182.4081168771,16038880.848543866
154571.91823264398,4956357.387167811,200085.27398507297,5311014.579385528
170595.8676878102,1253125.315874815,-163903.65798147023,1259817.525581155
269591.76799255237,6609205.279334277,-330806.12295025587,6547990.924376573
64544.69909350574,809023.5886823535,584089.8520932496,1457658.1398691088
-132304.8625470139,-1954212.8860296607,81838.36642706394,-2004679.3821496107
-248086.9629663583,-7676660.016598672,-388314.04745397717,-8313061.027019007
-49701.27025428787,-7044024.625705212,140237.7477426529,-6953488.148216847
-303612.063221816,10104965.771126091,-51402.487809456885,9749951.220094819
132101.2094151862,-1572798.1474345922,-221973.9654788077,-1662670.9034982137
223272.3061671052,-5267518.362573415,-368652.80712015927,-5412898.863526469
-442202.98953759857,-12615121.079825819,-347633.83262776583,-13404957.901991183
85585.07429223321,-15467777.904703796,343718.91929742694,-15038473.911114136
-381970.03160443716,27939630.616821826,-285241.663781099,27272418.921436287
176676.3383251857,-7152981.667682946,-245380.2142316848,-7221685.543589445
-170324.74267375097,958378.286778748,-403651.3985474184,384402.14555757865
55337.42296230793,-4549622.483568966,-200115.3766587004,-4694400.437265359
38552.59553276934,-20861907.023841977,-146849.24399780482,-20970203.672307014
-73880.64039447717,-18948474.454733968,-131393.08992583305,-19153748.18505428
58197.19453533925,7212874.142839193,-53912.733066082,7217158.604308451
2008.2734625469893,7278586.872435927,-395383.13261426985,6885212.0132842045
59852.40723763965,4461434.639018536,192131.4384232834,4713418.484679459
-50991.10224112682,9115275.146187603,126272.1027430594,9190556.146689536
315745.32413064875,9777954.441801727,769191.2417774796,10862891.007709855
-25105.024780083448,-8462030.15095359,-132273.52006998658,-8619408.69580366
-215312.17656668648,-12815574.41821298,-490332.82911238074,-13521219.423892047
-93530.84210678935,-11158118.495232642,130376.546776101,-11121272.79056333
94528.58511321247,1698005.4043832421,-361968.69577369094,1430565.2937227637
109109.39445066638,-26282321.266706407,-69438.81330730766,-26242650.68556305
328202.47243730165,-17921699.030289292,524649.0174093992,-17068847.540442593
-3915.3396972045302,-17664295.99765539,-20.12151888012886,-17668231.458871476
-341872.4307582695,-16235888.507808983,-127158.22478281707,-16704919.16335007
-21045.577916862443,107508.83952727914,-318036.0342759937,-231572.772665577
-78620.87883852609,3397521.0911321044,-148166.61236575246,3170733.599927826
-287042.7519777324,-6910886.330290586,-165861.73620463908,-7363790.818472957
405272.0930648595,13583034.842667162,81209.24112484604,14069516.176856868
138654.73513839208,1965110.407773912,264059.3274051547,2367824.4703174587
143266.50458223745,4787350.182394266,36686.29134025425,4967302.978316758
-378298.706735827,-12467002.381617308,-343581.116436325,-13188882.20478946
316277.128455434,78503.56267467141,36606.146066226065,431386.8371963315
190103.99353190511,-2413023.164710015,351975.1127771735,-1870944.0584009364
-138604.56594272144,-1448456.9211375713,-598180.3241804317,-2185241.8112607244
-33686.290882335976,10735226.632162213,-291156.7800614983,10410383.561218379
-65906.77535694093,992785.7058600783,160506.41491664946,1087385.3454197869
-193195.59658236057,1286315.6565263867,179563.66274962574,1272683.722693652
310988.5282167811,22349819.529754996,380323.0495908335,23041131.10756261
664033.5708335564,19685717.647550046,518817.1314784214,20868568.349862024
295226.3473153915,-13386129.506520629,417255.03332588077,-12673648.125879357
128014.22640386783,8800961.982712567,147320.50215881318,9076296.711275248
789654.6381049268,16204863.130710423,22003.92169186473,17016521.690507215
-27951.72916246578,-11277767.722916543,222556.5249646604,-11083162.927114349
259650.3801891189,21574700.367325902,94630.8647479564,21928981.61226298
-196996.38642198592,5704890.54450047,93078.83310732245,5600972.991185807
582598.6561311428,8556738.361341178,256866.5554676503,9396203.572939971
-100416.14228639007,-7059351.376113385,-102669.31478666514,-7262436.83318644
-150106.07561033405,4831163.510764778,224222.77686163038,4905280.212016074
-144661.63604606315,-787193.41324687,48102.408251181245,-883752.641041752
342406.6199798975,26512088.65692842,595675.7521092445,27450171.02901756
-510367.99561895616,14945776.170395255,-255415.6930205822,14179992.481755717
529992.8472686075,-4735240.553550541,34341.64940948784,-4170906.056872446
-74071.00472379103,13594276.145188898,-196440.21183744073,13323764.928627666
233429.74262653664,-13295096.291409492,-212423.23700291663,-13274089.785785872
417898.3638226744,-11254146.488337576,-59482.63699667156,-10895730.761511574
56609.61851515621,-9363238.86405009,-334987.29508695006,-9641616.540621884
-140003.77261956967,6922599.904353291,242427.3718162924,7025023.5035500135
-45846.4897594396,-875871.1379390955,-232401.5917969644,-1154119.2194954995
144946.8009326812,-1038198.0730215311,-597434.9114022106,-1490686.1834910605
-119352.17038823478,-7067433.493807137,431820.23366084695,-6754965.430534525
341613.2970786933,-21314615.022501945,465030.73419317603,-20507970.991230078
-33928.69280552119,4222390.229400873,-330735.8349800706,3857725.7016152814
27924.680364109576,2388185.3076072335,-494685.0204591602,1921424.967512183
-133351.4339194931,-16231483.157572567,9.56451115757227,-16364825.026980903
-97730.59189349413,-20454259.988880873,-199931.6000169739,-20751922.18079134
-382602.748885693,16045793.655501276,-246851.26113595068,15416339.645479633
144208.9819899127,6103574.963650286,-73674.63638816774,6174109.309252031
30393.19889688678,8532171.846077979,-157168.89872211963,8405396.146252746
199481.59462462552,-2213966.829398632,90806.40853767097,-1923678.8262363356
-338795.6767158918,5042595.319590241,-475767.6498449445,4228031.993029404
181840.18921841308,-20556086.486361057,316621.5711663887,-20057624.725976255
-47701.62835140526,10960937.704359263,244756.38236671686,11157992.458374575
-379171.1759545468,15823819.326407313,-9977.32065794617,15434670.82979482
-136810.01908397675,7526537.074944586,125169.71214099228,7514896.768001601
124561.31597092748,16976965.06034553,-430787.61180502176,16670738.764511436
-24785.467674616724,5462653.58174929,122767.33917719126,5560635.453251865
-253694.31382345967,-11257287.795951128,-388415.72320617735,-11899397.832980765
-75081.8583829049,-14226059.434703022,349345.92476593703,-13951795.36831999
236974.46450215578,2706703.0833789706,438206.7842630297,3381884.332144156
-315198.1910988875,-8085479.762978315,-465231.41157862544,-8865909.365655828
-76369.6187724676,7569468.378742218,21514.443166986108,7514613.2031367365
-395512.36596087925,8794156.646605015,-157106.9405136183,8241537.340130517
-77858.95137879066,-8988112.059383988,-227268.0459839478,-9293239.056746727
6788.238427452743,39524727.77125883,234277.9616906792,39765793.97137696
181658.40509929322,-7386603.052745223,285496.9820826277,-6919447.665563302
54885.96135292761,-25541880.214378357,128119.57785164565,-25358874.67517378
83795.330414569,11576230.631203234,-48289.87552834302,11611736.08608946
-71046.91315653734,-736443.7275882363,-530565.723772049,-1338056.3645168226
181939.70404803567,14866076.781502128,281562.3838018775,15329578.86935204
90445.41978116333,3068682.0895788074,100644.80187471956,3259772.3112346902
-185926.80236022174,-1655136.6449281573,-351108.5700211972,-2192172.0173095763
251544.89672798105,-472312.2349936664,-195989.71690680087,-416757.05517248623
-78363.73236881383,-5900392.335396349,-84701.6182826981,-6063457.686047861
121519.95678438619,-1095555.367783904,-153968.0897268057,-1128003.5007263236
304106.3910905458,-7112385.568792313,20714.988201014698,-6787564.189500753
360340.0884340443,24324759.033582628,-232147.98373604566,24452951.138280626
800762.4391738009,11419208.187269092,403621.40383598953,12623592.030278882
-39033.09283036925,513167.0974968672,327062.61721847206,801196.62188497
-478267.2997336425,-6981916.28814438,-249554.7726619318,-7709738.360539954
-119400.44912768528,-6929434.418813348,628985.9237187579,-6419848.944222275
-203901.6292222347,-14649181.140913874,265476.3532112092,-14587606.4169249
247208.98052065633,-4166243.3521056175,246974.2031764984,-3672060.168408463
8511.639812689275,374899.8128756285,-190958.5326466784,192452.92004163936
-278073.1775273364,-3827977.8120703697,-237981.9799286127,-4344032.969526319
-33781.11897847243,-9929346.309893906,-163453.10696411133,-10126580.53583649
428943.2745086588,-8899953.39641565,501151.4771188423,-7969858.64478815
181264.3251998704,-2071188.010905981,105476.1769895032,-1784447.5087166075
219652.1685141567,-10787600.130291253,-79365.17857091129,-10647313.140348008
-73435.20630409755,7516561.293272495,-116486.77522175759,7326639.31174664
424565.930841675,-391980.055249691,-81877.55005542934,-49291.67446344532
230008.91859988868,5317531.352391779,-201494.76612324268,5346045.504868425
-51384.83171306737,-7802806.034490705,57749.77823200822,-7796441.087971764
273601.746554289,-11254751.46013844,-168342.7591665238,-11149492.472750675
175257.19249803014,-4209787.567191064,460474.29128883034,-3574056.083404204
205690.5705078896,1120208.6341598034,-62113.71499144286,1263785.4896762501
3629.622416164726,1589118.908690989,-425310.8595943153,1167437.6715128385
218372.28772025183,-7856873.155455172,97030.95655529201,-7541469.911179628
41804.85846774094,-4229945.896917343,314600.65448825806,-3873540.383961344
-407823.7953057885,8849435.877530336,-322979.1783619374,8118632.90386261
89583.87894419767,-15294323.506776571,107658.2358565703,-15097081.391975803
95862.45793388411,3890791.5242616534,-65108.80161496997,3921545.1805805676
-13402.639766702428,-3501112.9819794893,-282947.887419112,-3797463.509165304
291156.9232933223,-1909020.0886573792,-181597.8974827528,-1799461.0628468096
-93375.07816396654,5897920.5186085105,94620.20351786166,5899165.643962406
-184217.61237157136,-17410697.08479944,182990.70289405435,-17411923.994276956
-368886.8205130119,-5810089.33993417,-379792.2083660811,-6558768.368813263
247208.53697448783,-15016662.368310899,-94293.38758513331,-14863747.218921544
-202562.41316743568,-768126.7839834094,-386851.0356746018,-1357540.2328254469
-276783.709741747,-16439069.75588286,82801.63486109674,-16633051.83076351
-65903.56913943775,1327933.9818503857,-238531.62217131257,1023498.7905396353
-308890.01916875876,-3588913.704690814,451052.22820290923,-3446751.4956566636
349195.35691519827,14679904.66173327,242866.99154260755,15271967.010191076
-40652.98775352724,24605987.535262436,259588.33933898807,24824922.8868479
-103894.15582378767,16775262.693702728,224860.72352031618,16896229.261399254
-317404.5487544555,11555571.740471065,-185161.23795370758,11053005.953762902
-215195.69149080478,-6221616.824234664,-317164.81778422,-6753977.333509689
171896.47719261423,-5341819.085965097,119597.79799634218,-5050324.810776141
184251.87056804635,-8964882.115318358,-69576.69819016755,-8850206.94294048
-97240.93117953837,17424447.864583492,-129295.92334142327,17197911.01006253
267231.2491104156,-10319618.793683887,-121410.14913430065,-10173797.693707772
129910.17683559284,2206082.467246771,186482.88249526173,2522475.5265776254
-100807.0448114723,1017384.6120806038,-70285.62233901024,846291.9449301213
83844.08160622604,10732205.07323265,12548.778595656157,10828597.933434533
54064.30727295205,1984447.7267956138,-467282.65423201025,1571229.3798365556
-158645.14621454664,-12934687.09430781,28969.738384470344,-13064362.502137886
-339816.8129848428,4711878.464794904,-102674.55728393793,4269387.094526123
-61413.041163075715,-4074528.5841214657,-358550.81572563946,-4494492.441010181
71788.19011977315,-6794067.898440599,-44540.0279173851,-6766819.736238211
-206175.1260885503,18525444.552303195,-104053.81539852172,18215215.61081612
75724.47874439135,1244549.691593945,-334434.38379304856,985839.7865452878
25196.6336119622,-1669391.371191889,-221966.32594124228,-1866161.0635211691
-110757.6653891448,9809057.408071905,371220.84432884306,10069520.587011604
-175537.1545583345,8239286.868514776,-76355.06898197532,7987394.644974466
-173234.6174993515,-20346865.657533288,25929.42155520618,-20494170.853477433
35857.8388002906,-18191977.32948193,-42180.70948295295,-18198300.200164594
-254804.09663972072,-2970093.895151019,-146470.2893531397,-3371368.2811438795
-121798.66279841587,-3602401.0248571336,-234419.36436966062,-3958619.05202521
-46721.42611226253,1714132.1518326998,-19140.225754275918,1648270.4999661613
388201.8781732414,-10615847.333668828,-51814.787172451615,-10279460.242668038
249355.99966289476,-15821463.015839398,458682.32718136907,-15113424.688995134
-126909.65442464314,-8090941.9831088185,213724.7115348056,-8004126.925998656
128969.43213602528,-22898043.827534914,374378.0380715877,-22394696.3573273
124951.94012393989,-5287421.986079037,140225.28305493295,-5022244.762900164
-283367.8742910959,-2588107.1913905144,-10283.144329711795,-2881758.210011322
411117.2588282488,11091725.16197458,345998.8222753182,11848841.243078146
-355205.90792480484,-7292756.862777472,137780.66229853034,-7510182.108403746
184338.29454964027,-25542496.57307294,95905.92486953735,-25262252.353653762
97395.263133239,-8591940.276731372,141234.36319644004,-8353310.650401693
-220694.0636039786,-24668535.872755826,104877.68382494897,-24784352.252534855
5579.6364638935775,-2143457.1857010126,-270428.7678019777,-2408306.3170390967
155674.63848266937,6596408.63968724,158606.39431904256,6910689.672488952
129278.40373644978,-2472759.008809805,278526.10884551704,-2064954.496227838
39968.085610104725,-14022401.927320749,-72928.72090709955,-14055362.562617743
-386765.3212770112,-17401306.632477343,-304891.09524704516,-18092963.0490014
188706.19845574908,10032900.204652369,267422.824001275,10489029.227109393
339195.27633713,8499900.361835122,-95453.89834451675,8743641.739827735
28922.449570827186,14563102.231572688,326140.23428471386,14918164.915428229
94521.8847913742,-8068345.608490229,-137204.18612941355,-8111027.909828268
26395.206754034385,-10046133.047296405,321190.68637051433,-9698547.154171856
21887.77450638637,337270.7196806669,-159891.51582717896,199266.97835987434
-101487.02263578773,14598344.166740239,-377474.47467158735,14119382.669432864
-277314.73942003027,3929006.037135124,79038.79903063178,3730730.0967457257
95610.08274460211,1141900.352691114,-335534.21573609114,901976.2196996249
43685.14004051313,13822867.76266402,-135260.5661324337,13731292.3365721
104708.94086184353,7167800.911231458,-111510.23603121936,7160999.616062082
-27268.32991172746,-2175693.904577136,-242016.79671394825,-2444979.0312028117
347893.98217734136,237335.66482704878,353623.6362691298,938853.28327352
284108.00081445277,-3181105.5945370197,-282859.6971521005,-3179857.2908746675
-328289.248817835,5149408.628850043,-81374.52870839834,4739744.8513238095
-127293.14044623077,-6036467.942983925,-157248.2837639302,-6321009.367194086
-149038.3454913497,17756852.49929595,-142539.48287247866,17465274.67093212
137701.0689399764,25517918.74931264,46060.39966443181,25701680.217917047
-274982.67300179787,12556809.78685224,-933.1687813028693,12280893.94506914
-137301.56867197342,5808932.4029999375,-167023.90481117368,5504606.92951679
-112917.21714380383,18801889.769785345,-127853.7659874633,18561118.786654077
187471.10049576685,-5264030.765114486,33409.43245114386,-5043150.2321675755
-5438.994671555236,-4885619.5213980675,-478431.12299241126,-5369489.639062034
-72999.66645688936,58505.21926343441,-266957.9941607043,-281452.44135415927
205830.4122832585,23365767.061035782,98752.86937953532,23670350.342698574
-306285.1727960035,-8376899.385473728,-417478.05291778594,-9100662.611187518
-16159.947006639093,-17583191.212333083,-95209.20419470966,-17694560.363534432
-151615.29316412657,26648413.51660168,-13655.436282925308,26483142.78715463
569760.6749411952,-17739047.251003206,478690.63059289753,-16690595.945469111
113018.0108887367,-14533404.322634876,473238.8580240384,-13947147.4537221
228624.73732927255,21549208.363984585,-210945.10400810838,21566887.99730575
79368.1350711286,-6883296.17474997,72790.68632208556,-6731137.353356756
42473.841360846534,20490086.583708227,553756.8604126126,21086317.285481684
93800.8883691132,10215476.748562098,80114.35863900185,10389391.995570213
68646.4935740456,8611607.907592356,-158134.44562229514,8522119.955544107
-347039.11822368205,-1767481.6185519397,302352.1538157016,-1812168.5829599202
-150395.81985579617,5432897.126812935,-368034.09803049266,4914467.208926646
126708.1078210175,-11677973.018995613,80368.43507660925,-11470896.476097986
150664.82911919057,-17891259.539316714,-123491.55979804695,-17864086.26999557
-575835.1817339808,-1171388.000137806,-428587.52776515484,-2175810.7096369416
270245.47606937774,-4035861.1201986074,66384.39538827538,-3699231.2487409543
259100.76928544976,15961769.163441777,-86640.9003514126,16134229.032375814
-86758.83205019496,-11277247.908661306,-7791.275553740561,-11371798.016265241
-214941.71783562005,-25430115.16352862,-414286.6390445456,-26059343.520408787
-193704.11999874003,-9977790.224278986,240492.34562347084,-9931001.998654256
-253623.35844804905,-13757060.156232715,-244238.00668813288,-14254921.521368897
-47138.091353826225,2978767.1063526273,396068.4419449121,3327697.456943713
88227.65086136945,-8168128.46546185,-197482.41808365285,-8277383.232684134
-106.93630741350353,1896287.771466583,-73983.98974744976,1822196.8454117198
373934.9037761763,1796422.2863641083,321596.0350065157,2491953.2251468003
-75952.77941933833,11490605.680690616,331738.6444950998,11746391.545766378
111183.05763394944,28111365.216866165,-472609.3137118742,27749938.960788243
270554.0039808862,12642334.019784033,-72623.56316754222,12840264.460597377
433653.6086482648,6338713.448817313,291530.18228732795,7063897.239752905
-235831.47787478194,-6675509.5241013765,275670.06100242585,-6635670.940973733
-99710.2516627945,12717454.554668486,275252.56702245027,12892996.870028142
-9156.232271544635,-12844893.655135423,-227000.9583223313,-13081050.845729299
-15692.397257333621,-10576542.981405407,-103931.9107330069,-10696167.289395748
122070.5893332474,-20635741.864337564,-164451.0525823906,-20678122.327586707
283524.7341390252,-11059908.962454975,377929.8022518754,-10398454.426064074
-13479.102251838893,17586977.68565178,-127742.33921635896,17445756.24418358
40015.17882418074,-7309345.418947399,247711.93243253976,-7021618.307690678
306361.4747610837,-4065448.760699868,-272258.8260611445,-4031346.111999929
96768.44904565811,-2055693.6927895248,-145396.1526632607,-2104321.3964071274
95619.92533235252,-12941406.681118488,-258155.3445970565,-13103942.100383192
-213373.61102490127,9294610.805431485,27627.81948952377,9108865.013896108
256448.41196825542,-11767974.52247253,207494.20932932198,-11304031.901174953
43015.199301633984,18660107.910248816,-112680.8429325372,18590442.266617913
60995.86569272354,-7910524.3928620815,102650.47889913619,-7746878.048270222
-66945.22059655935,-6914814.974812478,104801.71182800084,-6876958.483581036
393589.2045259159,7107321.162555933,109742.73504737765,7610653.102129227
-389380.2307165023,5240547.792883933,-487141.19416832924,4364026.367999101
217312.06792548485,16040766.018288702,-182184.11645439267,16075893.969759794
-90256.59449910372,-19218896.902733743,-99606.74262668192,-19408760.23985953
114051.5140481051,-11163708.324903935,-282488.48575142026,-11332145.29660725
40981.83284288272,13125665.63967532,-48145.27382695675,13118502.198691245
-245085.46726668254,-13310641.268912435,106141.76104599237,-13449584.975133125
85479.73893871903,-7911261.274794996,-129689.54693855345,-7955471.08279483
-89338.9268874228,777651.4604275227,-149064.56211534142,539247.9714247584
-45545.78130432218,-11593753.46852392,158969.65332993865,-11480329.596498303
-80490.34375082888,2168583.40621233,262513.1962566674,2350606.2587181684
-34417.82657414861,457718.2649611831,-30630.833909735084,392669.6044772994
216672.16809647344,-949442.0444075167,347372.1701758951,-385397.7061351482
-79197.24967125617,-3802236.1083531976,315078.0803131759,-3566355.277711278
-120597.47059530951,18321285.853402674,-24079.602388881147,18176608.780418485
-70754.59209774993,11465221.37572527,491211.1615244895,11885677.945152009
-98323.54432472773,11655720.667504817,-113296.13852661103,11444100.984653478
-170440.0765824262,28155310.44850433,-704417.8710518256,27280452.50087008
-250049.88653953373,2353044.7597298026,-381195.43798978627,1721799.4352004826
-8874.118250025436,-26446084.10870537,49066.480591483414,-26405891.746363916
-75118.58676895685,10091133.163149,109840.70375782996,10125855.280137872
71982.64762741141,2213241.83591637,339862.73293186724,2625087.216475649
-20572.53039542772,-4072983.6365024745,32770.02694115043,-4060786.139956752
-97997.38573973998,8684605.112392813,104558.76360077411,8691166.490253847
-200660.73700863123,8688181.257929564,-147312.19507978112,8340208.325841151
-141486.3078072723,13247995.90788114,-188121.98808977753,12918387.61198409
-93731.23022889532,-1027258.1883614063,-103233.10100503266,-1224222.5195953343
168589.42381544784,906152.4205746055,-208377.95629084855,866363.8880992047
-310264.79724677093,-9850799.671855658,-222276.94566967338,-10383341.414772103
-144688.96210456453,-2914816.2696607113,4649.642453461885,-3054855.589311814
-51883.71414544061,2513055.9982687533,135411.4556650445,2596583.739788357
-35399.86717597395,5363739.798486859,-390680.6819421053,4937659.249368779
13084.5777209308,791982.7892376482,-23635.917844235897,781431.4491143432
153079.74896962382,6086786.025933266,-433847.496906355,5806018.2779965345
-204523.20279733837,-14417324.795256585,-3842.927212357521,-14625690.92526628
234265.4956650827,-1707478.499208212,-139845.0964783579,-1613058.100021487
39907.808847552165,-15125870.445854366,128466.07086792588,-14957496.566138888
248753.39906745404,-14318901.976380944,-173244.64578851312,-14243393.223102003
-240843.2369705923,6031091.670613527,-295291.9976658374,5494956.435977098
-348174.130637452,1948627.0744392872,-767646.0127934813,832806.9310083538
190662.89936247095,-6129725.135967076,-177877.1562000811,-6116939.392804686
-80251.8482038565,3836576.1899820566,-99073.81891471148,3657250.5228634886
-410661.50575561076,-4583174.317144483,256431.58271945268,-4737404.240180641
3933.200394133106,-6879424.194415987,-248341.69371774793,-7123832.687739601
8114.260184183717,-3844346.2481046617,129320.3961418122,-3706911.591778666
-106201.61275646463,15754275.09211883,-305384.17345419526,15342689.30590817
-94423.65338065475,-11571734.282978773,312206.975903973,-11353950.960455455
276420.00698663294,-2714755.8951143026,563299.527768366,-1875036.3603593037
214334.30870360136,21387124.50259301,-127194.7546569407,21474264.05663967
110329.7654130999,-23573172.531980008,-186087.70619760454,-23648930.472764514
-172816.3403027542,6551887.50076741,-475294.5810355246,5903776.579429131
68347.13176426664,-3867328.0913485885,-589951.923527889,-4388932.883112211
175694.51779978536,3392201.5391047597,-118920.67010721564,3448975.3867973294
205880.71949852817,1056428.0797667503,-258766.9211732298,1003541.8780920487
-165015.80739896186,-7982164.7170702815,-208950.65513649583,-8356131.179605739
-180852.27675429173,1601317.2745049894,8681.651413969696,1429146.6491646674
-13907.455581029877,13346852.029922634,337959.6852432862,13670904.25958489
-66895.11725302972,4052144.221582532,90940.99864563346,4076190.1029751357
540200.5850585233,8399115.848903954,178824.27002987266,9118140.70399235
194397.6353664305,-14684033.174976647,903569.284496665,-13586066.255113551
-147659.1784192901,13831774.15236801,65696.97764982283,13749811.951598542
-335519.76393363625,2004770.2212130725,-46530.95092057437,1622719.506358862
38809.4185692966,9748437.073352784,-76167.22842849791,9711079.263493583
65730.08143342659,7510914.101788044,230978.88916696608,7807623.072388437
211084.50452996232,-8363406.567735702,156004.81331577897,-7996317.2498899605
25299.864466913044,5505071.043283224,-275941.91556108743,5254428.99218905
-75280.23813484609,20835353.076124072,-26419.707763001323,20733653.130226225
-487968.4604144376,-5135316.4003254175,-194222.16293456405,-5817507.023674419
10445.014119140804,13126083.603497267,-257913.75392518938,12878614.863691218
136940.01411607675,-19719212.84781295,846753.9492650479,-18735518.884431824
87035.45239604451,-11905480.626296401,595231.5047915429,-11223213.669108814
-45138.09905143082,-9756340.394735843,-506519.1044178307,-10307997.598205104
153029.37782065757,-3796049.4609820545,21659.535447210073,-3621360.547714187
130076.86404108815,6974870.1501968205,734372.5479274988,7839319.562165407
555376.7189873382,10489800.039842248,181166.06714123487,11226342.825970821
-63068.500530295074,20177436.906712532,-22557.41778882593,20091810.98839341
145154.09053700045,12099500.557526708,-504871.93715913594,11739782.710904572
-73437.16969389655,-7841990.167873919,-156785.50101164728,-8072212.838579463
-276917.22073284537,-1516866.4928390086,121807.03770700097,-1671976.675864853
-317652.35513862036,-8392358.623298228,-55399.25301822275,-8765410.23145507
90224.55544608459,-8844458.977877438,19801.4059728384,-8734433.016458515
110200.92119817995,2610700.0122566223,390387.21937429905,3111288.1528291013
41044.773920841515,-5726746.713629693,-294064.1396849528,-5979766.079393804
-51708.33769554272,14236382.019421816,-142862.06640341878,14041811.615322854
109726.71091661789,6009057.376236856,-41272.072389900684,6077512.014763573
64384.30398913659,-9356137.63055712,-89383.7773207426,-9381137.103888726
-55688.774107173085,8696026.442965776,16381.10492014885,8656718.773778751
311701.1969868485,20902011.8283633,385879.46364834905,21599592.488998495
-12708.464479465038,-2238735.3656434417,-401652.4354787916,-2653096.2656016983
116243.52448405325,10408829.30664885,225964.74600361288,10751037.577136517
-216386.7925687302,2309402.602645576,415449.08792950213,2508464.898006348
-278382.4450550694,-7611995.496792138,-604006.5291308016,-8494384.470978009
-348484.12265745737,-2620228.102799952,69788.602328673,-2898923.6231287364
150846.7122824099,9922169.741352737,399875.3768646419,10472891.830499789
-95013.77905680798,10890321.522795767,-595886.9933790416,10199420.750359917
-54372.56610460207,-3499455.3266985416,-203546.1869738996,-3757374.0797770433
-188929.73635192588,21464671.203902423,-122811.09326004237,21152930.374290455
83784.79742413945,19283873.321325064,-110560.32926426083,19257097.78948494
-81192.00147272088,-4609559.451143563,-320327.14048113674,-5011078.59309742
138319.3547804281,-8363163.661619186,147835.11335959285,-8077009.193479165
17025.088953789324,-6951999.808924377,-324551.14942497015,-7259525.869395558
-163162.68202780746,7248761.628360152,39966.83635900915,7125565.782691354
181062.75090005435,10138710.409889817,-191505.8894137442,10128267.271376127
92505.18648231216,886780.8108629286,264787.42594408244,1244073.4232893232
-134806.44358429685,-12104058.448897362,-344355.56491328776,-12583220.457394946
228365.81330669113,-10149013.774945378,-507969.324718602,-10428617.28635729
-70872.42895261571,451691.2454780936,6630.4494870603085,387449.2660125382
-217336.48503090255,-866981.4125957191,-389530.3670994416,-1473848.2647260632
-12095.366164915264,-1423407.15416646,-65133.26505724341,-1500635.7853886187
-129822.95206371322,-14077205.01086551,-225116.44663466513,-14432144.409563888
-339648.8984941244,24343223.867108375,-494204.6796609163,23509370.288953334
-169205.56061566062,-20150631.351962328,-256343.86265969276,-20576180.77523768
69579.42967163026,7500442.393505216,247261.383346349,7817283.206523195
-377728.54773921147,-13258175.750323355,-352808.2073479742,-13988712.50541054
-369268.79278091714,-16054154.111759722,14272.220700010657,-16409150.683840629
-202857.80963137187,-23032544.794535786,105849.84460229427,-23129552.75956486
23023.87943332456,-2988440.4790786505,54597.57589352876,-2910819.023751797
210500.29988738708,26999983.907504737,-294062.6364618391,26916421.570930287
252415.56571817957,288476.0573514104,160003.79181865603,700895.414888246
-19971.08138459362,-419037.1938484609,48894.51777418703,-390113.7574588675
45726.089384710416,4777424.773526907,-509073.787688531,4314077.075223086
-257145.426937975,11634951.22382778,-39815.46865257621,11337990.328237228
-59070.206753697246,-13489687.83454889,-33569.03116610646,-13582327.072468694
391009.03208479285,-9224648.297880292,-91782.96315333992,-8925422.228948839
21898.262952003628,8610925.955587894,-18889.157746210694,8613935.060793687
-118088.94414762594,-17515574.55746001,-31072.232989400625,-17664735.734597035
158137.93289989606,10017685.982133597,438071.1815852821,10613895.096618775
31706.211438255385,-10401810.607891142,-240091.84052745998,-10610196.236980347
-252851.4295811858,14262876.3934308,-198541.31533497572,13811483.648514638
-114536.733236406,1244117.9818316102,-505717.7479162738,623863.5006789304
-107239.41059441678,23918044.715001047,25997.605066917837,23836802.909473546
-446739.644768415,-12906510.515132457,-123557.35311830044,-13476807.513019172
613044.6645990722,-4282319.560575128,312123.9149157852,-3357150.98106027
-98536.97525855899,13025107.474717975,27407.434821866453,12953977.934281282
86756.30103478953,-7551650.330515355,-50417.582347646356,-7515311.611828212
139959.40352051333,1953070.5910056233,162749.65376270562,2255779.6482888423
-172858.32870796137,-1105458.937123835,-169885.90533637255,-1448203.171168169
303171.8631229885,-679492.2708325982,378162.6449931562,1842.2372835464776
-247266.56149272807,-7160262.461720049,-493111.72594071925,-7900640.749153497
246504.13695597835,-3198359.54377985,555793.207347706,-2396062.1994761657
118307.90022609755,-523502.452360034,-296227.34528367966,-701421.8974176161
-364106.0477911681,-3657748.1110842824,-480726.8891994655,-4502581.048074916
-426059.65157032385,-17534591.203354776,-92357.29346429557,-18053008.148389395
268901.1766584758,5628640.986777931,2444.4124397039413,5899986.575876111
-1609.8517716210335,7917961.916293681,-211019.82953440398,7705332.234987656
101507.7183107119,-16971790.9746702,544315.9244078845,-16325967.331951603
144309.46705860645,15002240.714337707,354426.0588853285,15500976.240281641
311606.99350589514,-26989008.641196728,-99805.1898567453,-26777206.837547578
-120901.10510109924,-10937219.287919939,-320323.6136544198,-11378444.006675458
-32600.10164689645,23835437.283765137,-368619.25100438297,23434217.931113858
-34343.39367280714,-9714184.014468849,-174199.38326056302,-9922726.791402219
-152097.30731508695,-14449445.129726976,-307839.3161896169,-14909381.75323168
-24614.47795552388,-7228123.57017976,-201845.7582782507,-7454583.806413535
78418.35768960416,-11818064.038480401,98665.96409100294,-11640979.716699794
-323293.2931708433,12965008.421380758,131966.94859924912,12773682.076809164
191989.64130922034,-4202778.435470343,488676.8405609131,-3522111.953600209
105745.85317876376,-9658286.956672907,886301.208308965,-8666239.895185178
-104741.4203887172,14867654.140369058,-454531.19484330714,14308381.525137033
-165340.68914469145,-542547.3139452934,8124.412160679698,-699763.5909293052
-220868.35968005843,-9859131.985139936,-205462.43002339453,-10285462.77484339
-160920.0458612237,15115416.456199288,-659575.8945418447,14294920.51579622
272317.32911208086,24822648.89402646,-70677.6973734945,25024288.525765046
-148467.89444552176,-6854075.146351159,312567.77729435265,-6689975.263502328
45138.11540008709,27379692.40377471,-12581.633051991463,27412248.886122804
-200834.22587754764,14380356.290445149,-553012.6107791513,13626509.45378845
71441.81985243224,1854720.8601272106,-296705.8240862563,1629456.8558933865
-17308.07578360103,-478883.53150349855,79079.55516982824,-417112.05211727135
-197629.31293109804,-10320930.251103073,-150874.70530164987,-10669434.269335821
269058.0203598086,-7151139.9596017,-16273.354526497424,-6898355.293768389
-201387.0319848489,16708773.832781076,-164966.36557623744,16342420.43521999
438184.140870478,-10334447.01636517,216075.6449065134,-9680187.23058818
-195005.42110880837,-18321830.914718032,218491.79901346564,-18298344.536813375
-24442.748523127288,7580464.625671029,261579.19185239077,7817601.069000293
487913.20657391474,23004059.315447032,43860.517852425575,23535833.039873373
-392557.2641358059,-6512128.556986332,68724.6608671248,-6835961.160255013
-202639.90305055864,-2046485.721911788,-56296.35002189875,-2305421.9749842454
427353.55107390694,5802158.253920883,328336.3921400532,6557848.197134843
219367.4484893158,-12308173.51190281,-290586.11973907053,-12379392.183152564
-13459.917389260605,-555971.136610955,-137468.0898616761,-706899.1438618917
102489.8069815673,15171565.978291035,40491.96493714303,15314547.750209745
-20090.232001706958,-18209863.483911693,340549.7364008948,-17889403.979512505
8344.57774764672,-3445810.9839046,175746.0341169387,-3261720.3720400147
-161621.09232666902,12722711.644858003,-311351.9336306304,12249738.618900703
-132897.02931303345,11011314.684405774,-160532.9292833507,10717884.72580939
-99707.09192959033,26013868.885049343,-179321.66142388433,25734840.131695867
352111.34865398146,18375255.600531697,651237.8544724882,19378604.803658165
-427539.80331389233,-6639692.892053485,-397930.36103515327,-7465163.0564025305
-54661.94674867764,-4357315.936323285,218864.2757177353,-4193113.6073542275
-72013.1585968826,9386518.16062352,468162.3012251854,9782667.303251823
-171115.57953520678,-1033948.4025268555,128697.52605935931,-1076366.456002703
145306.94177095592,12859033.961223274,-680569.2174382359,12323771.685555995
-156305.9677357953,2394832.4609585404,-482205.5193831697,1756320.9738395754
325873.81309492886,-16269499.144431531,96368.69308219105,-15847256.638254412
-86063.1242332235,5467999.05191192,-235893.3393125534,5146042.588366143
-162176.1892251596,-2080666.958893299,-233533.9233784452,-2476377.071496904
-111489.40017001703,20897329.706282616,-38961.881259292364,20746878.424853306
272657.61489824206,907950.1053271592,139329.85795661807,1319937.5781820193
132483.47543377802,-3148266.058435023,131334.36533082277,-2884448.217670422
-282599.53289276175,-5204868.497371852,-59959.72484716773,-5547427.755111782
-228906.1602159012,7446869.098185062,-21104.62728908658,7196858.310680075
322959.03879117034,-3320134.177731931,-254244.6038966924,-3251419.7428374533
136818.27872190438,3210143.337682992,61564.71860332042,3408526.335008217
-225242.55639204197,686392.5057940781,-308282.221289292,152867.72811274417
-15197.455489983782,-7351337.487673283,279150.18801657856,-7087384.755146688
-308857.8513214942,13113038.850841463,-341794.4555982575,12462386.54392171
252877.31673937105,-20363333.85290432,321676.6441595331,-19788779.892005414
122531.203620499,5547869.391852975,458476.9828063622,6128877.578279836
-1010.0065029989928,7180388.101062089,-96571.97120597959,7082806.123353111
-20152.90657685697,18973837.208523095,-141193.738494426,18812490.56345181
331931.84457055293,4890676.618037283,-267360.42702627927,4955248.035581557
-196332.95258503407,-16293914.049417526,-33109.59354071319,-16523356.595543273
464495.91590256616,23029481.806945145,212288.25129415095,23706265.974141862
-151042.50297791325,-8893522.816659749,-357470.0913973525,-9402035.411035014
-340682.97843595967,-8293828.040502191,151352.7298535183,-8483158.289084632
96037.69203720056,5009896.511285305,-214630.86473902315,4891303.338583482
137908.8602738604,2526509.6050697565,-169157.12692958862,2495261.3384140283
-302550.93484828435,-3046628.5119591057,-218417.34252465516,-3567596.7893320452
-133827.24703908712,-8128920.500494897,-216785.09342233837,-8479532.840956323
-282437.2064729929,-4925687.217657775,-325080.8813342005,-5533205.305464968
-170069.19771850854,-22714969.601022065,34292.43083589524,-22850746.367904678
12998.14537188597,16284614.483590841,-231461.80735996366,16066150.821602764
120819.01612840407,-17853352.614682496,595660.9112165719,-17136872.687337518
114733.5876695048,-7346560.641260564,227172.45268572867,-7004654.600905331
-171507.579502102,-10939987.012992144,-38848.41480373591,-11150343.007297982
-162552.56713596173,14483906.818311244,66170.98597698659,14387525.23715227
143276.66037513874,-388548.17630019784,-475478.20691005886,-720749.722835118
226856.4646533616,6816085.803523302,49894.21080061793,7092836.478977282
247367.47821764275,-2281283.8556464314,-147275.5883655101,-2181191.965794299
37408.90650914237,-14227432.436118454,180420.0875044614,-14009603.44210485
92571.54127683677,-6437133.414465964,-105315.52488549799,-6449877.398074625
174198.32731742598,-14827320.109595954,-86264.07831698656,-14739385.860595515
-93805.50777207501,-16972152.086387694,-295122.9172410667,-17361080.511400834
18769.848697429523,-5274953.999247879,194798.20857307315,-5061385.941977376
-108879.90653712675,23036723.567983866,203277.41649585962,23131121.0779426
-195662.62395182066,11560807.761478066,17335.332318395376,11382480.469844641
-218688.4389747046,-562868.5963782668,-126800.49540042877,-908357.5307534002
245239.98129945248,-6793676.707451105,-227052.77717779577,-6775489.503329448
207382.9893829096,-10645883.984545946,-88147.25263213366,-10526648.24779517
-241404.83423152938,1900427.5660505295,385692.58519839495,2044715.317017395
116923.42141228355,28299652.52760589,171338.2090092376,28587914.15802741
-269480.0834075641,3849428.0872760415,-299811.4009748474,3280136.60289363
-121571.69764238223,-11706391.611613065,17192.343426391482,-11810770.965829056
71189.39084475301,5916367.758631349,-238721.33238592744,5748835.817090174
-36723.205874077976,27801131.632391214,95587.8813354671,27859996.307852603
18200.93862976134,-16308019.341041386,5916.227769769728,-16283902.174641855
-81388.40898277052,9282829.127414644,377717.74833098054,9579158.466762854
-41262.30632031895,18359962.390454143,-376354.8918229565,17942345.19231087
-267416.65055060573,-6210548.924776912,-224075.01793637872,-6702040.593263896
-251801.3569567725,-1249885.502177596,-159913.28032922745,-1661600.139463596
-200034.14764720015,7599748.035776049,-100171.36111969501,7299542.527009154
140284.14048114605,-20573239.466442823,346462.21966670454,-20086493.106294975
-335598.3463170212,-8758415.054693788,12226.579389207065,-9081786.821621602
24248.109879305586,-12726676.853772342,-183206.62616550922,-12885635.370058546
-132534.02919378504,-7473196.29623878,-21249.682545140386,-7626980.007977705
257962.2583726477,-10664888.53518778,-40525.486697264016,-10447451.763512397
-232022.23119889013,2846105.3597011566,-89934.8547437042,2524148.2737585623
271413.35588396527,-7579292.254841983,231799.86406074464,-7076079.034897273
-335110.53335223533,17061389.74259749,-241393.0349727422,16484886.174272513
535255.8487286512,-18992612.118976235,268083.3840793073,-18189272.88616828
410747.80919077806,8111581.922911763,-232032.0577915311,8290297.67431101
-530405.7246881817,1210332.966105193,-833816.7970613763,-153889.55564436503
-288936.3152436614,22678305.202305704,-490456.16005304456,21898912.727009
253314.6200694088,804374.2382951081,-41989.41951337457,1015699.4388511423
14950.847824264318,9431687.366577566,394463.623939462,9841101.838341292
187824.75166517496,6825774.4425497055,331768.0605406016,7345367.254755482
-138478.58260518685,-2697144.9403626323,-610554.7075575665,-3446178.2305253856
355148.21555534564,1615464.6158723235,-93476.84689125419,1877135.984536415
308842.0667648092,2379461.1102550924,668266.2293873802,3356569.4064072818
-196224.41374101862,-16026407.987707376,-332640.27279181033,-16555272.674240205
422177.42806102894,8527114.993718147,393007.6903510541,9342300.11213023
-330465.43193900585,19167001.270239174,-558057.3447585329,18278478.493541636
-76707.24119945429,-6384569.748251319,-157882.0559046641,-6619159.045355437
-66714.30400070734,-5676586.053511858,-85742.73253660649,-5829043.090049172
-151274.18279616348,-8793639.826715082,-190768.15587717295,-9135682.165388418
341947.2706641145,4003544.445447892,279334.50701214373,4624826.22312415
217487.04467904568,-6029739.657940388,-37570.09842623025,-5849822.711687572
-265088.90036931634,3167274.962852359,457129.37176576257,3359315.434248805
265063.9255908467,-14517625.953861713,-288797.7165846005,-14541359.744855467
34227.53394526802,-15857190.877142072,298822.04775405675,-15524141.295442747
108305.75701521896,11798251.432851017,-317027.40044154227,11589529.789424693
-198221.66641687043,-3537149.708829224,-329242.073573716,-4064613.4488198105
281041.1091880016,12397296.472518146,-280977.9399662018,12397359.641739946
228299.8413787987,4888516.436131835,-28221.519001848996,5088594.758508785
-151511.27153763548,-10868315.969063401,-197203.1248953566,-11217030.365496393
310607.5781350117,11315470.321358562,518492.5154155344,12144570.414909108
185554.22379544005,-19783870.190339446,-69512.6022228077,-19667828.568766814
-158781.9417936504,8894850.43584764,-226199.54118274152,8509868.952871248
90546.53167171963,19237158.318318486,62214.51355011761,19389919.36354032
169611.46872739494,5623856.944154024,81638.36408165097,5875106.77696307
136083.36156791076,7608858.166153997,-286222.57303579897,7458718.954686109
151336.77654899843,11562330.0184263,251077.09150149673,11964743.886476794
135754.51425155252,988136.1629011333,-191341.511776492,932549.1653761938
-195392.13937317953,2151372.0186302066,16544.452432230115,1972524.3316892572
69009.93373879418,-1820041.4561723173,117257.32990350574,-1633774.1925300173
31920.573827104643,5068169.670038015,77229.23328642547,5177319.477151545
201755.15956175327,-2107084.027249217,357934.30327587575,-1547394.564411588
-332082.6017176807,4724227.578165472,-761673.0433373079,3630471.933110483
-252214.44162623212,-13563441.422188401,119682.92746861279,-13695972.93634602
606.9906463492662,13614752.458794624,258269.1608401239,13873628.610281097
-64418.897102784365,-3841785.1123411655,-79972.92521264404,-3986176.934656594
133282.14650626853,10991815.801709652,-237933.29713850468,10887164.651077416
333602.466462519,-2526068.5543632507,517865.78832057863,-1674600.299580153
130738.34929128736,-10937859.56313324,-344646.486303471,-11151767.700145423
-411990.4003097452,392886.73654943705,-114718.56916634738,-133822.23292665556
-431607.17842282355,22256804.325448215,44438.89071235061,21869636.037737742
-31029.986333936453,27415788.260696173,77963.20002691448,27462721.47438915
588506.2494526822,1236726.3896774054,219892.0811174959,2045124.7202475835
199940.3276012875,-6913745.256884456,408514.1260349378,-6305290.80324823
175004.944124043,7581873.085665703,-44244.73376118392,7712633.296028562
-285339.77672037855,-5578389.553718358,-153609.02921969444,-6017338.359658431
-118497.40579553135,13910677.510852128,-400042.0743193552,13392138.030737242
302549.9584469944,6068655.888932109,614989.9067981467,6986195.75417725
-178378.3047169447,7571425.593031675,-228592.02756235003,7164455.26075238
113433.74745904654,171878.7472896576,130120.56049150974,415433.0552402139
-81264.09105703048,-12643238.13209325,34424.79890201986,-12690077.424248261
41794.76086196117,3002390.398667276,307498.3267387748,3351683.486268012
137264.1666534692,6006318.131236285,256526.60578337312,6400108.903673127
-19548.67154839821,3114749.6127734184,-239252.57665988803,2855948.364565132
-154606.11066908762,23689156.183012843,-276477.82375397533,23258072.24858978
-179514.19642504677,-3389986.246515155,621981.1128258258,-2947519.330114376
-86819.49420166947,-17580014.839588374,124369.41028475016,-17542464.92350529
195492.76197124273,1511454.3512604237,-208698.27362591773,1498248.8396057487
-72644.37794131227,-15768136.162504435,209798.27357287705,-15630982.26687287
-230099.9135453906,290361.2046633363,-72523.72321855277,-12262.432100607082
-149044.84856934473,-14677092.622054547,130479.78089749068,-14695657.689726401
-35117.21365983784,1277077.5646529198,-247038.312725313,994922.0382677689
216931.30138863437,8368391.0315182805,483751.4831401333,9069073.816047048
-167025.09026756324,-14470730.92688331,-139028.43324279785,-14776784.450393671
-182705.34378643148,-11292689.676439166,-439321.05374295264,-11914716.07396855
129561.00472804345,8287356.482952625,455966.17459855974,8872883.662279228
-109443.00797495991,-16986848.006613463,-43838.27647833526,-17140129.29106676
-20640.40104369633,-21082979.876517117,-42047.385144382715,-21145667.662705198
-303652.68376433104,2866586.8688983023,-478759.5553418398,2084174.6297921315
-77733.33985935338,-5931001.116961241,-188749.30795231462,-6197483.764772909
-231384.9200045038,2578429.000235796,-112366.31259983778,2234677.7676314544
31596.86998942122,-5507796.143605709,242113.77137506008,-5234085.502241228
78883.66807081923,-6592150.072458893,-70408.09373634309,-6583674.498124417
290683.7579423655,7383426.221969336,117652.15088458359,7791762.130796285
309246.03450169973,-9374629.626861483,11765.2685976699,-9053618.323762113
-4979.8897795993835,1580295.789797902,-42109.54760694504,1533206.3524113577
-157108.47073606588,-12835881.105332643,-39462.52412618697,-13032452.100194896
18702.929722348228,-11952433.778164119,-43150.02234310657,-11976880.870784877
115769.58835878782,10025233.817250311,415104.60293043405,10556108.008539533
-215481.00491447933,-2640168.413637042,-91829.64709828049,-2947479.065649802
-313867.0990394745,14880231.95022899,-30460.217173665762,14535904.634015849
-33229.46777206659,-1833984.4249319434,-281761.7400948107,-2148975.6327988207
-338243.6028774101,15238881.589467555,-450135.875893116,14450502.11069703
-81275.54638092406,12737178.406217486,-128978.33320695162,12526924.52662961
210313.12912736274,-1893881.6775771976,-51028.09258669615,-1734596.641036531
-436484.64222966135,6793596.607722908,-555336.7727753893,5801775.192717858
673132.5087612532,-14253716.049707353,110226.73908002675,-13470356.801866073
336332.29844185524,-8482634.92466408,370196.67708174884,-7776105.949140476
26939.56207936257,4314004.448687524,217647.06222504377,4558591.07299193
-246162.95444468968,-13308059.430027783,-241962.07839793712,-13796184.46287041
267576.8284469042,-3831903.8558311462,-231391.20798946917,-3795718.235373711
373272.4989216067,-8989761.259271502,344295.13209634274,-8272193.628253553
-101971.38365346938,-2974161.1201746464,136384.41788426042,-2939748.0859438553
-356372.5094141755,6419697.069734603,61132.75756610185,6124457.3178865295
108867.8834730871,277114.61627709866,138818.13867319375,524800.6384233795
-209480.06751405634,305408.2567226887,330135.8456147164,426064.03482334875
-65865.67636975832,965068.7562233508,116005.31355231255,1015208.393405905
-110893.70619148389,-25363599.399873048,-108839.27092655748,-25583332.37699109
32138.996181365103,14232811.663206398,138156.63524229825,14403107.294630062
91318.56302991137,26000225.984076858,-513617.9087279439,25577926.638378825
-135602.7430176437,-7991558.613244146,-259834.0243530497,-8386995.3806148395
183777.5766262766,16682825.454680324,-160237.39205955714,16706365.639247045
-130959.8352625519,5308312.426819384,315070.2988993004,5492422.890456133
-261983.7829981353,-642895.1211550236,-345825.2148779854,-1250704.1190311443
223594.6111245621,-19654058.831490576,146234.70062625408,-19284229.519739762
197000.1595961433,19522539.97116524,30820.689909778535,19750360.820671163
-339194.5708500352,-15379768.902796626,-315264.3114837259,-16034227.785130387
59972.71430333704,3879975.398193717,16535.925924181938,3956484.038421236
-156438.77413311787,15794269.652274668,-387728.70912187546,15250102.169019675
311553.44452610984,5444166.103682995,227525.43760980666,5983244.985818911
148227.25144523568,-17861593.54326254,532184.0410563871,-17181182.25076092
71047.06350264326,-9201631.833625197,140513.66375819594,-8990071.106364358
44056.60580636561,3662261.3667786717,203180.40492803603,3909498.3775130734
320164.2742315177,-14753213.568554878,651862.2740197927,-13781187.020303568
196244.65285795555,8313637.198556602,-185415.49435466528,8324466.357059892
60997.171634584665,-4382229.592093766,-52804.17559599131,-4374036.596055172
-41429.13957261108,-8057297.627816528,118074.81154558063,-7980651.955843559
293645.5929104332,9172688.472509384,601308.9317411408,10067642.997160958
-243035.38184448332,-2647775.51085943,-94200.21049794555,-2985011.1032018587
106866.52114547044,22316282.506847024,398783.2881241888,22821932.316116683
360242.97064810246,5727313.511811256,318398.5496910289,6405955.032150388
316593.157972632,-2767843.6721680164,529687.8169883564,-1921562.697207028
378909.81075535715,-736797.7516300976,185248.32134377956,-172639.61953096092
-113604.65066828206,-4389025.01432246,23721.235696464777,-4478908.429294277
-170271.38873418793,-10202069.858180791,-262559.3065048456,-10634900.553419825
-193480.24178652838,11118136.928104728,222163.69859604537,11146820.384914245
89747.62517421134,-4625953.919408381,-180602.70405897498,-4716808.998293145
-243665.65411863104,11311015.78784585,-104922.20164749026,10962427.932079729
56039.73569802567,13048959.934794545,193424.68728163093,13298424.357774202
-103485.70948063955,6178052.851371825,-342994.0207240954,5731573.12116709
315899.7762804497,-7365211.186608374,-40863.96015967429,-7090175.370487599
145748.6553688757,-18623401.111612022,278432.25694889575,-18199220.19929425
-121289.19051133655,16569974.183435082,-64504.99397396296,16384179.998949783
297986.0790946707,4070561.8273536563,60533.880892671645,4429081.787340999
256569.15262539499,-15644603.674037546,382352.3709220663,-15005682.150490085
-40724.22451853193,3688796.009899974,311274.6191664785,3959346.4045479205
155308.75549022853,2105896.1176659763,91596.2413937226,2352801.1145499274
-171153.95036010444,11615145.42666006,142216.7302658111,11586208.206565768
39059.7471758537,16119767.357557625,230884.25954061747,16389711.364274096
-174824.64139519446,-10702821.723815978,-172510.17631444335,-11050156.541525615
312252.1892228462,1015072.5592920482,530282.7431792244,1857607.4916941188
-137018.35093776882,-10261440.82647264,-169091.3715275824,-10567550.548937991
-140578.51994272321,2762321.13645193,216206.683831729,2837949.3003409356
216071.86433468573,-4266100.239698172,-150529.9217216745,-4200558.29708516
363053.79359454475,1869355.0818151236,94697.03121993691,2327105.906629605
108171.03115030564,-9473781.56343168,86392.15745358169,-9279218.374827793
166433.10000484996,-8951223.331619859,41146.67070569843,-8743643.56090931
184525.84678919986,-11425104.669479102,-372417.24799361825,-11612996.07068352
292646.54288504645,28702561.852918327,646499.3906981945,29641707.786501568
153186.25372260064,14178456.264888108,431112.970644556,14762755.489255264
-329499.24510960095,-8292403.916953832,-426089.5097000748,-9047992.671763508
-23836.14397862926,21720905.640054464,69213.7725962773,21766283.268672112
-347451.85910654813,-15109550.393971264,75969.0010831356,-15381033.251994677
52899.22151227109,-3559009.933171749,-39403.33822482824,-3545514.0498843063
226399.91839085706,11726287.145724446,119389.20270784199,12072076.266823145
-71528.43865651637,-7624720.715002775,-207243.6494690627,-7903492.803128354
102794.72334822826,4663483.8297607,409634.9469035864,5175913.500012515
40551.81660251506,-7004192.5932558775,-227827.42683634162,-7191468.203489704
450284.81164650247,-8134581.0565754175,-437599.86152613163,-8121896.106455047
151299.36815445125,-14510757.5019328,-119954.448453933,-14479412.582232282
535750.634416759,-12359137.653372645,910423.4916806892,-10912963.527275197
160376.4506838899,-9481044.450024188,-107035.24746724218,-9427703.24680754
389757.60950322635,2087479.2471764088,265229.08109116554,2742465.9377708007
-235227.8432623502,-20551940.556973398,219548.31504644454,-20567620.085189305
-40494.38593964465,20058290.87592575,391532.34078451246,20409328.83077062
186199.918935664,-1231033.6696139276,-204816.4985863045,-1249650.249264568
-16683.09727012925,-3689203.637937039,-257857.90873271227,-3963744.6439398807
70272.95315265283,-30592177.018220186,561355.6280543879,-29960548.437013146
151764.64045799524,-18492915.808016628,10021.542122885585,-18331129.625435747
-133283.40488227643,10070737.473427325,-489109.26067668945,9448344.80786836
-488290.36242750473,5041071.525506675,-331797.1418775022,4220984.021201668
40266.71794886701,7936830.51739952,-290444.80129122734,7686652.434057159
54164.976449053735,-15656235.598903447,237184.64227005094,-15364885.980184343
165814.50624069758,3593629.6291756034,-306922.0280544907,3452522.1073618103
-63537.41373202205,-531033.0418623686,-202234.70071091503,-796805.1563053057
-488402.0148934182,-6959282.274653494,-56319.0259552747,-7504003.315502187
400294.4605309162,-18081491.327599466,-579225.5970306545,-18260422.464099206
261151.9597391896,12517609.30675301,218914.53515113145,12997675.80164333
-95028.95853726007,5672294.053835362,-135406.8743583709,5441858.220939731
-69267.77494055033,1002245.1407137215,51846.708847656846,984824.074620828
-90156.61033355258,-17126679.89854139,-6949.270963832736,-17223785.779838778
-159410.08586103655,9113042.054857463,99484.97500054538,9053116.943996971
38807.40646034293,4159325.5296387672,375163.83233147115,4573296.768430581
31969.65221865475,-19867153.4241046,183195.00043205917,-19651988.771453887
-456496.8438562434,-18739484.808320045,-264323.2265729606,-19460304.87874925
-148837.21549902856,-2546887.11378029,-315147.9165633321,-3010872.2458426505
-23453.26691418141,9591759.904538691,417481.21244084835,9985787.850065358
-234855.29965256155,-6568871.807690144,-545809.1958765015,-7349536.303219207
-366421.55847932026,2053726.1620509326,-364749.3315930143,1322555.271978598
-89727.3091772236,-5738283.849784762,439398.0868024677,-5388613.072159518
-274883.2218957823,5292022.762430489,96452.73646864295,5113592.27700335
284286.05830118246,-7313859.363832653,49480.686237990856,-6980092.619293479
-248522.7957489416,4501481.945585877,421272.9880278036,4674232.137864739
310701.8893331159,-5139693.217384756,-69522.87483973801,-4898514.202891378
187481.89838558435,-250222.20303684473,581623.1729507893,518882.86829952896
-203930.0436522439,-14344140.352725983,-202003.31330581754,-14750073.709684044
-30393.368462542072,-7769334.197534353,-386905.7018585056,-8186633.2678554
214633.09989338368,-13267212.199173003,-68614.96659344435,-13121194.065873064
-137873.80599934235,17051490.072877288,-72584.44177145511,16841031.82510649
59530.337155802175,-3062114.3474335074,47010.03745497018,-2955573.972822735
309445.53179194964,-1353684.4191141725,-49546.85061477125,-1093785.737936994
36805.92752843164,20932140.78823048,-250386.7323013544,20718559.983457558
-74470.12529464811,17113111.916804075,-189017.19302592427,16849624.598483503
14305.575248152018,-1940430.4397653043,47610.96744187176,-1878513.8970752805
243301.35133862682,-3368364.254354745,-208868.10292319208,-3333931.0059393104
-91309.31386006437,-3596609.654669106,53526.4700878188,-3634392.4984413516
-2601.2799536958337,-8506894.476883441,-5698.871105521917,-8515194.627942659
208159.0558283478,867386.658728838,-100510.21697360277,975035.497583583
-363521.86799569614,7084887.117591441,-378565.8683421612,6342799.381253583
-13803.864419024438,-22639533.973425865,-190059.20820587128,-22843397.04605076
193141.75294364057,939438.5767324567,37582.67217819393,1170163.0018542912
-64676.103779461235,11331545.508186221,44198.65823440999,11311068.06264117
-273825.7174271047,3981109.9508088827,205951.60641653836,3913235.8397983164
263004.1478700228,-14044263.551371515,-31893.245453953743,-13813152.648955446
-263830.306216605,14129502.086101592,-57612.56288437545,13808059.217000611
125727.8693011906,1083563.9439219534,192426.35364305228,1401718.1668661963
187051.5373503361,-9591332.894333929,519549.54024635255,-8884731.81673724
-192815.30828002654,12536271.78483653,115407.57535491884,12458864.051911423
167855.31290331483,-14143645.906606615,-27290.287875458598,-14003080.881578758
-129983.78457601182,-882688.4303518534,407897.9162332192,-604774.298694646
-126863.70452995785,28361706.556886375,-226951.14690869302,28007891.705447726
-110112.48544516042,-11013531.106924832,-49896.54226021469,-11173540.134630207
68099.98632385023,-23962088.267657936,-22585.302498191595,-23916573.58383228
391157.9173765313,-13575872.229993641,457713.96137969196,-12727000.351237418
-388251.9885664899,-20839694.169846296,-558886.1684803888,-21786832.326893173
42026.01075922139,5196439.886991173,-331288.1189483553,4907177.778802039
-65644.6597477775,10919346.10451454,42715.65687196702,10896417.101638729
249600.96201508306,1479767.0772472024,181384.95305549353,1910752.992317779
-183661.54783708975,8773829.745365053,-248371.22503107786,8341796.972496886
490355.5505234748,-4774066.278322518,673141.840385735,-3610568.887413308
231529.56847558543,-18528216.002241254,191153.9597319737,-18105532.474033695
-111459.73755830526,-17458609.743223608,-154825.9379951954,-17724895.41877711
-260723.88457339257,-3103623.12722227,-10583.186879970133,-3374930.1986756325
-89583.75107383169,-661469.5869033337,6946.8160594031215,-744106.5219177622
303968.56866371445,26978345.74858594,507948.1371892169,27790262.454438873
316836.1515192315,-11029705.937743604,360320.16181290895,-10352549.624411464
-16122.907708946615,-5352845.329017758,252593.21384359896,-5116375.022883106
27272.92584207654,11441054.56237644,-339153.4576487541,11129174.030569762
-464040.38569363207,688027.4510259628,27960.954509407282,251948.01984173805
-63877.57415056974,5754907.2584043145,-122501.3255841732,5568528.358669572
53702.566168777645,-6904051.913737476,161869.97908359766,-6688479.368485101
-51635.11314778589,1360991.8378069997,-194443.5647230968,1114913.159936117
-24006.59281418845,-9033119.564295888,242710.865987055,-8814415.291123021
-467729.35335550644,-5946377.47571227,-705036.9209341183,-7119143.750001894
44910.591343460605,-3193778.5623173416,-264427.8739160001,-3413295.844889881
-157286.30634089746,2514071.849732369,-320531.0042668432,2036254.5391246285
317651.8336931467,-21794412.65758851,-313500.4289559424,-21790261.252851307
-147382.81173530966,-14047912.761078656,-45548.54168961942,-14240844.114503585
-154652.20689490996,8989755.882705629,14976.54937146604,8850080.225182185
-321177.58141606674,7573514.296125591,-189492.42367666215,7062844.291032862
344182.1739648152,22737763.818136543,333188.4746196568,23415134.466721013
-382856.0726238955,13910590.214500904,-409383.81717196107,13118350.324705048
-259399.30692244135,-11099892.87259233,266945.0636552349,-11092347.115859536
-36100.268361508846,13817516.002512634,135696.5145840943,13917112.24873522
176711.42859005183,1067837.085059166,-551969.8078500181,692578.7057991996
208282.49060550146,-9250657.609417528,246610.84644465894,-8795764.272367368
-177730.61688113026,-11794696.466359794,-371893.1000030935,-12344320.183244018
-168680.52751714364,10968459.84625563,-266211.53611414135,10533567.782624345
-234210.41057215258,9556137.660034597,-526173.5202464759,8795753.729215968
433231.57459643856,1030895.3435314894,148206.28926208615,1612333.207390014
-113816.79234898277,-11795298.118451089,-70492.12597617507,-11979607.036776247
-66315.1497434359,8093520.254189014,-94002.94567266107,7933202.158772917
332621.8910881318,14092600.159793437,593421.8435367346,15018643.894418303
-10214.873955423012,-13750450.76548922,-354121.6405385509,-14114787.279983195
153777.06550139748,-12256896.449285299,-59862.4096872136,-12162981.793471115
443799.1093386654,2205718.0018942356,-44762.249062523246,2604754.8621703777
-418979.69327914715,-11772583.7809124,-228015.6826132685,-12419579.156804815
289519.68205314875,-1417399.0970850587,-88667.99723679572,-1216547.4122687057
-120502.5706225764,-22744433.46494949,-115405.79256121814,-22980341.828133285
-22987.528605395928,-5176346.860104144,570893.5818076879,-4628440.806901852
-262960.858777307,21537358.859912544,301622.9342545569,21576020.935389794
-106710.17586398497,-14494471.49983418,-230570.54665605724,-14831752.222354222
-67756.9178310968,-20858660.511738926,-237250.15119231492,-21163667.580762338
76988.94625865109,-1810291.7756028473,175346.46081401408,-1557956.3685301822
-329729.9140087757,5396283.086753666,-209888.75320134312,4856664.419543548
466682.76493454166,-22707630.262586057,32807.000696241856,-22208140.496955276
-155079.77083442174,24662395.52472067,-8990.687902733684,24498325.06598351
134897.0234813094,-12002900.646504402,260815.95589965582,-11607187.667123437
366717.0042173844,-516946.08146721125,516125.2469856441,365896.16973581724
55557.35874068923,-17135.347169220448,257530.25463838875,295952.26620985754
-61192.212912393734,14461975.597744286,132159.23270542175,14532942.617537314
173011.77537575364,-9413028.784378916,203350.84712144732,-9036666.161881715
-61953.1230564937,10609353.12368524,-464004.94386104494,10083395.056767702
237914.70087798685,-1198462.4251988828,408333.2448985949,-552214.479422301
212099.9016066678,-6697379.276690841,159927.98253516108,-6325351.392549012
-464496.36989085004,2356085.524112463,-685660.9564752877,1205928.1977463253
92765.3717794437,-7424158.621206552,5500.822817772627,-7325892.4266093355
-92529.91873341985,7871086.393990368,102935.48260952532,7881491.957866473
-182361.81523326226,14928744.139359117,5320.268582731485,14751702.592708586
-69664.641329268,-20038667.471631736,-242348.03319954127,-20350680.146160543
-65439.11375328526,-2239659.1273145676,170411.39580161124,-2134686.8452662416
26754.61331388727,-8429134.312618524,-41493.85668754578,-8443873.555992182
-23345.851657902822,-8628880.327496529,-144350.81033292413,-8796576.989487356
-37042.49957835674,-10536945.78483221,-189188.46765382588,-10763176.752064392
-104559.31912658364,18609145.243998528,115352.66408055276,18619938.588952497
15325.408901892602,10370235.884491086,216273.1294618845,10601834.422854863
-215124.33557157218,8068653.622124553,-313031.64662935585,7540497.639923625
-315023.3906680718,-16677501.070960432,115569.08350143582,-16876955.37812707
215956.8326718416,13222506.664238751,125351.58049829304,13563815.077408886
-206963.095321225,-14600925.586120099,-37003.02777688205,-14844891.709218206
66330.90305054747,17930736.898719966,-67295.05949704349,17929772.742273472
312885.32373129204,11088585.335116863,451847.9629594311,11853318.621807586
381108.9676393233,9265230.621646196,291202.12742797285,9937541.716713492
95881.74781034328,2007437.4649488926,316641.8462953195,2419961.0590545554
-276957.34206024,3142068.844431579,95222.55144684017,2960334.0538181793
18669.996279727668,-2714377.3150161505,-32873.765421666205,-2728581.084158089
277090.3359324951,-1936371.5484329462,364025.7481534034,-1295255.4643470477
61785.932753864676,16277801.95372057,-29858.21000868082,16309729.676465753
60171.25952633843,7029933.321201652,172745.7144056484,7262850.295133639
-55143.74523736164,14767184.820107043,-143743.44830219448,14568297.626567487
-313693.1442700047,-1384941.3764042258,-360836.7652927935,-2059471.285967024
-244707.17398766614,-14551619.727334857,-47178.75788067281,-14843505.659203196
-325361.4822231475,3129807.20709008,-202363.847182855,2602081.8776840772
-158120.5126236789,15939615.371310681,119372.51871038973,15900867.377397392
79108.80197313614,21170674.346507877,-51730.148713223636,21198052.999767788
-58733.98460004106,4588810.209909171,-74549.45738767087,4455526.767921459
375760.8595702704,-2504147.6711886227,233363.4289546162,-1895023.3826637361
-198306.88353084214,-2654788.968578577,-202565.30041509867,-3055661.152524518
329614.4797447361,-2602009.2249675393,164761.22133395076,-2107633.5238888524
353719.32331882976,12185520.306090593,376600.71896032244,12915840.348369746
271656.34493503533,3854666.2402680814,289295.66259071976,4415618.2477938365
-353136.4750106912,-22444013.61571473,113099.39442580938,-22684050.696299613
48222.37017538957,-11127575.664661437,-75836.15264714509,-11155189.447133193
201512.05513232946,16549605.052865028,419070.0515110865,17170187.159508444
-108210.52478139848,14824326.578950375,-99372.41986929625,14616743.63429968
4561.225113343447,-9964491.40836373,-277224.95468414575,-10237155.137934532
50597.35936216451,-4755612.475258887,242520.542421259,-4462494.573475463
349353.69420819916,2273660.0626267195,406709.06593073905,3029722.8227656577
95984.22030223534,768991.1651702523,372959.69349467754,1237935.0789671652
48025.85171157308,4144463.5192215443,-170438.69701319188,4022050.6739199255
-71472.00484522805,9223007.013653755,203497.77666974813,9355032.785478275
-16662.904502974823,9862342.845496655,55518.460381522775,9901198.401375202
254731.6720852796,-14471663.75612241,106453.45451554656,-14110478.629521584
8219.441235300153,-18835535.538469672,-517313.5810083449,-19344629.678242717
-254326.4177498985,16430706.142435491,-694588.9039047807,15481790.820780812
-335650.1127471067,-10282767.369846076,-447035.9347628802,-11065453.417356063
91348.54367599264,-17149765.91911894,702381.1263586953,-16356036.249084253
159043.76403810643,-2124128.551325768,303608.2746909857,-1661476.5125966761
296895.95186064206,-6120454.537618965,125507.76353889704,-5698050.822219426
246867.15219387412,-14216824.22868979,-96442.96445455402,-14066400.04095047
415614.78525184654,-550047.6332544982,434694.2985934466,300261.4505907949
-25700.949664948508,-15248648.92306441,-420368.1317156404,-15694718.004445
51629.97716668621,-13890428.098382503,-3899.1218925490975,-13842697.243108366
192410.0207144264,-13241119.418351829,226273.02768880874,-12822436.369948594
-47029.677536111325,1682593.7216249704,-289021.03750020266,1346543.0065886565
123961.37150347792,-2257335.223626375,3987.750065587461,-2129386.10205731
-467545.0616890397,8450387.550121754,-474132.7796660438,7508709.708766671
239995.23726023734,2122807.0701120496,172437.07722727954,2535239.3845995665
291474.34582123905,8282154.945328921,160904.85528803617,8734534.146438196
-136625.605873961,-5586399.761019886,-369936.4596086964,-6092961.826502543
7981.535396853462,-26319577.834135473,-57585.07714847475,-26369181.375887096
-690905.5592719596,12379686.709146827,-491587.11555828154,11197194.034316586
24606.02924759686,2549495.93933481,324087.85791198164,2898189.8264943883
-715548.0358014312,8436696.004885882,-277611.50741253793,7443536.461671913
-464970.8211241197,13813803.884576261,-212960.3816607669,13135872.681791374
135574.73119029775,30221937.354483396,-146012.6055052653,30211499.48016843
-165232.96189480275,35155136.661025465,-475431.8594723046,34514471.83965836
-369178.7316979468,-5382705.236652076,-84006.63599277288,-5835890.604342796
163805.5868092943,-8610973.918525308,11268.99740704149,-8435899.334308973
-29288.822139425203,-3598459.726001501,207565.72872547805,-3420182.8194154482
-62031.44212378934,20025574.677577257,-103966.35316237062,19859576.882291097
-158948.5304418914,10967680.39052701,-204386.61491832882,10604345.24516679
-5555.881085343659,38111492.1191262,140871.3579967618,38246807.59603762
-1897.7825752552599,20766624.048857093,-147198.75070151687,20617527.51558032
157057.44994642586,3150979.6425243914,-167948.44998081774,3140088.6424899995
304040.4186929427,8328314.90016675,39010.259712301195,8671365.578571994
-85269.35155326687,12961715.908816457,-294671.7994309813,12581774.757832209
73390.85159768537,-4918304.483138442,-37917.650978542864,-4882831.2825193
225273.70472693443,-6134873.532233715,-235007.85279639065,-6144607.680303171
474729.57239126414,8401973.444162935,170652.26889768243,9047355.285451882
83277.62146018259,4544151.889035583,-102125.34544447064,4525304.1650512945
-190717.51843347773,-3097315.0557686985,-401999.59021270275,-3690032.164414879
258112.48077052645,13174211.949802816,-57051.76829568297,13375272.66227766
258052.37399921194,8765872.589216352,-111078.5415309295,8912846.421684634
-280481.6484503709,12855573.691762567,-121746.02025110275,12453346.023061093
179690.9943766091,-1116820.6792324185,81201.61796223372,-855928.0668935757
-189244.55920326523,5240854.1515364945,77171.53062154353,5128781.122954773
211778.53310758062,6574950.556003749,8939.21052493155,6795668.299636262
-122799.13675085455,4641651.450171173,197254.29888232052,4716106.612302639
446700.8889120929,2616392.655897677,-35146.0834678784,3027947.4613418914
387489.45107182115,-8021121.85498786,676809.7039395198,-6956822.699976519
-174596.4909832906,-13597530.100112677,-71214.05764608085,-13843340.648742048
121873.1191694159,15612998.42827183,66921.39092505723,15801792.938366303
-296736.9144771397,8081370.832819849,-681847.976024881,7102785.942317829
-183543.36110289954,5769819.813747793,-555596.6970750764,5030679.7555698175
-457640.6395829711,-19468828.641762793,-329452.0525855124,-20255921.333931275
-265187.7826965321,15175679.886664689,-160189.47964689136,14750302.624321265
-29487.513208920136,1456556.4130572379,22914.64904497564,1449983.5488932934
215487.52443784848,4718402.286741972,348194.5201785788,5282084.331358399
-81372.12447290123,5812370.277585387,-188066.13617184013,5542932.016940646
-333380.4935030285,12309370.134700656,-483033.8136834353,11492955.827514192
-203484.4306632392,-4885733.578088224,-402898.3384311348,-5492116.347182598
-117137.81266854331,-3705461.1093677282,-367991.3206566274,-4190590.242692899
119951.18800500035,11113105.839168042,454440.9802337587,11687498.007406801
230037.5521493908,2918149.025891185,342966.4055014849,3491152.9835420605
-137381.46346785687,-443189.000918746,101873.74220681936,-478696.7221797835
-95115.61809569038,-3090202.7652418613,106196.44795689732,-3079121.9353806544
-73851.20573212765,454144.710308969,98422.76495420188,478716.26953104325
-86066.01397048868,21580364.786244214,-374006.79863824695,21120291.97363548
-163815.72473795712,15004629.11686194,-393702.6743832007,14447110.717740782
-225095.7519314047,4200585.283473015,-136715.97788303345,3838773.5536585767
-168610.25621333905,-8932368.547124892,-494058.8533151224,-9595037.656653354
-136648.56783338077,6959887.728997588,-328162.1886115819,6495076.972552625
271604.87628571317,8339347.964845061,350454.19213593006,8961407.033266705
309347.43778208643,-8702812.561384737,-154674.9320767522,-8548140.055679403
-243900.38678568974,7880132.060747504,92268.58504944295,7728500.259011257
139458.41878287308,-14120296.461089998,99520.78560522199,-13881317.256701903
-241606.45978596993,-1319915.4543820024,94374.87830195576,-1467147.0358660165
-367089.68204234913,2702409.7266239524,-193383.21962969005,2141936.824951913
49068.32676130906,16251823.861988962,-328198.88065396994,15972693.3080963
431361.22621323355,-20642100.99269867,5152.014525867999,-20205587.75195957
-170479.5828126166,6950993.212825656,-106537.97827142477,6673975.651741615
144834.4955453407,-460631.73687645793,148886.24551680684,-166910.9958143104
-392641.2981007043,-12492156.469368398,61652.84261728823,-12823144.924851814
143167.0643174257,5650212.455842257,-315412.7205654532,5477966.799594229
-70193.9812790323,-5357711.877795756,289181.72559195757,-5138724.133482831
-2444.490399265662,29276520.128381193,77382.55805942416,29351458.196041353
85517.18067412637,15726688.86917311,184978.84843565524,15997184.898282891
-25291.331351608038,983187.8073395491,68327.86140109599,1026224.337389037
134004.66451266035,-1354627.5725664794,-349503.157635428,-1570126.065689247
-211655.1948546432,4494483.791082978,151675.0589324236,4434503.655160759
102025.12625893764,-13849257.566180944,128329.4547790885,-13618902.985142918
90780.8619131837,-8818143.9769651,-249407.2151474133,-8976770.33019933
-229730.77072728798,4746941.531514883,-118719.41309668124,4398491.347690914
-13402.961881414056,159766.7854409814,71687.14025749266,218050.96381706
-54623.55265897699,11350975.355466664,252479.1569962576,11548830.959803944
169348.39840075187,28714059.666451484,674488.1097513586,29557896.174603596
-190131.61802669242,930952.8305699825,313936.5530986637,1054757.7656419538
298716.67948818393,9490673.605285853,361555.5049706772,10150945.789744714
194483.92612612806,-838732.4641578794,33778.67106291652,-610469.8669688348
190236.56237849593,89701.02108609676,-15637.50170468539,264300.0817599073
2198.307039199397,-13056280.74130714,-88851.12772911042,-13142933.56199705
251936.1170840934,11764893.091210186,-41935.23127668351,11974893.977017596
-103084.28864197247,-15668586.563670814,703826.0678527206,-15067844.784460066
-242305.92889934964,-12139706.608227015,71752.84656585753,-12310259.690560507
-87047.56882364117,-1951312.0636882186,126787.19882585853,-1911572.4336860012
4449.749041283503,-4902988.470438421,-390048.10225720704,-5288586.823654344
346680.50080829486,4457961.98019129,400257.5000406951,5204899.98104028
-281732.495341951,-6287885.019442588,110370.63482106477,-6459246.879963474
-42508.42350940406,-7547976.243003726,-69458.93821812421,-7659943.604731254
-47566.52329228073,-7635163.915345073,-202777.9006620571,-7885508.339299411
111938.01896521263,8176899.705299497,-184321.1577349007,8104516.566529809
-373643.52185591497,5568905.282922804,265928.69817788154,5461190.459244771
-17912.51645730622,7975948.229491293,88006.65587612987,8046042.368910117
-174162.9430536423,-9352717.489665002,170375.82014207542,-9356504.612576568
354522.92128566094,-18370899.428337157,500291.55748546124,-17516084.949566036
-12658.785596197471,13133022.068933308,311857.29960399866,13432220.58294111
199876.40958523378,5443690.900502831,84553.32684920728,5728120.636937272
-186950.47935326584,-185612.00599563122,29200.048930741847,-343362.4364181552
169811.55843250453,-1571714.6829297245,944883.160493046,-457019.9640041739
-229576.57580553554,-2448247.728969872,-255490.4401305467,-2933314.744905954
65273.26950634085,-149549.3482105732,-194524.22808542848,-278800.3067896608
-309473.1803793851,-1209914.0095321536,33534.91905236244,-1485852.2708591763
121358.88504042849,7507380.82686615,-299970.13896760345,7328769.572938975
-56860.14475037716,-2219029.131092787,-266833.36205360293,-2542722.637896767
555017.0943750311,2867221.3645929396,752280.9040023685,4174519.362970339
-257347.74848098494,-14282237.551349163,25203.36190250516,-14514381.937927643
-58382.24783510901,-5462820.795846671,30953.068114712834,-5490249.975567067
255299.01796525158,-3020279.806861341,274307.44784508646,-2490673.341051003
-337423.35784088075,-8875349.687551528,-529824.6853581369,-9742597.730750546
-22205.629873381928,8460620.66212225,-98000.23123718053,8340414.801011687
105863.25114785135,-3922998.8000235558,-326079.94358129054,-4143215.492456995
-231142.72687609494,12815193.50962925,-40650.4488857761,12543400.333867379
113093.57377682999,7161840.344699174,3166.7867098748684,7278100.705185879
-94610.468177028,-7773874.138779312,-200174.74499050528,-8068659.351946846
158222.94423579983,2567317.298159063,127166.79218681157,2852707.0345816743
373840.63143973984,-1195628.554296285,-480127.8088507205,-1301915.7317072656
36335.414505787194,13985257.059668392,-1377.6067766696215,14020214.86739751
-100088.0630550757,-3348746.4576860666,42853.169236429036,-3405981.3515047133
375474.9098803811,-2841574.9876473546,39824.92310090363,-2426275.15466607
-197147.69945929013,-1909964.7332068682,-268179.90920832753,-2375292.341874486
-75824.33086861484,-7273379.544933319,225145.7825524956,-7124058.093249438
49278.537965618074,-4136627.6163424253,54047.34118142724,-4033301.73719538
72538.30728287436,-5132054.164920896,117020.65382391214,-4942495.20381411
88368.35307023302,-18028034.929822266,239352.95749808848,-17700313.619253945
-173244.0746463891,10460729.792524725,-396135.39415316284,9891350.323725173
-75435.80923404731,4321810.943011135,147517.11772631854,4393892.251503406
-352254.9415780641,8702104.931150764,-358284.6769043952,7991565.312668305
-378373.8795224149,-765724.250397265,-444253.8932508528,-1588352.0231705327
-20418.366866674274,-12414494.961813241,382713.9842643365,-12052199.344415579
-114074.7346012611,14979890.491172493,168111.49890875816,15033927.25547999
116479.64620632678,-101731.59023225307,-65.63438941538334,14682.421584658325
555071.241105305,-274564.8011672497,84524.53117591888,365030.9711139742
298894.83217583224,-11003896.307450622,-61407.36010237783,-10766408.835377168
366563.34742064774,5515453.759953588,204786.30727874488,6086803.414652981
-123172.27935992181,475824.27336901426,246353.24652887136,599005.2405379638
230608.4181872122,-13133865.348954678,-117500.54291739315,-13020757.473684859
618682.5519857574,-31100862.736250103,77804.95210092515,-30404375.23216342
-51012.61396185309,-9094123.846859425,-369599.52166594565,-9514735.982487224
860265.6549878027,889258.1828913093,712514.4065397382,2462038.24441885
66986.37473665364,-2806927.423746109,-55669.880483299494,-2795610.929492755
282705.73297192715,9993341.15634054,277337.99600670487,10553384.885319171
291087.9211932011,-9147558.357626498,67128.3570310995,-8789342.079402197
-149352.81664741412,-16399591.082442522,72899.67782963812,-16476044.221260298
-247121.06650621444,2611322.7682878077,213634.74682846665,2577836.44861006
-185369.81088657305,-11251360.16309145,135127.78045660257,-11301602.193521421
145201.594020674,-20056602.64989829,92346.26616918296,-19819054.789708436
-135362.2059286423,-14520585.413610846,-335167.4525975883,-14991115.072137076
117850.8827548027,-2207911.7209095657,512933.1479697153,-1577127.6901850477
27655.52136587538,-15191906.21441418,187676.36619102955,-14976574.326857274
-68067.79121035151,8288352.671222627,-39819.759962156415,8180465.120050119
214043.16992248408,13130105.310689688,88141.540384233,13432290.020996405
164759.1791623179,576938.5381757617,-467981.65095826983,273716.06637980975
-379845.87923150137,-17841800.609722614,-81073.66802931577,-18302720.15698343
121437.03904954717,-10193513.444966435,317741.83042737097,-9754334.575489517
-134245.41929872893,-1302770.5988354087,103016.21551259607,-1333999.8026215415
310134.19551981427,-1973466.190138936,-89952.68724644184,-1753284.6818655636
-491956.83461179025,10455976.420716345,-228910.31531731784,9735109.270787237
-98741.63250964694,-21388711.429998934,80604.91875621676,-21406848.143752366
-97005.05073341168,5572793.346300989,-150869.09770908952,5324919.197858488
309337.6837294325,12300476.084912598,-238196.27800904214,12371617.490632989
-128207.15158994123,5091166.8723347485,-394491.31595080346,4568468.404794004
-150241.7607799191,5598194.738570869,-154909.64121705294,5293043.336573897
267351.1386903133,-634705.3937989175,12679.823300331831,-354674.4318082724
469125.6483642254,-6827990.346419275,459333.6911687851,-5899531.006886264
76700.44696510024,21780173.63041535,-44578.549697458744,21812295.52768299
-88015.66662635095,2768336.844468713,-157926.65363063663,2522394.524211725
324292.7052917611,-7852107.35108763,252311.1069805473,-7275503.538815321
96038.4286662247,23374375.847700834,-682127.7654406354,22788286.510926425
-268868.712317748,5118236.285211265,-98752.90444134176,4750614.668452175
-233546.5684238188,2306869.3100233376,-76217.39408615232,1997105.3475133665
-259225.89234152436,-16603520.679395676,-129211.02222458273,-16991957.593961783
9551.105255369097,-7319642.225317955,141395.80650411546,-7168695.31355847
51323.57696606219,1383909.5496012866,-58714.37289226055,1376518.7536750883
-53199.49395433813,-3495436.612654388,-440731.42966394126,-3989367.5362726673
7437.223034923896,1071870.614039421,54847.048328608274,1134154.8854029533
-228874.42290257104,9033137.925965011,56490.317434579134,8860753.82049702
33633.022174265236,9673567.600922406,229434.0386095345,9936634.661706205
57033.117651216686,2420232.7127399743,-118231.94220583886,2359033.888185352
-177603.7650217656,14977084.67281437,66025.57938237488,14865506.487174978
-400727.5710520558,-7219565.247359991,78849.69895682484,-7541443.119455222
145532.34687982872,-1966889.9754810333,181673.9699191153,-1639683.6586820893
176735.96559349447,45004.33777093887,161903.32790210098,383643.6312665343
-100101.84534120373,-1181862.5336706638,-93027.42928580195,-1374991.8082976695
109628.58356784098,16588129.85637784,-136773.58630302548,16560984.853642656
-317904.92565914616,-16208306.732639104,52746.07962591946,-16473465.57867233
-106966.59914023988,13340472.317386627,71211.99852252007,13304717.716768907
-112283.91593723744,-19273471.61858201,172878.6869399771,-19212876.84757927
21849.055468123406,9474264.466898113,-493554.9145068228,9002558.607859414
334027.0914648827,4625497.387883306,202618.46047101915,5162142.939819207
-182634.64785971865,-431237.80762428045,-144491.4309414327,-758363.8864254318
-30291.59374481626,21543847.35733354,11653.362898275256,21525209.126487
16385.51251384802,15779255.286667287,-188136.58607536554,15607504.21310577
333595.6687606685,14732996.175410658,494180.1163593009,15560771.960530628
113217.78621385247,6886148.725801945,-248762.1894331202,6750604.322582677
-21716.513819852844,14643268.203207731,-59043.78001050651,14562507.909377372
101139.7266756557,-2032229.0686385334,265130.8100040108,-1665958.5319588669
9215.400429857895,-3159740.2456884086,430124.6362636611,-2720400.2089948896
-92726.45726994053,-11731926.288425624,-61914.18410419673,-11886566.929799762
-43870.48185780831,23141993.42059374,6391.558386042714,23104514.497121975
-52192.625357139856,7318449.888481766,-13497.991761274636,7252759.2713633515
-5446.72263376601,10213620.65467617,-470400.87417434156,9737773.057868062
-228973.4070707094,-727130.342779696,-163711.48029108346,-1119815.2301414888
-159656.85603183322,25690760.592927933,-52810.23364739865,25478293.5032487
72209.91599387303,-11373840.458123565,-84422.55789750814,-11386053.1000272
55878.551003750414,-10576517.180745214,179233.1254974231,-10341405.50424404
-374396.92596855946,6552126.508394152,-635156.2216791883,5542573.360746404
135358.78215806372,2868557.883385569,-439847.3300492689,2564069.3354943637
-103457.94155925326,11869400.797388136,-276495.22275770456,11489447.633071179
181021.6475957688,-2273170.177926719,-85655.9980937168,-2177804.528424667
320653.6800900977,-17103631.668367088,26818.897003799677,-16756159.091273189
221887.64310515672,15822441.513870329,123513.3178377077,16167842.474813193
-162131.55741893128,-1008683.6910189688,-16456.86973825097,-1187272.118176151
-149999.48143806122,-30921939.97124493,111168.15937840939,-30960771.293304585
165526.56785670482,25535594.987881422,-287432.86867266893,25413688.68706546
63905.128765644506,8581865.490004778,172988.4877205044,8818759.106490927
-179365.4194614105,-8705272.127325654,-274902.8195110783,-9159540.366298143
-133128.0652254857,-11506113.735731304,-465022.2668926418,-12104264.067849431
-162539.70958840288,486264.6032181978,-66645.99404818565,257078.8995816093
370583.5893470179,-2863264.461652249,734878.6600569934,-1757802.2122482378
222359.53723561577,-4288272.397221088,-279178.85020951927,-4345091.710194992
277073.2475970704,-27071556.171587825,214136.35016421974,-26580346.573826537
41803.07185524702,-4157611.468772948,51206.3098051548,-4064602.087112546
3348.1621471252292,-14105801.605220556,-167864.24624840915,-14270317.68932184
-49117.14828406647,7494637.2427404225,-188222.08251803368,7257298.011938322
88350.2699745372,-19735814.58549863,-112538.40183715522,-19760002.71736125
-11188.792403232306,-16203496.306692362,177161.09180237353,-16037524.00729322
163699.16248585656,38004889.473193526,-319370.56637034565,37849218.06930903
-506299.86545456573,5304046.304640114,-507566.5419166982,4290179.89726885
-111828.48309092969,-8544002.169859022,41535.370778128505,-8614295.282171823
-116672.45162928663,-11700586.258386195,-364308.4538189024,-12181567.163834384
93605.18828536011,15769530.984389216,300960.74812284857,16164096.920797424
189331.42521785945,16216268.618983895,-136126.75522223115,16269473.288979523
-67821.62582043186,-551571.6210874617,-41515.55449590087,-660908.8014037944
-53932.029122320935,19451128.758185387,292885.1278825253,19690081.85694559
-26447.798543009907,-9462342.856083035,228811.88783218712,-9259978.766793858
403043.2220666092,19381996.762284815,83331.8177485466,19868371.802099973
540918.5999905933,-4662235.535152495,198096.9171909988,-3923220.017970903
248776.66647863388,2149776.8149261475,23209.069988764822,2421762.551393546
-165748.9183990527,11319411.892400384,-333553.1028626412,10820109.87113869
-177995.48656003922,4605336.105071068,-14441.100097306073,4412899.5184137225
-97938.07914874889,9898630.663375258,-629731.8014366329,9170960.782789877
-139165.28718028963,-7580728.192663223,144850.47410543263,-7575043.00573808
-266143.25770537555,-14060489.914762586,-361134.6978101656,-14687767.870278127
-298104.92919841595,4761915.3812046945,-212437.70939326286,4251372.742613016
-32180.968697385862,22537468.489616692,283531.44128647447,22788818.962205783
-196472.3425558284,-3857991.46296075,-237332.05471951514,-4291795.860236093
173416.78351593763,4778726.772976518,45047.604894548655,4997191.161387004
147569.15580645204,-8813116.995336682,476679.7126984447,-8188868.126831785
-902.0024848505855,710715.5915976167,51152.61277729273,760966.2018900588
-371086.0179033186,-13882522.77481383,-331533.8957085684,-14585142.688425718
331225.4663007222,12405469.437107325,56934.56570582837,12793629.469113875
193160.3817157671,9625430.961037248,-80576.48039777577,9738014.86235524
-167233.90405180492,10034537.385205507,-360785.9608925581,9506517.520261144
-46363.95624133386,26249320.305135608,-123516.34386346489,26079440.00503081
42406.26359463297,8214414.17890802,-330861.7569156587,7925958.6855869945
-199958.18668217957,-8373106.181424499,-217667.63480511308,-8790732.002911791
249311.04330010526,14103540.065798879,-2619.594340160489,14350231.514758823
-147644.2120195683,14076459.039355278,-345287.4878593311,13583527.339476379
106995.04814427719,14422701.245563269,-188875.07807144523,14340821.2156361
117607.11545425095,13121157.69708991,138194.40848821402,13376959.221032375
134453.1377128195,-20794755.632674396,312977.14428561926,-20347325.350675955
-115010.49453088082,-6539104.262976497,-65928.16052231193,-6720042.91802969
85133.71276541613,788453.6516512036,-4199.169119626284,869388.1952969935
4647.677390661091,-3853102.09795475,47831.42422538251,-3800622.9963387065
-146286.0724276714,-7009299.486823976,246039.69648916274,-6909545.862762485
179292.95274265483,-4989606.196342528,-434278.9425506145,-5244592.1861504875
91245.04739382863,9079234.940522462,-102763.75997276604,9067716.227943525
95803.30805039778,-1700864.2370259464,-241032.85820429772,-1846093.7871798463
147582.04393176176,6306714.875328183,8528.340627886355,6462825.259887831
50025.82062780298,2674961.6600831747,236795.7942636013,2961783.274974579
152354.45554511063,-10509446.985031843,276178.53712528944,-10080913.992361443
-10179.958304995671,-672754.249741286,738762.2887964547,55828.08075017296
22075.339300189167,14058699.377123207,345630.59156528115,14426405.307988677
148736.81096295826,8282593.799077183,32022.52309013903,8463353.13313028
143327.37879236042,2568771.835707724,792747.5226036757,3504846.7371037602
5357.0265718679875,7524194.164387345,-150235.23982969671,7379315.951129517
119632.23684580624,1431575.0297008753,28687.58432455361,1579894.8508712351
-148501.53673947975,-8549966.776276588,-88461.30465777963,-8786929.617673848
132757.92334972695,-25812025.987493306,434836.8485058695,-25244431.21563771
-120576.65873894282,-1134711.3646346927,-45645.05424902588,-1300933.0776226614
-87290.70937514305,-23567484.22786665,104139.27318404615,-23550635.664057747
79696.1712069828,20200483.32432428,-55398.935629338026,20224780.559901923
-63999.436045525596,-2390282.2124200165,-193771.42918727547,-2648053.0776528176
-171894.41351680458,18075762.907001913,-79386.77856010199,17824481.714925006
-55209.49166108668,3090268.1298589706,-86977.6202698946,2948081.0179279894
-383827.24824483506,13124640.160505205,-290783.20517893136,12450029.707081439
-156239.58111348003,-3175121.1380420327,-95716.58476236463,-3427077.3039178774
-259697.60391189717,12756617.090572,321237.27977664024,12818156.766436743
283136.6871976219,-6125090.395977646,-250861.12697476894,-6092814.835754793
279397.0487414226,-5776156.679857075,555846.9188130274,-4940912.712302625
32532.966793313622,1939114.1045714319,242698.67984644324,2214345.7512111887
-34027.4506285768,-12049280.934641898,-297953.420939669,-12381261.806210143
465864.1258395873,3608225.190683067,318360.5737774372,4392449.890300091
-346932.99653555267,-2947727.2765494585,232268.24878813326,-3062392.024296878
-73300.16695290245,-2688498.9305360913,-260642.17406798154,-3022441.2715569753
35253.91960000992,-115751.08923193812,145465.54977688193,64968.38014495373
86353.18574748747,-17069477.660713196,-69037.73045378923,-17052162.205419496
134853.63812015206,-1354430.2141036987,97501.16907428205,-1122075.4069092646
133286.73264097236,9872692.461769104,845891.0995867401,10851870.293996817
-62909.39898218401,11885568.997418195,83388.77590924501,11906048.374345256
113712.36034028232,3039406.2074871063,45192.121698096395,3198310.689525485
-462311.80041014403,27224016.967018425,-386930.0377435535,26374775.128864728
54178.25422313623,-3218825.0023450255,-100468.50004702806,-3265115.2481689174
-370523.6146060061,10305267.860138774,-321360.42089785635,9613383.824634911
323631.38654271327,-4865736.7727892995,78925.31584568322,-4463180.070400903
-84344.71377087943,-9096627.315983921,-204692.59499713778,-9385664.624751939
261556.965179706,-1037228.0736935139,-2677.678966164589,-778348.7874799725
190650.49390142784,23519463.67651406,-30880.50466824323,23679233.665747244
-107553.48253877088,-4751829.535689354,-486248.1068483889,-5345631.125076514
513066.22790360264,-1508536.394086361,294957.98714625835,-700512.1790364999
-216342.45910784788,-7518938.655358493,-132883.49273682386,-7868164.607203165
50042.97544999048,41139639.470101655,-193419.0245501101,40996263.42100154
160750.39873947576,6246078.6348820925,633857.8721764311,7040686.905797999
243691.19718674198,-777214.4335110784,274193.2806711346,-259329.9556532018
-255030.40821280517,14593117.610661179,-107297.2835380435,14230789.91891033
38674.21404170431,823717.4089362025,176904.98872250319,1039296.61170041
390012.09926153906,10277238.01446727,-210610.3620430082,10456639.7516858
-31564.480736577883,13204839.80061096,-223067.76569920778,12950207.554175174
-9421.219327675179,-5428499.087799132,-247950.55423446745,-5685870.8613612745
-327851.8606054075,15910425.266985446,214664.36684828997,15797237.773228329
156175.31637690403,-13980169.630152583,432235.9196451679,-13391758.394130511
-257662.86561196297,-4994133.208679229,34885.16431963444,-5216910.909971558
273711.31427213736,75690.56956195831,-138405.99756525457,210995.8862688411
-218367.2558235377,2465996.875245273,-116654.95180222392,2130974.6676195115
97094.71429057792,5003904.622478038,105713.26968938112,5206712.606457997
-49847.3818900194,-10537474.431157082,186143.65991158038,-10401178.153135521
11761.47447433509,-11542490.325549662,-338425.1728168428,-11869154.02389217
2919.6016089729965,-6593127.427723289,322407.4807159379,-6267800.345398378
-432355.97786202654,-8498751.409271479,-155899.2137659341,-9087006.60089944
25198.93114723824,-8944176.89048481,24148.34348244965,-8894829.615855122
33735.89900995046,1387810.1129238605,-448222.7356800586,973323.2762537524
-51818.87003081106,-18924449.4519763,-69479.26719674468,-19045747.589203857
206891.2604777459,-6134210.396391153,128361.284740448,-5798957.851172959
-204606.40176483244,-10591204.028361082,432496.59990891814,-10363313.830216996
36577.55023973808,10946564.479000807,-150703.38627117872,10832438.642969366
-130067.25814986043,7776065.0565698445,-184278.41197052598,7461719.386449458
-87398.82996334322,-11892663.798344791,325648.4830831364,-11654414.145224998
23806.6599815432,8280827.493287355,548019.1246218979,8852653.277890796
290231.0732463747,4218665.6687657535,111669.2558356747,4620565.997847803
-38718.24008839019,-12725206.640742123,72615.92298822105,-12691308.957842292
-200974.67792864703,-4110798.909919739,-138991.13597667962,-4450764.723825065
-88944.46255219541,-15610713.604853928,807850.5245177746,-14891807.542888349
-56912.19269244373,-15686239.902986377,-217703.10328100622,-15960855.198959827
343012.5386022348,-9808893.69261998,554120.2209376544,-8911760.93308009
355074.473651113,-3093844.0209817886,218594.6826763004,-2520174.8646543752
-355878.8685187269,4046560.710096061,-307366.9570755735,3383314.884501761
148762.89407226443,7374644.911971569,-21427.735492154956,7501980.070551679
108266.80171019025,3699882.070979893,136094.18572188914,3944243.0584119726
-280916.80753090046,1681231.5049197078,-192326.02879172564,1207988.6685970817
-135285.20565612614,-10890622.970935166,-188193.91374701262,-11214102.090338305
145286.02295283973,33396431.80639124,-106499.26058016717,33435218.56876391
100902.45873512328,-12482245.32304591,-120991.86404077709,-12502334.728351563
3477.711412165314,-2338962.2209195495,-37647.16924570501,-2373131.678753089
-280390.3111974951,-7457930.94912082,-253960.16967331618,-7992281.429991631
-94383.48402362317,2480101.877819121,-127329.75066312402,2258388.6431323737
-490368.4307490494,-4668094.187293202,-341988.54353779554,-5500451.161580047
-162020.4728401117,-9360296.340631068,-24550.83285623789,-9546867.646327417
240411.5077001378,9054375.64375478,408889.95798535645,9703677.109440275
10091.173955013976,-2926091.866941333,170392.57957291603,-2745608.113413403
196190.03480848856,-15300939.473174274,135987.73966532946,-14968761.698700456
-68682.33842161484,-16439204.270693243,416265.53899972886,-16091621.070115129
225847.72039931826,-13536666.972333789,184076.57013361156,-13126742.681800859
189301.18177174404,5030147.207603395,-94045.3293812573,5125403.059993882
445056.4240053259,-2862287.5802646875,646797.6038465947,-1770433.552412767
191527.1763087213,-3181994.6580476165,368579.17157258093,-2621888.3101663142
-72097.65529831499,-1365809.4647381902,-75505.2090601176,-1513412.3290966228
106318.75602339953,878258.8422355652,96064.74781478941,1080642.3460737541
-326424.8377002198,-6485283.211423814,181700.67715305835,-6630007.371970976
-9984.897729322314,-15278410.109392732,171628.16491857916,-15116766.842203476
283138.29544759355,1204858.2088526785,205533.85992518067,1693530.3642254528
-202493.2351265084,-10467764.098522574,-468687.40224862844,-11138944.73589771
293087.9604840949,-10523656.802502155,-422922.0901257619,-10653490.932143822
20379.72524915822,-25265768.954699904,268344.4034974128,-24977044.825953335
-36212.582079919055,-7248998.792260587,-220842.3738200441,-7506053.74816055
-239840.72826922312,31535758.03691709,-338699.3098862916,30957217.998761576
-168306.23259048164,1049364.1156300604,-242858.5126242712,638199.3704153076
129418.24625426903,-3463557.279010296,-104663.5557724461,-3438802.588528473
-263864.2320691515,-6037708.30944556,155416.07264223695,-6146156.4688724745
-11905.9313575048,-3313469.4052144587,-99453.84656203538,-3424829.183133999
-71981.77038935944,-9818177.727075696,-95457.28737072647,-9985616.784835782
-39858.955347502604,-6481649.681840122,53784.82553604245,-6467723.811651582
178135.2755447384,404621.61673796177,464912.9686157927,1047669.8608984929
55076.08806661703,14713945.454296649,-12453.940689325333,14756567.60167394
125658.35962382145,-12255345.541602492,129514.54887469113,-12000172.63310398
-190752.37280196324,-3750167.196589291,-255726.74213777483,-4196646.311529029
-230661.29042581283,-11092456.115864992,-218076.85659347475,-11541194.26288428
-53043.042056910694,-4695307.300106406,46672.91640201211,-4701677.425761305
448499.5178004708,16539082.245244443,-167458.4558544308,16820123.307190485
44007.86940582469,15063089.383541048,145716.7345573455,15252813.987504218
86578.20545940287,5688469.513001651,111994.36304683238,5887042.081507886
227645.4149852302,-5335123.5846885145,-124351.04850180447,-5231829.218205089
-303379.88559433445,18048643.31116742,-234176.40836536884,17511087.017207716
26768.161261236295,7850524.379833102,-44817.17952463031,7832475.361569708
-240549.968695404,-2748293.0558350086,44243.35119829327,-2944599.6733321194
91899.6844772324,-3820963.5469056964,-97046.40261860192,-3826110.265047066
188601.18063960597,17747338.21218258,81507.22702558339,18017446.61984777
159638.8239696361,30996934.89028567,366690.86851815134,31523264.58277346
71628.76033304632,29090321.963451415,-137966.21807516366,29023984.505709298
-245977.15760570578,24193058.791430295,-127602.83798235655,23819478.79584223
18662.24286338687,-7782840.56573078,136122.96193000674,-7628055.360937387
154502.33765744604,9535453.984778076,-307505.3004059568,9382451.022029566
140842.0587128438,-218260.82059535384,363578.9852058217,286160.22332331166
88907.33577260375,9275664.896299541,248779.2842991948,9613351.51637134
157696.8883376401,5176858.874575585,445746.4802594334,5780302.243172659
-84954.80433770828,-8853151.39387387,216023.15719005466,-8722083.041021524
-520844.9755184781,-14871861.963075638,85254.57735168934,-15307452.361242427
-105006.39987673797,6687566.166908801,-349956.58143829554,6232603.185593767
42786.41015512869,-10521824.690509588,-109171.38018202782,-10588209.660536487
16724.00392553024,15725331.596093208,7905.352465763688,15749960.952484502
255719.9352750443,22500131.562582195,665336.5974125117,23421188.09526975
232016.75551580638,26608008.13543102,7396.405641272664,26847421.2965881
7968.08545140177,-7886279.1975085735,-150069.18481498957,-8028380.296872161
-173940.19071963616,3762185.2505164146,-21646.647702999413,3566598.412093779
52613.64430937916,14746527.425507367,-303963.4560724795,14495177.613744266
-58515.90862848982,7176303.606192946,-141833.93238259852,6975953.765181858
10080.279399964958,-5084863.036346495,-400838.6471297145,-5475621.404076245
155502.09902922623,-19157595.792051703,-425192.03123348206,-19427285.724255957
317465.5195704028,9649422.007347822,453056.9401955679,10419944.467113793
28521.9061252065,22878925.958192766,-67426.76595912874,22840021.098358843
-205420.29760740884,-5449686.90457195,67525.8385123536,-5587581.363667006
175643.40695754066,35621638.013590336,146680.64611417055,35943962.06666204
-332314.14698857814,-1299216.428591311,-387643.0308966115,-2019173.6064765006
-258032.18846446462,1151618.813252151,-292934.61859053373,600652.0061971527
419102.07712969184,3120027.324807614,23069.145941361785,3562198.5478786677
-154302.50602956302,7924503.71744138,421968.18705689907,8192169.398468716
-119811.26919287816,14693411.334875226,-460953.596374698,14112646.46930765
96069.57720283791,-4642289.53941232,-70739.63581478596,-4616959.598024268
115733.8051032126,-15588687.272377819,7844.622951894999,-15465108.844322711
169442.96944963932,12401294.36255759,737343.5416000858,13308080.873607315
-178275.17803552188,23393446.54732877,-325064.0155645013,22890107.35372875
171234.01285182498,17061270.750933647,158514.27994646132,17391019.043731935
-271539.5868773069,-4545241.106641889,-227994.69434049726,-5044775.387859693
-130968.87214623205,8101166.1804872155,-401371.62415408343,7568825.6841869
463746.8688112125,2187133.922760457,157311.62193097174,2808192.413502641
117042.86152719706,-10896594.640178382,-328834.03226844966,-11108385.810919635
-224385.042095894,-4398521.363529563,90617.06264074892,-4532289.342984708
202126.89219437912,9510943.609529257,-9312.846453592181,9703757.655270044
-151587.84069195762,-7438285.14373672,44761.35649957508,-7545111.627929103
99846.32355638221,-11973941.78792569,216525.56824065745,-11657569.89612865
-43657.14390836842,-1428123.938179344,225404.2564605102,-1246376.8256272022
-226424.21318816952,-241240.26604628563,-65212.15734373033,-532876.6365781855
110865.55216574296,8288057.650039494,109106.02221680433,8508029.224422041
218701.5963209346,4287601.588486642,41320.22337440401,4547623.40818198
-461110.6898690183,-763854.1126255393,-193170.42473688722,-1418135.2272314448
-13289.724147088826,12476322.974390745,-319882.77933555096,12143150.470908105
290241.08281926624,-13694763.954091996,555635.0366805047,-12848887.834592225
-224345.31535793655,-10643551.595021307,-92279.80042084306,-10960176.710800087
350366.3236341309,-14001056.49980554,296953.93127211183,-13353736.244899297
229301.13995988667,16412516.722536385,-135078.40562961996,16506739.456866652
147512.37766519375,5851653.896268278,394053.5392773077,6393219.81321078
196039.0717906095,-33306487.088983893,209469.90736345947,-32900978.109829824
-175960.41073217988,-6705943.109062731,-275925.47202658653,-7157828.991821498
125540.51439032517,-5305458.324755788,-29755.038665644825,-5209672.8490311075
-146847.26990779303,20301584.730581015,137360.40160487592,20292097.862278096
57558.98802888952,-13139143.091731519,-283526.1505516544,-13365110.254254283
-394908.21920338087,27022758.218188137,-329221.52639553696,26298628.472589217
83956.9895437099,27113051.997071266,354070.278709434,27551079.26532441
-85983.51185824908,-10565903.052227974,-527521.6002152413,-11179408.164301464
-28870.633530562744,12450493.215014577,-321839.0761058107,12099783.505378203
-229275.16507800668,9013959.689710438,-214739.8473290354,8569944.677303396
-371095.9466899149,12977369.82829541,-221778.6016903445,12384495.27991515
-183037.4902796168,6605418.704650462,227830.71561668813,6650211.929987533
26254.28435269557,-13184586.352630734,10499.635737501085,-13147832.432540538
87327.78533797152,-20939116.233249843,298621.2694154605,-20553167.178496413
217591.2662786804,12570425.124962837,65557.4776237756,12853573.868865293
-187604.64178919047,10018559.171747744,306816.3475904912,10137770.877549045
259403.27131919377,13185517.28311953,203172.47658237815,13648093.031021101
14910.243874469772,-17045868.42408526,-259733.9702064395,-17290692.15041723
-193610.32605947368,2671187.1819399,-357821.65056281537,2119755.205317611
146422.4609588217,-12895718.832297385,2400.513061031699,-12746895.858277531
664974.8076350652,-16774517.669751406,530436.7570181862,-15579106.105098154
122840.97080769204,-7928127.933969557,-103448.9338220805,-7908735.896983946
53522.72970861383,-10989573.301486224,-659469.446680285,-11595520.018457895
-52358.43275027536,17474160.5702675,-250920.65343297273,17170881.48408425
-63462.17718635313,-3068359.0849326253,-140831.36950929463,-3272652.631628273
-229476.5466446057,-21477680.15661654,-187260.92307573557,-21894417.62633688
-258204.50199698098,-38058.34368181229,-269967.6450410485,-566230.4907198418
-100483.52062334865,10677027.55131641,-150794.21482161433,10425749.815871447
-334861.7175685428,2533071.468996525,-218741.4517609924,1979468.2996669896
-114612.86244244501,-5689138.28121984,183892.56023091078,-5619858.583431374
-85281.81870040298,346792.28646969795,314942.7475672737,576453.2153365687
-77248.31726046652,8898073.66021061,-546.4276353344321,8820278.915314808
-132047.21994151734,-9109504.847646892,-378210.30488020927,-9619762.372468619
-19780.15796964243,-6721803.593750536,-755134.4479990825,-7496718.199719261
-124327.87427535094,10567588.897179276,-100552.89976985753,10342708.123134067
104777.61555094644,6061273.006842077,138070.87266837806,6304121.495061401
-130074.48342972808,552116.2063294351,-374773.12787376344,47268.59502594359
-111424.31203508191,6865036.218263805,-205382.99552436173,6548228.910704361
209261.21744468808,5348499.336399674,224816.900627926,5782577.4544722885
-41403.27693931572,-750529.0422118902,81986.72792042792,-709945.591230778
-3998.769786503166,-3746581.2448102236,548513.1568457782,-3202066.8577509485
-466270.09588418715,-7172914.446721792,-359618.70313420147,-7998803.245740181
-237261.50081930496,-1704980.3104586303,-905539.7529833764,-2847781.5642613117
57210.177537661046,9703704.532027245,-98592.27599932253,9662322.433565583
78984.0681894999,28441783.72973609,88397.21240004897,28609165.01032564
-138468.6897556074,1965289.0049378872,-223311.1974614635,1603509.1177208163
51701.10024062358,-451679.84513410926,-85571.17415851355,-485549.9190519992
413087.0501914732,2100598.4945455194,92578.61471442878,2606264.1594514214
-99188.8963338118,4466803.824360251,80939.30009926856,4448554.228125708
306182.73712539114,-7410833.914309502,364573.5681498498,-6740077.609034261
-111382.26434024237,11800403.492512584,-63882.63235606253,11625138.595816279
232671.6527444981,-13645999.714135528,16905.659601323307,-13396422.401789706
-252349.81745104305,-3714342.759536028,-67095.70992865413,-4033788.286915725
80765.13138676807,11024649.141337663,9488.311829008162,11114902.58455344
121946.09072672948,-2305324.5194144547,54768.42520721257,-2128610.0034805126
264932.35132261924,-2835633.668518007,-412602.0097467229,-2983303.3269421104
-83037.69432011992,-3656668.8803435564,-454326.4634667784,-4194033.0381304547
-1570.9774688463658,-1180636.255100906,-34477.46454191953,-1216684.6971116718
-40688.41491718963,787154.1227348447,119407.20006566495,865872.90788332
85092.52056687139,-3827538.3533124328,468556.5863636434,-3273889.246381918
-129764.16794696636,1107099.3733861446,-637435.7506189421,339899.4548202362
-137145.55303028598,-3476906.677796066,-207293.84895911813,-3821346.07978547
-101796.46339279972,17248064.78367731,516219.68005789816,17662488.000342406
-229744.2381655071,-25218208.893398434,-323805.59946142137,-25771758.73102536
158341.1997554414,-17699401.433616877,111139.79297859967,-17429920.440882836
66500.1340804454,-11964627.20287311,401563.1950079277,-11496563.873784738
-158020.28934787586,4127323.5600948036,-207420.30378165096,3761882.9669652767
69719.80716530606,-13244674.245693237,37033.01266980171,-13137921.425858129
-343307.6368529666,13394852.681081593,200622.89796862006,13252167.942197246
-151926.94856738858,18930508.788161814,-265973.6727311313,18512608.166863292
-230028.07263883203,10806918.4279688,-420515.2440831736,10156375.111246794
-75286.6722039301,-6548490.518970132,-333468.18479274213,-6957245.375966804
67167.45854165405,-2632365.48750633,96980.99930639565,-2468217.0296582803
109170.0695158802,-4662840.2695432305,178649.80268369615,-4375020.397343654
-68762.59716273844,-17352506.395058215,287005.5626740083,-17134263.429546945
-210111.0276703462,22117976.015403032,-123416.44189389795,21784448.54583879
90663.00640381873,15994985.216645062,-51945.551258951426,16033702.67178993
-165152.79386834987,1307547.524333477,312777.5418643132,1455172.2723294403
43522.93584892526,18434740.200116873,51111.288947954774,18529374.424913753
-315325.9389199726,-9507149.034895658,-504483.5952602029,-10326958.569075834
203610.60313512012,-4034929.139999151,41769.30870756507,-3789549.228156466
184241.84419317916,7761434.039844453,-155572.82279812545,7790103.061239507
-195844.49945455417,-10462085.922552645,-69213.28047079593,-10727143.702477995
-155300.4894536566,7108019.321588814,283682.76935094595,7236401.601486104
168905.74915779196,23778902.80630949,180166.44877728075,24127975.004244566
267510.9782462809,20790892.95912528,478565.40105647594,21536969.338428035
-211213.9552675858,-16305647.031400472,-239751.87159650028,-16756612.858264558
-109816.14458877966,2109740.2727771997,-68371.5952763632,1931552.532912057
-32298.333719143644,-6380996.774016917,20663.39392761886,-6392631.713808442
156331.92866224796,23891824.770096153,128165.07696083933,24176321.77571924
-316695.36907086894,30802371.405343264,84795.350288935,30570471.38656133
-17528.695857802406,-5286249.256847203,-212984.11544817686,-5516762.068153182
-498849.2429784462,16444085.00106275,-306809.1496745646,15638426.60840974
-97241.26383270137,-8650898.673265964,-268575.78493318707,-9016715.722031852
148035.84445649013,16881204.531813264,-36557.839938782156,16992682.536330972
214794.66698419861,-14988990.56665808,16050.321309767663,-14758145.578364113
-65971.5988940429,-17724623.422599852,-91809.18635705858,-17882404.207850955
-115190.05085427873,-9760888.420410186,346300.08020506054,-9529778.391059404
20151.595309579745,7320049.2368477285,-280354.6342657432,7059846.197891565
-47851.53698982671,3943667.1497781277,382959.03917232156,4278774.6519606225
-214585.84327843972,-26935911.092628837,23893.586373321712,-27126603.349533953
177748.415760234,5556568.709321618,-107857.41670590639,5626459.708375946
352940.4437878076,-5774227.035091817,202843.17309091985,-5218443.41821309
118578.92039087042,39774912.386628985,-184879.36521957815,39708611.94180028
624.7027736958116,-16891877.542188525,89239.84805881232,-16802012.991356015
-49272.45853172988,-5067052.782893121,-275514.1684787199,-5391839.409903571
-197387.26812481694,-3796871.88672328,-107361.14879056066,-4101620.3036386576
153798.63306870125,-10015703.81861189,-204262.39282214642,-10066167.578365335
142316.5793742165,18975232.110783607,156699.63289360702,19274248.32305143
99165.81591165066,-1705590.3660879731,349971.7399463132,-1256452.8102300093
-70804.97631078586,4422643.139375746,-230252.46349254996,4121585.6995724104
274348.41003873944,-21905936.373303056,786073.2233721763,-20845514.73989214
-4264.344265729189,-9373738.50941369,-263040.43195581436,-9641043.285635233
395186.71617252566,-11109901.82101813,708365.0657066777,-10006350.039138926
-133702.17369613796,518500.90845012665,-102741.31777000427,282057.4169839844
109018.50769858807,4460892.2316939235,439538.1137354225,5009448.853127934
-46081.8330151476,-936566.1212713122,-24495.01117041707,-1007142.9654568769
-58495.3053966593,10830583.401549876,-255679.1339379102,10516408.962215306
-157489.46964671463,-12994476.546853036,219862.13205197453,-12932103.884447776
-66872.35777245462,8372220.655346513,492008.0099189505,8797356.307493009
85883.52022539452,-30925926.498532593,175721.76029302925,-30664321.21801417
-129118.46033678204,-12153589.488663346,-104193.52519907057,-12386901.474199198
-210711.0827313438,-12343910.732159674,-198213.9676277116,-12752835.78251873
412589.73360243253,-1650280.4252504408,180243.4492951855,-1057447.2423528228
-224182.78427143395,10611437.567583025,-30820.505567014217,10356434.277744576
-208119.69102983922,-6204902.203636885,-598683.8664157242,-7011705.761082448
-84443.18766305223,-4883426.959954202,120605.51789151132,-4847264.629725743
281253.4556444846,-5224066.043710947,261644.73932743073,-4681167.848739032
-266962.5718524568,-7732057.270296276,-297041.1375563741,-8296060.9797051065
-240782.97981287166,-6790971.684644103,-275624.1368297115,-7307378.801286686
-209219.56092693098,-8795032.26261589,-39375.87233708054,-9043627.6958799
1330.1720161922276,-12711644.21983701,65367.22605124116,-12644946.821769577
-459880.12007875927,7228648.228327185,-743380.9318925217,6025387.176355904
-237690.95825771987,-7721487.360764921,-186745.0930671841,-8145923.412089825
347315.4942805711,-6698097.214715719,277719.9208230004,-6073061.799612148
-135021.14235964417,-2316643.3749830127,-241861.99810320884,-2693526.5154458657
-57832.66244908795,-5189709.573725134,310740.4931034893,-4936801.743070733
461297.16635671817,-504046.4292843938,157368.44860524684,114619.18567757122
74101.67702120729,8752847.664643675,-26861.057314172387,8800088.28435071
10952.884539531544,4835053.902098924,63482.47362815589,4909489.260266611
-301163.6539230589,-16044337.387513697,-20480.303179711103,-16365981.344616467
-102940.74816748127,13577452.844307065,253398.1756812781,13727910.271820862
177266.85453242436,-10054884.17260015,89322.02079410106,-9788295.297273625
-329458.6271472201,13260735.043182313,354594.3613317758,13285870.77736687
-181683.0182064455,-10919451.81416002,36074.81211677194,-11065060.020249693
77757.28272433765,-2429794.6835454702,216126.80362848938,-2135910.597192643
141532.16703174822,21460402.69698763,64542.41033527255,21666477.27435465
542885.5184501838,5561768.163796186,229675.3841048479,6334329.066351218
-479834.5037386976,-4703155.671966493,-675773.9378005937,-5858764.113505784
245016.36755383387,-17431933.894690692,17886.720313496888,-17169030.80682336
428297.32355406135,-15687149.535365045,159641.83329935372,-15099210.37851163
-288372.1156332847,-12850983.956953824,-345451.8421542719,-13484807.91474138
5883.639596404508,8618342.12252307,-57168.63280901313,8567057.12931046
-171027.96710063145,-7402355.897646576,151858.4779753983,-7421525.386771809
-189520.9044931978,29218779.425143838,-578018.7773722783,28451239.74327836
116327.2469163239,3512912.742366731,24346.602669768035,3653586.591952823
-6444.817693481222,-1251185.3247962594,-269338.23123405874,-1526968.3737237994
297939.5455123894,-6362066.804201007,77278.58728569746,-5986848.67140292
147544.0914907772,26537516.865058303,-107590.77024696767,26577470.18630211
-198975.2908383794,5231543.113194823,-160623.62949264795,4871944.192863796
243074.25219101086,10289741.377973706,458794.5484596044,10991610.17862432
55666.22221618518,-8756458.59839636,-57775.16417108476,-8758567.54035126
-409566.07806399465,-880257.773167491,-829898.2686298713,-2119722.119861357
-350053.33148445934,-6039410.042355835,-223649.3447443843,-6613112.718584679
77454.52335286513,-3983420.0342454016,21918.96022465825,-3884046.5506678782
132666.23786797747,-11365615.215791464,-499711.9190571159,-11732660.896980602
178651.888409812,2910574.240384519,109533.9770027399,3198760.105797071
-434430.6288731955,-20229766.154773116,-89769.26900580525,-20753966.052652117
120932.71660518087,2291399.793133259,58062.070708595216,2470394.580447035
-313217.9649010077,-3187691.8362923563,-119881.31064216048,-3620791.1118355244
-56456.5552270934,1185451.6080229282,174685.9104956612,1303680.963291496
118207.39953736961,-9319090.773055196,-318062.878972061,-9518946.252489887
-52624.883578728884,3663432.904751301,78.20315733551979,3610886.2243299074
-124512.11528492533,-3564114.7596817613,411860.3747423738,-3276766.500224313
206645.00070236623,4907523.6474737525,-137075.0124360174,4977093.635740101
437467.7277119532,12424148.229988724,-38737.15804349631,12822878.79965718
112784.91557888687,-11607868.811226428,242489.49734749645,-11252594.398300044
-305756.95606633835,-28710657.169935405,-100799.61423434317,-29117213.74023609
117499.29745392874,5384824.3548564315,-37005.595457941294,5465318.056852419
754190.8133749142,7708871.298710108,589442.5092171729,9052504.621302195
-13965.79803288728,-23930358.071943223,-65357.39326892793,-24009681.26324504
156841.051244542,-11328928.470665991,261810.24983059615,-10910277.169590853
-649286.8665633928,295089.47416597605,173332.3452642411,-180865.04713317566
248851.23447949998,-622012.184179306,583074.434005782,209913.48430597596
59117.60151602514,-12232998.44660315,-36508.97574798018,-12210389.820835104
-105996.17147933133,-14700288.604809403,-369619.7027352303,-15175904.479023965
98263.71702386998,-7326999.33691299,-37686.77591057122,-7266422.395799691
298933.6611735523,25683980.44209248,-76182.29359279573,25906731.809673235
155003.49160767347,-12983676.99578619,-383490.8279851228,-13212164.33216364
-369060.1574596092,-10266731.717255771,36305.61900805682,-10599486.255707324
-193651.96975610591,-6741035.1296519935,563185.3686741889,-6371501.730733911
390680.796855215,-21829284.746238112,125947.63166151196,-21312656.317721386
-397675.12472869083,-2060642.361752212,-337414.8261613697,-2795732.3126422726
-148752.04273123853,-23330456.121120483,-46557.9738663584,-23525766.13771808
83239.4294638522,-19002315.620767415,155366.96955423057,-18763709.22174933
-244942.96269426867,16504163.98074317,-142152.3066803515,16117068.71136855
116063.1970844455,2677013.9350342453,19622.069069109857,2812699.2011878006
-103841.94847815111,5520742.951614171,80616.4604877457,5497517.463623766
140751.5641379319,-688803.3518182635,-176329.803383559,-724381.5910638906
341227.63528660126,27561077.68637508,165617.06257082522,28067922.384232506
488067.67119765095,5226743.582092464,84368.83458474278,5799180.087874858
-122480.94662036188,-1729301.7183039486,-425572.658054322,-2277355.3229786325
279464.8909084778,-16829624.07989779,437236.71339169145,-16112922.475597622
-162531.1066265218,-15407420.531557322,155895.22480469197,-15414056.413379151
74269.082946131,5425621.896921426,-61766.72049084306,5438124.259376714
53287.68066203594,4545098.072728783,272897.553062357,4871283.306453176
-114391.6955196429,7862617.775933206,-92808.60613753647,7655417.474276027
175018.2387560364,9754333.37691468,103539.64584995806,10032891.261520674
-220898.85915981047,-4511817.648101419,-66063.02149450779,-4798779.5287557375
-16895.937801254913,3137531.2608888447,103955.39501191676,3224590.7180995066
-498804.7630315516,17566566.293231547,-396361.56809827685,16671399.96210172
-172063.99864984676,7557543.075688124,180369.29065725207,7565848.367695529
35674.12851052545,-257541.32129198313,130900.76276165992,-90966.43001979776
85655.18829326518,1463247.9015051425,-30905.238876610994,1517997.8509217966
374475.7068250533,-3003923.8730583787,107652.2907011956,-2521795.87553213
-159346.57445451058,244543.18715679646,4663.497879609466,89860.11058189534
-147225.7903348133,1167983.1897565126,-23720.54621848464,997036.8532032147
-66695.3192275241,-22334759.88348183,24900.12142932415,-22376555.08128003
320143.99819980003,12029527.869930387,264324.7513490319,12613996.619479218
-105085.41267321073,9591690.844030917,117045.66019578278,9603651.091553489
-46962.68759363517,20902792.163154006,-464087.2550587207,20391742.22050165
-16841.729520751163,-3136770.0617081523,95481.15911853313,-3058130.6321103703
-206546.34857636318,14251583.515785933,208667.78123494983,14253704.94844452
159490.49537182227,25206589.08564508,-211536.51097659022,25154543.07004031
54120.44045157917,-17139040.611238718,-71419.5139630884,-17156339.68475023
-229950.28635125607,10659847.105368644,-185974.98613139987,10243921.832885988
103476.95793741196,3188852.035618037,-131878.44705127925,3160450.5465041697
-144281.6286290288,-20325990.229866326,-121344.38922667503,-20591616.24772203
320602.5202712305,6609241.818169594,356367.24215087295,7286211.580591697
-175857.8525658995,-350711.47463330626,130837.24212761223,-395732.0850715935
405503.59074128605,-107230.47715622187,548676.663627997,846949.7772130612
6706.292202785611,3271678.490984857,-94840.03367330879,3183544.749514334
-144022.15003532916,11398684.81095624,-339920.8422001377,10914741.818720773
-315615.670585772,20620341.972324014,29269.260036319494,20333995.56177456
-39348.69490212761,28806854.718807936,-283433.19224767387,28484072.831658132
-516413.0249657184,20632834.56646335,-680426.2669529244,19435995.27454471
318756.18457170017,-13786604.158995748,929884.1071423963,-12537963.867281651
153615.17913825437,-392320.6948682368,301292.32817962766,62586.81244964525
-13781.851618926972,8728773.916983545,126720.91826820374,8841712.983632822
-200749.23474122398,-23849764.08697015,-90881.79835417867,-24141395.120065555
-31248.64790620096,-10028987.159334779,-146703.95852845162,-10206939.765769431
-267079.32432381995,12442649.823638499,190309.10432145745,12365879.603636136
-11829.550277635455,17446228.812559605,-443306.22462859005,16991093.03765338
-8662.471237404272,-3606877.882474661,-35460.99758460373,-3651001.351296669
53327.46923353337,25949500.589921325,125726.05193414539,26128554.111089006
-294332.7953760084,31920220.350922376,-138075.5909049511,31487811.964641415
-195871.3814601358,7504155.446133375,-114787.12892533839,7193496.935747901
269825.1628838405,6734467.70617944,-77146.87440919131,6927145.994654089
159959.84650716,-14363999.137907565,360129.26959237456,-13843910.02180803
-33300.34727999568,8310685.370734215,-24957.463300712407,8252427.560153507
-55829.01806591265,-29723649.570655286,82195.49939586222,-29697283.08932534
-475329.5390292313,11249952.387805343,-675000.393362321,10099622.45541379
-606152.4741078671,233012.6596376598,-29378.543122835457,-402518.3575930428
144784.67981022596,-5202216.498570681,-418695.5032701269,-5476127.3220305815
188402.7707858123,24536281.914589047,-133960.29313314706,24590724.392241713
151019.00786061026,11706015.240531862,-45182.70555654168,11811851.54283593
-20064.020895075053,-5182157.812507153,15432.872614845634,-5186788.960787382
-80600.53968466632,-956267.0935564637,-179605.38088040054,-1216473.0141215306
-123076.11533242464,10000000.541286975,-168419.71992440522,9708504.706030145
-185479.74999028258,9661702.9626863,28332.016868457198,9504555.229564475
287639.69031266123,21940467.49221596,304735.49950235337,22532842.682030976
-9217.22197144851,7626852.944416404,-13116.197933509946,7604519.524511445
265512.78287292086,-1392635.132441789,-240436.056859985,-1367558.406428853
-255554.7751928456,7294235.201861858,-441107.0420208946,6597573.384648118
98257.85225423053,-2338855.7580907047,405200.17298690975,-1835397.7328495644
-40691.82279321551,-12599520.804031402,-536057.7978448346,-13176270.424669452
-170389.16801619343,-431017.3512788415,-184986.6968266815,-786393.2161217164
-104557.83510438725,-3505541.139746964,-171429.9216677025,-3781528.8965190537
-142177.20044844598,-15173682.05072248,212734.82867290825,-15103124.422498018
-299006.3251947202,1529362.06761688,-442500.00987266004,787855.7325494997
258122.61997932754,-4251500.714268953,193934.57110112906,-3799443.523188496
312391.3214018047,17739470.032704115,-81324.3885666728,17970536.965539247
-81596.24157688953,23429102.481031597,-457944.06202384084,22889562.17743087
-166716.35462413728,2138624.5555258095,138368.12705238163,2110276.327954054
-191886.84402978793,419627.4858959913,-224677.71868993342,3062.9231762699783
-336850.17188830674,-484132.0336469412,187082.53606563807,-633899.6694696099
-133322.2696149405,-7525330.439512789,28849.68409794569,-7629803.025029784
73397.15828250907,-18716762.30906239,-92765.54369854927,-18736130.69447843
562114.487909168,-3603601.6182195246,-101130.5170628503,-3142617.647373207
9944.507287792861,11426189.430831075,276583.74559521675,11712717.683714084
-279647.2987235952,754937.7620822191,-192014.5677509457,283275.8956076782
-43799.125562313944,8616924.248569727,37834.94162477553,8610960.064632189
28418.25096494332,9116003.106663883,158275.8426776752,9302697.200306501
-77609.30065675825,-6252306.641663015,241745.80491059273,-6088170.13740918
-67902.19827425666,6056259.784525633,254759.86534750462,6243117.451598881
-28534.477180253714,-7498703.422519058,-59492.562714621425,-7586730.462413933
150372.102528831,2796343.4560741186,142334.442697756,3089050.0013007056
25216.455513559282,13511974.65116465,305141.4463492334,13842332.553027444
-96196.67510959134,2867286.3183701634,11672.975279524922,2782762.618540097
-334809.52518513426,33756857.507641435,114266.45959427953,33536314.44205058
177629.0953084305,-8603817.237191498,122502.34994325787,-8303685.79193981
73743.3354167901,4691070.038205653,4978.1784789562225,4769791.5521014
54404.60254412703,52331449.31533337,38497.7280908525,52424351.64596835
126127.72617306374,-6139268.4046067,-223135.4275673777,-6236276.106001014
126121.29615597986,-2864934.184302509,-234389.12378773093,-2973202.01193426
287218.77430685423,-4879829.204138637,-22456.128853917122,-4615066.5586856995
-93856.95975303836,17783134.31917903,292411.12970240414,17981688.489128396
-240561.6405404359,5763637.176322162,-508380.57616345584,5014694.95961827
542932.298093833,-19644712.462485194,352278.6303784996,-18749501.53401286
-4180.69136175327,-8510764.092392087,-49462.51463613659,-8564407.298389977
-187506.15956122056,-11208421.438895315,-114830.97077480704,-11510758.569231343
-232392.14727317542,-19055607.0670321,-282640.07743477076,-19570639.291740045
-241846.0356235765,-12886975.332754433,-212822.59305888414,-13341643.961436894
-96103.2509677764,9441986.31400469,-181819.88617941737,9164063.176857496
-288086.2517110184,-18591660.027632236,-13403.19253396988,-18893149.471877225
496161.68017804995,7340806.477164745,388434.620133549,8225402.777476344
43363.993532150984,7724349.2395702,720760.077756077,8488473.310858428
196973.0276018344,-26185039.304875314,-465872.9777798876,-26453939.255053367
153738.99189605564,-4249813.685463488,177719.64619017392,-3918355.0473772585
-29441.541698239744,1927614.4441142678,545461.8988995403,2443634.8013155684
283132.08128596656,9139244.673010975,-57042.20728870481,9365334.547008237
-58455.44540353306,12013417.792534411,422229.0873375684,12377191.434468446
122310.36360306665,-10405539.963755667,102924.64476709068,-10180304.95538551
-402876.12856071256,11526431.21792385,176202.39070621133,11299757.480069349
146491.361992931,23853265.803799987,36406.13134004176,24036163.29713296
19939.377932295203,3220566.1549512744,-58472.36840619892,3182033.1644773707
-63870.98165022209,12852999.935492307,318725.7385620028,13107854.692404088
-44541.915445599705,-4720096.95998618,316978.5865983814,-4447660.288833398
-63602.388544823974,-13468636.188676983,-83642.31415180117,-13615880.891373608
-188034.97513095848,-8637695.639018059,-81649.74029447138,-8907380.354443489
-257345.30799169093,-17704871.591596097,-194311.2848237753,-18156528.184411563
26389.553524406627,-230980.75831198692,-86146.09569169581,-290737.3004792761
178109.24869645946,19552020.312055647,-5971.701837465167,19724157.858914644
158018.64815084822,-11756197.543684185,266126.1940214783,-11332052.701511858
-33755.285678271204,16027175.357515335,135956.19530136883,16129376.267138433
51245.47581116855,-8871957.385397375,-273307.52090922,-9094019.430495426
475191.4106414281,-13569173.784754932,64630.338289260864,-13029352.035824243
347769.4685279913,7715634.256927699,162062.54703765363,8225466.272493344
15060.485037716106,251283.10556334257,-434903.008201167,-168559.4176001083
-82992.06585246697,12475879.636285663,62451.42281048,12455338.993243676
-62640.90306041017,5931332.20206055,-118056.00955910236,5750635.289441038
572368.2381256334,5641727.115927368,160122.09059449285,6374217.444647495
-285573.05068382807,227919.67216727138,-474032.13392098993,-531685.5124375466
-367273.393232625,21770157.192880094,-454833.49940788746,20948050.30023958
-34539.681322876364,-9493684.5063681,273247.74673092365,-9254976.440960053
378015.3436209988,-3348297.7064159513,-118679.01949764788,-3088961.3822926003
59633.80107025243,-10065991.20542577,-102476.32803153247,-10108833.73238705
-257408.52889338508,13355886.74024555,-356948.34596796334,12741529.865384202
197728.7083830759,-1914912.268300414,566592.1719587892,-1150591.387958549
-147264.49013542943,11928192.45166564,-95122.86665388942,11685805.094876321
244048.0349554699,769071.9661561549,27505.119235031307,1040625.1203466561
-38588.30588631332,-6734559.153654575,-147215.47565604746,-6920362.935196936
-410220.72639316693,-25710759.771075398,-77240.80846530199,-26198221.305933867
-210124.69343774952,-3144938.803500116,36.86392240226269,-3355026.633015463
349759.4121084139,21750891.088245332,407719.4601366073,22508369.960490353
7768.431958217174,-13740808.380455494,-257057.65761625022,-13990097.606113527
300605.7249235548,-17245178.26685369,51648.005697496235,-16892924.53623264
31475.549120197073,-7808533.746935129,-10861.594818972051,-7787919.792633904
388388.7128260806,-2308373.745337665,643451.1112591922,-1276533.9212523922
165516.518479608,11791524.396283299,43898.995193749666,12000939.909956656
-38744.620308648795,29446223.225558937,-233967.59428370744,29173511.01096658
-415064.7117454447,-17705303.203621328,-692940.5258362889,-18813308.44120306
-45924.321814414114,-4197619.394516885,-168511.1973324269,-4412054.913663726
-306884.96222150885,18743725.816522986,-49157.893525615335,18387682.96077586
172519.20556375757,-4904078.654907763,-210570.4936087802,-4942129.942952786
496402.02507908083,-987270.613042891,197143.10114119202,-293725.4868226182
123380.74733744748,-8084894.94109568,-233139.8183221966,-8194654.012080429
-158686.77109154686,14748025.491056263,43346.92896850407,14632685.64893322
-364814.22913568653,16416189.117144465,48.32807693630457,16051423.216085715
37168.140646249056,9589414.916941583,-96603.85446774215,9529979.20312009
249863.8319379259,24550590.98492664,682165.3805343509,25482620.197398916
-142196.20243107527,-2211713.2335059643,-246383.51778190583,-2600292.9537189454
-296167.209034374,2685702.909178436,-84510.05427711457,2305025.6458669472
-13307.790420630947,-16948380.781223893,-40863.53250220418,-17002552.104146726
-112380.81170872226,-9096896.970986485,78410.02433999628,-9130867.758355211
-162561.88798219152,-29132727.95017928,-46620.24222474545,-29341910.080386214
152993.69492973574,7482735.963010728,1123.2324225530028,7636852.890363017
118632.34401691891,-18704020.998996735,187327.28877910972,-18398061.366200708
-88185.71023264714,-4734753.8843639195,234891.10323070735,-4588048.491365859
-417808.6921661068,12180572.252303183,-450497.6463966295,11312265.913740447
380429.5995346401,26812043.20448932,-200179.44020632654,26992293.363817632
-89396.94850886427,4968859.536862433,277211.12371751666,5156673.712071085
177597.03394716233,-15477321.492410123,372634.5495838672,-14927089.908879094
-392640.16912321,-10322922.814907193,142211.95278375596,-10573351.031246647
-247708.73883092962,6340642.635117888,-247181.27170080692,5845752.624586152
29317.572302360088,10184687.340055645,234214.7131690085,10448219.625527013
-228305.35871216655,2385003.8653767705,-192091.34322366118,1964607.1634409428
81923.12410878949,9754413.122497082,198567.46070157737,10034903.707307449
353.8430252801627,23124393.50621605,-340497.1104020253,22784250.238839306
-92162.70981331542,4039330.055933565,-89679.08149962127,3857488.264620628
-156105.97564191,246060.1666894555,-146589.0748980567,-56634.88385051116
-309115.8394081574,15442044.660113394,-265572.4351015985,14867356.385603638
307616.9235300813,-2508952.2369742095,206626.19845582545,-1994709.1149883028
53877.638426262885,925172.5393325686,41327.680668503046,1020377.8584273346
202431.14263486117,-7916641.726250082,-243595.74090532959,-7957806.324520551
258708.87415072508,-6740589.6146814525,-254094.1040252,-6735974.844555927
114399.16042299196,-13007072.358405113,52710.62188347429,-12839962.576098647
-268898.26049173437,5651955.222690403,-33132.359669573605,5349924.6025290955
-91934.28742603213,-159510.65683460236,-102321.55348865688,-353766.49774929136
-8080.865955337882,-4393341.508741885,223092.6578449309,-4178329.7168522924
-209706.00031396002,16137543.799996138,-277137.7509279847,15650700.048754193
-175768.0307924971,-11108921.853306264,-160950.2230950147,-11445640.107193775
-70727.41782523505,16134981.16571021,-77454.21550534666,15986799.53237963
232349.33921242133,17179776.120601416,174733.43048474938,17586858.890298586
145424.0444842577,14487407.594300061,-277173.3588693738,14355658.279914945
-56148.623874444515,-12755539.131643653,-54133.3099765107,-12865821.065494608
-225225.77456448786,178380.78412401676,236544.11592526734,189699.12548479624
18091.233268393204,23666153.97525072,112301.07311687618,23796546.281635992
211030.3435673248,-16694344.542409241,259735.79141183197,-16223578.407430084
-89215.4867067188,-6582687.083452433,18298.219536699355,-6653604.350622453
245888.37562291138,5780170.509044141,-153669.7644361332,5872389.120230919
-106622.47177636251,15987364.606698751,55608.85077753663,15936350.985699926
-242454.38948627375,-1559397.1940146089,-594125.9923293889,-2395977.5758302715
-119962.63546694815,-1234725.2015492916,-577009.1238257065,-1931696.9608419463
-48549.521100470796,16428427.497061461,-249011.18806186318,16130866.787899127
-444948.3938713372,-17972211.378423095,263702.2814756334,-18153457.4908188
-9630.26502343826,10511578.45399648,-346937.7385236621,10155010.45044938
181729.1626878716,-18275884.729617953,37286.446504853666,-18056869.120425228
-191447.40798749775,-13978599.12040326,-667883.4787464738,-14837930.007137232
-44775.03417177498,-5515823.25053367,217243.40724755824,-5343354.877457887
-12716.621345000342,12057665.112285793,-74258.09616717696,11970690.394773616
-492046.49151063524,-16335205.681729048,1928.868780516088,-16825323.30445917
-721.557423632592,19875423.300278127,-87628.02703077346,19787073.71582372
102357.5456484668,1964534.1630997062,116619.00319871306,2183510.711946886
-40288.969410130754,23513423.313283414,-308805.97205241024,23164328.371820875
10596.036696476862,-7943693.598098874,-503262.6537938267,-8436360.215196224
379983.67333841696,-18099939.441335857,-113130.9779664427,-17833086.745963883
-253913.5148840975,19918596.58154893,-266761.0494999215,19397922.01716491
2963.322954436764,8682268.919230878,242514.44634931535,8927746.68853463
-373905.4715029467,17440316.872379363,87435.12376141548,17153846.524637833
586780.867359953,-358377.09327220917,55800.43422567099,284204.2083134148
213941.49490191787,4785090.17342028,80542.30330524594,5079573.971627444
-53551.52852119878,-5928792.537283301,-38093.1455360055,-6020437.211340506
-38927.7375069242,1026155.9014782906,-347496.1229353249,639732.0410360415
282804.0436353069,-5682592.739969671,220906.6906566769,-5178882.005677687
-186977.40359828807,-7328912.648884773,567109.6432281286,-6948780.409254933
-296064.4562146105,-8561076.014219522,-216495.22697695345,-9073635.697411086
-32139.3874415569,18259964.146544844,-239503.74509941787,17988321.01400387
-119126.64973482676,13920079.7965132,-488404.22618635744,13312548.920592016
-164816.32063705847,923863.2626670301,-155772.70106815547,603274.2409618162
-78184.81887980737,-22513346.279814005,114073.0210230425,-22477458.077670768
-249413.6013564989,-5948027.763896942,-185970.06859577447,-6383411.4338492155
-62907.943266130984,-6770862.470684856,126779.05340803415,-6706991.360542953
-254113.40106008574,-8087122.053849578,114127.19286845624,-8227108.262041207
-91159.77840549499,-1891042.1600702703,17800.243204683065,-1964401.6952710822
-74732.22673760355,-2263962.0263976157,319407.24800465256,-2019287.0051305667
-33280.470593854785,-2053389.4272876382,-151695.73772507906,-2238365.635606572
170679.27073530294,-9218162.459122062,2346.192784100771,-9045136.995602658
247648.94117272831,-4906830.453099906,-352148.8665998131,-5011330.378526991
-112246.72264334746,-1743434.8519657254,172542.23664648086,-1683139.337962592
-57188.5471371524,10679023.942015052,261638.4962656051,10883473.891143505
304094.69113765657,27204071.28207767,-57631.56270579994,27450534.410509527
103179.1583599355,-12186898.746227503,439106.0490969345,-11644613.538770633
36804.84352244064,1231447.8977287412,-300997.76719204336,967254.9740591384
-14769.788938753307,9167960.074376285,182212.4784199223,9335402.763857454
183770.07151353173,-5988499.956916243,-11930.585149846971,-5816660.470552558
-248464.89996253327,-1150282.983676374,-274184.96969719976,-1672932.853336107
-25276.49121612683,13090742.554350585,-554613.0228697807,12510853.040264677
20689.41079975851,5399380.127762318,-299276.886865966,5120792.65169611
-46739.09362861328,-8380337.764727831,-128461.18958893418,-8555538.047945378
246184.70474792644,2800966.725283295,-227533.87887327373,2819617.5511579476
-156263.2334500663,-6379775.314545393,65016.83258974552,-6471021.715405714
-158971.5549390912,790914.2291941047,349075.79967149347,981018.4739265069
179583.8739211131,-23855511.526055783,588689.0479310527,-23087238.60420362
304240.5992130842,-17161284.75962454,56169.83150202036,-16800874.328909434
409088.2366136275,818076.0125573277,-167230.4912623018,1059933.7579086535
80940.59809575044,-27470160.780225933,300692.1094487533,-27088528.072681427
121501.1545933634,13513467.556447327,-344795.0172300413,13290173.69381065
-134215.50458594784,18385924.126387894,-323414.04511095583,17928294.57669099
240579.39897098392,4140099.7241899967,-310525.62989872694,4070153.4932622537
356834.88623021357,-13472743.088344932,476591.11790829897,-12639317.084206419
-219806.06697799452,-14079459.079658777,-571889.7053753436,-14871154.852012115
-71117.05191124603,1919174.313925773,-18332.10929198563,1829725.1527225412
-212613.34229495004,21420957.20144111,-705551.7623578459,20502792.096788313
136790.77852105722,33589270.88402864,337460.1976593584,34063521.86020906
-219415.22749147378,21855257.052024484,-71592.53185920417,21564249.292673804
-228773.89441484585,-3328092.423457563,-134885.99579391629,-3691752.313666325
214961.4496246744,-12051960.503421426,292.9756953343749,-11836706.078101417
-335966.3132460229,-3290540.4817048907,-125624.49088680744,-3752131.285837721
27610.609789757058,-16524832.584747076,290360.10555277765,-16206861.869404541
297337.7398984395,17179187.790481508,-56692.85433218628,17419832.67604776
12403.936136664823,11782688.812942922,-62905.76151981205,11732186.987559775
307444.43719006144,-16193483.365196347,206579.02382458746,-15679459.904181698
-43501.70871526189,312920.9309627414,-181593.6893336922,87825.53291378729
305620.4250217043,-15650597.303368628,267345.84283097833,-15077631.035515945
-59795.72332967259,-4273610.114600509,251983.91294644773,-4081421.9249837343
-119776.44872550666,-10392063.358750671,415904.5735707432,-10095935.233905435
-20300.14269807376,-7195262.117793441,-175407.02997927368,-7390969.290470788
-30423.61464665085,3205762.782869935,-157987.29043930024,3017351.877783984
21123.363381315023,-11312472.618098795,329486.3769796565,-10961862.877737824
-74501.97533157654,-4423632.366706789,-27889.027795895934,-4526023.369834261
466343.76158564165,-5895649.9297014475,356238.09392762184,-5073068.074188184
24698.86021069251,21281401.842304498,-384215.5858634114,20921885.11665178
-42938.521652020514,-1499026.66691643,122859.78198604286,-1419105.4065824077
-21274.37157004513,11919948.25248605,-262743.2742424607,11635930.606673544
-41893.59126088023,-7052114.31267339,138138.07664663345,-6955869.827287637
-288765.6943418328,-7894398.440940082,159548.83783948421,-8023615.297442431
157893.08127504028,-1727166.8873845339,-157275.5837994665,-1726549.38990896
18062.76251146756,22573625.610993862,535604.4481213465,23127292.821626678
-232603.19303250872,-3012516.822541833,111044.53511293232,-3134075.4804614093
251869.06345335394,22371444.601755857,10837.459811903536,22634151.125021115
-288473.75147201866,-2390187.3745197654,-369647.9482621178,-3048309.074253902
128274.77584394999,-5066871.6585024,-101028.50762354583,-5039625.390281996
-320378.32629191317,11875109.771666676,34951.736922472715,11589683.182297235
3393.5880455970764,458937.00392764807,209169.98767577112,671500.5796490163
-258841.76468845084,-1690695.5075392425,77617.24730981886,-1871920.0249178745
253459.39039759338,9558731.617814153,87216.87424184382,9899407.88245359
-451152.60184201784,11349689.08345151,-176880.62874999642,10721655.852859495
-74059.71692281216,-21301804.744617045,-171949.88551080972,-21547814.347050667
2228.6016209200025,7293073.9299685955,-641238.2485435754,6654064.28304594
166163.94142377004,-10322002.73044157,460189.61443894356,-9695649.174578857
-71824.95815815777,19881963.984308034,171458.34296821803,19981597.369118094
114906.56750853173,-13303410.644160032,-147523.7674678415,-13336027.844119342
334503.9916194137,-2472929.0550847054,476390.91260154545,-1662034.1508637462
-74306.29555582069,-6569135.96062845,290197.5803255737,-6353244.675858697
113647.80735955574,5575964.328902274,115526.21268037707,5805138.348942207
238029.68389949575,-16747933.351462781,81785.27167410403,-16428118.395889182
68409.51411616988,10342884.829092324,-50050.82949666679,10361243.513711827
-156604.94070278667,7642677.84537974,184702.22329817712,7670775.12797513
-298851.8781965077,11173193.364064783,-32159.507483631372,10842181.978384644
179840.90798585117,-3274598.910043478,-63506.9410835132,-3158264.94314114
292519.1708343718,-1919949.0824628472,46091.95355992019,-1581337.9580685552
316352.4361938592,-13321688.046102464,-408360.55706231296,-13413696.166970918
157589.06350945123,-3268543.9754399657,98523.96399204433,-3012430.94793847
-37170.51753150113,12807507.879015326,-274617.7872475907,12495719.574236235
476389.36387452297,-13088361.17012775,105475.03994128853,-12506496.766311938
-42044.17933461629,971522.60093081,116176.2588974461,1045654.6804936398
241892.7537440695,-5874720.33349967,-198042.56596386433,-5830870.145719465
-242671.4986810349,-12668909.588669538,-308444.3495750129,-13220025.436925586
246797.6199391894,13879413.738623023,266289.97352386266,14392501.332086075
80174.48317442276,-1074881.9834721684,-414403.7274136096,-1409111.2277113553
-143947.85389118455,-17349604.375891864,393661.65063267946,-17099890.57915037
-177931.2018421907,-4142590.911534548,63971.41858613491,-4256550.694790604
226577.65206537396,2605411.680177361,-40141.924182362854,2791847.408060372
207300.92004288174,-7036340.184045494,258854.494725883,-6570184.769276729
41592.02892762236,-23298858.91510868,55282.60984311998,-23201984.276337937
75043.4017694164,-16124599.736742795,268551.55401416123,-15781004.780959217
375362.5989703201,668531.6524936557,466581.46936077625,1510475.720824752
-358912.66751968674,-12882542.50204742,-114702.79619812965,-13356157.965765236
-213470.67867024615,5124887.707571864,65744.09655363858,4977161.125455257
40374.564971253276,15586278.029997945,189715.08770090342,15816367.682670102
773534.0360531453,9454485.496682525,799460.9323978052,11027480.465133475
-214354.15132493898,7990631.41717571,-208854.02393251657,7567423.241918255
-297345.13752900437,8478293.283292532,-78374.16105888039,8102573.984704647
87281.01060478203,1445650.6576607227,18673.80975165963,1551605.4780171644
72893.63469073363,-7025707.374898881,-70928.47343904525,-7023742.213647192
324488.05697610043,-11770373.773234606,342075.77756715566,-11103809.93869135
-81307.40510787256,5803023.035439312,16618.06984220445,5738333.700173644
122616.55376079679,1127994.5915485919,7575.191182874143,1258186.3364922628
-31166.926074311137,28024186.516725183,-522034.3175810203,27470985.27306985
287220.83433260955,-6952311.303436875,-241103.89759299904,-6906194.366697265
150028.29692515917,5353974.035193801,244497.003020294,5748499.335139254
-348207.30448980816,-14195700.899114668,-240001.954323411,-14783910.157927888
34812.12344031595,-11679623.372388542,60587.37474281341,-11584223.874205412
-243317.71636390127,3484518.1958529353,-5217.551069736481,3235982.9284192976
44636.95765270479,-11959885.354200184,285512.17459359765,-11629736.221953882
-100312.13196304813,11773643.88524139,88793.06077230722,11762124.814050648
155803.99191119522,-76147.36659345031,6973.290171176195,86629.9154889211
131801.88997416012,8963506.929565609,-35275.94008295238,9060032.879456816
-367748.2951002605,8330649.120889962,-60519.48715637624,7902381.338633325
315802.7941570338,-19923038.490395546,89840.01510544121,-19517395.68113307
-47558.61798999831,1903949.5581416786,-468747.66803828627,1387643.272113394
-132350.83301081136,-3270626.1345673203,-67585.75831126422,-3470562.725889396
50793.86356954463,-27752154.225825906,-11540.29791726172,-27712900.660173625
-79758.76474690065,-18747282.777769685,66166.15887792408,-18760875.38363866
-148561.24016478285,5771477.258440912,12662.158106610179,5635578.176382739
294575.39333995245,11260088.492372483,183234.73145259172,11737898.617165027
363250.0364492759,-25944666.567121536,120908.60919893533,-25460507.921473324
6404.625174541026,-7711329.721085936,384446.97094258666,-7320478.124968808
-14410.186799559742,-18963339.631159842,120464.43730211258,-18857285.38065729
66944.97919652238,-9243038.732648969,-272564.7050887048,-9448658.458541151
-422175.0557204876,18552381.128985465,-481027.77608091384,17649178.297184065
212390.6650878396,-10702139.38436395,309841.5986248553,-10179907.120651254
-72544.54171914794,36181735.25809491,-170841.87436705083,35938348.84200871
-341625.585915247,2142830.6651438475,-328879.3944106698,1472325.6848179307
-95404.18671127781,-8423412.256305248,679074.3430866152,-7839742.09992991
-189927.0909569133,13435384.10683328,521248.6037558615,13766705.619632227
-275600.0946331918,9856633.127667993,-150060.72883366793,9430972.304201134
55854.99014130235,-10759265.671461493,-109685.31098738313,-10813095.992307574
-36626.94239277206,-9625142.394332498,80225.59436727315,-9581543.742357997
-141239.8723663427,964852.5495775938,-120009.84348302335,703602.8337282278
-166697.0768074561,2383821.9550538063,156749.5311384946,2373874.409384845
108340.47186225094,13011465.702228367,-215551.42648925632,12904254.747601362
4923.109783323482,14366798.712681502,-39192.43097166717,14332529.391493158
-174603.0405407697,-404696.9942676723,-115223.82359129936,-694523.8583997414
368103.2835562192,9702786.941131026,220981.0818155408,10291871.306502786
-12384.957980971783,623541.1485327482,451419.51104716957,1062575.701598946
143625.7929021679,-5372960.721768171,-285714.4896636978,-5515049.4185297005
258836.64722140133,-1192241.137015462,544351.1711409688,-389053.3186530918
-77152.75634046271,-2520772.603018731,130839.39525622874,-2467085.964102965
550339.9105603453,-265234.83803877234,269611.9044047892,554716.9769263621
66510.48511489294,-6137699.92074573,226118.53409647942,-5845070.901534358
-36051.45144058205,9718237.90869993,40736.06247998029,9722922.519739328
-81988.53736278415,-6627751.814583719,3445.28551966697,-6706295.066426836
-331029.4132835455,-8402580.393453002,-534560.257119596,-9268170.063856144
169696.86653371155,13052616.56632185,90220.40660652518,13312533.839462087
-48102.86607256532,-1933954.331884563,168614.7545961812,-1813442.443360947
-169175.3182538096,3237689.098921299,258994.5406737402,3327508.3213412296
165246.2270165775,-19209253.60428545,182055.7443140149,-18861951.63295486
-200518.80331092514,402730.8958913684,-320652.8198043704,-118440.72722392716
33469.694239201024,-14176260.122700512,231970.98377862573,-13910819.444682686
-212116.44126981683,6740075.732911289,594351.5434304625,7122310.835071934
13972.205563232303,-2857198.9399439096,449874.1678817943,-2393352.566498883
-182623.26547504216,2353676.437488228,-43183.06968212128,2127870.1023310646
321245.74686142243,-14007430.940832943,135600.6592516303,-13550584.53471989
-106992.97541308217,13311527.546131074,-589343.5663024709,12615191.004415521
-15638.982220444828,359172.22039425373,-205477.74690107256,138055.49127273634
-86746.47848886065,-11197431.032418668,142971.38228282332,-11141206.128624706
218153.6817641966,4835112.533318251,196436.35555336624,5249702.570635814
123632.73940338194,5067234.244743228,345552.8544212654,5536419.838567875
155477.2694949843,-764671.445699811,276508.11184705794,-332686.06435776874
-64675.19670551084,12570126.16024834,245920.01709853113,12751370.98064136
-61013.034916840494,-7094333.380743921,-218896.22478621453,-7374242.640446976
-163893.63698339835,22785648.500155866,-222903.00270482898,22398851.86046764
-225897.81902194954,28220469.10327232,-31343.788551181555,27963227.49569919
426461.95396136306,8617723.718810081,69626.05433061719,9113811.727102062
213483.36238922365,-5193636.606395543,111355.97852962464,-4868797.265476694
-463130.04182706773,14808216.044560641,-609801.7586012557,13735284.244132318
-447935.9311767407,-4625225.2204607725,-186501.89066423476,-5259663.042301748
-430740.75979277864,-3166635.4485741854,38774.82461453229,-3558601.3837524317
-130223.80157553405,-10071515.468397796,-120185.49786411971,-10321924.76783745
17447.728485284373,3153389.670041561,30732.935155063868,3201570.3336819094
-131604.54540658928,7613455.125099003,-111815.00930963457,7370035.570382779
-76334.40508655831,875881.3481197953,-21570.206198990345,777976.7368342467
134227.41513500735,4807057.501683533,338935.165003635,5280220.0818221755
-42864.29734975472,9034892.620271236,3646.0265455916524,8995674.349467073
69540.51682280935,15938159.899935782,-195287.3986974731,15812413.018061118
-422564.72181856073,5093057.996573627,-633300.9047905728,4037192.3699644934
239432.5489021428,-14916629.734493196,628738.1992372945,-14048458.986353759
-50920.1648014728,-31992272.885730743,44929.544647201896,-31998263.505885012
69299.23483922519,-639014.6853767037,-429642.5903309509,-999358.0408684295
-5048.198607109487,-12349346.040605605,25691.7335254699,-12328702.505687244
-302371.4778801054,-5576286.7700026035,-10067.298316262662,-5888725.546198972
76135.30444457568,-14543180.977927566,111073.83264423907,-14355971.84083875
-238867.54669794254,14025077.041102886,-139201.47308615595,13647008.021318788
-359710.5213783812,2476189.2301680744,-258069.22258204222,1858409.486207651
-302256.8240183685,18703502.949932992,-588915.474344939,17812330.651569687
195104.60153461806,13886300.35330072,67444.8285984546,14148849.783433793
-259599.5688878782,-4359797.583642185,-212104.50843965262,-4831501.660969716
321728.444119202,2601540.8722144663,530831.0491783991,3454100.3655120675
-8714.520774329081,-10160122.18558085,220438.87737230957,-9948397.82898287
265403.8885971457,-4143870.1334406435,250145.58517833054,-3628320.6596651673
132679.5135908462,1670098.4315229356,111472.65712836385,1914250.6022421457
79182.29537316784,-15841990.494591326,-105758.44809731096,-15868566.647315469
61897.718447539955,-14239683.786485285,20900.09942343086,-14156885.968614314
-174151.56947643682,-2211149.1599279046,-249569.48363514245,-2634870.213039484
-89495.86923271976,-24214549.194686532,206055.4946352467,-24097989.569284007
196256.5355488658,-11508530.446072549,365011.85553976893,-10947262.054983914
470634.2682417724,-2639452.160310328,141837.19078414887,-2026980.7012844067
18864.39584478736,-8096762.37572372,86177.01380440593,-7991720.966074526
-202948.16338491626,-14843699.549534261,294091.85202920437,-14752555.860889973
376099.77201635763,9427089.923112959,212196.2971343696,10015385.992263686
115181.52766575478,-15290231.982323945,142779.72421299666,-15032270.730445193
-58241.05516759865,11955745.043324172,221565.93796458095,12119069.926121155
242944.03104738705,-5459931.428405404,143678.6246809736,-5073308.772677043
-363335.6974171996,5336391.752020806,-156685.30691562593,4816370.7476879805
26396.45076535642,-5223146.905413747,146164.12464153767,-5050586.330006853
-31926.872938310727,4496693.218977183,-283718.09865316004,4181048.2473857123
-135197.43970930204,7804109.619465113,79580.09837950021,7748492.278135311
139461.77672157995,9348339.418161094,-139834.8439718783,9347966.350910796
-153867.95276888274,-7246245.284187615,-726704.5877847373,-8126817.824741235
42013.792168445885,22138268.949985087,-24156.003319457173,22156126.738834076
-161236.5304679908,-2900322.483348459,-353906.3168012127,-3415465.3306176625
-301531.00531899,-2160920.6512997746,-55550.94246233255,-2518002.599081097
-88339.24897008762,7851961.915601224,-182671.72984128445,7580950.936789852
108680.29194584675,10333912.732361019,612494.2052785456,11055087.229585411
42073.78013806045,19784895.215456188,-73334.94226326048,19753634.053330988
159075.55692798644,-610410.969104588,144832.93606660515,-306502.47610999644
175893.31129055656,-21488271.661821783,361018.5493989736,-20951359.801132254
9448.774765817448,-11201129.558093607,-178486.60719445348,-11370167.390522243
176416.69048835337,13654211.354182959,-93362.49395049363,13737265.550720818
-120694.02890595049,3419409.5014055967,35978.75206261873,3334694.224562265
-28559.261249003932,-4610426.757047713,415618.41696597636,-4223367.60133074
62146.93890134245,4527842.57378602,-148566.3141488433,4441423.198538519
82362.24159742706,4543364.600363731,132573.81645667553,4758300.658417834
57891.66778404266,5034338.8933336735,-134062.00693896413,4958168.554178752
23175.469067348167,3761497.203033924,146842.05398754776,3931514.72608882
232061.2251143623,-14609340.89352727,324991.7190643847,-14052287.949348522
76802.67474737391,17636253.177895427,177918.4636939913,17890974.316336792
15014.404992187396,5953700.62917155,-27779.906466782093,5940935.127696956
33484.540315490216,2075492.6101055145,-297335.02926181257,1811642.1211591922
-152610.643168943,2738823.286111355,-404076.8726063296,2182135.770336082
-261429.63653538376,1192537.044182688,-554180.8965427205,376926.51110458374
110779.52232954651,-7444484.7101588845,50544.97182265669,-7283160.216006681
-126267.50425913371,8737411.599999607,-142044.2614127174,8469099.834327755
-61440.87886549719,-16978544.602929264,-227061.72360126674,-17267047.205396026
282239.0126258824,2665091.993042946,121350.89053241909,3068681.8962012473
-191562.01314345933,5013621.480559707,307917.34015993774,5129976.807576185
-25526.46877223812,9873031.395824432,-149132.47346843034,9698372.453583764
20117.833366710693,-21533081.04734814,-118233.30152899772,-21631196.51551043
-220751.487262344,-13819410.998758972,-190699.634829022,-14230862.120850338
162594.0905103106,-16738374.434252918,-182833.95848167688,-16758614.302224284
41151.14850257151,-9731676.045123607,38062.15192896128,-9652462.744692074
-245079.18940577842,6710913.790869474,-228957.69146645814,6236876.909997238
-226895.0875673443,-2662522.5146380663,-271547.2941344306,-3160964.896339841
-337140.24048643,9368998.564304769,-598447.3604558855,8433410.963362454
91190.8939686045,-18941035.90045029,420521.53554044664,-18429323.470941238
-168400.734328717,-3928003.194555372,-159579.98422801495,-4255983.913112104
-20332.954126203433,-16238800.583503366,148699.77111198008,-16110433.766517589
107288.07346026227,-12460044.865674257,-269827.89990960807,-12622584.692123603
57475.165992770344,-1445589.327321291,98518.47679231316,-1289595.6845362075
719498.3335532099,-3255790.395342797,59793.89043381065,-2476498.1713557765
-164658.6314868275,-2759834.1504262686,21530.789625138044,-2902961.992287958
79912.89324164018,-11327215.73641038,614863.5118650123,-10632439.331303727
-53392.39592235349,-3282539.2691826224,323714.0937281847,-3012217.571376791
-348634.7030216772,13232720.837561786,-241608.40929053724,12642477.725249572
230373.67314727418,18841648.56967023,-419243.2445227206,18652778.998294786
5102.998311303556,10793602.822888345,-283699.881457828,10515005.93974182
50799.19590391964,-8819339.936266243,50355.617290593684,-8718185.12307173
4978.587942190468,-4199549.6245441735,-567194.8413843438,-4761765.877986327
-69520.27639411204,8606189.80561781,-99623.31258030981,8437046.216643387
20683.406787639484,-9376836.24075073,234320.42411851138,-9121832.40984458
294956.0974940881,24367687.75633514,-337058.8822186887,24325584.97161054
246525.86895816028,20667621.044222236,14174.555175073445,20928321.46835547
-173419.5887821596,6686926.069702268,-67987.6410164684,6445518.83990364
273471.0597218089,-10562433.257609844,-242364.41971225291,-10531326.617600288
-447572.14430434816,-4138835.1491261125,-869046.8155604154,-5455454.108990876
90660.66485056095,12112802.837400615,276278.14108707756,12479741.643338254
188172.24765254743,19850510.534547687,-643781.0940727517,19394901.68812748
-302074.34985222295,-5616205.33797434,259685.78444503248,-5658593.90338153
141336.19625131227,-24185602.081842393,9784.572036266327,-24034481.313554816
-235647.58823340572,29591048.780163765,-402743.27169524133,28952657.92023512
-432106.4789671358,11515953.493066788,-247288.82058258355,10836558.193517068
-312669.63289447315,-7324621.840345144,-8634.501508325338,-7645925.974747943
-227046.8373664003,-25999103.068875015,-101837.37147515267,-26327987.27771657
-186112.88483269885,2183098.515021175,-436259.5071023926,1560726.1230860837
131582.158352267,-15188214.071882129,295267.9085218832,-14761364.005007979
356424.51789935865,24305953.5656839,430027.35492637753,25092405.438509636
-24956.20296723023,587540.126549542,-130906.94802565128,431676.97555666044
-94794.19386788644,12273662.06754157,-282550.4264611006,11896317.447212582
-160775.9546217192,10027979.430012643,-425592.1528284848,9441611.32256244
-146217.90305297635,-3316924.6971587837,-34355.01144885272,-3497497.6116606127
342305.69560258277,-2285819.713128954,520586.3211371824,-1422927.696389189
-431194.9798382558,-9633062.666465431,-134101.91114699095,-10198359.557450678
-74830.4365193937,-956088.5321495533,-184529.93883182108,-1215448.907500768
219342.02480727434,-17167734.521433145,648560.9983155131,-16299831.498310357
54365.81121915579,10083017.08601889,374593.1995400116,10511976.096778058
-168713.03015658632,3627037.425695777,-458367.039869979,2999957.3556692116
-47950.45717649162,6544720.861876041,-341541.7749074623,6155228.629792087
-184717.57495970838,29618402.848389834,-266295.22331640124,29167390.050113723
-57082.135199949145,-5240426.291836947,106888.17845894396,-5190620.248577952
93613.54750229791,-9442994.18594405,405566.63177515566,-8943814.006666597
395614.54207473807,10152950.964859396,82275.70640304685,10630841.213337181
110850.84844903275,-9560044.861438572,-330032.56135582924,-9779226.574345369
-39670.1823724024,12633408.315241277,74946.02078151703,12668684.153650392
-40445.48219225183,-11836507.468824387,255537.7630108297,-11621415.188005809
27382.209123637527,2081814.8714508414,203963.0263708979,2313160.106945377
72395.3061092291,15233636.109353662,-45079.76164215803,15260951.653820733
-22273.362989041954,17186827.950255454,-386679.8625285551,16777874.724737857
41455.908570185304,2618319.835822612,-384714.28270055354,2275061.461692244
-254942.92635662854,-7246252.741066933,-430846.79109428823,-7932042.458517849
-57000.899474758655,3794699.742963314,-290558.24320845306,3447140.6002801023
-78096.89195981249,5438900.160403848,31629.199955776334,5392432.468399812
404515.1188982595,3349037.2577821016,-139486.04747964442,3614066.3292007167
-231115.19334088266,-2762738.2358002663,-173110.1230007261,-3166963.552141875
-59388.81747487374,-18491395.814411342,-34927.31422188878,-18585711.946108103
-399482.56560487114,15393454.482340872,-6063.879575133324,14987908.037160868
-228750.65988386795,8319061.568475366,-505184.4776304588,7585126.430961039
359492.2251283601,-5891027.444574267,159456.89966888726,-5372078.319777019
-23232.201785722747,-8039784.618816435,-207293.2116817683,-8270310.032283926
-284198.63405661844,2312617.279382646,-233122.54566768557,1795296.099658342
141788.9582499452,7201387.034686148,109528.14915853739,7452704.142094631
-133558.12550388835,-32770579.932141483,191344.49470631778,-32712793.562939055
402012.9323176183,2206493.2150547206,-59369.915189541876,2549136.232182797
-73178.4299998004,-9567952.179724038,-307454.97075277567,-9948585.580476614
-50603.220679348335,-5005971.167998731,-19157.763670384884,-5075732.152348464
210358.0678367894,-1126154.2387797236,-180517.28526363522,-1096313.4562065694
331081.6462408379,12407866.691259384,-157690.4749334827,12581257.86256674
-7244.001385161653,-7399719.184889615,170446.91303452104,-7236516.273240255
518449.5949651655,18569645.28266424,-31093.049267061055,19057001.828362346
-237615.94525913894,20026054.04926732,-70870.56148669124,19717567.54252149
285431.27892785147,-6102147.361970305,610882.7102488875,-5205833.372793566
-135206.13478917815,-5225821.630556345,-113190.48779693246,-5474218.253142456
300729.73503912985,18168270.86760646,-73767.49024860561,18395233.112396985
-320199.11757753044,-2255991.5366944075,-123929.07737310976,-2700119.7316450477
-54175.07856532745,19657591.411261976,126140.3063807115,19729556.639077358
-123434.23111107759,-16281892.97884947,-302986.72311169654,-16708313.933072245
160333.10754164867,-5065509.372586697,8953.939158074558,-4896222.325886974
326553.3772672247,-9915161.931511045,94897.77173399925,-9493710.78250982
-163803.0381074883,-9389439.670990199,-241717.0155782625,-9794959.72467595
-116599.12553034723,-6464575.872633159,193640.88000210375,-6387534.118161403
-185041.29183733463,7645162.390373945,360075.0231907293,7820196.12172734
-94631.71084593982,-7702041.900339842,-454211.1583285183,-8250884.7695143
-82926.54937813245,5743468.333968937,-653221.0846702829,5007320.699920522
-410545.3631347753,-5135718.969081163,-134533.53156047314,-5680797.863776412
152182.72961850092,-4122528.974362999,290677.8711510673,-3679668.373593431
381012.70412572473,-11307146.037100077,80048.7909610048,-10846084.542013347
-168134.95127800666,14694518.145941079,191615.78381855786,14717998.97848163
-33626.20951389335,8636104.448543519,-165923.01178590208,8436555.227243723
95469.99816346914,3757780.0130988955,-242832.68297091126,3610417.3282914534
23433.569418046623,15111997.576009005,-372872.758047089,14762558.387379963
-499761.1625929661,2380160.5030511618,-674214.2266783416,1206185.113779854
135599.73775474355,-9000346.92615369,123160.15838276595,-8741587.03001618
131859.47723670118,-6700205.200467348,193377.87247820199,-6374967.850752445
-57585.60074001178,8028751.294032216,411117.3418673724,8382283.035159577
-36282.96148787998,-1444259.0593764186,41781.96211207658,-1438760.058752222
111555.12934405543,6039212.214004397,57651.341069847345,6208418.6844183
-36631.4897276368,-3616623.006218195,250678.88394798338,-3402575.6119978484
-48207.286481224,-5364803.168697894,-333906.2404010147,-5746916.695580132
448746.4929116089,-1691502.895737648,230062.33846829832,-1012694.0643577408
-180070.48284839466,9014461.686763763,-120668.70935106277,8713722.494564306
-600791.3820021302,10828995.97580254,-603837.1219326779,9624367.471867733
-429605.74886216596,11723361.016028285,-158882.94971214235,11134872.317453977
-9457.246614985168,7934499.9820049405,-472292.5990010798,7452750.136388876
-66524.59075896628,7117494.31286329,-278999.6546957642,6771970.06740856
-127196.750684876,4974330.279567778,149249.87256599218,4996383.401448894
83696.58846986294,6936629.922516108,122115.74628764391,7142442.257273614
-275150.16095684096,8389319.676797181,-329304.8135831058,7784864.702257235
203324.13852913678,-9426186.435713112,75436.86020229012,-9147425.436981685
536578.1077532433,5247963.664079547,456803.21881763637,6241344.990650427
316376.51262912713,11529806.091825068,433377.7339029461,12279560.338357141
-203871.3644686807,-2196083.962800145,7007.6941084861755,-2392947.6331603397
44783.811464430764,-15596153.057850838,117311.21937860548,-15434058.027007801
93745.98365459032,20438569.0729931,-367692.8618181348,20164622.194829553
-60281.44425861724,-8312293.824552894,-318570.9414444044,-8691146.210255915
94674.0111099314,-7271032.135093689,286542.8511378318,-6889815.272845926
-177868.32437566854,9877073.468317598,-480729.2803207189,9218475.86362121
269171.196862502,15727326.971121848,252355.64617833495,16248853.814162685
167448.55973585322,-4629323.3967066705,-180376.1559804231,-4642250.99295124
324472.08038521,-24699742.044110358,242500.37919443846,-24132769.58453071
-178561.36290313862,6482805.30459255,-500758.6910243705,5803485.250665041
-328108.5776173994,-18936262.958242595,-485759.7095095068,-19750131.2453695
162204.1275622137,-742366.6760666966,204202.273416996,-375960.27508748695
-327514.116813723,4174197.527382374,291193.67204930633,4137877.082617957
95056.036983978,10158671.718529284,173034.11087690294,10426761.866390165
-117344.14997033589,6643686.202193141,-414576.12973517925,6111765.922487626
14170.20563188754,22268341.005528033,120474.98456397653,22402986.1957239
44134.46959658712,11557337.630022526,603826.9232454523,12205299.022864565
-80472.92600755394,14828437.861428827,669602.1002161801,15417567.035637453
-121621.28156935237,14769193.807063997,-408168.18668332696,14239404.338811317
67759.04266062751,1367329.8899072409,-55404.040305674076,1379684.8922621943
112592.98151255585,23567866.66995597,-55603.54063515365,23624856.11083337
124455.05729223229,-1442910.6814149618,-233449.12385808676,-1551904.7479808163
479624.30654631555,-1700455.0369857252,460286.9788074568,-760543.7516319528
39352.1024485901,-6933246.429507613,-41006.12736866623,-6934900.454427689
-123645.50777664222,7862832.56009829,1090.282386958599,7740277.334708607
73432.13103977777,-9471406.88550812,49973.84228102118,-9348000.912187321
-623040.5860557221,12576807.850291908,-803430.9155308455,11150336.34870534
-303538.68797789514,4815544.772783637,-232644.38290727139,4279361.7018984705
-518630.2249235697,-222775.11238914728,277445.7697555125,-463959.5675572045
205065.17824224755,-5565700.14897722,-223500.72256875783,-5584135.69330373
270112.66105216555,-13248373.977911174,384040.01680733263,-12594221.300051676
390979.508602716,-6880904.636837214,313151.1446571201,-6176773.983577378
179688.66509666294,-3303719.604313761,228958.70231680572,-2895072.2369002923
123469.9889515154,24699505.6447846,-184043.84671391547,24638931.7870222
91305.27822502889,-3874584.8153594136,102016.83244381845,-3681262.7046905663
-134175.03308486938,97653.92944395542,283773.54601576924,247252.44237485528
107772.30886093527,-2526915.850732535,401078.7620199099,-2018064.77985169
32363.022588307038,3561793.4696785808,295560.78122007847,3889717.2734869663
-344930.2576983031,-10423553.64415127,-633201.3221516609,-11401685.224001234
-147209.41923510842,7100240.223472416,-442113.53395435214,6510917.270282956
-417876.3953024559,37740137.86506486,-585204.0218960717,36737057.44786633
325515.6744353827,-3223967.9529194236,178733.5877117887,-2719718.690772252
-8366.120872015134,-8348752.507734299,-71576.10875416547,-8428694.73736048
-135013.76852300018,20027261.004640162,-282332.9263359159,19609914.309781246
124276.46522501856,-11265983.166041821,-361060.35402303934,-11502767.054839842
18258.32490356639,17570829.835170925,-184294.21716109663,17404793.942913394
-112545.20185598731,5769878.588914752,87592.65988701582,5744926.0469457805
89912.29203212261,-13342730.349380553,61082.164298422635,-13191735.893050008
-442551.84228522144,6932631.297926426,-610748.0707466155,5879331.384894589
-133932.6945067253,11930353.574549228,212269.2697614357,12008690.149803938
231756.2136995457,35927191.596434146,-273759.25255438685,35885188.55757931
99150.02662559785,-6964308.743618369,592954.8482180983,-6272203.868774673
279791.7885102965,20223602.480885,452892.9957899749,20956287.26518527
-59354.15964677371,-9841901.726161659,-60790.28384580463,-9962046.169654237
-110076.7935049031,8172478.929784477,-421069.6001931131,7641332.536086461
-195450.32310989313,30123334.22906947,-172955.00277098268,29754928.903188594
-20048.412971666083,-6123982.550030947,62228.086469218135,-6081802.876533395
462868.365288917,-454028.4157767892,226229.58175180852,235069.5312639363
254041.24936331064,4200113.173705995,-182378.19906515628,4271776.224004149
335477.5351436231,15143282.078223228,145576.60049659014,15624336.213863442
106418.42381663807,-6201789.28815794,-206261.67368765175,-6301632.538028954
-504245.29765355214,4730104.010232687,-448098.77672475576,3777759.935854379
415796.51935025863,-2112516.9388471246,463660.2862845659,-1233060.1332123
324139.75225972384,-10544970.30641681,-154949.66219888628,-10375780.216355972
107619.0984458588,20770025.964871645,-149937.78364297748,20727707.279674526
62259.706900347024,12643325.410136163,60635.88048002124,12766220.997516531
-105685.27380232327,4083013.5373266935,-188953.36450840533,3788374.899015965
-216846.36235734262,-7288252.89574939,182394.96504412591,-7322704.293062607
149902.04529094137,-2553760.721657932,65194.43369191885,-2338664.2426750716
210869.19777380303,-14100188.032285392,373741.01229448617,-13515577.822217103
47661.437285441905,-4176139.2809132338,391883.4576077759,-3736594.386020016
233002.86328079551,-18751939.868044138,25481.078220248222,-18493455.926543094
-171050.28220145777,-4639721.6714577675,-646627.4266653657,-5457399.380324591
-353477.7441009637,-2959417.448366493,-71087.05922628939,-3383982.251693746
-260973.3879956901,-13109704.059481055,-230020.1222472787,-13600697.569724023
-529716.3276171293,15465080.085499942,-396600.7566245198,14538763.001258293
25311.297316929325,-8132080.532180548,-88566.19096793234,-8195335.425831551
-45879.283870551735,24605720.9327296,-321478.7064654231,24238362.942393627
-798694.646967154,16233185.399380624,-698186.3598442823,14736304.392569188
30018.06653295085,-11088331.997435808,-167552.89448325336,-11225866.82538611
232935.83352829143,-3114701.821157664,110230.44114222378,-2771535.546487149
175203.320654992,2947246.6224561334,-303859.015144065,2818590.9279670604
-35476.973725309595,15605288.898568958,-218455.3558526188,15351356.56899103
-432220.593549693,-10218484.946361423,-602995.6973906606,-11253701.237301776
-15785.39564971812,-7782523.758067608,28183.4093150869,-7770125.744402239
-255691.90872970968,-11260810.815431029,-262019.2318611592,-11778521.956021897
-207139.48974622414,-2299814.1013258994,-533992.6677763313,-3040946.258848455
-93512.68421403877,2165333.8867290914,266958.80383072793,2338780.0063457806
467464.63341973536,20865961.484069973,429785.7265883088,21763211.84407802
-73019.34148027189,200778.5914388001,-200221.7855231613,-72462.53556463309
26233.882547724992,-1829267.7479240298,320836.7889633626,-1482197.0764129423
9950.195946114138,5040698.435167253,-168595.7445268035,4882052.886586564
110057.14971630834,721719.2798944712,-397652.89873499423,434123.5308757853
197374.95287440903,16986680.409351826,73236.49499318004,17257291.857219413
259988.9586530365,-26183928.592954814,-205745.36986541003,-26129685.004167188
271045.0989326313,17525583.216895223,470901.9552279264,18267530.27105578
88360.74903407879,19367271.214642704,143101.96178497374,19598733.925461754
-12030.900663241744,-8814973.647494823,52813.44039160013,-8774191.107766464
104240.06080405787,8809982.907293439,-164651.05104214698,8749571.91705535
10860.913442891091,-15726035.087120831,-372099.649977088,-16087273.823655028
184622.93646919727,21757505.065808862,286014.3152175844,22228142.317495644
-308659.5505774878,8194474.463941306,159289.95256120712,8045104.865925025
-198514.64833943918,-19822817.186042845,-63110.63413220644,-20084442.46851449
154778.95839230716,25467622.07298085,-205336.531461671,25417064.499911487
30566.6367681697,-5748481.452314138,165975.9369443953,-5551938.878601573
159463.39966655336,9533624.048747063,175232.05959706008,9868319.508010676
244459.2848689016,-6428496.393213809,348058.6072066128,-5835978.501138294
-198733.51131329685,4328542.250182718,-313784.0056673512,3816024.73320207
288314.96569576114,-6195565.746028662,-417225.82284934074,-6324476.603182241
-33153.753754448146,17556562.964272916,433514.9787268117,17956924.18924528
104479.8861258123,3148760.0250883102,27696.28272356093,3280936.1939376835
550808.8827533312,-960322.5950268507,571303.535344407,161789.82307088748
64946.787455176935,-17857408.063647985,3048.5121920257807,-17789412.76400078
-38379.24997258745,1675931.7792592049,-24427.520440384746,1613125.0088462327
363035.42378572933,13261361.445040286,9422.64448235184,13633819.513308367
83633.99319508485,-37096729.367492944,-268353.8988984674,-37281449.273196325
216992.44194322452,-4830422.895248473,-52683.51549835503,-4666113.968803603
-194057.06601569615,2367899.4041876793,-319929.5995101258,1853912.7386618573
168114.9677040968,9143100.57682693,-299553.05025191605,9011662.49427911
447436.31353317015,-7757897.386469305,-311892.13783204556,-7622353.21076818
-239435.48919703066,3065134.8352550864,79173.00121222436,2904872.34727028
-370086.3718638439,6074037.425821006,-60866.242468848825,5643084.811488314
-288270.26692758873,-10574112.094269156,-42667.42370142043,-10905049.784898166
187578.27967010997,28010373.45552951,-137377.74232676625,28060573.992872857
51889.22458779253,-356588.63267943263,-112806.57337960601,-417505.9814712461
185299.45875899494,-4195268.929768413,629272.7611065656,-3380696.709902853
-86535.95801476948,17978447.348843187,133682.08336574584,18025593.47419416
446670.60238294676,24110364.696950316,467199.7437673658,25024235.04310063
173657.6923582293,-1625544.3093926013,-113075.89571481198,-1564962.512749184
-384353.2061235048,8184604.0999491215,149435.81325539947,7949686.707081016
147360.30513620377,7180900.850426614,50263.97806587815,7378525.133628696
129432.32459741831,1130513.776722312,25491.834182865918,1285437.9355025962
-214432.70251210593,1635788.211375177,-51480.19848190993,1369875.310381161
-312208.8400558401,9573662.862916172,30969.558545827866,9292423.58140616
-147873.49571593106,-11329567.399793565,142588.96007781476,-11334851.935431682
324751.8065912705,-78022.1088629365,577007.3043282181,823737.0020565521
51248.18182702549,-8817894.214803249,211248.54042215645,-8555397.492554067
-124319.68560273573,-6805212.364509881,-54510.21780671179,-6984042.267919328
-66805.23334202729,22907843.016631365,-266042.2495271787,22574995.533762157
256553.5872860551,22403716.026720166,39859.61928021163,22700129.233286433
-142894.48703517206,-31096314.366095066,-17505.015775173903,-31256713.86890541
-97130.90569193475,8620470.640847445,-12307.01548858732,8511032.719666922
-266633.0763003081,-15382731.173960924,-489623.6825734377,-16138987.93283467
-248444.0692606531,-12626832.988387406,155487.6368927285,-12719789.42075533
-207512.40394344553,-16965557.579677254,-49525.693404741585,-17222595.67702544
-437685.32272791304,-1955169.356797576,-354689.5806000605,-2747544.2601255495
285128.19315100834,-3169334.727846086,-74333.47648588568,-2958540.0111809634
-173682.216793634,-17862024.209513903,213553.5615396574,-17822152.86476788
-52464.13588421419,-24729938.75806561,-107525.39684959501,-24889928.29079942
-269780.8592034839,1369752.4872437716,-175820.6599566862,924150.9680836014
6047.143902983516,-4973264.358389616,340877.8890841529,-4626339.32540248
-195655.21555501036,9693629.088384151,365534.36306886375,9863508.235898005
118237.04923812672,27620512.15994215,-35973.93839799613,27702775.27078228
-154683.0553879384,-3426630.201554954,170250.17521659285,-3411063.0817262996
-498854.41190669686,16632340.600976527,-151655.85605950654,15981830.333010323
-89691.33156684041,-2244891.7391679883,-271884.5629025325,-2606467.633637361
49210.527380166575,-270810.56965744495,61851.038226373494,-159749.00405090488
5283.025761332363,-8531217.018150508,350289.67260264605,-8175644.31978653
278994.07748936117,-7999837.882263482,-436360.0346464887,-8157203.839420609
296060.81363777444,-9535800.692188233,-167477.25959427655,-9407217.138144735
-176260.33661406673,-2961636.7472364306,38711.80049496889,-3099185.2833555285
-258716.62518512085,-22939451.782695264,365874.44313019514,-22832293.96475019
-209713.2887859717,-11189759.658587128,159121.08502410352,-11240351.862348996
152563.56652207673,1242571.213127762,-92442.12319745123,1302692.6564523876
162114.00544427894,-8899744.181065202,261828.2004199624,-8475801.97520096
2552.501511838287,4603546.038833767,-219824.46056607366,4386274.079779532
-106126.9962344151,5017960.552442312,191138.12700735778,5102971.683215255
-366950.0897623729,-16308968.237037659,159171.2798428014,-16516747.04695723
427179.86164228246,-8585600.158733428,598952.5584707484,-7559467.738620397
-27620.060372762382,951328.862842381,96992.34413211793,1020701.1466017365
503267.6300698798,24358726.76188734,-180859.0579073131,24681135.33404991
193653.85652090795,-4941387.957422048,-131124.01760918647,-4878858.118510326
198461.9408895634,1481019.7311979532,116541.3960532397,1796023.0681407563
-183339.52208160236,-19069366.488940656,-457056.7750028968,-19709762.786025155
16005.06501220353,-8249266.90067789,-127249.2422439605,-8360511.077909647
-17688.956173859537,-2150376.986106485,404064.10704918206,-1764001.8352311626
-126439.76516005956,-2469050.5760295987,-196603.7434707582,-2792094.0846604165
143345.15298981965,28540535.186652243,-95161.3279664442,28588719.01167562
55471.668711297214,-2153233.630098343,-355416.56910886616,-2453178.530495912
170175.84831583872,2768532.091411829,186082.83273551613,3124790.772463184
-124694.01039467193,14868265.622895777,-176292.3859724924,14567279.226528613
20508.42329601012,7074325.663761646,-264567.83016806096,6830266.256889595
-114920.37235193513,-1219850.648483187,-538825.2625859678,-1873596.2834210899
192486.74974228814,15163737.329589188,-100994.66615782678,15255229.41317365
220518.9985832963,-7239505.896880686,75106.28339026123,-6943880.614907129
-165568.99488121457,21455492.022661448,-492179.6520534903,20797743.375726745
-392707.1529437136,4501859.017845333,57034.42191978544,4166186.2868214045
247369.42734223045,-823247.8606345654,-344872.2901337892,-920750.7234261241
-178314.58598749898,7009935.902075857,265029.072220169,7096650.388308527
-126012.11463431828,10768885.890312552,-191930.26518111676,10450943.510497117
82853.07232224569,10562241.745226085,-142354.06188097596,10502740.755667355
-300569.5288012456,-18370460.786251217,-224639.14694010466,-18895669.46199257
-273957.327839775,18282023.98906052,12450.841305188835,18020517.502525933
-187692.62803852372,-4948453.931445092,221632.186374411,-4914514.373109205
337290.34629843384,-5253114.369785249,114270.25874659419,-4801553.764740221
-96224.83321487159,-13841162.620523393,123011.28002497554,-13814376.17371329
-167227.70144419186,16970516.87774369,-196796.3792327121,16606492.797066785
180453.59622657485,9738409.050832331,-115238.54554989934,9803624.101509007
21294.798430897295,13485847.765342355,256656.84366679937,13763799.407440051
210755.50255636126,29274495.06100577,153873.15319481492,29639123.716756947
166890.54993155226,-4817850.693110704,106669.22969868779,-4544290.913480464
184346.23511477932,20845204.470772445,-3923.4753613248467,21025627.2305259
439025.9217871558,13940055.044874132,331514.09067742527,14710595.057338713
40632.61831508763,12886570.927493334,599492.5441709682,13526696.08997939
82373.01841636188,-6173188.762524486,-139052.3777116835,-6229868.121819807
63541.09729288146,-12850678.305689305,55266.93816190958,-12731870.270234514
271940.1318376474,-1972061.1392810345,316447.23333052546,-1383673.7741128616
143563.3263483774,11851763.536212623,-14793.653007656336,11980533.209553344
-164856.04104771093,-10548849.490756512,13794.6116155684,-10699910.920188654
91416.08799982071,-782389.989395082,267032.0609710589,-423941.8404242024
-329934.69549390674,2010362.4832764864,-443799.63724665344,1236628.1505359262
-436958.63651281595,20197058.11282003,-248276.19197565317,19511823.28433156
-146111.21321692318,-3091215.884722531,-215174.49829559028,-3452501.5962350443
89523.0228561107,-13400012.733686328,340272.4652061388,-12970217.245624078
-274637.7099812925,-12741454.928041458,-248276.60733254254,-13264369.245355293
110438.5041942019,-33452524.114624083,-25211.06466460973,-33367296.675094493
3744.6678878124803,5370036.200918168,-30169.595333114266,5343611.273472866
-118989.2013463974,16833328.199072182,-111071.42249747366,16603267.575228311
-374215.067664301,10978743.871568263,-454464.64936683327,10150064.154537128
75071.03923209012,-16243657.076969624,120499.86552903056,-16048086.172208503
59816.96725989692,8892248.916185737,204655.264493078,9156721.147938712
22324.866423483938,5808436.0567088425,-8233.606982588768,5822527.316149738
130915.91880746,14018797.81630528,-242861.812988393,13906851.922124347
-204139.63385946117,9121916.970376074,-28242.27017094195,8889535.066345671
320405.018563319,-8014770.872990876,-370694.5220270306,-8065060.376454588
-160828.30044530518,-1633676.071986556,-478479.64357251674,-2272984.016004378
-35687.13165987842,-3609163.2452922463,-330487.804936789,-3975338.1818889137
76811.59957517684,-851856.1866488457,152984.62709473073,-622059.9599789381
299087.1275414154,19262088.404676437,363685.84473484755,19924861.3769527
-118475.57209425047,-851083.84139359,-76103.12150126696,-1045662.5349891074
-303652.46316662617,-17778432.682627708,-575574.6537854373,-18657659.79957977
-155663.42680878192,-10265035.915050656,-395527.86574576795,-10816227.207605205
-72442.62238200009,738715.8432835639,40042.32531821728,706315.546219781
-48434.13172814809,2264674.393881738,135971.3062330112,2352211.5683866013
110109.06766245514,6672977.473292232,51138.83408279717,6834225.375037484
79734.16647446156,1821571.3459035158,-217392.1933736205,1683913.3190043569
524030.7213879656,8700618.028708458,-40486.77328759432,9184161.97680883
108866.3762129657,-11450303.829316199,-563275.6310539991,-11904713.084157232
118161.24826559238,-966447.9459235072,-48776.52107407153,-897063.2187319864
-120176.16170990467,752992.0979832411,-575557.5494155511,57258.386857785285
-37450.093181114644,11143673.589933783,-300645.4606002793,10805578.036152389
189657.1123762373,-2237435.993094802,452233.4710519314,-1595545.4096666332
166407.01188192703,18259876.55584407,98829.33665705472,18525112.90438305
-87578.42958151363,-11255182.657362282,-85296.52944740653,-11428057.616391202
-60887.13239912689,1006651.4105732441,-432130.8240862861,513633.4540878311
-186689.35023085773,-1402740.7939706445,-47098.79332951456,-1636528.9375310168
-356887.49230372533,25109164.848388374,-319626.5842534229,24432650.771831226
47735.48351621814,26713282.45567736,-187082.6418151632,26573935.297378413
-23695.59971909225,-7227499.46495682,-115016.200638704,-7366211.265314616
278697.65302003734,15178212.032048851,131125.67149949074,15588035.35656838
190544.96411813982,2884085.0380714536,-111400.9557378143,2963229.046451779
-132751.38247058354,14666139.613759816,295548.6430928111,14828936.874382043
19630.279786117375,-4749311.879420996,-232227.10125637054,-4961908.700891249
158428.20276502334,5997383.793554425,-22871.85675189644,6132940.139567552
-187229.142292656,-3990610.315343797,-49886.11467888951,-4227725.572315343
-370655.961609561,9287247.136301637,-859795.973685354,8056795.201006722
228999.96115727536,-7136698.366116703,50054.429506748915,-6857643.975452678
-341968.8583597578,3100395.577230096,-412188.34005250037,2346238.3788178377
-336531.6886791028,4810059.233277738,-433772.2320795283,4039755.312519107
-400269.20800813474,-160763.4234291017,-190351.66151061654,-751384.292947853
542842.0727478843,-17166355.35473579,626779.2325023264,-15996734.049485581
-219533.05444571003,-23791284.335443884,-53207.37059871107,-24064024.760488305
-459755.7750288043,1421381.4158532023,-111358.29868909717,850267.3421353009
-43880.24955151789,-9207300.908455908,-376560.0293195471,-9627741.187326973
85202.99158848263,19552790.09259075,-21139.67380490899,19616853.41037432
-266423.248069657,7020070.64394483,230357.80336661637,6984005.199241789
14854.30130453594,3298529.9546688795,-81448.76360938698,3231935.4923640285
487272.1959152557,16999710.17828101,13678.080537930131,17500660.454734195
-125253.85991306789,-3262832.48399657,-207142.22054041922,-3595228.564450057
342243.133742515,11038817.573175848,448226.45045842975,11829287.157376792
257304.24569261633,12948460.558615565,273713.19163317233,13479477.995941354
661299.2831778768,656909.8416599333,264881.5416504815,1583090.6664882917
-149902.89845541865,-14550263.965688705,32560.507218152285,-14667606.356925972
191905.66004504077,12202487.850294381,276939.2442277223,12671332.754567144
126591.8122401759,3448249.262831986,-184643.93700937927,3390197.1380627826
956761.9277440291,6043289.943945199,142388.23118835688,7142440.102877585
-20152.116990314797,3940818.2251188755,-15457.355200998485,3905208.752927562
-238275.01929668896,12370773.103217661,-410687.5235441774,11721810.560376795
343324.5906373989,-5516653.2382929325,67410.10004705936,-5105918.547608474
113438.062272802,23141065.413727462,49179.628885142505,23303683.104885407
-91604.21645328403,-2093476.5196150541,205114.30048429966,-1979966.4355840385
-114346.87983821891,17927793.817120403,-29553.023873507977,17783893.913408674
-200103.38334563375,19349630.136327803,-318479.22997023165,18831047.523011938
55433.90276552364,6323185.130146503,-211290.62728194892,6167328.405630078
-194746.14394309,2005690.0323602855,-101149.12373064458,1709794.764686551
743885.7215585224,-9148438.461442113,430238.44382475317,-7974314.296058837
101995.05172876455,3934007.3882418275,80325.45357388258,4116327.8935444746
39504.871500702575,-11172500.568796337,-197240.3950331658,-11330236.0923288
137298.14899890125,-4589705.689437658,-6037.853648714721,-4458445.394087471
377356.2753944043,-12410654.258572519,187672.39986477047,-11845625.583313344
119744.5335239917,-17300311.104640573,253175.3277489394,-16927391.243367642
166121.35596158542,1571828.053497076,-116211.74831092358,1621737.6611477379
-210432.45828410238,-7750929.830463529,-324072.313502647,-8285434.602250278
102896.29064534977,735058.279461652,-169195.5963179469,668758.9737890549
-281647.38052719645,-11440676.01983118,-299563.451779142,-12021886.852137519
-83516.28118720464,14618989.38572511,58939.39675322175,14594412.501291128
107983.18466739729,-16984702.137908995,38851.705287218094,-16837867.24795438
376082.3733911514,-27625143.64660126,302716.04298029095,-26946345.230229817
-121546.46997636557,4375556.426583469,-176877.97951354831,4077131.977093555
319715.00558399595,12923961.881132841,-74138.24432384968,13169538.642392987
97545.33095300198,3974823.581728846,-79066.08765804768,3993302.8250238
-223835.26070467941,5284432.662672758,88033.75372833014,5148631.155696409
100628.68920725398,-18632773.65049556,255268.34093244374,-18276876.62035586
23967.434260459617,10584664.762101918,202896.97050654143,10811529.16686892
-103871.52022927254,-13347054.626461327,-15231.53847064823,-13466157.685161248
159054.26590421796,2758087.2269316316,-46147.43216573447,2870994.060670115
-126460.06513829157,-5339031.636012256,430400.23163987696,-5035091.469510671
54695.780303213745,21503780.980950713,136991.54047549516,21695468.301729422
59192.29798091948,27235356.169332445,68103.56578400731,27362652.03309737
12609.452421208844,16237941.531297654,60734.52181735635,16311285.50553622
249541.37891328894,1765359.916243434,-187243.23630917072,1827658.0588475522
433529.4840292074,16023877.582080722,357944.9253468588,16815351.991456788
-249670.7548313476,14015977.138081431,-219232.03393606097,13547074.349314023
-146538.49662253074,2405597.456104517,-386252.26879921556,1872806.6906827707
-11684.342577505857,-3446214.194765419,-479145.9037153125,-3937044.441058237
-264650.4344543833,5511590.503735095,-383271.4142049551,4863668.655075757
-4174.266124330461,-3783642.820434898,-273593.18850027025,-4061410.275059499
-54963.84139600955,-18603838.73259133,39671.58724036813,-18619130.986746974
432874.26515481435,-2577019.2619464397,607080.7746915892,-1537064.2221000362
-261288.34859307855,-1323268.6440219283,-392055.1393286586,-1976612.1319436654
139743.9499549903,-3833087.1257053614,-101857.69185218215,-3795200.867602553
-190706.94658199884,10488107.717427671,-49221.6498079896,10248179.121037683
76896.91760684177,4864273.608148754,-132133.32206486166,4809037.203690734
285547.41370536946,-2260663.0234256983,647778.5639193654,-1327337.0458009634
334168.81641522236,-994797.9857251942,-198613.31929465383,-859242.4886046257
-300592.34175872244,-26071992.932228923,-253098.64296061546,-26625683.91694826
-42938.79055191949,-24293301.597793043,218897.84126521647,-24117342.547079746
298125.8577734679,13819596.355623782,122787.45374689996,14240509.66714415
-448299.18347774446,21076498.139687985,-318813.65902713686,20309385.297183104
22238.333304969594,-8285836.452880144,304019.5770316273,-7959578.542543547
-331769.0648653712,26968912.83799252,-443820.5615938157,26193323.21153333
-49819.45688849315,-7735991.9865214825,-117711.27346111834,-7903522.716871094
496030.6922765393,-6943813.700483531,395299.24308326095,-6052483.7651237305
249953.18571081944,-4365455.126809359,82837.61754677445,-4032664.3235517647
-223972.66710252687,1341103.8812675476,-765915.9141772836,351215.2999877371
-15199.565159978345,-17679794.718173385,154090.98485522717,-17540903.298478134
192595.19091383182,20808761.808629155,-5329.851141318679,20996027.14840167
73976.15961872973,6011343.468146801,274322.2513178289,6359641.87908336
-164641.08264627308,7413881.89906913,-347367.96271935105,6901872.853703506
302213.9700095579,17262441.75203377,-87280.08373381943,17477375.63830951
41319.12391793914,1740664.9160465896,206462.89110995084,1988446.9310744796
223146.4717611298,-16058005.859838158,231555.37415724993,-15603304.013919778
-217996.5789676383,11571818.694798887,-521157.9610591829,10832664.154772066
-154015.88253614493,-6165687.633182466,-22798.445395201445,-6342501.961113812
144962.2844689507,12972877.668177575,122698.6261266321,13240538.578773158
-268159.8106163647,-6880509.512518644,74991.26190129668,-7073678.061233712
17266.62981882505,-9888430.690099478,-135062.34614842385,-10006226.406429077
125204.3596276883,14450590.63722992,307567.28021502495,14883362.277072633
66603.31821508892,-34872755.72242159,-125159.90592654794,-34931312.31013305
-283518.4647466615,13635249.424462438,-149632.14627736062,13202098.813438416
-241167.23132462054,3853839.825978279,-64741.42327341437,3547931.171380244
-109284.19373646006,-5094017.103889227,-814578.5274896473,-6017879.825115334
200479.09930951707,2449888.6652067006,179038.37712482363,2829406.1416410413
-15305.653818542138,-6389897.796023428,-573912.342081204,-6979115.791923175
-107338.5511746332,8944889.30851072,235118.74011250585,9072669.497448593
141635.51517341845,-5447154.982840031,-172173.2325079441,-5477692.700174557
163753.4840236213,-14766773.669851422,-147194.37279851735,-14750214.558626318
181672.17091316916,-5258401.269013643,-84692.56949404627,-5161421.66759452
343870.34234572016,5580024.326191813,619179.7399272174,6543074.40846475
-93.31773023307323,5095473.071320415,-166908.03155449778,4928471.722035684
-97337.554204911,18471473.86692649,-81324.12931734324,18292812.183404237
125982.58171808161,-2503927.3546286523,475479.386559926,-1902465.3863506448
132662.55785091966,2548901.293346882,-19660.587031558156,2661903.2641662434
-245537.6211521402,5578747.897232175,40201.3408767432,5373411.616956778
-69391.61739790067,12377309.909110188,335709.850282073,12643628.14199436
189219.89480426162,4470941.380933464,157544.14621913433,4817705.4219568595
-554039.7731509395,-10339521.162827134,-507145.08863622695,-11400706.0246143
69395.9896681048,15355386.67805624,220659.71747603267,15645442.385200378
-82738.21494488232,-1750119.6677255929,-16161.130943588912,-1849019.013614064
91891.6277220361,4246037.325631827,283598.8198299557,4621527.773183819
120186.3690551389,-1294116.8271015882,-60239.7117472291,-1234170.1697936784
21943.458058537915,4180273.675732374,126115.88021303713,4328333.014003949
-228100.2246112805,-4671475.38819921,-872151.9225192145,-5771727.535329705
228005.17456197552,-7541027.287184238,1670.0458610132337,-7311352.06676125
-25416.79433229007,22866902.823404253,-302638.21637365967,22538847.812698305
-20331.232062384486,1060392.2540394664,-167405.5662657842,872655.4557112977
267541.8053011894,6508051.127085924,-105263.90037235618,6670329.032014757
53239.45596848428,5778185.6302073,-89490.70539554209,5741934.380780242
40645.08022855222,-738965.3719914556,-36396.92327836156,-734717.2150412649
160950.5972803086,-7893507.142575026,171329.8554847762,-7561226.689809941
228992.42552151158,5071308.693567157,174980.43346825987,5475281.552556928
103745.36999606341,10326469.982185543,-231438.3897153437,10198776.962466262
-256558.76781283692,1593716.9146026373,-59586.573593482375,1277571.573196318
-25556.209043283015,25504339.069405794,456749.4459163323,25935532.306278843
296981.192637112,-10949979.435134023,241495.07910472155,-10411503.16339219
-49801.529137142,-16734078.879730463,113043.45941976458,-16670836.94944784
7204.887107381597,-4434991.695210636,276081.060434863,-4151705.747668391
-17361.150833982974,7400188.902753413,-194159.53376291692,7188668.218156513
143127.9730364103,13988744.084889889,13298.42110697925,14145170.479033278
187291.15112392418,5798327.844775438,-243394.95958168805,5742224.036317674
26535.97913389094,-9397110.296870947,-326052.8430262506,-9696627.160763307
-104973.75753541477,15456161.738965094,-71593.25946454704,15279594.721965132
144139.42575419322,4918436.761596978,136196.8914353028,5198773.078786474
44955.269259413704,5275465.832482517,-247363.99778106064,5073057.10396087
-59364.61315897852,11210617.411193788,-112904.87902858853,11038347.919006221
317685.4845365789,1777679.81898427,26350.463999912143,2121715.767520761
463081.8888423294,-1595924.4491092563,621770.9568209499,-511071.603445977
-134902.44247281924,-9207119.728092223,-295797.88338027894,-9637820.053945322
129986.69847380184,11909496.269065052,-31810.073312319815,12007672.894226534
25865.028289260343,9726873.296984136,-347041.4004772231,9405696.924796173
214515.7058415953,-11437912.204497278,161046.211508438,-11062350.287147244
415322.9401587248,-9513867.81689012,-240614.5538142547,-9339159.43054565
86036.20422950201,12372743.489187121,-13254.926881238818,12445524.766535385
204585.35560705513,-1055128.384049505,-344317.643583484,-1194860.6720259339
-31234.74472837895,5657532.3919612765,-184854.12703660876,5441443.520196289
-183718.6713996008,1181534.477213025,249192.36564570665,1247008.171459131
39765.49729085155,4161751.515403986,-57279.9739568606,4144237.038737977
-306110.6103150137,3149139.063718617,-1603.2798837572336,2841425.173519846
-198469.2867035754,25214899.002325,-211655.40522313118,24804774.31039829
-92166.50862953626,9944543.615694225,-83808.37438577414,9768568.732678914
-286262.13019828126,13036302.567231238,-165676.1633875817,12584364.273645375
583470.3171421234,-4833366.826225609,412440.76813744754,-3837455.7409460377
145725.06787474826,14765341.870891929,135959.84442142397,15047026.7831881
-193513.7961813137,3359230.4535770416,-508055.3716458678,2657661.28574986
-190269.12847855128,8567202.353008598,106691.95446525514,8483625.178995302
-119073.2927384749,8071843.266898781,-365451.0384456068,7587318.935714699
9598.050670752302,1009946.0817978382,-257159.98653568327,762384.1459329072
-228186.6569995936,18586090.137191623,-373312.61767590046,17984590.862516128
-92468.25946832262,18643012.269370317,451654.5640619248,19002198.573963918
231634.2968644444,-12208139.542253256,-227674.3091878146,-12204179.554576626
-102148.91872609407,2610614.5667119026,-92982.14583826065,2415483.502147548
341207.502309002,13703147.721892476,-176978.4649154842,13867376.759285994
179873.4122547768,9268484.230312198,603271.1146187708,10051628.757185746
-66278.3197997678,10691485.439902544,478703.18729934096,11103910.307402117
-271956.02436722815,-3399677.8102742434,-134043.3998927772,-3805677.2345342487
-125910.35480514355,7839685.798819661,-28348.26215337217,7685427.181861145
297523.05816709436,-4920598.150464833,-96929.49176776409,-4720004.5840655025
37039.96894358471,6407215.503679872,84862.10907527804,6529117.581698734
-632149.7702081427,-5624989.575952202,152342.4512066245,-6104796.89495372
-60926.36889836565,-14934195.698476642,-502149.80741268396,-15497271.874787692
209960.5274029728,4880088.004414111,-444345.44351424277,4645703.088302841
124605.93630166538,31530091.338709414,57496.92378014326,31712194.19879122
-8506.15997097455,562.1395438909531,153492.05979657173,145548.03936948813
-6688.50052478537,-14732247.210545689,-380232.58265665174,-15119168.293727126
-257094.92990103364,-22386091.969429076,-51441.03048159927,-22694627.92981171
-100016.11947936751,11540234.025982708,-144197.3496798426,11296020.556823498
-171229.8664008025,11822496.55373764,-441154.0169418603,11210112.670394978
150326.16034770012,-8434504.128343284,161657.2484422922,-8122520.719553292
79903.37508121505,-19991067.924060464,-265158.35812304914,-20176322.907102298
-243036.06759517267,1646738.8637301922,-16456.859244272113,1387245.9368907474
-103215.76637723483,-3519006.6038763523,415120.5634837523,-3207101.806769835
128185.0959475115,-17178475.937479675,-285770.54813954234,-17336061.389671706
206789.20685150474,16220774.57105583,-134335.4085701704,16293228.369337164
-204077.53107057884,7936411.833391696,-435705.7057149857,7296628.596606132
55891.590389030054,-9278619.587832332,215863.21775770187,-9006864.7796856
77139.35383999161,9234441.518541753,201203.26892514527,9512784.14130689
232681.03651226498,9030471.268508554,394223.82625920326,9657376.131280022
-100826.19718082622,3387337.5134034157,-74423.71512556821,3212087.6010970213
-191711.00945149548,17991842.995411932,-330702.9094943702,17469429.07646607
-55084.652574744076,-16393610.842812002,185964.65753619373,-16262730.837850552
328544.1253483668,1303124.802152127,-22889.41987606883,1608779.507624425
255956.23486124538,-2213361.911930144,-55594.58665346354,-2013000.263722362
29541.181508537382,-16093895.930271864,-252188.05363729596,-16316542.802400623
-16933.97703623958,5089919.880556911,-216971.33483709395,4856014.568683578
256198.4929131735,4458760.711423337,512123.79472360015,5227082.999060111
-36658.942166360095,-7043963.674625844,-117646.37452829629,-7198268.9913205
24771.886006867513,14756096.613912523,118639.49647708237,14899507.996396473
119221.14385023713,-5349344.3175973,86688.39843736589,-5143434.775309697
-12830.306022301316,-12067666.182159245,-247053.1917538792,-12327549.679935426
263653.92755632475,8414505.682273626,711035.6244342178,9389195.234264169
-597189.9064548314,7139487.522892356,-616238.6865254194,5926058.929912105
-172155.35648598708,12867766.154832423,140693.78071314096,12836304.579059577
48444.42964151502,-19705543.905946553,68324.71116903424,-19588774.765136003
106663.06195943803,-4002096.601585388,133926.02919240296,-3761507.510433547
-397877.87266485393,-29556204.663051546,-23732.334587186575,-29977814.870303586
-341964.80300293304,-3703587.30580765,90134.83408163488,-3955417.2747289483
2738.8403732981533,14208387.512648076,-141391.3663314879,14069734.986689886
167236.15889540128,-16341184.881814837,298610.5687444955,-15875338.15417494
-81521.4197653085,2376562.8338247538,-301752.16815400124,1993289.245905444
-561835.6778329443,8049226.1959267855,-292727.1746407747,7194663.343453066
47233.40771157108,-1927555.9333991408,-409388.9847602397,-2289711.5104478095
23238.342229707167,6858670.407949209,-133043.37048282474,6748865.379696092
310377.7122958563,-1651986.4168794453,-185242.66471957415,-1526851.3693031631
302336.3725732099,10531720.36466688,385154.91562871635,11219211.652868805
644692.352195058,-22666410.34475726,230656.531833902,-21791061.4607283
426033.43616081215,46246444.38998258,-674139.745089449,45998338.08105394
186452.72501672246,-13469853.727840245,41617.05964932591,-13241783.943174196
159788.27821167745,6992731.053054959,10507.843847855926,7163027.175114492
-16049.608109876513,14445077.540959954,111223.9835672006,14540251.916417278
147371.37082516588,-11124788.892527342,479928.38694505394,-10497489.134757122
-399116.52397899516,-618718.7684929967,-339987.68494187295,-1357822.9774138648
-179779.91931486316,86734.77616345882,-279740.3984539807,-372785.541605385
128854.08775415085,-12478148.6061728,-346078.16172376275,-12695372.680142412
-254428.0164050795,-15377635.978385478,-735067.0578015596,-16367131.052592117
306077.3567350805,6200980.56826508,281210.86040996015,6788268.785410121
-130369.76996656507,32600796.93948555,-334230.31810525805,32136196.851413727
-293450.4592724554,-5984033.176333755,-599119.533557497,-6876603.169163708
155643.1481729392,-16994480.673222184,186250.95834235102,-16652586.566706896
-99077.62795957737,13902335.699670464,97656.43051422387,13900914.50222511
225933.37520645745,12745251.254174232,369274.5618667826,13340459.191247473
-198297.87967354804,1241080.8627701402,184446.31516106427,1227229.2982576564
-41072.07144054957,-7288502.550726891,-124282.49668758363,-7453857.118855024
-268196.78812499344,17539860.856382906,-423311.60486813635,16848352.463389777
-18706.009176678956,17691884.990119398,-189456.45655830204,17483722.524384417
-201134.6952017434,-19348130.70826596,-358260.8472674489,-19907526.250735153
-348164.66538605466,-4194684.843664408,47074.4121254161,-4495775.096925046
-291330.10214439034,24782831.297308147,168739.3534386456,24660240.548602402
-121211.05966713466,24244605.07015848,-170322.72858452797,23953071.28190682
-2724.772107884288,-19065061.080961585,-564827.1218194366,-19632612.974888906
-47482.701683221385,16000681.654334337,-175076.29636155814,15778122.656289557
91298.84306232817,5802837.834154606,-97727.34475411475,5796409.332462819
344623.3394997325,9156879.71908164,321417.90391874313,9822920.962500116
-7901.709182396531,-12277953.371228129,114484.23262302577,-12171370.8477875
194557.62835306674,6641783.157703906,-87998.98240683228,6748341.803650141
324380.4393555261,8421701.402153313,196774.48829585314,8942856.329804692
-151926.2801518049,9793705.852033913,137681.97864256054,9779461.550524669
-10589.90010466054,-4975331.79948014,34928.370611436665,-4950993.328973364
154694.8414067719,7826237.048386693,-175878.6206964776,7805053.269096987
63505.23075939529,9486375.909233034,-138153.99461393058,9411727.145378498
-53225.76666421071,-890103.6486913562,76984.36297723651,-866345.0523783304
-160264.8867034372,20211786.94181806,-672472.3221208304,19379049.73299379
223133.17183317244,-684124.4999406338,-330635.7975579798,-791627.1256654412
-204806.3501435332,-5109695.938729405,124380.22375676036,-5190122.065116178
-276228.4486302063,1566400.8944442868,222898.09419430047,1513070.540008381
-35064.85466169566,10812289.8318035,242386.00714169443,11019610.9842835
-61662.56258419715,-1225153.008717686,92298.60261397809,-1194516.968687905
-86837.84610516205,-13327789.92926696,293950.9491444826,-13120676.826227639
-272662.4455331825,5579778.26502499,-211403.88411345333,5095711.935378354
235513.86629465222,11727000.003967166,334680.99927603453,12297194.869537853
-25631.669981548563,13679140.461466253,245925.4030456245,13899434.194530329
-156764.39665282145,-1438843.6037207842,114534.95176950097,-1481073.0486041047
62501.02299372852,12217427.022864342,-13988.298735618591,12265939.747122452
-78608.59049420804,8143007.918791801,136534.34448982775,8200933.67278742
-462360.44301879406,13275147.75055325,-389449.07005161047,12423338.237482846
392301.9501726348,10554873.330484748,-137935.55330462754,10809239.727352755
-249922.3934231773,-5215757.750502825,281587.4816149175,-5184092.662311085
54818.03908075765,3759460.669068992,90955.21888487041,3905233.92703462
71589.98774802871,-3122933.4942467213,-358159.6800204441,-3409503.1865191367
-303217.77967178635,-19409352.33008629,200502.44502575696,-19512067.664732322
29470.195639193058,1917715.6497131586,34875.2005006969,1982061.0458530486
-294344.3360787742,-2515750.3850277066,-262085.56726785004,-3072180.288374331
210961.9376813788,14885822.111999959,-261270.22733177245,14835513.822349565
100232.55870009214,-10809369.648581028,84097.19730267674,-10625039.89257826
-31664.658494517207,1397865.5756967068,67066.88964231312,1433267.8068445027
17673.85542837158,-2421137.8350302577,-216121.0625293851,-2619585.042131271
173597.5445749741,4239452.4151088,40190.59642962366,4453240.556113398
-180516.9521168489,17215010.72106096,-214852.7347689718,16819641.034175143
145466.86293949932,-8022505.943538964,-393821.6116890907,-8270860.692288555
-78247.1094492171,-15390318.826639116,532921.2345486805,-14935644.701539652
-126262.5822390262,193985.02030557394,340623.0345704034,408345.47263695113
-133785.92427974194,3983370.2134022713,-298015.1210499704,3551569.168072559
-370356.61834185384,3842204.4914848804,-1153759.7017854303,2318088.1713575963
-138896.86166345887,3949922.883071184,341677.0671579242,4152703.0885656495
-10683.245859757066,3143243.074504435,-131296.45272167772,3001263.3759230003
166767.55648703314,24607333.215981007,786243.822868757,25560344.595336795
79722.13639650494,-6852471.23600176,-213007.2243296504,-6985756.323934905
-19077.324160911143,-2999335.4188664854,-106000.11517134309,-3124412.8581987396
-176606.39027760364,15911419.761311293,-353474.8120059967,15381338.559027692
202102.57163568027,-3083653.749335885,14179.046100467443,-2867372.1315997373
173302.66539943777,-9601526.394287676,132489.32050977647,-9295734.408378461
474666.6277390886,3669660.493612826,279926.64397183806,4424253.765323753
-15354.859949667007,-3750491.515833378,148463.55443123728,-3617382.8213518076
205265.13438821957,-503004.39374023676,612.4755118340254,-297126.78384018317
108413.93397965096,27304307.946136057,170484.62683547288,27583206.506951183
329385.9899405204,1579933.1774148047,24539.442087084055,1933858.6094424091
-364650.03462924436,-4759736.596110284,277679.54004494846,-4846707.09069458
99560.31897033006,2110153.875337571,268526.7387166172,2478240.933024518
257686.962772727,-19428270.804656684,232400.0060023293,-18938183.835881628
65196.82323995605,-1258361.1531518698,36208.46414279193,-1156955.8657691218
-106490.65299357288,-660830.5787837505,411147.5666946247,-356173.6650826987
196329.33274226263,-2740252.0889801383,317311.56996703893,-2226611.1862708367
-64513.31113476679,-18075314.51182574,330726.2338747978,-17809101.58908571
-71453.9946557004,-9579090.615658313,201834.08928170055,-9448710.521032313
-205992.7527197972,-6485166.451545596,54856.59658845514,-6636302.607676938
492246.55527521484,-5813619.760344565,37169.74071443826,-5284203.464354912
-245479.65511145815,1635984.9760498106,-177991.56219157577,1212513.7587467767
395909.31274391897,9876589.754449159,239533.37294798344,10512032.440141061
-66880.71432334185,-10078358.527847499,-158809.6750131473,-10304048.917183988
17375.69148988463,4104561.984994769,189540.11814807355,4311477.794632727
535582.0628762785,6871088.651765883,326311.2032292932,7732981.917871455
185304.2505385056,-12148947.693852246,-116898.06440664083,-12080541.507720381
-56587.612022077665,-5287882.792016447,-311426.1532808691,-5655896.557319393
217292.62277337536,-23579647.84734559,356288.5289496705,-23006066.695622545
6832.610823227093,-22750026.710298926,173364.0831866488,-22569830.016289048
222655.12527679838,-11390270.710385531,741261.5313119292,-10426354.053796804
91260.86990536004,8073853.154782891,-231139.83058343083,7933974.1941048205
-141013.54376081005,17271621.944229662,379102.0648212284,17509710.46529008
18764.30842543207,-11980875.412737936,-26675.59809614718,-11988786.70240865
121123.67699892633,-2224408.932447672,-474955.359544456,-2578240.6149932016
-56689.010244078934,-3844551.47057727,53886.67934432626,-3847353.8014770225
-212619.20295372978,6403127.358790964,555205.7673239708,6745713.923161205
-18683.43912583217,-2265424.9696591496,46834.40634511411,-2237274.0024398677
71467.0044397302,-9341882.04914558,-130734.14764018357,-9401149.192346033
-310896.3699802235,2514385.769383341,136126.17031585425,2339615.569718972
-182014.62211293727,-6467624.3602464795,-222839.0359684676,-6872478.018327884
-76317.94017924368,16801025.71543342,286603.8800536841,17011311.65530786
-123677.98106824048,-11563030.735311002,-198885.3216536343,-11885594.038032876
291462.9348557163,-7572486.895293355,-177679.90012641996,-7458703.860564059
162872.5368857272,-11429656.798180312,-130891.58357406408,-11397675.844868649
-169170.4934178777,9219653.972816229,-189504.72397308052,8860978.75542527
-150950.36115266196,-11401654.174402893,393932.745008789,-11158671.790546766
-355171.8868193161,-7026313.938137472,288031.0402712822,-7093454.784685506
-221219.55504190736,10476953.823231876,-174422.07929855585,10081312.188891413
-63856.526666978374,-5059535.109331012,-492772.7226260379,-5616164.358624028
135953.79742751457,6722357.524479359,11389.241429284215,6869700.563336158
-42497.537129659206,-5155446.411994517,-263340.5634139553,-5461284.512538131
-341274.51551122405,-11855186.689853907,-345668.5741842985,-12542129.77954943
134782.79980273545,10386726.148905993,66336.74005911499,10587845.688767843
14248.490552265197,-481857.02357411385,-284825.7726539001,-752434.3056757487
-224502.86179245263,-16263714.107450128,-234103.91367348284,-16722320.882916063
-471832.3770867605,-3192901.56587252,-674836.6320734844,-4339570.575032765
115059.81546531245,16592102.742585003,-167557.3248338923,16539605.233216424
-285101.0849774461,17819646.588576436,-275525.7841053158,17259019.719493672
-141599.03290626034,7500478.225657165,-20338.18747908622,7338541.0052718185
-229587.97987113707,-5555214.569075674,-269820.0125437528,-6054622.561490564
-305758.74793653935,-10403821.250869662,43754.18282672018,-10665825.81597948
-203759.586733846,-2884484.940593958,57615.40928144753,-3030629.1180463564
222110.9709334541,5434127.342153788,-128117.65234319866,5528120.660744043
198877.64679594338,-6892666.455093384,330691.0628963709,-6363097.7454010695
237387.28101623803,7266152.005397558,387822.6245546788,7891361.910968475
98249.67177220806,-1197325.8270997405,-81449.73162074387,-1180525.8869482763
300954.39331423305,-5145147.307525724,110921.02013470978,-4733271.894076781
-185569.4203655515,-10220820.614500225,-425028.71381880343,-10831418.74868458
-46929.22444719821,-1830010.8242864013,258927.8021370545,-1618012.246596545
347245.86979891546,-13980289.407727778,-166747.1990292892,-13799790.736958152
323111.5312774144,21687301.732655823,378109.19073836505,22388522.454671603
156137.3892939575,7247945.3463281095,-61966.450578674674,7342116.285043392
-185897.6062117424,-16058361.007089436,84271.69276282936,-16159986.92053835
76883.96940628439,3447725.309656799,-254848.25753611326,3269761.02152697
123501.67142846435,-17753275.111224294,187329.30708501488,-17442444.132710814
-59398.654316518456,921175.2312923372,-234306.48797109723,627470.0890047215
-64519.478246513754,10798426.319381714,-274725.82448761165,10459181.016647588
-273845.13305913657,-6981843.080262363,217910.86775128543,-7037777.345570214
44524.02318290807,-2504844.801293522,265375.5251782015,-2194945.2529324125
-423047.84523463435,-7159872.485061675,-27078.02283618599,-7609998.353132496
103127.21000388637,12942304.740315318,348593.129824765,13394025.08014397
-144538.43437665142,44199810.75387573,-326043.24754333496,43729229.07195575
-184040.53643093258,28209728.042518556,-10678.392102651298,28015009.113984972
-282242.15416446887,-4771731.823149979,161039.39382590353,-4892934.583488544
-106057.90500978753,-6782313.370940268,179315.63123913854,-6709055.644710917
-82371.85561476462,-6179807.915936083,16945.4039388299,-6245234.367612017
40442.52240608819,1367469.7392872572,-199221.33330190182,1208690.9283914436
169649.78262925334,17279515.283168912,-39395.374590069056,17409769.691208094
143689.44162826613,4165252.577799976,676973.4822040945,4985915.5016323365
-126510.63782445341,19995518.745900035,-73203.29591569304,19795804.81215989
-76195.99928423762,-6230645.64258486,-56347.89505816251,-6363189.53692726
158595.77218000218,-6599970.75930053,33037.22718466073,-6408337.759935867
426537.7176638786,3180705.6725531816,208328.73883491755,3815572.129051978
130419.96099820547,-19341537.746096194,86439.24755883217,-19124678.537539154
-7386.86425794661,24167285.30823949,38737.35076453537,24198635.79474608
-236926.10379452817,-9549717.836377084,251779.74588258564,-9534864.194289027
-188428.44555507042,-6625527.667641103,-289617.20857165754,-7103573.321767831
-171364.21162423491,-5227311.133165538,-719900.2631701604,-6118575.607959934
-71911.66989103146,3475460.6049978733,398019.5423553586,3801568.4774622004
-23026.822993485257,3084522.799152881,168439.34099520743,3229935.317154603
56038.17646883428,-4128056.5433906317,-60716.89980895817,-4132735.2667307556
79254.31996062957,-22867577.771998525,270941.74105903506,-22517381.71097886
109479.81175166741,-6376013.882331818,156150.13222517818,-6110383.938354973
-274227.67394967005,-3068429.236986071,-38510.38356099278,-3381167.2944967337
33922.55107740499,6495005.430699468,-377235.6395255551,6151692.342251318
-76664.74093763344,4537940.549778938,380607.1367048919,4841882.945546197
-244788.36717676744,-17782231.28505984,244197.30422142148,-17782822.348015185
-89586.25609572418,-1286202.391173184,-266337.57923814654,-1642126.2265070546
-7483.689141588286,22629169.107960343,-151061.7041054368,22470623.71471332
-10513.519897405058,-3991759.86561507,172306.16778223962,-3829967.2177302353
-307995.80676256865,-12530664.699843138,-116467.72012429684,-12955128.226730004
176742.6815156415,2639395.022482753,306914.1343730539,3123051.838371448
-66812.93412573822,-12776675.36426583,-14553.802669242024,-12858042.10106081
-271407.92692343704,4428783.519610286,-71847.56835122406,4085528.0243356247
63901.920186359435,5685056.493801564,314620.9873010516,6063579.401288975
-209656.55613075383,3011462.974725485,-448908.7432859987,2352897.6753087323
79459.68015183136,7599812.259683073,297193.92701646686,7976465.866851371
379688.6036217939,-4451647.46205771,420777.6258394867,-3651181.232596429
139710.68663948588,-10668155.843207031,104978.99653302878,-10423466.160034517
414894.60463601165,-6740747.489967376,110568.46717171371,-6215284.418159651
59248.25412324816,-2721580.882054299,-51428.19362477958,-2713760.8215558305
201761.15602469258,11647562.767310053,57702.78585357219,11907026.709188318
-174053.70279829018,-10757828.043059647,398015.4156458378,-10533866.3302121
92154.24064351432,-979135.5210436583,-99072.20241446793,-986053.4828146119
-190775.08484498784,-839884.161178112,-114094.45751585066,-1144753.7035389505
-57718.03671051562,9851456.976485103,64032.9916684106,9857771.931442998
462379.8990902696,-9430505.253860056,-450552.5809223354,-9418677.935692122
-131867.00735708512,4417635.004401445,105902.09716326743,4391670.094207628
188501.8007087931,7304492.162715077,-207220.7743202597,7285773.189103611
-190028.8360302858,4402364.035784394,-276344.13444083184,3935991.065313276
114265.413734233,-4764988.550033748,40544.623177573085,-4610178.513121942
-159188.2041935008,6201020.223700762,-89623.94133289158,5952208.078174369
-85262.97708776966,6380390.551310211,-42304.86116865277,6252822.713053789
114208.5412015412,12693329.73213476,104596.52042543888,12912134.79376174
-286065.9742089864,3258102.186579585,-279748.03239138424,2692288.1799792144
143715.70582699403,-9259056.343315601,-504307.6013296321,-9619648.23881824
34538.470367159694,7381242.427126586,-249059.2682018727,7166721.629291873
31561.88442224823,-14796857.803259999,287709.4707811326,-14477586.448056618
18949.98143431358,-10522965.061317295,-399173.1332963705,-10903188.213179352
322834.3460901454,7038180.678427339,272811.21188272536,7633826.236400209
-412982.1281809509,1612805.5602967143,-49236.55883105844,1150586.873284705
29699.216014120728,-9903273.98194635,101060.73817406595,-9772514.027758162
195032.9955459889,5443542.177150816,255968.61103633046,5894543.783733135
-74390.89433365874,9435370.18792063,-595428.2231586874,8765551.070428284
3768.136286990717,4154016.527676046,-17469.7650847286,4140314.898878308
-178490.06153527275,-2038312.2174029052,-134349.43458344787,-2351151.713521626
-293311.7947498672,-7795320.22696209,-194847.8459701985,-8283479.867682155
-53850.767473142594,-9565781.815582693,-180707.10276535153,-9800339.685821187
22306.13715523854,-2433648.5708227158,196216.32348246872,-2215126.1101850085
220554.23385450058,14128676.362030089,-306839.5076815039,14042391.088203086
6728.242151841521,10987395.012681276,-419399.50620958954,10574723.748623528
543535.4948510155,11106282.468209505,247523.8915874809,11897341.854648001
-133063.36801656336,-7541845.855873555,-298083.6154540479,-7972992.839344166
105808.39161768556,12406193.641177475,324766.1201079339,12836768.152903095
301042.8981458768,9819825.782328635,-172262.95555207133,9948605.724922441
68159.36918152682,26374424.04214385,112079.12777443975,26554662.53909982
-128869.23936353996,676599.3243647218,-185652.48687060922,362077.5981305726
110360.31156271324,16391803.826212466,-150323.0369138196,16351841.10086136
130049.96051880345,9982838.499716818,-200816.86971043795,9912071.590525184
-200592.5819616504,2904773.4522185326,-105336.31184023619,2598844.558416646
294739.5558473058,4911120.179456532,76530.40436332673,5282390.1396671645
-30121.963997371495,-157987.6408533454,-238635.87606502324,-426745.48091574013
-368127.0685190521,-203710.69833350182,-482607.1334756166,-1054444.9003281705
-196614.25891113654,-3552925.845334798,70545.11051905155,-3678994.993726883
-237183.20928944275,19469464.491737366,134631.01977080852,19366912.30221873
-82624.18769834563,-14527983.887059331,2940.187388032675,-14607667.887369644
79304.31443823501,-3680590.70510605,-132859.7111491412,-3734146.101816956
231594.09529922344,9006636.450202286,-370787.3725761175,8867443.172925392
174843.68261426315,-17115684.185030818,142284.6311840713,-16798555.871232484
80038.97933562286,1283080.9331354797,19826.236757032573,1382946.1492281351
-205318.6781494096,-626715.823919177,419052.2716495469,-412982.2304190397
472018.11290083267,-7492884.322644651,387128.8120058477,-6633737.397737971
-279023.56133398786,-11955472.742729813,9611.860848270357,-12224884.44321553
-185827.294114789,-4075492.426772326,-136512.09077462554,-4397831.811661741
-128521.87103100866,7556306.616191804,-32406.02846942097,7395378.716691375
-388068.1233448386,1537940.5977180004,-67091.59488551319,1082780.8794876486
-334836.94051266834,-5723052.607809246,-148889.87578697503,-6206779.424108889
52207.01126738265,-10704905.158184588,503995.1328318119,-10148703.014085393
-151636.40641724877,-15024663.645755142,68815.75623084605,-15107484.295941545
-146677.98147149943,15414777.20910561,-373805.8082676381,14894293.419366473
35653.09660453349,1654587.4452689588,58336.63063112646,1748577.1725046188
-209871.1699380111,-6571552.831291854,-26610.92344274372,-6808034.924672609
-453412.786209302,-16358960.181556582,-196511.9466425553,-17008884.914408438
128987.67941339314,16740983.690095782,237090.92093045264,17107062.290439628
238063.77517428622,-15661584.2317079,-67882.34265007079,-15491402.799183685
-359569.6361509152,-7109973.838153839,-272740.4063555077,-7742283.880660262
-250812.96980131604,13575730.616749585,-10081.37673316896,13314836.2702151
264591.2033393495,1796152.6320637167,437913.1478392333,2498656.9832422994
384602.75807452574,-10534039.226837337,28293.498994864523,-10121142.969767947
-5432.952185569331,-3661090.334143698,-374063.5242245272,-4040586.8105537947
12317.722048107535,-9055897.291378558,-75948.89070385695,-9119528.460034307
-103414.93169765174,10590115.181012094,-127247.33690106869,10359452.912413374
88527.6035900712,7586443.561349392,-68913.41231420636,7606057.752625257
-134931.55614064075,19548484.82606268,-396486.90358319134,19017066.36633885
91618.39614853077,-4358893.820143878,73393.51795699447,-4193881.906038353
-14616.589544402435,9265575.936421394,-72410.1287959814,9178549.21808101
-46010.67386861332,-18126762.233887672,10440.48865158856,-18162332.419104695
279603.38980522566,-22236152.39453429,386065.4095207229,-21570483.59520834
47446.149222636595,-16904016.693471014,-370425.50310078263,-17226996.047349162
61399.146215468645,2079207.7248635888,-240615.45846052468,1899991.4126185328
54473.293149275705,-12774278.404927611,324525.52335812896,-12395279.588420207
-267991.11637726985,-5655983.32405293,-169392.5357557088,-6093366.976185909
-361769.6299559437,8013745.0024549365,197227.9791147858,7849203.351613779
-126005.60078644194,-8325769.920615494,-168493.37635719776,-8620268.897759134
-175542.49438437633,-3056145.0481848717,-583841.209305279,-3815528.751874527
124925.09749768302,22138569.407489598,-215711.7180161327,22047782.786971148
-111276.22671731375,-19444298.065341294,429877.6875732839,-19125696.604485326
68163.25860867463,-8400283.345787764,142629.25038085878,-8189490.83679823
21928.606693556532,-2128777.4176897407,-428681.88013988733,-2535530.6911360715
-150928.55377073213,-1876693.4601989388,-331371.32453896105,-2358993.338508632
-215126.50778156891,7686475.508323967,-421227.2672166079,7050121.733325791
-395388.36144610867,16314233.315709203,-164612.29510499537,15754232.6591581
31979.948039704934,3817188.520542383,12988.225054055452,3862156.6936361436
227024.10619974323,952074.1599635482,-193964.9780683592,985133.2880949322
354056.8177275583,216242.53139054775,197006.78935886174,767306.1384769678
179544.16354140267,12743494.418394983,9398.826546631753,12932437.408483017
-37242.23525731638,-545170.3445675671,271897.5724868998,-310515.0073379837
307289.3549276348,-23272104.466370344,-1210.4599512591958,-22966025.571393967
-168065.2170769442,89052.46096023917,-87543.73468351364,-166556.49080021866
-21314.2573728282,9910398.881548315,-80149.85553432256,9808934.768641165
-203750.2959462516,-4929984.963024914,-357799.29668812454,-5491534.55565929
83799.6726257354,-4546916.045424193,-123775.80668269098,-4586892.179481149
123085.51888418943,14736301.581093252,-238075.28863655776,14621311.811340883
-102300.44661378302,-3152741.139574766,-207684.99552969635,-3462726.5817182455
73168.3013193775,7421241.502313018,4417.072362855077,7498826.87599525
119177.82679697685,9559300.302659363,-140234.7045572102,9538243.42489913
147418.27497348934,7899937.2792318165,114534.33434221148,8161889.888547517
60210.59364370629,24395821.041976005,-534720.7167074084,23921310.918912303
-69735.26046238467,32108758.928179175,-528990.6641218364,31510033.003594954
-152701.94167846255,154876.25217723846,48316.60558884591,50490.91608762182
-160412.37794875354,10183098.352384627,-235873.6775985211,9786812.296837352
-269015.25119251944,-4263771.224778831,-183066.27079619467,-4715852.746767545
180796.94410394877,-15565105.489753842,-201553.49581616372,-15585862.041466057
12608.974755583331,4880269.118278086,-596761.4092579931,4296116.683775676
-148139.75324798934,3445094.9733065963,-469202.59183737636,2827752.6282212306
-119479.74218739569,5933216.3722575605,14909.316220238805,5828645.946290404
249883.40805365518,-2117022.8826429844,98563.90264137089,-1768575.5719479583
10447.48953271471,-20255260.44251716,118943.78430459648,-20125869.16867985
18424.858021749184,-6671219.304229856,-190134.0365343541,-6842928.48274246
175559.33063971065,8018333.075751185,-16640.59989579022,8177251.806495106
34977.931913249195,21059788.530940354,49585.71232396364,21144352.175177567
443422.3182208892,10167205.457802653,-75614.51187598705,10535013.264147555
45731.410105425864,-29748.93341857195,-185172.38553258777,-169189.90884573385
-65723.31271426752,2097685.0045085847,256626.64836631715,2288588.3401606344
-51835.143433995545,-1668916.487576723,-55201.78659892082,-1775953.4176096395
324545.9487359002,-10752536.350482166,244142.38693231344,-10183848.014813952
95448.82163790613,-4953915.658142984,167047.71552701294,-4691419.120978065
90196.11572423577,12830985.866540253,242148.0023674369,13163329.984631926
-29940.588251709938,-11515487.806116313,-148870.518096745,-11694298.912464768
107874.31754420325,2445518.56676051,-49120.323677286506,2504272.560627427
-58023.55536177009,2282048.537115872,-159118.47717623413,2064906.5045778677
256899.18283642642,-1941274.728645295,-62068.816690310836,-1746444.3624991793
-54428.33311328292,7451835.418204159,252649.65818942338,7650056.743280299
-210724.82397792675,-5299895.223275304,17519.12357147038,-5493100.92368176
-22765.3122208789,4852556.0149997175,642901.336327143,5472692.039105982
-387774.2344335746,6808701.420294285,-158311.04030447453,6262616.145556236
-501338.46343239024,-19959639.264006197,-554098.5444645137,-21015076.2719031
-97360.44758097269,-17481066.806916952,244960.57125648856,-17333466.683241434
-86011.67652273737,19498507.235060573,81898.10485140234,19494393.663389236
171523.97797146067,4903871.329962611,-205386.3009787053,4870009.006955367
105598.60647732392,8250659.495179236,-110502.73934572935,8245755.3623108305
21741.379868421704,-17620641.08173135,113508.48829118907,-17485391.21357174
124647.13883771561,-1741174.8729799688,304737.36585618556,-1311790.3682860676
174908.9956317041,-9458120.394725144,585465.7568696663,-8697745.642223774
-67911.41823713481,13141831.584498823,-51739.06466091424,13022181.101600774
-164612.19399002194,-1819414.8355090916,-324900.24138969183,-2308927.2708888054
353420.91114046983,21479859.160304666,304523.59085698426,22137803.66230212
233687.43970680796,6388255.46906507,11204.682436041534,6633147.59120792
-263512.8569020424,-4172684.076028168,448259.3480723202,-3987937.5848578904
-209084.7871804461,-6722889.621249974,-138491.3031785637,-7070465.711608984
312264.1055967491,-16276594.41276908,323243.4020589739,-15641086.905113356
75948.21142972633,3202114.6133239567,279264.0882899761,3557326.913043659
90532.21103531308,14578381.22543317,-141822.61323784292,14527090.823230641
-272398.7197687235,1965235.5709939003,-121660.11355348676,1571176.73767169
-390629.9652877357,-6412105.20678997,-446727.4084008783,-7249462.580478584
-277199.1497618668,-11029539.608845323,-306032.52697805315,-11612771.285585243
69142.92741568014,-8487529.689486086,-377415.50449154526,-8795802.266561951
233785.18738351017,-18706966.145564258,104843.61058434844,-18368337.3475964
258988.72786033712,1508345.6708530784,228216.1851837188,1995550.5838971343
-160014.33667121828,-1328463.4330206215,-177750.00381124765,-1666227.7735030875
-228558.8416281473,5685535.531553566,-350382.5774401352,5106594.112485284
234360.17998335138,-4180701.4428038,-128832.00069519877,-4075173.2635156475
339019.1288700104,-5829134.175851464,174216.3902998343,-5315898.65668162
8646.399225883186,-2677220.798787296,-86211.00195629895,-2754785.4015177116
-168170.7352224812,510045.9369172752,-286805.2365234345,55069.96517135948
52257.73309961334,-5958749.183514655,76933.04846911132,-5829558.40194593
-332490.0766465403,-14515986.140705228,169440.12706650048,-14679036.090285268
-255379.18274824508,-6718479.015393376,-474738.0584330261,-7448596.2565746475
96417.0491251275,31556371.923374146,-78455.16552630067,31574333.806972973
211743.61570574716,-6201055.164741576,-115280.86908967048,-6104592.418125499
359687.9082877394,6227189.594231099,-36399.383405670524,6550478.119113168
458995.23763826303,8495353.019886672,-37830.16465474665,8916518.092870189
-220571.58328149468,17345249.297724605,-74718.32761064917,17049959.38683246
-165728.32910759188,-17594206.551853538,74151.01848525554,-17685783.862475872
-146241.90239944495,-793703.478351295,-258855.52314692736,-1198800.9038976673
385403.674489215,-2988616.9164063036,334559.3170431331,-2268653.9248739555
69060.8075538706,-11715077.50520289,197807.06634197384,-11448209.631307045
-324662.6866242904,5271098.405724764,-113766.7416786328,4832668.977421841
-67149.4690506924,24964733.484315574,360766.1900655255,25258350.20533041
-225459.53781694174,-7338191.320781201,39250.934023588896,-7524399.924574554
253588.0357464105,1238705.1249108016,-53922.17565087229,1438370.9850063398
-133160.0616010893,-6648441.931186259,14789.413337565958,-6766812.579449782
461243.10266581364,7013593.096358776,-641534.1593260244,6833302.039698565
17228.450806833804,-1960702.9213498533,-252604.20580679178,-2196078.6763498113
591705.927873442,16091077.564959168,316229.5342108086,16999013.027043417
70459.91955914721,17417694.741881788,-267299.74379603565,17220854.9176449
179632.2196353469,2509002.8074689507,24711.30739892274,2713346.3345032204
63989.94139437191,9281666.883711547,821027.5257376358,10166684.350843554
42093.5644452814,8376313.831994116,-6835.192041322589,8411572.204398075
134054.85099345446,14979399.914254248,-142048.36656586826,14971406.398681834
283483.8281767778,-2298127.655960679,-170178.40925993025,-2184822.2370438315
-38394.01954452321,23630288.384453475,340096.4933019653,23931990.858210918
-107806.85353628546,562972.6754463911,59181.60324512422,514347.42515522987
116037.9726143647,-520026.2358458638,-502343.079171218,-906331.3424027171
-185161.90809257142,8189624.934007287,-52995.174378827214,7951467.851535888
22716.94239014946,16776649.18308556,466593.8259586543,17265959.951434366
-189976.11698647775,-15526073.633142173,-302001.86803491414,-16018051.618163565
-84289.76966124773,-12574916.809107125,-35273.53738807887,-12694480.116156451
253229.61749091,1940897.3820391,-198358.94880121946,1995768.0507287905
-40913.71906644292,-4269836.29782173,-298902.7642808035,-4609652.781168977
-328957.4183250535,1042324.5205347538,540355.6791369617,1253722.781346662
82125.01001819968,5281240.635225773,-423706.2284635827,4939659.41678039
21545.429630663246,-14657554.281272024,212593.52443359792,-14423415.327207763
-48063.96290369518,10933249.817943841,-564911.2007384822,10320274.654301664
-112730.44863057509,14206067.518193662,131471.7250560671,14224808.794619154
-190613.52071165107,2158319.303632438,82330.64532753825,2050036.4282483254
-82863.09943998605,-3305049.9237876534,-375024.2439159006,-3762937.26714354
56648.1053820122,-225014.8433624804,56857.247610755265,-111509.49036971293
66177.04784071445,-17218834.55297959,-505099.31894723326,-17657756.824086107
-13725.436362549663,-15644666.159294426,-183037.73809684813,-15841429.333753824
-62689.32936971262,380209.4300492704,325871.1310978532,643391.231777411
167430.95925036632,16880593.199674785,547222.5737118721,17595246.732637025
269895.92935247533,3074081.621042669,533762.0324106589,3877739.582805803
-340271.8501155395,5751392.552356899,-71296.29525995255,5339824.406981407
-23285.355207098648,11579141.434879184,-76348.60342179984,11479507.476250285
-231504.15808956698,-15599675.506510973,-130348.6582455188,-15961528.322846059
23522.103179926053,7202895.015992165,355351.55947764963,7581768.67864974
-264407.803420173,-15308464.759783447,-412063.1911122054,-15984935.754315825
310544.8090440519,-21471801.702195883,260998.47073324025,-20900258.42241859
-48347.22928582318,-5677476.208847761,92025.19440647215,-5633798.243727112
-134420.8589201048,16307231.193612456,88743.37613421679,16261553.710826568
69098.57261597179,17863390.737227798,-62173.58028113842,17870315.729562633
-108263.71923991852,11112320.653595239,321003.4821013734,11325060.416456694
-146004.23969127983,-8367214.594223261,-557770.7316768542,-9070989.565591395
-170886.54822264798,-2714422.296996057,-186558.1419146806,-3071866.9871333856
326290.23768733814,36594785.72165328,808463.4655852467,37729539.424925864
34987.956172246486,-4140395.3308956623,7097.503501586616,-4098309.871221829
122883.27877077274,17541238.010969937,376382.9484645575,18040504.23820527
233056.05326139927,-102927.7284463048,-390086.65861302614,-259958.33379793167
301764.88139799424,6650481.714461863,142178.1601313725,7094424.75599123
-262798.16236551665,15268453.752849996,-148415.00950862467,14857240.580975855
-179586.5117954705,634201.481254369,-227966.50661063194,226648.4628482666
560182.6988507286,-1972886.464616686,233590.37370155007,-1179113.3920644075
-301159.4016326964,-13003862.407891333,62081.48458931595,-13242940.324934714
-147004.37232258543,31513150.749955267,-102215.54149135947,31263930.83614132
302254.20806378126,7547303.696766257,515157.26724626124,8364715.1720763
461277.87931553647,-10214099.383865386,446893.24692600965,-9305928.25762384
-3211.579136438668,-3488489.4497156143,-129654.18949340284,-3621355.218345456
289532.9493699353,-4378491.847602487,-4123.853145763278,-4093082.7513783146
-67438.58024016209,13670899.43131584,155982.47470857203,13759443.32578425
-184414.7247444708,-14379381.932669222,-188811.69222305715,-14752608.34963675
70964.44630926847,28805322.123835504,-108503.82991291583,28767782.740231857
104431.42025703378,-8388735.580522478,389250.51446418464,-7895053.645801259
50782.73845744692,-16027785.087827086,517377.210097827,-15459625.139271813
10317.013710165396,19049346.751571596,-315103.3449213132,18744560.420360446
186907.0921557285,-1558565.564091742,562023.6676513851,-809634.8042846285
-322196.1919104643,-16735886.527794093,-278562.5146689713,-17336645.23437353
386627.72811865807,-8189988.398307979,483125.51045457274,-7320235.159734748
87819.77087198012,17050621.49842775,210352.54297546297,17348793.812275194
93906.8937953338,294518.0907230973,192583.36723336577,581008.3517517969
441935.50242424756,-3281769.7576916516,86517.32532966882,-2753316.929937735
-195771.04923869856,24881854.226507485,-504998.4624087885,24181084.71486
-272904.60263118707,-5504235.886677265,-100348.80444037914,-5877489.293748831
-443447.410731161,-300597.44496279955,17188.43534679711,-726856.4203471635
404982.65465379134,-11103501.344124854,451092.5508196652,-10247426.138651397
-46173.139428034425,-34603958.06459063,234686.65536475182,-34415444.548653916
-3746.6747630648315,12586173.490946233,-426350.79366943985,12156076.022513729
-1629.167585970834,9039867.356845409,-21334.054567046463,9016904.134692391
39114.531381797045,-7381538.056045413,245496.6243019253,-7096926.900361691
-44636.83157096431,-5877541.989395767,138773.6529955566,-5783405.167971175
29595.853272834793,2775740.28837049,-224818.0840581134,2580518.0575852115
221191.2436587736,9459573.387417644,-197772.0857032016,9482992.545373216
-261939.48040553182,7775627.461559445,-499488.03119372576,7014199.949960187
116439.00389782712,-11121967.074431658,307010.62307980657,-10698517.447454024
69625.80311212502,-18487998.298463106,-21268.338906794786,-18439640.834257774
136841.93522199243,22321017.382312953,240301.96078700572,22698161.27832195
-167812.82756728865,-15657072.361990064,-244349.89831893146,-16069235.087876284
241578.48159198277,-15145920.415418386,129538.06660348177,-14774803.867222922
90939.32021584548,-5751169.27910313,99030.34625227004,-5561199.612635015
-15898.912914659828,-19159105.341755748,22894.740169003606,-19152109.514501404
-459316.260526469,11138790.984675765,151006.90228586644,10830481.626435162
-384788.06136291847,10739723.057669759,-316492.230071269,10038442.766235571
-259881.25217966922,6332551.420246899,248960.986624375,6321631.154691605
228282.26191756502,7326916.4312928915,-160583.2237316519,7394615.469478805
291474.1828814298,795291.2083348036,172672.8813374564,1259438.2725536898
-200918.87815674022,-8612381.67555058,-257052.6623590216,-9070353.216066342
-73844.9704994671,16129568.66109693,-209755.96909227222,15845967.721505191
404302.8598401472,6562981.937667608,100352.8744231239,7067637.671930879
-272055.2847048305,10144920.336219966,133344.41633741558,10006209.467852551
-37830.651273852214,2414531.2386178374,-4346.242466449738,2372354.3448775355
23141.721005950123,12096049.094259381,-208484.86586931348,11910705.949396018
-29487.411372363567,962979.1462245584,-1337.787216693163,932153.9476355016
-92122.52888796665,20769188.91036415,-219734.71731045097,20457331.664165735
-337734.2703320533,11119503.62084952,-419909.8541746661,10361859.4963428
269366.5837054346,-5464790.524272889,68065.28651067615,-5127358.654056778
162846.07112479582,-7333615.964372963,188076.36868026108,-6982693.524567906
-415532.6825097501,1194489.7502647936,-459796.6884584427,319160.3792966008
32924.72441493906,-2873118.7395945787,-30521.45505285263,-2870715.4702324923
-104370.73312227428,-523674.7438786626,85383.79576621205,-542661.6812347248
119825.19890106842,-8621650.132211238,-87345.49443857372,-8589170.427748743
-243176.65882814303,1585650.6662433147,23465.012766122818,1365939.0201812945
59148.72069775872,4247304.814265788,27541.631226420403,4333995.166189967
-381903.95603378676,-12347254.611430228,-326733.93384512514,-13055892.50130914
195349.4050125759,4896214.184508741,228421.85439445823,5319985.443915775
525429.7852669526,4973076.155993104,235785.7045673877,5734291.645827444
114294.63395201042,15382304.394294977,-33881.964080803096,15462717.064166185
304070.1142145358,15975883.16601801,376766.6782833934,16656719.958515938
129780.32974912226,-6166747.841098428,-403656.16085903347,-6440623.672208339
-180358.594399957,9232108.465722919,-180085.24876942486,8871664.622553537
-288406.6906780414,-7661308.548529446,-53023.92566160858,-8002739.164869096
-113559.84737546928,-7952690.42126137,40144.923917301,-8026105.344719538
562101.8881555051,2854085.850492239,665667.7840856016,4081855.5227333456
52695.12712784298,4598460.026502252,-49190.219844944775,4601964.93378515
-463854.4154615924,29616164.34084782,-128751.15129119158,29023558.774095036
-88024.33046589606,-2942883.448375076,180936.4496898502,-2849971.329151122
33369.53050773591,13885153.40694043,145385.95783421397,14063908.89528238
-107309.76323499344,-3881349.524708748,-270854.4401823953,-4259513.728126137
205894.26470080018,-9912594.12601477,211557.0092894286,-9495142.85202454
-113834.92910596915,-7680420.680196017,-506874.241414018,-8301129.850716004
-9409.41903488338,-21090869.61497742,-180107.6266900897,-21280386.660702392
173036.2994556129,12985392.178304851,11946.471789337695,13170374.949549802
579693.0066423491,14730364.046314508,253288.4290726632,15563345.48202952
-1459.581237282604,9779044.47748959,-158976.6914352849,9618608.204817023
-269427.1281455625,-2872026.873189211,-464200.9269595742,-3605654.9282943476
-403183.60699990205,-17744975.76719767,-102096.37275134027,-18250255.746948913
-194127.54287856445,11667849.043016493,-552820.5249251425,10920900.975212786
194086.58991526254,-22917659.09822911,-138970.69840376824,-22862543.206717618
-319325.34031207487,-4446504.44433403,-424730.1198721826,-5190559.904518288
179197.93482009508,4781824.858246088,288432.680651173,5249455.473717356
-174811.83326487988,-2237917.687984824,78934.04365113378,-2333795.4775985703
329467.0525742043,-9167296.401440233,271651.6157667339,-8566177.733099295
-151976.6030141618,7118486.752160966,-553758.6723248959,6412751.476821909
481555.08992335945,662412.336089015,93750.67918033153,1237718.105192706
-202440.99863415025,3049170.0414169133,-117519.85117348284,2729209.19160928
28921.328746754676,2565256.460323274,357442.7400136888,2951620.5290837176
-195975.77033550665,-5266316.479898363,333942.3022555113,-5128349.947978359
110539.50303231552,22341428.2817505,77307.04165451229,22529274.826437328
194289.17707381025,30576324.623568952,-15514.049577370286,30755099.751065392
-26665.16993652284,-4394404.362295091,-347219.99696561694,-4768289.529197231
138698.95903456584,1668211.2659475505,59501.725713044405,1866411.9506951608
-295506.48336021416,20524405.37342581,-54345.649051845074,20174553.24101375
-252418.75664911792,10700559.78250587,-317757.72835077345,10130383.297505978
13117.134879669175,8766022.326838553,-349926.0172584057,8429213.444459816
139866.90246678703,-2966004.981836736,-450061.5170772597,-3276199.596447209
425463.26032558084,-17781181.851383746,365339.75864109397,-16990378.83241707
-125975.16145925224,5920109.282993853,-13095.597024984658,5781038.524509616
-50989.336411602795,-23510969.997804463,18112.970072478056,-23543846.364143588
277137.9771635067,10094694.107041419,-99035.44571374357,10272796.638491182
-326927.1509954743,5095851.6975008845,-408425.8393223807,4360498.7071830295
-454221.9711731002,27765.75642129779,-453915.83800680935,-880372.0527586117
195782.7819187157,-8902779.434308976,228866.58127446473,-8478130.071115796
201954.77105769143,1822257.6567219496,94893.53628715873,2119105.9640667997
-101621.34696884826,-3819045.3200291395,-173303.93461984396,-4093970.6016178317
-65512.03216057271,-3319088.5860607624,-131664.5050933361,-3516265.123314671
-240252.03475460224,-5769101.40194875,139416.90277325362,-5869936.533930099
343151.24754617363,12381575.870283216,232789.21359685808,12957516.331426248
282168.21209685877,27572510.41323608,529066.7276197374,28383745.352952678
-144751.46694228612,-14070646.937774867,346277.03137017787,-13869121.373346975
-201355.07705598325,-1637637.86229676,-353680.8344899863,-2192673.7738427296
-72983.55432635546,-6863074.402837038,86751.71611826122,-6849306.241045132
108559.64136068895,22980653.3331939,356085.2405942604,23445298.215148848
-200648.6259074025,-9610534.26166758,-132131.73505891114,-9943314.622633893
587959.2303074859,-1774029.9560633898,83324.73563271761,-1102745.9901231863
78548.29959122464,16883259.221611112,-74621.02083643526,16887186.5003659
418806.9178464059,-7750467.923235536,547270.0155920088,-6784390.989797121
-32935.0269191768,12726591.603780359,-350145.3837560341,12343511.193105148
146763.07955668494,-14017544.422628611,-30499.896248817444,-13901281.239320744
-100245.49785535224,3488288.0391927958,-64606.97833647579,3323435.5630009677
107978.36797316745,1650967.140060097,489108.8724340275,2248054.380467292
195719.2543064542,1943597.5518669784,58058.305834531784,2197375.1120079644
252916.1078377068,5172324.42272681,350874.86670110375,5776115.3972656205
3871.217492857948,13093906.721312702,-227145.3355793804,12870632.60322618
93841.90209275484,-1308644.1173332334,150790.9439972937,-1064011.2712431848
167768.59343235567,11121485.965715498,80491.66568598151,11369746.224833835
-238702.50759615004,-15334165.4585163,-306838.1712759286,-15879706.137388378
386093.76593584195,16227258.340082586,547167.6076812893,17160519.713699717
132382.3422436826,-3340181.336660266,-37104.558181770146,-3244903.5525983535
-21416.089884836227,-5837720.530202806,-436227.04411707073,-6295363.664204713
150014.49322944134,-1335356.3216308653,272771.027452752,-912570.800948672
-51162.681765599176,-5117450.927818835,178002.12085238844,-4990611.4887320455
97142.71465525962,6314928.673346162,-4474.741341523826,6407596.646659898
198208.50183408707,16054496.084422886,263658.9701722264,16516363.5564292
169128.44550533965,13729389.120167017,-399050.10959980637,13499467.45607255
-171116.91664229147,-6605761.720208824,-107757.74177963287,-6884636.378630748
-6404.580699898303,-16320225.173696011,376400.1742981598,-15950229.58009775
-206600.24852465466,-13339447.080283552,-339503.2826114744,-13885550.611419681
117184.98066734895,12373578.192764103,96306.81765175611,12587069.991083208
-95628.3479628358,5564228.3455501795,192224.4399932474,5660824.437580591
-135083.81406219862,31924068.141893893,123192.07994279265,31912176.407774486
6156.008273500949,19929289.853178978,307652.12429335713,20243097.985745836
57998.847917009145,-9116025.832178116,168387.3392173797,-8889639.645043727
-75114.08315729536,11876638.495762825,-220279.24510326982,11581245.16750226
-38157.892273185775,-21452156.288308144,85170.09701360762,-21405144.083567724
-169768.78783414513,390153.74438911676,94035.66044662148,314420.6170015931
188838.43782487698,7172519.061410129,574753.8421842754,7936111.341419281
161549.9670574218,-6648534.866703898,57713.407904818654,-6429271.491741657
323999.9605050143,7673087.84615162,333288.9815368727,8330376.788193507
335616.1762284208,-26199047.517395556,-106062.12199904025,-25969493.463166177
-27160.925693113357,4527777.721311331,-271994.1230589971,4228622.67255922
13440.177763629705,8293737.673521727,-82101.79029212892,8225076.060993228
-229891.52031723037,-10598928.662107348,-350355.5482021868,-11179175.730626766
26886.91507808864,-6706846.333942473,-247914.04745170474,-6927873.466316089
-321339.4341814779,405025.1575060487,-482958.2484327853,-399272.52510821447
369178.61726351455,5382195.879537284,101902.93070228398,5853277.427503083
13771.878377599642,-2615043.186994672,619687.9574913532,-1981583.351125719
-133007.55382582545,27887492.206627727,-126585.36633519083,27627899.28646671
369665.60888024606,6693186.777171105,-501026.2726742476,6561826.113377104
-457923.3270671163,-12501173.473300219,-164440.61026196182,-13123537.410629297
-89280.80860221013,-14903635.096750617,-216971.87799131125,-15209887.783344138
340297.6869317256,1639002.3458475769,-297921.8803192675,1681378.152460035
-136981.14670750126,-1110951.1927562356,-131.0630613192916,-1248063.4025250562
-352624.0730985366,1699080.870114416,-101664.9483250156,1244791.8486908637
-292376.49055575207,-743129.9097341299,-130553.21453562379,-1166059.6148255058
-161411.93892034888,3299980.3288226724,96840.3406766504,3235408.730578974
91541.0080249086,21467125.51299739,465332.72739866376,22023999.24842096
-272471.22436020337,-6177296.786798239,-407724.8525388688,-6857492.863697311
341308.138211688,-9797854.567358375,562365.9095387831,-8894180.519607903
316469.71993086487,-647111.7826700807,372591.9700694233,41949.90733020753
219495.8628605008,6266787.704199165,-150098.38976650685,6336185.177293159
372333.1342325341,9742623.466538072,279272.70438452065,10394229.305155126
110788.428308798,9449458.757335067,-335556.18324770033,9224691.002396164
548630.4036903381,16896573.541680425,192051.6191709563,17637255.56454172
200228.9994301349,-21676146.253069073,300986.4343067631,-21174930.819332175
432119.0068333633,16537974.702676535,304691.5787331164,17274785.288243014
-89658.70465660281,14160020.855049103,-256860.85821502656,13813501.292177474
103068.94543516822,659418.3301818371,179510.0181973949,941997.2938144002
-287931.50181245804,7230474.789189577,51073.373119816184,6993616.660496935
-96400.43365384452,210623.85346907377,-64129.86188481748,50093.55793041177
135633.80749738403,-5363340.7797397375,267122.5921930373,-4960584.380049316
113697.16381211579,9197465.815683395,164463.80570354313,9475626.785199054
20188.43634682335,-8015763.302962214,77426.74905646592,-7918148.1175589245
22466.257720256224,25966975.427950323,308983.8585665673,26298425.544237144
-57512.6473948136,-21645969.289254338,-91856.47326756269,-21795338.409916714
369179.1294765193,6743579.429786056,-154849.5147223249,6957909.044540251
196461.91923384368,37376578.51003629,-202192.04652820528,37370848.38274193
284194.5481406003,-7106239.467074871,-207738.06654339284,-7029782.985477664
254335.90853232704,15768791.068721801,-269332.06966953725,15753794.90758459
409274.1744186841,9941999.360507727,445456.88364421576,10796730.418570627
139120.10872436874,-5239655.352799118,-157189.77605688572,-5257725.020131635
503702.58769431897,2008750.864160478,372607.91920321435,2885061.3710580114
153842.18584222905,5945014.100696951,447113.2956571877,6545969.582196368
186893.67033600248,-23046168.500806212,259550.72873991728,-22599724.101730295
-93345.90617548116,-17203681.490371585,-170644.0960167423,-17467671.492563806
94815.10632224195,11290826.067768693,533865.3278604895,11919506.501951424
-51310.61370493844,-10316466.332770199,224879.823773928,-10142897.122701209
-338970.0304230284,-4666186.631718576,-568996.1078338027,-5574152.769975407
-262061.6849726867,803202.6547822356,-184511.75041610748,356629.21939344145
-19688.33609282039,12080918.143268585,179503.96423900127,12240733.771414766
-138012.08774298616,-13006563.036235273,-45914.399926133454,-13190489.523904392
74186.5600389652,163963.3771865964,458871.09339013696,697021.0306156985
51935.179671378806,4233019.956068873,129655.5580001548,4414610.693740407
284934.15243120864,-19936559.281520754,946326.9460040629,-18705298.183085483
-137129.43024241738,14416861.985562503,-80747.78797464073,14198984.767345445
266828.6012304947,21182824.19148636,-38852.537880942225,21410800.25483591
-496486.9175162893,570314.420268178,-433057.8003070429,-359230.2975551542
-110155.18042177707,-12105903.678163916,-53500.27857352793,-12269559.13715922
-308821.45962869003,-7718090.419812232,-210535.7499550432,-8237447.6293959655
-15499.436932789162,-5255990.421178579,-626653.8501991481,-5898143.708310517
422364.72303874604,-18954521.57942307,646454.448840335,-17885702.407543987
-10755.344368284568,-14984781.750805736,-111985.30580601096,-15107522.400980031
-145100.79651224613,20575395.10725358,-335827.89669674635,20094466.41404459
265258.1629357431,-15655643.166645646,-173850.18503929675,-15564235.1887492
-33574.96999511868,-10617232.997564197,-250362.01253388822,-10901169.980093203
10896.505927685648,3635011.693631232,354186.8466808796,4000095.046239797
-481371.92472867295,-8061242.041759908,-200292.64830714464,-8742906.614795726
333001.6867598463,8150571.856330752,191863.26058284193,8675436.80367344
-232673.05586485565,9522712.52478081,-177892.8373139128,9112146.631602041
15971.06658779271,8614938.422861457,386279.17636377364,9017188.665813023
-530771.1479578298,15095048.140126646,-698332.3592558354,13865944.63291298
559523.3291851506,19660861.85216424,483280.82660698146,20703666.00795637
-44752.913728836924,-150451.33623114228,-80599.78631801158,-275804.0362779908
-68375.85636337101,3637007.667288959,167358.50695712864,3735990.3178827167
52029.931562626734,-21463238.153760344,122046.20298099518,-21289162.019216724
103309.53389348835,18488583.281541884,90652.27683749795,18682545.09227287
-10639.9246960897,-1838153.8994316459,-221425.1514910534,-2070218.975618789
-405005.7532410659,11091354.019750357,-413414.32593882084,10272933.94057047
-52873.3125967551,-2089927.8435373902,134358.11985078454,-2008443.0362833608
150967.55693340488,2997003.7835868,242.76303750276566,3148214.1035577077
285183.23223319836,-7248785.486963928,54450.713816307485,-6909151.540914422
5342.587041579187,-8803877.486442506,-314699.0533722341,-9113233.952773161
157013.9866029527,-8028442.765446186,107121.5375815481,-7764307.241261685
-466392.6482338421,-12142948.406572878,-10331.528632074594,-12619672.583438795
-277348.7139865309,-3162382.9011824727,-787838.3678495288,-4227569.983018532
-23891.494677927345,-4095349.0606507063,-133440.87596627325,-4252681.431294907
-5419.381446661428,-1110141.8173276782,319822.72002311796,-795738.4787512217
119905.71227932163,13552780.751422048,30196.579288437963,13702883.042989807
15002.666662389413,-8283818.591068685,-229375.77236445993,-8498191.696770756
306648.7385559939,-28330881.172352463,-116843.986902453,-28141076.420698922
-345607.94811432995,-443570.1446503699,-172194.2357660979,-961372.3285307977
-61992.43422067724,11877307.423980713,-61816.52090765536,11753498.46885238
117703.06279759109,1601963.8903222084,-160220.52367494255,1559446.429444857
438741.73450737074,6608685.138153315,127339.59492521733,7174766.467585903
-6174.303270883858,-6370908.159940511,113811.6056932509,-6263270.857518144
66302.106666103,12165958.012475908,-86033.45815808326,12146226.660983928
33487.8920072075,20235698.505481094,-432705.019444257,19836481.378044046
-95016.27438076027,-328254.9608631134,-30301.54632639885,-453572.7815702725
-54088.723419880494,-23824811.93908304,2824.5465477257967,-23876076.115955196
178442.86642976105,5146928.883042395,30392.702431067824,5355764.451903224
308455.1077926662,29928930.26539719,-125119.7094892487,30112265.66370061
-248925.10558496974,10712415.994233489,-220586.3666402027,10242904.522008317
251767.78005427867,5809997.094177663,205650.61446221173,6267415.488694154
180097.70499305427,24075465.15895194,-27044.013805687428,24228518.850139305
-175199.56958262064,-8850647.38581279,239010.31011270732,-8786836.645282703
156945.9750321936,8309571.673230022,119673.92129065096,8586191.569552867
-35394.31006414071,-5903041.365939349,319352.2168058753,-5619083.459197614
-223716.6778888665,6285014.395166874,-137180.62249664962,5924117.094781358
336924.61789159663,-14673193.380588233,317926.0399566069,-14018342.72274003
74043.9541111514,748834.8140137792,-353000.3590308875,469878.4090940431
-330429.58352614753,10649937.498342514,33136.4449981451,10352644.359814512
28278.68804296665,925763.8539043665,-224727.64470686018,729314.897240473
-47987.02608557418,-1957625.2046477497,-293812.00560774654,-2299424.2363410704
-310654.92407811247,-19803080.076898813,5176.877110980451,-20108558.123865947
194382.91968328133,1971536.6927745342,553107.9377268329,2719027.5501846485
230600.54375798628,15613150.998918235,-349428.00258748233,15494323.54008874
204842.2562591415,12347555.090868056,-323512.6883549765,12228884.65877222
-270767.56978843734,-7047237.278737962,-141050.9796345085,-7459055.828160908
-425170.0376963634,-2035449.792189598,-438349.72094809264,-2898969.550834054
279333.77683338337,-3317915.643981576,-231022.87482646108,-3269604.7419746537
-45387.97716096975,-13546792.62842071,-339084.6050987989,-13931265.21068048
168389.49884553067,7930781.646655381,-105134.47157678008,7994036.673924131
174092.7433584798,13709566.559213102,-52028.77995868027,13831630.522612901
-14499.861141743138,3378779.0765574574,58992.50303936005,3423271.7184550744
286451.421563698,32950487.556649864,129562.52874414623,33366501.50695771
28770.90884428285,-1207207.6405366957,53912.790241353214,-1124523.9414510597
416432.22997120395,-21532164.235785663,205113.01128530502,-20910618.994529154
-302427.5129501093,-1712510.7462033033,-72092.51687929034,-2087030.776032703
-17345.193423256278,-3963076.442664176,219134.20776310563,-3761287.428324327
219791.89122115262,1807035.1297816038,134838.24198119342,2161665.26298395
-325935.3943308424,-1511241.840498507,-569827.5127914995,-2407004.747620849
-364818.27899461426,3797202.603418052,-517829.0559723824,2914555.2684510555
-90193.06249673292,15539031.330012798,-62768.02432881296,15386070.243187252
298895.46167453006,-8802097.365132928,689790.5431335047,-7813411.360324893
285540.2265152596,-13110854.964873135,174840.42717771977,-12650474.311180156
-189643.53748895973,5995765.024510026,-274194.0747526586,5531927.412268408
-109898.8678356316,5259632.118794203,-40404.814611017704,5109328.4363475535
425914.0916946642,-3164199.900657594,34211.10686005652,-2704074.7021028735
-25910.890118174255,-2621078.288103223,-252185.96368826926,-2899175.1419096664
-223215.1177972462,15956148.248546273,-128829.39623448253,15604103.734514544
23349.012410625815,-18810047.52201903,-280222.7393572107,-19066921.248965614
33631.157573372126,18736493.580884874,-33724.19659457356,18736400.541863672
247142.28776294552,-5911341.691845119,440135.7253560722,-5224063.678726101
-177167.65130629018,4083782.171674907,-550763.837972112,3355850.682396505
175668.60498358868,-10646963.520085007,523510.3975287229,-9947784.517572695
-64659.03713814728,10113342.504404664,-12381.842389188707,10036301.624877328
-220110.93806138635,-2163466.561613083,-233275.55219949782,-2616853.051873967
56890.55414919369,16315251.356144696,1994.6085796356201,16374136.518873526
-65147.9137439765,-24497422.036505282,257338.8391272202,-24305231.11112204
147802.21459705755,6424006.856052488,-103766.55457092822,6468042.516078617
-107966.40454726666,-8885654.88392058,345526.9757105112,-8648094.312757336
-173548.8291043546,10612705.809723139,-403467.80214074254,10035689.178478042
-66999.49840214476,10777116.105228841,180624.48756692559,10890741.094393622
-139292.72800710984,5642316.202673793,281915.8225111589,5784939.297177842
64233.8558622729,25883721.55584973,248172.89657889307,26196128.3082909
156145.13173512742,-19074666.04023236,25471.091977119446,-18893049.816520113
180909.6079917252,-7975266.168542504,185731.86926361918,-7608624.69128716
-75079.17522625625,-9024334.70410049,-241346.0073388517,-9340759.886665598
261471.05345110595,-14039447.890743494,-229524.94775568694,-14007501.785048075
171876.2900058534,7249908.522001028,26701.526669852436,7448486.338676734
-174948.0476277303,18517450.911518335,-385652.1698208973,17956850.694069706
-69597.12874611281,22120608.1773206,46125.46146205813,22097136.510036543
-525725.4642635603,-16661955.897975117,-193880.16918855906,-17381561.531427234
-261760.00362789258,-17866279.285463274,215450.52089747787,-17912588.76819369
-36426.11300839111,-21989773.90775919,-132795.30344955623,-22158995.324217137
293383.4207179267,-6434993.510376483,-314464.5037599802,-6456074.593418537
-471501.9743815884,-3258191.6368279457,-206112.45098485053,-3935806.0621943846
191016.51638406143,20128103.53837478,165999.09373153746,20485119.14849038
108049.89308660477,2873949.4127268493,183922.01207391918,3165921.3178873733
59020.47753445804,8617029.362423837,51072.53921734542,8727122.37917564
-12452.387132048607,5508863.492219597,99118.11098498106,5595529.21607253
-126658.07173017971,-5571008.133728504,-455685.87040804327,-6153352.075866727
128.51523184031248,6034880.632377982,-461382.71378123015,5573626.433828592
287979.26657728106,-4628586.618695527,264926.44239299744,-4075680.909725249
341340.39521225914,18665882.12181881,438241.960662663,19445464.477693733
-192350.52376792394,-25250304.89484051,-27622.02813384682,-25470277.44674228
-356593.2962790374,8011739.189345658,-1010530.7138640508,6644615.17920257
-37022.20095888898,6832076.717544287,38184.740098014474,6833239.256683413
-48315.244620459154,-4925498.469720334,96118.91261979938,-4877694.801720994
-284530.24564539455,3370254.6119210124,-165822.34347492456,2919902.0228006933
277131.8544639293,-10766379.872101307,277793.4273539111,-10211454.590283467
152467.20648355596,-2887083.707488209,22066.54682124406,-2712549.954183409
296553.4830844477,-9078609.825088501,184363.2850020975,-8597693.057001956
329936.0778125096,12446446.589361966,438147.8047827557,13214530.471957231
-91677.91053650714,2435472.844816476,-156672.36249136925,2187122.5717885997
142479.17093351297,3039519.9827451706,-309301.8207599148,2872697.3329187687
129838.63206437975,19559022.27755004,60537.59699917585,19749398.506613597
-582493.8202618007,37785871.2129243,-38282.29729026556,37165095.09537224
60044.3012936078,3636910.846131861,298492.975966841,3995448.12339231
-27486.397585757077,34855341.88028523,210346.66616853327,35038202.14886801
54958.31964859925,917611.9461071789,615832.8358822763,1588403.1016380545
-83210.54263611883,-11035443.3321504,32203.55237159878,-11086450.32241492
19182.382934831083,-17075705.679343343,-354585.7415984869,-17411109.038007
447384.67814108357,1088365.55491063,205167.53108112514,1740917.7641328387
124143.02507323772,4687631.437961161,-363131.6565323472,4448642.806502052
345020.90055310726,-726906.6258043051,20605.370875306427,-361280.3543758914
-134697.6401368156,-9105297.341350377,79990.76732117683,-9160004.214166015
168066.9459762927,-9872967.350406766,-110108.13202354312,-9815008.536454016
419072.8389711976,-13283740.281261444,267657.03069802374,-12597010.411592223
121515.90190602094,-2013758.8313780427,237829.66123583913,-1654413.2682361826
56397.98306554742,4783634.429024488,21420.14073663205,4861452.552826667
-81418.50160029158,5178641.66488874,-71496.96923059225,5025726.194057856
-119365.19813888334,24143892.731155038,-45713.1968697682,23978814.336146384
-86334.58810312115,2945593.6619291306,-55275.706467457116,2803983.3673585523
55857.60457730666,-5440274.306654513,62445.50500434637,-5321971.19707286
255684.98073603958,-10649945.173438728,-338511.5897397995,-10732771.782442488
-40787.03735966608,-8485074.980413824,178194.88204458356,-8347667.135728907
-167531.39439033717,-5966932.932418764,-498470.4395742491,-6632934.76638335
131302.22448557056,2649769.455431968,337121.2794642374,3118192.959381776
-204338.9545067735,-17425689.87643349,70910.64484654367,-17559118.18609372
-124265.7060906738,13399674.036335647,51621.28454541415,13327029.614790387
-242600.34502365254,2805671.022083223,-145568.08810510486,2417502.5889544655
206324.05171146058,7942730.685800612,-115677.52107521892,8033377.216436854
171743.15871870704,9885609.57862407,110697.40392127633,10168050.141264053
-329983.03215377964,16390201.934150308,-211386.1820127517,15848832.719983777
42882.5743323192,15326958.101741254,-121841.49730291963,15247999.178770654
-404863.58706854284,-17474587.66958186,-154971.1622327119,-18034422.418883115
-170542.92157404497,406203.7837871313,146999.30248123407,382660.1646943204
96604.07455995679,14673683.071899176,-201274.1548871398,14569012.991571993
155748.78839748353,-15837901.88519311,94304.81377859414,-15587848.283017032
72058.861684639,-2527786.044921756,74865.50657340139,-2380861.6766637154
4218.705227704719,10142545.689301014,4978.225453861058,10151742.61998258
198412.7655486986,8058776.695163339,-345236.5803141892,7911952.880397849
-135598.98949785903,11828655.323120952,-276257.2224448174,11416799.111178275
-119298.36567419581,1680549.4723213315,203141.0984619707,1764392.2051091064
-418215.18834236637,2355463.798019886,-245374.53859075904,1691874.0710867606
-180744.77876891382,6349989.978273094,-538900.369821161,5630344.829683019
197472.0732665062,8078792.149678171,271743.3326013014,8548007.555545978
216001.82637414895,3416648.172524303,-423598.33501987904,3209051.663878573
-319504.97782019153,-3370255.0729533136,-235187.6869629696,-3924947.7377364747
299939.5935229007,165774.7726753354,728982.0841901675,1194696.4503884036
-28059.27488914132,30143790.024386108,-146376.2144965157,29969354.53500045
-412395.6149576027,-2437621.226788938,-384544.9605151266,-3234561.8022616673
48562.63570111804,-7725646.975414336,27674.780142374337,-7649409.559570843
54167.09559209831,-6620922.258232802,228264.31350831687,-6338490.849132387
-77369.51983324066,-324599.549721092,-311135.5363784656,-713104.6059327982
-12739.016750590876,12602008.049060225,-386907.8210158497,12202361.211293785
297260.00193600915,-9314332.48681587,260719.28823275864,-8756353.196647102
-209271.09513315186,-1673094.1264138222,-79979.30804927647,-1962344.5295962505
-37379.08406228945,-8496755.671844542,249805.27216751873,-8284329.483739313
115470.27886022255,1592496.8267630339,327789.86825142056,2035756.973874677
-147591.32212031633,9206831.492851526,-50643.80417971313,9008596.366551496
-455940.8152679354,-8721550.654954463,-80414.50116760284,-9257905.971390001
-190749.618942786,-438185.47869578004,-494276.19804207236,-1123211.2956806384
-19304.32597699389,-3364466.181373596,122937.24411579221,-3260833.263234798
-147770.80140511133,-5170478.690542698,-331271.30728672445,-5649520.799234534
-53252.32041612826,-10047771.581242383,-20222.462824583054,-10121246.364483094
-138591.75697431155,-199486.18245959282,-232046.50671418756,-570124.4461480919
264537.7041246928,16452296.21415174,-444727.10093770176,16272106.817338731
-150622.59352014586,22231033.70154336,-281621.819843106,21798789.28818011
-70643.34139663912,248919.9449340999,-397595.57698405534,-219318.97344659455
124405.16886316985,13127917.918005139,-30417.45517012477,13221905.631698184
-109530.97209195234,-10117204.381948471,333963.08465731144,-9892772.269383112
77293.08811240643,-1146715.2257656157,136075.79569280148,-933346.3419604078
-9132.233347345144,-15958546.934297144,-262688.7345735803,-16230367.90221807
-440493.6801271867,14247327.972893178,-362556.1480219364,13444278.144744055
294057.152503008,-1423937.9676336646,300297.0886092484,-829583.7265214082
-106763.41824106127,6405515.415720552,77472.16188196093,6376224.159361452
17797.192343726754,2717423.315859139,-217726.5979782492,2517493.9102246165
-82114.74249085411,6220902.701469004,-161987.19086564332,5976800.768112507
-182775.8127707597,-18695958.17919147,-98289.71510191262,-18977023.707064144
-245959.23168325983,12714409.902094126,-562482.0074560568,11905968.66295481
-92862.85650017485,5505989.927584112,244893.99026285112,5658021.061346788
-114166.39794628695,-15614741.812146574,-69225.5314116925,-15798133.741504554
-152881.35838602856,-3455944.1004110575,-156153.32237145305,-3764978.781168539
-284217.9134953916,-4331109.994298369,15852.780129089952,-4599475.12766467
59466.836804326624,1815748.0360707343,20035.535252943635,1895250.4081280045
-13769.1186847575,-14606617.64102161,-8270.392503857613,-14628657.152210224
-141953.65587351285,26480928.90304771,262131.02241047472,26601106.26958467
724948.6477559563,4234677.233831912,630939.9836218059,5590565.865209674
-88202.48770794459,6593854.979382604,-83412.20311522484,6422240.288559435
237641.10556730442,-6878960.1915178895,53720.37376885116,-6587598.712181734
259140.02401521802,-18457196.345067024,139563.25206673145,-18058493.068985075
66610.44221951813,8809415.221770853,-197522.27323966473,8678503.390750706
-38972.16514061205,3591972.5952919126,286619.87180271,3839620.3019540105
-277088.89838703535,-2773423.873399049,171825.419928357,-2878687.3518577274
306448.1726985574,33437173.289816976,76731.87774273753,33820353.34025827
-8806.789818234742,11710589.342350006,287481.0043861717,11989263.556917943
-3680.1306204069406,5500688.586064875,-266923.3445467949,5230085.110897673
-188789.69796227105,-2673647.051447451,-202273.21042165905,-3064709.959831381
110559.8579613436,7513678.961621225,60163.41094581783,7684402.230528386
315846.39338091575,-6957223.772058964,-131271.36028576642,-6772648.738963814
-105867.22929514758,-12744313.735883832,63850.59497092664,-12786330.370208053
221078.1786415577,18318276.421088725,-191887.20733434707,18347467.392395936
444011.2611468807,-7211693.4542530775,264764.9374116957,-6502917.255694501
-52379.0643892847,1732535.498040378,-35486.49894002825,1644669.9347110651
-274075.4750411231,-3003646.7018691897,-221145.91972979903,-3498868.096640112
-169604.43975147046,-15269322.263537347,-147267.1303164512,-15586193.833605269
-711820.214746058,-8851884.586068243,-612270.1062049717,-10175974.907019272
-116819.7081901636,17053999.510500014,221541.23654034734,17158721.038850196
-380488.8929278124,-7969341.7333446145,-441273.93744251877,-8791104.563714946
213694.3316564802,8874008.52031359,217538.4891719073,9305241.341141978
167995.68005969003,-1840371.4508350492,221794.43437951058,-1450581.3363958485
9720.086762782186,11061245.612099588,-79238.61576463282,10991727.083097737
414932.4871321134,1634677.494108975,-291590.14382478595,1758019.8374163024
85006.6793546658,-9032315.540763676,-136050.06145231426,-9083358.922861325
207835.86830703914,-4060929.408438027,-373612.6953357756,-4226706.235466763
224854.94681498408,14930209.784414828,-269478.8445918411,14885585.88663797
-176512.1645130571,-9412897.602771431,-249945.33813653886,-9839355.105421027
-118716.04046522081,-17309208.377252877,222954.82983279228,-17204969.587885305
15556.121187189594,-1464154.0250297189,-378405.4981785938,-1827003.402021123
-1463.8543051816523,13420963.671649098,213711.84814484417,13633211.66548876
-141427.08973503485,4765838.943963498,-185595.6453536749,4438816.208874788
-197043.04931910522,5984309.304364353,177803.81703718752,5965070.072082436
591450.8919292539,24427955.79395008,227987.89140119404,25247394.57728053
-219048.3498580493,-3792053.4528803825,-313974.9716338515,-4325076.774372283
-466107.985554805,5044026.084150612,64469.22290235013,4642387.321498157
240425.43708929233,-7387169.808195293,107135.00130532682,-7039609.369800674
197011.91781734675,5584983.691734195,124967.61476229131,5906963.224313833
-134336.6446428839,27732567.667913318,-368124.71541472524,27230106.30785571
-17038.54346429929,-1541424.8091151118,-67384.73594293743,-1625848.0885223486
-248584.65930205956,-23304060.28227067,120564.73048523068,-23432080.2110875
123973.99969458207,-6234856.485549778,91435.12376708537,-6019447.36208811
-165208.03048670478,23240785.20304364,-98107.13387534022,22977470.038681597
44570.20625787787,-2657783.9210898876,-382594.1023492068,-2995807.8171812166
-150503.5063601751,8229787.86129719,-154058.44943235815,7925225.905504657
164859.4877975136,-4722557.912855417,50095.04108504951,-4507603.383972853
-6362.125348119065,25110849.703987896,14198.725874781609,25118686.304514557
-287113.68500719033,13183220.397323847,-115013.77748753875,12781092.934829118
346161.80304494686,35747722.80283791,-112349.588939704,35981535.01694315
-187438.6402180288,4968678.069353282,274044.3925290406,5055283.821664294
-203914.4578729272,16103544.41582498,-390869.8231471032,15508760.13480495
176465.52031327225,2106719.661454737,-209762.52442407608,2073422.6573439334
100576.79506510682,2014442.0793445706,308448.6340289414,2423467.508438619
242863.67209861428,18534537.642671824,24793.60319995135,18802194.91797039
82313.57794711925,11067212.146476805,-148900.74650751054,11000624.977916414
153006.96019719355,11199634.90411365,-99415.79432614148,11253226.069984702
163470.93395761773,-3138414.234861046,110158.404651694,-2864784.8962517343
14650.765269778669,-2814594.218467742,27162.500909112394,-2772780.952288851
167980.3839572519,-14044794.391069293,-271440.59826306254,-14148254.605375104
142210.0414353907,8405753.831641734,240286.1499504298,8788250.023027554
203648.24570163153,8986062.637683809,94437.51076821238,9284148.394153653
167136.0321673248,3554275.1122024655,101689.49678580463,3823100.641155595
-327328.8301885482,10226282.08319971,-676253.3018112332,9222699.951199928
-135627.7982939165,-16052130.619945407,-267349.60381735116,-16455108.022056675
19024.1983889807,-11182306.106215775,55935.939781963825,-11107345.96804483
-270940.79369869456,9749774.210204393,-361255.2872463539,9117578.129259344
197040.5175601337,-4934119.149412632,139913.4599666819,-4597165.171885816
-346342.77307406627,11112780.489399344,-17692.11620645225,10748745.600118825
-96844.23363019712,24150701.847249776,-164554.79261648655,23889302.821003094
-261501.2476304546,-46129.73640549183,-204007.33990133554,-511638.32393728197
209023.1808696594,-15708928.159064174,-465024.5805929974,-15964929.558787512
408056.2903071232,-4016727.760173321,302599.6297842413,-3306071.8400819562
-297439.98642494157,-3848912.6888158917,-89050.0772966966,-4235402.75253753
-81218.42755181529,22824391.491999805,-555157.2169029787,22188015.847545013
13164.33084899187,177668.6365198493,45618.90422061086,236451.87158945203
21757.729250837117,-7289635.941148698,-411100.6476443112,-7678978.859542172
-309369.36103026755,11399689.255795777,-96454.35838834941,10993865.53637716
-70753.91637462378,-6923698.5324035585,-356820.21290677786,-7351272.66168496
515371.56117108464,-2989578.6123088,456614.7270455435,-2017592.324092172
-150407.40626546368,14148780.88402605,93073.31688775867,14091446.794648346
-1442.6126287020743,14981010.679472506,-231207.85277445614,14748360.214069348
-190802.06452484243,8396238.377536178,-93297.71659877896,8112138.596412556
138888.5396607332,2888287.18352437,155893.4965339899,3183069.2197190933
-75670.79072361067,-1261650.4709654152,-106332.0579187721,-1443653.319607798
162044.81644588895,-1593203.6941016912,-171886.116027385,-1603044.9936831873
547824.8978771213,-19937547.31533426,389836.8082487583,-18999885.609208383
-221044.77071920782,8770815.44479096,273193.4876280725,8822964.161699824
317844.9851706475,-17282370.997968495,-107172.05018156022,-17071698.062979408
607830.6242685765,-19767438.513445318,468301.6763985306,-18691306.21277821
387753.9624088071,12878681.279588163,-16598.347048267722,13249836.894948702
35749.86709585786,17973226.69090432,-50473.51361680776,17958503.04438337
-96372.58235964924,-546472.8997657895,414898.5594957173,-227946.92262972146
5387.481675323099,10095154.92498833,37893.47452762723,10138435.88119128
-352886.274518216,-5111145.972736895,149200.75270251185,-5314831.494552599
220324.05624882877,-8184469.920602918,159890.10808330774,-7804255.756270781
219295.1040286068,15116411.902018458,-611393.0977089405,14724313.908338124
-211587.00507977605,-3482180.1912775636,-33796.80367681384,-3727564.0000341535
-231237.77708197758,13393389.864119172,181668.2871934995,13343820.374230694
-14025.35730436258,21970496.047023773,179495.1786967963,22135965.868416205
113943.60101708211,-881253.0312139392,603788.569159463,-163520.86103739403
-75091.44781448692,13871612.283170342,180929.40246919543,13977450.237825051
181169.66901431791,6701881.077652216,-84165.45891435444,6798885.287752179
-128434.95816324465,6457217.24260807,-18811.283540315926,6309971.00090451
127512.91339674965,-13638793.755422026,34438.2265214175,-13476842.615503859
-104367.29956180044,18552189.742409587,-30780.161560207605,18417042.28128758
331018.5451167617,9307691.118541688,-15795.289711378515,9622914.37394707
-81730.21137327701,14802477.794109464,-214152.9342687279,14506594.648467459
19953.938898075372,14500506.513741195,58663.42054513842,14579123.873184409
62307.30160914175,-10187202.463121772,-184970.4357438609,-10309865.597256491
255361.47141404822,-3163527.79930678,202846.61419692636,-2705319.7136958055
133094.4836847689,-12378807.538558245,-162171.2465467155,-12407884.301420191
-517303.14112157933,-6861140.46835345,467953.10770364106,-6910490.501771389
249924.13174011186,17432762.740072697,216767.84260364622,17899454.714416455
-174166.6613309402,26715618.400782406,-80824.46550742537,26460627.273944043
-203753.45273575373,-14732948.31565532,510049.93704916537,-14426651.83134191
-31012.5094271563,2073428.8120719194,310386.93264292926,2352803.2352876924
-168821.98052443936,253282.20304578543,-260374.48516535014,-175914.26264400408
-174154.60120882466,-1820887.6692822576,97086.09714826941,-1897956.1733428128
91271.48472798802,6204735.291030347,19378.500753819942,6315385.276512155
233800.20002222992,36022732.858082116,39613.511426486075,36296146.56953083
-145572.17775211483,5648660.377516985,-368460.1556974277,5134628.044067442
141733.55240254663,2922320.915593803,218584.23847080022,3282638.70646715
-5014.069615771994,12236498.06396997,234110.90662004054,12465594.900974238
-202734.60176516138,-6997560.0554654,-314534.8501530662,-7514829.507383628
-335883.1308201235,4813429.276061177,287019.9140340388,4764566.059275093
346680.2801211793,14759520.050572991,445443.9562369734,15551644.286931144
184960.08792146482,13749564.219844818,43578.23171000928,13978102.539476292
38000.970698649064,-12663479.89682898,-152053.84845823795,-12777532.774588568
58283.53973167017,13125252.258471668,-136797.65563745797,13046738.14256588
-76219.96427278034,-22031369.976452857,90727.61044324934,-22016862.33028239
216483.40312202834,-9993143.512272596,-96970.40878753364,-9873630.517938102
275263.93036231585,-2187092.990531206,-460914.25601480156,-2372743.316183692
12578.773723032326,-4706352.548993051,-75400.87452182174,-4769174.64979184
-167658.3049271349,3116885.953169763,-67421.44966687262,2881806.1985757556
-33768.97905659862,2751368.4616959095,295253.44326773286,3012852.9259070437
-193539.49555215798,-18240797.6225363,110626.06245690584,-18323711.055631556
-241658.1666417159,26029919.682675123,159541.36724577844,25947802.883279186
-351397.4005104676,20914826.300264,-348672.91805036366,20214755.98170317
-166142.7651058007,6920898.714091867,91253.38483865559,6846009.333824722
198564.77998995408,-4512937.432074189,48523.29392081499,-4265849.35816342
-307442.96319146827,-1280501.4953302145,-287436.12957205623,-1875380.588093739
238546.11956479214,-9920537.042254448,414752.3244986683,-9267238.598190987
163519.75357192382,15785955.473770022,-112042.5713313669,15837432.65601058
170284.50918423012,12392400.70824629,-644283.81771487,11918401.39971565
-219055.51941017248,6667044.149943888,156253.81998691708,6604242.450520633
179590.25420020148,-8928554.374488473,-351223.6079745889,-9100187.72826286
-116169.07368959673,13407712.448729932,-100130.19219256192,13191413.182847774
-24312.219275821,-18741517.76583463,75368.58782105148,-18690461.3972894
-20595.210118558258,1596604.5569045544,-98442.92775905877,1477566.4190269373
-56771.125021107495,-4486107.364538848,-420807.96992203593,-4963686.459481992
-164565.68688563257,-19619941.01950726,-167983.53991758823,-19952490.24631048
-95816.18569879979,7176145.253355801,-165988.45464655757,6914340.613010444
-77765.97101107426,-4955461.684260607,-94632.33431649208,-5127859.989588173
33216.51750267297,-7401208.347034216,272796.2457037568,-7095195.583827786
-274412.82214164175,-7346576.113353789,-395363.82999432087,-8016352.7654897515
-118257.77132225409,-5138193.457740903,128238.7281114012,-5128212.500951756
-147793.31647243723,-1254078.2078371048,-159372.84646501392,-1561244.370774556
47685.32614903338,20588859.72740996,-160440.9418780282,20476104.111680962
-342594.81500836834,-64696.55245399475,-826409.6725289151,-1233701.0399912782
-43020.39167869836,7612574.142917484,-34354.822489745915,7535198.92874904
141297.49113643728,17586566.44200915,56790.84978554398,17784654.782931134
-102348.49441406876,17372284.62193328,-342113.550602518,16927822.576916695
434299.8468568064,-5404504.457042426,668388.2170690373,-4301816.393116582
291074.2547601424,4801039.094690353,15951.324168331921,5108064.673618827
69669.28386381082,4897600.583668172,17717.55919663608,4984987.426728619
96946.23159350455,7048981.862220347,220809.59509289265,7366737.688906744
155764.30982158333,3331219.072797954,-80274.55917508155,3406708.823444456
-83528.47212257609,6569453.957342088,162864.90785703063,6648790.393076543
79019.05152652226,-12177431.46419257,89397.46603351831,-12009014.946632529
403472.54518825,-2813480.17528075,301156.11600251496,-2108851.514089985
23736.5051673539,7256104.14330712,-366829.5730948299,6913011.075379644
-49020.09336699918,1187618.5671266317,78398.44325039536,1216996.917010028
88854.602926597,23382606.347429037,-306369.14047221094,23165091.809883423
192096.1288083978,22628748.346264005,386918.96263201535,23207763.437704418
-208756.55426060595,11689432.37484622,-223416.31131239235,11257259.509273222
222547.1662399061,12886380.139291048,283141.0349697396,13392068.340500694
330305.3391060531,-29483878.269746393,-4533.319868631661,-29158106.25050897
77445.0554901436,11654045.01971829,-70151.05738656223,11661339.01782187
14985.914849102497,-7901697.376407117,210114.18864557147,-7676597.272912443
-341410.52946016565,2380993.663341105,-5763.967234276235,2033819.166646663
92649.73888273537,8910134.884802103,341705.0209579766,9344489.644642815
451888.3288191296,19753027.873395145,291219.0940743759,20496135.29628865
-51888.70026323013,-7932263.342028677,435175.64888496697,-7548976.393406941
-64832.180098121986,23561627.32448563,4989.895743131638,23501785.040130638
-139900.37597104162,-8999085.727532804,-421883.77928215265,-9560869.882785998
17249.530991788954,5700203.703561664,255285.12576767802,5972738.360321131
234273.82585937716,-21461364.22305703,-239551.65363752097,-21466642.050835177
-16736.860538896173,13864691.727254808,-253257.02029902488,13594697.846416887
-117747.82584908232,-2217275.716199726,-109261.02370546758,-2444284.565754276
-181006.1749342177,-10448004.708892167,-346625.166286245,-10975636.05011263
-323147.05454826914,18876236.139739156,-57689.88499508053,18495399.200195804
-343889.97519052215,-4716870.872843921,20569.582369677722,-5040191.265664766
481040.5793567784,-17370202.531793684,32456.82308793813,-16856705.129348967
-242875.36776106432,-2080410.554846406,22460.691788986325,-2300825.230818484
-74771.2460239362,-5774999.872977555,-291055.6741960272,-6140826.793197518
112334.67646297999,22345538.50594777,-228635.7537035346,22229237.428707212
-49321.656348560005,-2481281.2505480945,-323480.00518458337,-2854082.912081238
373054.45759185404,5454243.262476355,175259.0002323836,6002556.7203005925
-216578.37817450427,20983938.858066916,-9587.135749489069,20757773.34414292
-36784.10905972123,13627322.939304233,96896.55413421243,13687435.384378724
-329661.0434746798,-9082275.537813485,-334487.7444017604,-9746424.325689925
-125632.9415800944,-4273165.200820386,180324.1255800575,-4218474.016820423
337689.111335231,19606051.91910693,228623.88907510787,20172364.91951727
404858.2870972883,-9838389.493202746,520192.07062996924,-8913339.135475488
-75589.45205200836,-6883632.535564035,-38731.98273539543,-6997953.970351439
315547.95002211817,3069544.9617002606,261361.02564515173,3646453.9373675305
30656.593979006633,2107957.720021516,-274868.9056278765,1863745.4083726462
-264168.62703757547,-16545228.772222579,139933.79044373333,-16669463.608816423
-67427.89731212519,-4793340.986234188,-410326.93813415617,-5271095.821680469
269993.32545775734,30442348.20034057,230961.27217280865,30943302.797971137
114505.87959375791,7772044.283589542,147806.95964994282,8034357.122833243
323366.4344319571,-612263.4886032343,213194.40838936716,-75702.64578191005
318916.4843248613,6982684.0041491985,492755.8331579715,7794356.321632031
119687.29498350248,9263705.21665591,88649.52689403296,9472042.038533445
123808.6742595043,5802715.556084514,320708.4273740202,6247232.657718038
212198.54050067626,-6619263.328489423,100390.97669327259,-6306673.811295474
32082.888276526704,-3648306.3093190193,-28568.31281505525,-3644791.733857548
-268242.00701554306,11710568.59824875,323659.48236343265,11765986.07359664
28609.08618502505,-1550663.2378610373,227532.24641810358,-1294521.9052579086
-260850.41174966656,2578934.4527608156,-112753.71496405452,2205330.3260470945
258386.03243321925,17415929.492066115,190260.4830328822,17864576.007532217
-181155.09676232561,4315897.198684782,328856.1925947219,4463598.294517178
47293.32110436261,-10656356.80485627,403169.86347703636,-10205893.620274872
254656.020657558,-681768.0424937606,-529293.2827688307,-956405.3046050332
401953.967836516,-22081280.518068075,166039.30309533328,-21513287.247136228
-49230.800093149766,-22775178.444416046,-33373.94965002686,-22857783.194159225
132321.99852479808,-6869278.15399611,-351662.8180530369,-7088618.973524349
-95209.99200145155,9255001.528200716,283272.54480181634,9443064.08100108
34048.53109761514,8818096.591511756,-188895.30587559938,8663249.816733772
221677.9159599319,-12373801.110099345,248532.0167517662,-11903591.177387647
-78700.73301139288,1538.2484337687492,193558.84642819315,116396.36185056902
304565.476052789,5047036.9332918525,-447185.5236059129,4904416.885738729
-10558.419545950368,-20773337.595648766,165345.39978212863,-20618550.615412585
70852.03601127863,66109.94305920601,74220.89726428688,211182.8763347715
-35811.89310854301,-12933234.94998312,250887.07847072184,-12718159.764620941
207444.0970459897,13112241.117607772,94008.22570903599,13413693.440362798
182581.72240366042,-5718543.449835539,62215.69592691958,-5473746.031504959
23782.354504942894,-20880029.736135244,-16379.879800885916,-20872627.261431187
104140.64128528722,-10444689.044803143,678162.2143242508,-9662386.189193605
-327760.60235548764,-16266355.194573104,-474451.7146175429,-17068567.511546135
403124.5121239051,15797480.162246257,-58223.02542227507,16142381.648947887
219312.05197033845,-2037740.4864817858,357043.8547434062,-1461384.5797680411
67385.21969257109,-461607.3564656377,187902.0270872563,-206320.10968581028
86491.51191904768,-23953161.50042683,72198.57076974958,-23794471.41773803
-281514.066537831,7596331.228725672,-551976.6855349019,6762840.476652939
-77996.82591922767,10082833.560332656,226404.4666860178,10231241.201099446
-65865.23654398881,-2384777.9494599104,-619769.7361006215,-3070412.9221045207
-180710.9444134906,-13641947.01143688,14487.899552635849,-13808170.056297734
120735.2194698453,-12420885.917258412,141674.13279473782,-12158476.564993829
127294.89364314266,27553340.664037585,-236416.4412323609,27444219.116448365
-509064.3120590225,11665413.557231724,-423381.4510540515,10732967.79411865
43460.52421377599,9598771.245599687,-27372.620782889426,9614859.149030574
141661.6290319916,-12866159.123175442,-299916.3234131485,-13024413.8175566
378928.8805346191,-2780768.589362383,-35899.99578075856,-2437739.7046085224
-40768.67467762716,-3180141.784475237,-242708.69254112244,-3463619.1516939867
341090.5114630554,-3130985.015601456,107372.05423380435,-2682522.4499045964
149328.45931481384,24491696.626277447,-298126.0485151112,24342899.03707715
29891.564412117004,4746967.431133926,-27027.97322986275,4749831.02231618
-170646.81844780222,-7015729.95526728,33964.22539257258,-7152412.54832251
268427.06101433374,3413469.6068013906,-254074.3178416267,3427822.3499740977
490825.7376651,17334974.21691215,516088.35409943014,18341888.308676682
-145008.6663076263,-11336901.194491327,-290347.76869645715,-11772257.62949541
227810.3308570832,-25954124.262304187,-133208.95474091172,-25859522.886188015
10380.33536683768,4280469.978495717,264081.89944738895,4554932.213309944
-32021.89229494147,20627401.9034999,2466.877394273877,20597846.88859923
-186437.53530932218,18349655.741532147,-608594.9557523653,17554623.25047046
105556.00427643023,-12818320.197832584,-168062.52094191313,-12880826.714498067
102577.67962362058,172149.88392025232,89593.77873425186,364321.34227812476
-14910.219379678369,-532316.3984958231,-167596.3087510541,-714822.9266265556
184962.5206366405,2394412.5190502405,-291100.91944754124,2288274.12023934
193532.1043124143,1470782.3865924478,473825.4470991641,2138139.938004026
-75490.130031256,11602941.858900577,-219444.6368290037,11308007.092040317
-104157.73933246359,7654657.745303094,180105.02977757156,7730605.035748202
109515.54890531488,13717150.00993228,-212501.31778527796,13614164.241052317
447114.80806493014,17797603.921303213,281797.0286113396,18526515.757979482
-81391.66527689993,4201068.208289355,-174165.26007042825,3945511.282942027
-456426.35504526645,-16180150.447696209,226464.51609526575,-16410112.28664621
53546.99450894818,993343.4939174056,135879.43080434203,1182769.9192306958
-119776.51210998744,-7944995.618290603,235148.745824337,-7829623.384576254
158433.61929418705,-1710210.5948095322,189497.79313774407,-1362279.182377601
-306308.4821737241,14737536.017146528,93374.31371121854,14524601.848684022
208905.91454957798,11595831.363555968,466888.37575004995,12271625.653855596
-208168.56997061335,-7936898.0714331865,-427187.2639352679,-8572253.905339068
-1583.840458555147,614752.159152925,148070.82801680267,761239.1467111725
161634.03505774774,1741859.7993427515,163499.3225346133,2066993.1569351126
-186769.26363533176,-13415983.508029401,-159941.42415626347,-13762694.195820997
153198.59792878293,2012727.5439487696,-192633.82791678607,1973292.3139607664
-138998.40511527285,7165644.252322048,72167.71863496304,7098813.565841738
97289.74311734736,5360556.837013304,-22694.140023976564,5435152.440106675
-49173.11289107427,8316014.72460562,60205.291897170246,8327046.903611716
-115560.34712208435,13565123.598437965,-40920.610420793295,13408642.640895087
194368.8007022906,-4351145.662892312,-67.36244170367718,-4156844.224631725
92306.15903288871,-1798302.378809154,-182444.34619980305,-1888440.5659760684
64137.60672243871,-2299649.8857887983,399202.9957177192,-1836309.2833486404
-61883.60182237439,-13396574.552124232,-46447.42669633031,-13504905.580642937
520288.0283903014,8085909.168442309,284260.6054098606,8890457.80224247
-72485.87715688348,7421164.966771096,106097.68641372025,7454776.776027933
25560.36014606245,1764005.0629737973,-225872.24217362702,1563693.1809462328
756.3867482896894,27433881.8210783,287758.7526911199,27722396.960517712
43347.10094231181,31306153.581826925,430725.3893077299,31780226.07207697
320668.88314401545,-6292208.256944507,17089.663186207414,-5954449.7106142845
-242066.3891012501,-10430040.110577166,-304943.75561917573,-10977050.255297592
261715.46848098375,7423352.530396581,-348269.12383364886,7336798.875043916
168083.1554626301,-10047160.035586298,-223591.20696762204,-10102668.08709129
-297369.3054405693,-5892364.268633604,-553590.9140659124,-6743324.488140086
-321357.02224756964,-9275036.248683989,-633871.1545434892,-10230264.425475048
491737.75770721585,-8080708.568230927,252280.13772410154,-7336690.67279961
-144839.4735575635,-517178.9356947839,-241099.54699953645,-903117.9562518839
-35534.23345897719,-21278313.643220067,-44865.703227870166,-21358713.579906914
-241750.55412588082,8173651.165409088,428863.69787472486,8360764.309157932
-124813.558332026,-14211078.33789283,62997.3311060369,-14272894.56511882
-277459.1488863565,-6084436.833738208,-25230.576894544065,-6387126.559519108
-107297.28051116318,-4402490.418678284,-475156.16138105094,-4984943.860570498
267006.0470407866,10321047.893129706,128507.3557941094,10716561.295964602
-51431.41438366659,11234692.609425426,-250778.69059532136,10932482.504446438
-334538.03519537486,1388701.1197801828,-153331.26966650784,900831.8149183001
-131169.036397798,-10879783.331472516,-46479.17635256052,-11057431.544222875
261512.09210069478,-1538214.6685534716,335087.54565545917,-941615.0307973176
-152586.62826911546,-6484098.567536056,-108210.56694247574,-6744895.762747647
-5362.8293094187975,4372636.170037568,-125736.72573363036,4241536.614994518
596670.4836424235,14594866.659754395,63881.72893702984,15255418.872333849
-369119.6706029102,22286456.907278,-229008.9299684763,21688328.306706615
-21142.77249552682,25869478.223090917,-600639.5172630996,25247695.93333229
53199.33245451003,-14198138.37178135,221323.28780741245,-13923615.751519427
-136888.44600467756,7006662.704948872,-330931.443807669,6538842.815136526
-216852.56727617607,-11448940.268560827,213804.69273272902,-11451988.143104274
-167746.16781763174,-12693704.100769281,-157383.15458223224,-13018833.423169145
-8177.601756807417,-7160247.4895868,383583.62477923185,-6784841.466564376
-157263.17229195312,-9227077.17761156,-516154.7205363214,-9900495.070439834
71134.06857892126,-2799216.3424450755,41307.948929682374,-2686774.324936472
67449.94081258774,12459021.39207676,-464174.6759175211,12062296.656971827
-68883.17379673384,-12569717.128150523,80986.28821330518,-12557614.013733951
267112.298703406,-10658814.818482637,82367.68900293112,-10309334.8307763
-167619.13771257736,16738786.419112235,-401930.30542100966,16169236.975978648
9470.79315366596,16381915.262390256,93692.85133206844,16485078.90687599
353012.83169367537,-3339334.6810061634,135284.00499767065,-2851037.8443148173
-156837.63081477024,-2656972.925383836,-607245.6200402454,-3421056.1762388516
79685.98897407763,7601813.85721159,-212756.13441189378,7468743.711773774
-67766.35780372657,20220349.596372813,-25911.25213763863,20126671.98643145
353172.39396640286,9141357.569123536,319718.5469428599,9814248.5100328
-54120.05989850126,-3795789.6705060005,-135913.87945914268,-3985823.6098636445
414551.2834259793,-17287669.272379458,208257.67309541255,-16664860.315858066
-51579.16024074145,370917.7726756036,-22107.95414083451,297230.6582940277
-105106.54905015416,-3365496.6671360135,-96648.95946833491,-3567252.1756545026
147121.10207667574,-4734087.305016696,63671.81529738754,-4523294.387642633
466130.5393632129,89576.70315927267,-127672.43628685921,428034.80623562634
-253247.64683833905,-13568014.460641593,207013.95519340038,-13614248.152286531
28627.81929541938,77862.02985399961,231955.9668976292,338445.8160470482
-201107.09555467218,-22712526.45184481,-267068.07683466375,-23180701.624234147
-323269.44842595235,10224188.172746062,-569338.9305376112,9331579.793782499
45363.81010980159,13419595.06892854,-73232.59773546457,13391726.281302877
